symbol,entry_timestamp,exit_timestamp,direction,holding_bars,predicted_move_pct_at_entry,sma_dist_pct_at_entry,macd_hist_at_entry,macd_hist_slope_at_entry,realized_return_pct,outcome
BTCUSDT,2019-01-01,2019-01-04,1,4,3.2293009047807097,3.3322819971975863,47.07979731952233,,2.006492208809308,1
BTCUSDT,2019-01-28,2019-02-01,-1,5,-3.923509340395516,-4.256189654795066,-2.605916842777262,-6.6564167447179585,2.099971837649684,1
BTCUSDT,2019-02-11,2019-02-14,1,4,3.5612122110441153,3.2426004209544486,33.4044411279125,-0.47957968050346267,-2.832025564800577,0
BTCUSDT,2019-02-16,2019-02-18,1,3,0.4743034813614049,2.521043403165629,17.738305559379583,-1.9796440723415607,7.820193367328532,1
BTCUSDT,2019-03-04,2019-03-06,-1,3,-11.102421151762853,-2.3061640621682327,-19.986701844661823,-7.308201981617074,-1.8205239314555972,0
BTCUSDT,2019-03-10,2019-03-12,1,3,3.7798638352324607,1.221575994421066,0.40492804432592067,1.5140180850983214,-1.9295305145268555,0
BTCUSDT,2019-03-17,2019-03-19,1,3,1.3376420708072676,2.960601562561618,4.812207016872549,1.9235086218871729,-0.16160639843434377,0
BTCUSDT,2019-03-23,2019-03-25,1,3,1.1801851122762417,2.1139523608758286,1.628557088872391,-1.1521264915814413,-1.6744141482293413,0
BTCUSDT,2019-04-11,2019-04-13,1,3,0.3544011679932181,10.238396847199018,54.980054287698295,-29.021929197353586,-5.355117034804313,0
BTCUSDT,2019-05-06,2019-05-08,1,3,6.276435203060453,6.213337689446582,18.472452811593627,-1.7358176299964612,3.2648879254521646,1
BTCUSDT,2019-05-16,2019-05-18,1,3,0.8575971259334618,25.46577629755072,204.36229125950388,-23.538604346460147,-11.568109162079686,0
BTCUSDT,2019-06-03,2019-06-09,-1,7,-19.783936070074645,-0.45198084529010424,-77.20595973937895,-42.41795036882536,12.181394869114982,1
BTCUSDT,2019-06-11,2019-06-13,-1,3,-3.5223900754752435,-3.492212542830103,-132.9869086098331,12.49975764806726,-3.353744010522708,0
BTCUSDT,2019-06-15,2019-06-18,1,4,5.461806809971098,6.932137054303506,5.5909254663586125,38.57545104796503,4.589017341040447,1
BTCUSDT,2019-06-20,2019-06-22,1,3,1.9962839285116207,13.344682347106923,97.56176929502362,13.484027626217085,15.525791071029204,1
BTCUSDT,2019-07-11,2019-07-14,-1,4,-10.787289468978903,-1.5864704594953347,-71.9228747411347,-55.73640590924276,15.573991544691811,1
BTCUSDT,2019-07-16,2019-07-18,-1,3,-1.4914634465601044,-16.63845880423095,-317.4309920847867,-90.2759255948481,1.5518909981990463,1
BTCUSDT,2019-08-04,2019-08-06,1,3,0.9871954956197955,8.174703864494354,124.48085262110104,34.449932334854736,5.746238372318757,1
BTCUSDT,2019-08-09,2019-08-13,1,5,2.2682117683297225,13.006954451928406,233.55546011604343,-16.787581150220745,-9.625676825472496,0
BTCUSDT,2019-08-19,2019-08-21,-1,3,-2.6727771973885215,-0.3842477276936448,-96.60597876919942,46.849299343426566,1.1932231016864696,1
BTCUSDT,2019-09-11,2019-09-13,1,3,2.437718325881477,0.021711036443524744,25.46297172704047,-11.75568387230409,2.0153929185048773,1
BTCUSDT,2019-09-20,2019-09-24,-1,5,-4.188499077900966,-1.232799181546358,-1.2078532892927498,-4.207904356067758,16.693912804108447,1
BTCUSDT,2019-10-13,2019-10-15,1,3,1.2371364346651645,0.3022032034121459,82.22629465030707,-0.9721579474326063,-2.0963671478261054,0
BTCUSDT,2019-10-20,2019-10-22,1,3,0.9833591108812114,0.289073419867947,49.14904797056852,15.06872479207857,0.5057613163546474,1
BTCUSDT,2019-10-25,2019-10-27,1,3,9.647720164140274,6.454798941727355,51.54904410032481,66.34015195015564,28.167227123162377,1
BTCUSDT,2019-10-29,2019-11-01,1,4,2.7872997450337595,12.528768780521881,214.2460045400931,10.303887953090907,-0.11244326539301373,0
BTCUSDT,2019-11-07,2019-11-09,1,3,2.5062021163822954,4.39498325933185,49.11262575421722,-22.559934750278643,-6.071240650815657,0
BTCUSDT,2019-11-18,2019-11-20,-1,3,-1.0222596156673367,-8.27862084248041,-102.37602671098844,-14.260883528779658,4.356186488520885,1
BTCUSDT,2019-11-27,2019-11-30,-1,4,-3.4644277064870215,-7.513821464274562,-108.49290440944674,47.52765092622508,-5.790475871070155,0
BTCUSDT,2019-12-17,2019-12-19,-1,3,-0.6293965802441227,-9.085618584590424,-20.515100690322726,-24.236452897191754,-4.152038678298009,0
BTCUSDT,2019-12-22,2019-12-24,1,3,0.7106031597210052,3.7690825835035566,62.64214780025816,26.022600014965406,1.32472047947847,1
BTCUSDT,2020-01-01,2020-01-03,1,3,2.2402737864182303,0.1596105363818185,27.942250013849133,-6.806488153425363,1.680961970638895,1
BTCUSDT,2020-01-06,2020-01-08,1,3,0.7547549154917615,6.556881122118958,59.104075680858706,27.068145316976178,9.07484287412943,1
BTCUSDT,2020-01-12,2020-01-14,1,3,2.4833120532268635,8.794960940054569,97.30810136000342,-2.217014610412974,9.450361782591287,1
BTCUSDT,2020-01-21,2020-01-23,1,3,0.6435491901797501,6.81463670951892,39.37965628195235,-17.658210699797735,-3.151913542034279,0
BTCUSDT,2020-02-17,2020-02-19,-1,3,-0.08724994378493714,-0.5129793098054666,-59.57741414514999,-31.936383287289004,2.861784745197005,1
BTCUSDT,2020-02-21,2020-02-24,-1,4,-2.5963568152238032,-1.5562816523606806,-106.15753260084546,-4.506130150572176,-1.022211199593181,0
BTCUSDT,2020-03-01,2020-03-05,-1,5,-2.0620302203233205,-10.940514587766845,-190.40142518699113,4.510183034347136,-6.63057601180721,0
BTCUSDT,2020-03-28,2020-03-31,1,4,4.375233916381386,0.5894741731668249,171.31897908196038,-21.293826560960156,0.4071884273113783,1
BTCUSDT,2020-04-06,2020-04-08,1,3,2.5123370107068332,13.812543990390559,187.5477035233023,23.838179449896245,8.289194097549313,1
BTCUSDT,2020-04-16,2020-04-18,1,3,1.6628207929141703,4.467071486117692,28.197331524992595,13.122050759946404,9.07496239375103,1
BTCUSDT,2020-04-30,2020-05-02,1,3,1.5415549955744534,17.65350592092633,158.46567050956227,17.946066751567713,1.8040036133447628,1
BTCUSDT,2020-05-04,2020-05-06,1,3,1.0073560558276458,14.7657649540744,145.70129312058168,-21.201167817753003,2.3968914433740722,1
BTCUSDT,2020-05-09,2020-05-11,1,3,2.3140497752043085,14.257748635827586,122.87767296202037,-30.392416755444742,-13.037640165673302,0
BTCUSDT,2020-05-25,2020-05-27,-1,3,-0.799631952423875,-4.349903953347811,-145.03460785537607,-6.659431547723614,-5.947146097514544,0
BTCUSDT,2020-06-01,2020-06-03,1,3,4.342865975728885,8.55726945440202,23.19856842860196,48.90326765071106,1.9069831831647348,1
BTCUSDT,2020-06-11,2020-06-14,-1,4,-5.812369594081942,-2.2716852205563467,-44.554161305408655,-37.420131660272034,5.092159838138588,1
BTCUSDT,2020-06-29,2020-07-03,-1,5,-2.1716155074399333,-1.97352113345915,-49.27580277877338,8.679893528431933,0.23720677683503089,1
BTCUSDT,2020-07-07,2020-07-10,1,4,0.3208373911089154,0.07357373329079002,5.9006826254985185,8.193367758705918,-0.9978039853599127,0
BTCUSDT,2020-07-12,2020-07-14,1,3,5.292438421388054,0.8595408853966688,19.00987469746125,1.7395552447561897,-0.16370013959234841,0
BTCUSDT,2020-07-20,2020-07-22,-1,3,-1.5292117912767826,-0.5349752930263085,-1.403271660091768,-1.1977622042487752,-3.757262848585996,0
BTCUSDT,2020-08-21,2020-08-29,-1,9,-5.522411073581327,-1.2502466851277767,-87.5841837106949,-27.677184131116007,2.8708344757477637,1
BTCUSDT,2020-08-31,2020-09-02,-1,3,-3.0997146231671318,-0.3279604707165154,-68.35861068365017,13.61335444093811,2.354808234197115,1
BTCUSDT,2020-09-08,2020-09-10,-1,3,-0.4835870200724206,-9.473727119692711,-180.52102372241362,5.530364590639891,-0.047465064626583606,0
BTCUSDT,2020-09-17,2020-09-20,1,4,1.6345394717322677,1.9020064141503437,70.58075329730733,19.308642159311916,-0.7079237649043498,0
BTCUSDT,2020-10-08,2020-10-10,1,3,1.279625841662461,2.1987247574134674,27.681533476226797,16.437214140020394,5.476683676482863,1
BTCUSDT,2020-10-12,2020-10-20,1,9,0.6235895057357588,6.691848407757267,101.65751508178539,15.980289724199523,4.358281716454004,1
BTCUSDT,2020-11-11,2020-11-13,1,3,1.3204253729111444,10.812613396788416,81.0008141246102,-5.622704292822959,6.290697192494599,1
BTCUSDT,2020-11-16,2020-11-18,1,3,1.0195185204769066,11.916834692995378,56.1006361245818,14.17652972358701,11.000137870527027,1
BTCUSDT,2020-12-08,2020-12-10,-1,3,-2.15516194259375,-1.4178443390435482,-150.12244407997935,-66.62133183678975,4.359611622119386,1
BTCUSDT,2020-12-16,2020-12-18,1,3,1.8948677459008152,12.996661449757102,55.103716236714035,142.5109091774757,18.548206129484424,1
BTCUSDT,2021-01-10,2021-01-12,1,3,2.92449416873585,23.86473685616039,778.806250359466,-238.29074139368413,-15.459236853120451,0
BTCUSDT,2021-01-25,2021-01-29,-1,5,-3.618988376436385,-10.147732992386754,-1059.6158258559872,49.641333245591795,-6.575778598197757,0
BTCUSDT,2021-02-08,2021-02-10,1,3,1.9419276181194292,32.52644624444363,929.4048464386867,460.1327674789609,15.09628322115162,1
BTCUSDT,2021-02-25,2021-02-28,-1,4,-3.165454168696473,-3.5547621051796483,-723.100211363896,-415.291060138341,8.740272404088866,1
BTCUSDT,2021-03-02,2021-03-06,-1,5,-2.551075666862885,-2.7429424954784065,-1036.9184829648834,104.19823291218063,1.0213999104201292,1
BTCUSDT,2021-03-11,2021-03-13,1,3,3.9407027736363522,13.644083954956601,493.43345852683524,233.11435411588582,9.155323313087415,1
BTCUSDT,2021-03-16,2021-03-18,1,3,0.8007541336062147,9.348996925469581,283.40740375553105,-159.5506457072861,3.2740448735010474,1
BTCUSDT,2021-03-24,2021-03-28,-1,5,-2.7350766614238364,-5.771686749798817,-859.0978462790722,-230.19462554970823,-3.04393903007476,0
BTCUSDT,2021-04-05,2021-04-07,1,3,3.673892125890494,4.114569572239844,7.241933211979131,42.00584549373798,-4.263371728914523,0
BTCUSDT,2021-04-15,2021-04-17,1,3,0.5869179475291527,7.2086756085112835,394.102657410838,34.86618423981463,-5.090108074186695,0
BTCUSDT,2021-04-25,2021-04-29,-1,5,-0.8790264474950299,-14.27578430765862,-1378.5774930945176,-46.708808490461024,-7.4076151138590784,0
BTCUSDT,2021-04-30,2021-05-03,1,4,3.8369652109980397,2.1197402247675137,37.81891433688111,353.7993264915201,6.348931005508351,1
BTCUSDT,2021-05-10,2021-05-12,1,3,2.090068208580102,1.5172310135235894,296.9577258745606,-172.08670873201606,-15.18261645951534,0
BTCUSDT,2021-05-21,2021-05-23,-1,3,-1.5868308321390558,-26.297566925098298,-1624.5136874037316,-24.035208991182117,14.087729552709028,1
BTCUSDT,2021-05-25,2021-05-27,-1,3,-0.7077456697534761,-18.0849158591818,-843.5283926358898,299.88658744817667,0.28643161498173064,1
BTCUSDT,2021-06-03,2021-06-05,1,3,14.616895476497977,0.927657611395223,612.1188422327841,235.8835737391164,-5.871259570472009,0
BTCUSDT,2021-06-13,2021-06-15,1,3,3.4602815012669446,6.351560662506022,802.295813512867,180.53408266689212,12.535114418989867,1
BTCUSDT,2021-06-25,2021-06-27,-1,3,-0.40605195973583574,-11.866670883895022,-189.98403459848555,-118.57274068894162,-0.5074630103663488,0
BTCUSDT,2021-07-04,2021-07-06,1,3,0.1030356472746868,1.2211231483921245,335.1776547252023,63.591698633312035,-1.695446410106038,0
BTCUSDT,2021-07-18,2021-07-20,-1,3,-1.0216323083990604,-5.0859538199243595,-87.19303905396782,17.793885451055075,5.087678168227416,1
BTCUSDT,2021-07-23,2021-07-26,1,4,5.657855935967199,2.635656402533424,182.89691522363057,156.48897673761746,14.9301414186088,1
BTCUSDT,2021-08-09,2021-08-11,1,3,1.2801773949482487,18.09151133423475,644.1242879942572,103.72971402131247,3.5197504154072634,1
BTCUSDT,2021-08-30,2021-09-01,-1,3,-3.733205757771059,-0.8689653711463453,-388.9138807528275,-134.41265240990697,-0.48753721459411337,0
BTCUSDT,2021-09-07,2021-09-09,-1,3,-4.496426869259591,-4.08545432716799,-220.93826989293962,-308.4948788232871,11.50333416249082,1
BTCUSDT,2021-09-20,2021-09-22,-1,3,-3.9900567956309834,-9.584637517340704,-379.69329019280457,-264.94024783751325,7.428118137029216,1
BTCUSDT,2021-09-24,2021-09-26,-1,3,-4.629578653951859,-7.485931906208829,-520.9684111893021,-15.860456674613886,3.398841241530748,1
BTCUSDT,2021-10-01,2021-10-04,1,4,5.510465060891157,7.6709220121465584,198.911251552075,423.8487755421031,11.923903970646288,1
BTCUSDT,2021-10-07,2021-10-09,1,3,0.5516276100515232,17.098586907669546,1303.7279395929013,38.56181036841167,-1.060363373406847,0
BTCUSDT,2021-10-17,2021-10-19,1,3,0.09254969809728318,16.534428477340242,875.2083846582768,-55.074485483298304,5.1934096387105555,1
BTCUSDT,2021-10-23,2021-10-25,1,3,1.4021826435179658,5.477968409661042,23.185605385614053,-223.5324199544516,3.5390840594764494,1
BTCUSDT,2021-10-27,2021-10-29,-1,3,-1.666514099979757,-2.2330670941088884,-659.5274463251835,-263.18556243893227,-3.590681201900048,0
BTCUSDT,2021-11-01,2021-11-05,-1,5,-0.5557012420921487,-0.5390136936961211,-584.2074812450155,-27.84730461883055,0.19164956492516738,1
BTCUSDT,2021-11-11,2021-11-13,1,3,0.45206720448047294,3.789711294503776,14.074003235391046,-63.49012456368246,-1.174369887194426,0
BTCUSDT,2021-11-26,2021-11-28,-1,3,-1.8314752063929063,-12.091079719870994,-821.1472567414205,-167.0771451388273,2.4586663989161543,1
BTCUSDT,2021-12-02,2021-12-04,-1,3,-2.338978538953243,-3.549992109265384,-143.51194296581411,39.90364945417036,13.645170272070528,1
BTCUSDT,2021-12-09,2021-12-13,-1,5,-3.024649743249569,-13.041825850626088,-669.3679005639406,-77.7606733848047,7.066517036749087,1
BTCUSDT,2021-12-15,2021-12-17,-1,3,-0.30110732298263343,-5.648448272100214,-73.43412476584308,143.33926325930543,4.175775578322371,1
BTCUSDT,2021-12-23,2021-12-26,1,4,0.8663138046388184,4.757253844646691,594.3158335395883,215.38860757565226,4.101775741250524,1
BTCUSDT,2022-01-10,2022-01-13,-1,4,-3.4146404529648247,-10.08076801158328,-401.4927509243166,53.33876860282248,-2.061283441722383,0
BTCUSDT,2022-02-04,2022-02-06,1,3,1.723427205365835,7.701881719879957,570.4471357898965,268.16112158645547,13.186280516975813,1
BTCUSDT,2022-02-14,2022-02-16,1,3,3.424494220598151,5.108229864184823,400.17149192871005,-84.92606496916198,3.9275662570154246,1
BTCUSDT,2022-02-19,2022-02-21,-1,3,-0.6590895175767373,-3.496615401151551,-180.10988204719393,-125.58531977106816,7.020441662222154,1
BTCUSDT,2022-02-25,2022-02-27,-1,3,-0.49317076236438584,-4.891257329387713,-381.56354101136725,135.13623555255054,1.2388878814815878,1
BTCUSDT,2022-02-28,2022-03-02,1,3,1.8023600283773584,5.987632034074193,76.73550662758907,363.8958569742689,16.0298747953199,1
BTCUSDT,2022-03-08,2022-03-10,-1,3,-0.332681126276719,-2.3705583028916504,-211.75597195366174,-19.7698401299686,-4.174876276718975,0
BTCUSDT,2022-03-21,2022-03-26,1,6,0.6247298520361645,2.006098585076413,261.3995224679881,-49.376013866059736,7.474439770530394,1
BTCUSDT,2022-04-01,2022-04-03,1,3,0.7892691254339201,7.225411025135832,347.47262939017173,-97.92123621855944,1.5710026336872134,1
BTCUSDT,2022-04-10,2022-04-12,-1,3,-2.9634430001471235,-5.935870632947823,-616.3960799791372,-46.00809275168319,5.866154932512702,1
BTCUSDT,2022-04-26,2022-05-03,-1,8,-1.2269933481059794,-6.263326449540796,-179.88669797369948,-85.09087591494051,6.271757439751779,1
BTCUSDT,2022-05-04,2022-05-06,1,3,3.806973822489105,0.29083584338378254,32.63687005122847,130.51959353626,-4.946058133078179,0
BTCUSDT,2022-05-15,2022-05-17,-1,3,-1.061701620880167,-10.455257825967559,-415.6896542556783,231.6076426391628,-1.590524463600906,0
BTCUSDT,2022-05-30,2022-06-02,1,4,0.9115246126319696,6.939142684872001,494.4419968486495,172.97979050829554,2.9409687085356633,1
BTCUSDT,2022-06-04,2022-06-09,1,6,0.9046882054874389,0.16651016508938793,385.42684715987366,-44.588675529586,0.979518865354834,1
BTCUSDT,2022-07-10,2022-07-12,1,3,3.421614289409458,1.4767891544953788,497.6649982508686,-47.685870638833876,-10.881186634018524,0
BTCUSDT,2022-08-02,2022-08-04,1,3,12.513726262473678,2.245152918123257,116.68247884987267,-54.29566022133673,-3.172175188166071,0
BTCUSDT,2022-08-17,2022-08-19,-1,3,-0.24616668165321273,-0.9098066590276026,-39.29851530121971,-63.14640483580479,12.261424941122822,1
BTCUSDT,2022-08-23,2022-08-28,-1,6,-0.646534779715548,-6.591112434035956,-336.6673193077827,28.299298377124273,8.217918927393352,1
BTCUSDT,2022-09-05,2022-09-08,-1,4,-0.2692010401093947,-4.725326556137315,-44.10614157382906,22.353745200461958,3.0025989610155794,1
BTCUSDT,2022-09-18,2022-09-20,-1,3,-0.920517027143791,-3.7954226845376797,-6.416917112832891,-50.832483904541164,5.758115744455738,1
BTCUSDT,2022-09-23,2022-09-25,-1,3,-1.6750018233004187,-3.4132001574236903,-63.575599877653474,25.76950044192438,2.6628869842379226,1
BTCUSDT,2022-10-07,2022-10-09,1,3,0.2880269518758726,0.8195773061907564,132.06794364907321,-37.29814898257186,-3.013389229920626,0
BTCUSDT,2022-10-27,2022-10-29,1,3,0.38342936193136806,4.466528567760339,162.81091404998696,6.228746201562984,-0.2166726764778245,0
BTCUSDT,2022-11-01,2022-11-03,1,3,0.6318509604826297,3.623610453390022,122.96809204518723,-26.870576513340154,-1.7807212428638581,0
BTCUSDT,2022-11-16,2022-11-18,-1,3,-0.5283642060593206,-12.24903516916899,-325.1903582636901,51.57548639721847,0.7841020746637509,1
BTCUSDT,2022-11-21,2022-11-23,-1,3,-0.16143357810362363,-12.063747791360381,-143.69314786441976,-4.324858977162535,-2.3832643642012425,0
BTCUSDT,2022-11-30,2022-12-05,1,6,5.777410300452553,3.6427250915369296,153.47129417079896,58.61129395160242,2.785762774950085,1
BTCUSDT,2022-12-08,2022-12-10,1,3,1.8017150764641912,3.262971653537573,160.07762843216602,4.892373255423877,1.3274824430527858,1
BTCUSDT,2022-12-21,2022-12-23,-1,3,-0.6091041818087195,-1.3189125324418844,-19.474998299625042,3.5067464123957564,0.29284474737743016,1
BTCUSDT,2022-12-25,2022-12-28,-1,4,-0.9936834280998175,-1.0483969057368072,-2.8843395746609133,5.035274903947112,1.3154189920242758,1
BTCUSDT,2022-12-30,2023-01-01,-1,3,-1.2087431997051796,-1.7939951013727335,-15.339321870399687,-0.679563779649655,-0.29947978383343365,0
BTCUSDT,2023-01-06,2023-01-08,1,3,0.20626585535755995,1.2827006967474746,41.07005910229323,12.91129325115186,1.3584519824024315,1
BTCUSDT,2023-01-25,2023-01-27,1,3,0.1818109066053897,13.873953486213164,229.03059944953134,-40.323690900958354,1.549684728728851,1
BTCUSDT,2023-02-06,2023-02-09,-1,4,-2.2741430873796644,-0.38148006141178775,-220.91571057482406,-43.833798328674675,4.556021717261361,1
BTCUSDT,2023-02-12,2023-02-14,-1,3,-0.18450322297718827,-4.759060781389179,-372.62090165163556,2.2205513519434135,-1.942775202343738,0
BTCUSDT,2023-02-24,2023-02-26,-1,3,-2.1233358926617183,-0.24782630319840987,-62.10607424973546,-87.16659819619974,1.2096356755582742,1
BTCUSDT,2023-02-28,2023-03-02,-1,3,-5.654164470892118,-0.744820128597082,-166.1778183549879,-25.476519929096582,-0.28604675020400505,0
BTCUSDT,2023-03-05,2023-03-07,-1,3,-2.5350982276027136,-4.893817924745519,-244.5205252731436,-5.757144659865702,0.2650237597984887,1
BTCUSDT,2023-03-11,2023-03-13,-1,3,-9.789069257678019,-10.174552434496736,-380.7634306618471,10.581906196968191,-20.065778194195836,0
BTCUSDT,2023-03-31,2023-04-02,1,3,6.757042511683635,6.248971093534812,20.80458026975134,-2.6290352665434966,0.1114074837317517,1
BTCUSDT,2023-04-19,2023-04-21,-1,3,-5.7283383567846045,-0.9049271986503127,-130.4003199263118,-108.63187407028045,9.860595700923069,1
BTCUSDT,2023-04-25,2023-04-27,-1,3,-2.5663532866755148,-2.1921260396570004,-348.8528773538001,66.02677430989246,-7.531129336594589,0
BTCUSDT,2023-05-11,2023-05-24,-1,14,-0.9586244281896824,-5.062362381565444,-231.15915885398246,-43.73242793432081,4.200715612120121,1
BTCUSDT,2023-05-26,2023-05-28,-1,3,-0.7461498358376374,-1.3656135329472503,-16.57704367119834,17.820221074982612,-6.410510773108036,0
BTCUSDT,2023-05-30,2023-06-02,1,4,1.1081881007448642,2.469848810130749,158.34064598241275,16.290057844832972,-2.180368036226765,0
BTCUSDT,2023-06-04,2023-06-06,1,3,1.1073127984478268,0.17179061202716223,57.547821918984,-8.59943643537585,0.19425428586417082,1
BTCUSDT,2023-06-10,2023-06-13,-1,4,-1.2041828610447816,-3.846342039979224,-71.43673454897356,-37.412731364238425,1.65288881520036,1
BTCUSDT,2023-06-19,2023-06-21,1,3,0.3008687937002162,1.6621684154788015,95.76284397842647,49.86842023957189,13.472149436768532,1
BTCUSDT,2023-07-10,2023-07-12,-1,3,-2.3798910279300425,-0.001749303616026296,-143.4535617670772,-0.03818919942943921,-1.127071743337615,0
BTCUSDT,2023-07-18,2023-07-20,-1,3,-5.022197371258875,-1.9297960444894389,-187.15891313123734,-23.732716393260034,0.7215077311035881,1
BTCUSDT,2023-08-04,2023-08-06,-1,3,-0.40021479207457317,-1.488494005088587,-61.91844300689263,1.5786490486443654,-0.0395790315972918,0
BTCUSDT,2023-08-08,2023-08-10,1,3,0.23282384309230372,1.2458711941467309,12.200332218237122,48.895317153046136,0.43766217316316725,1
BTCUSDT,2023-08-14,2023-08-16,1,3,0.25337922862669143,0.32265685269614164,25.95294701824811,1.7959714354687435,-2.356501263998167,0
BTCUSDT,2023-08-24,2023-08-26,-1,3,-1.0016264288162593,-6.743678383142224,-222.17535817001533,43.56422978560238,1.171347935437606,1
BTCUSDT,2023-08-28,2023-08-30,-1,3,-0.654216888356615,-4.779519474511265,-62.63095614972099,41.18123460900529,-4.9905699115424085,0
BTCUSDT,2023-09-07,2023-09-09,1,3,0.4839801586377274,0.2824964226496853,76.49296202522191,36.93135324881246,0.14992342764641486,1
BTCUSDT,2023-09-22,2023-09-24,1,3,1.3477539353615249,1.2695353352998364,141.92816245356775,-34.034237943834086,-1.60332368767333,0
BTCUSDT,2023-10-02,2023-10-10,1,9,0.7509118714358857,2.8255560186746114,147.84721515233946,2.9844533888260116,-2.5521782387254883,0
BTCUSDT,2023-10-16,2023-10-19,1,4,0.3655504200094591,4.177892517346186,6.659859452809343,99.51870501365059,5.3433578292820805,1
BTCUSDT,2023-11-11,2023-11-13,1,3,1.1579034883998438,6.144815719106677,30.68810222672505,5.694281127451404,-2.6484272135024574,0
BTCUSDT,2023-12-24,2023-12-26,-1,3,-1.9924104580872053,-0.03610224017696258,-143.76224761977892,-51.002202863141065,2.3303684760661807,1
BTCUSDT,2023-12-28,2023-12-30,-1,3,-1.6080324484760673,-0.6608248908911891,-245.4212387251664,-46.10642135309786,2.567082941408761,1
BTCUSDT,2024-01-03,2024-01-05,-1,3,-2.5181614959738132,-0.2741625335286791,-112.46190028402998,-53.77770704548777,1.3838823625472845,1
BTCUSDT,2024-01-10,2024-01-12,1,3,1.9566491813055735,6.3809849934121905,237.2603002753666,47.574867397599746,-7.615940143135969,0
BTCUSDT,2024-01-20,2024-01-22,-1,3,-1.113923034813818,-4.661012443925587,-424.3594282350059,20.73222234765035,4.619343945358311,1
BTCUSDT,2024-01-26,2024-01-28,-1,3,-1.565654240162109,-1.9802947476100654,-254.28705885391616,170.4124920008819,-5.579963809795974,0
BTCUSDT,2024-02-01,2024-02-03,1,3,0.5967443635509628,2.9876918504908105,240.6984933433837,32.28430654306101,0.6124236730859381,1
BTCUSDT,2024-02-05,2024-02-07,1,3,0.8405274167693745,1.937954152063316,171.00304267801755,-29.92096010435941,3.748897397263873,1
BTCUSDT,2024-02-09,2024-02-11,1,3,0.8964339023132696,10.855445397846642,488.04876943553586,156.98409741888918,6.249215642329808,1
BTCUSDT,2024-03-16,2024-03-19,-1,4,-8.661279934417133,-0.7301244110896279,-478.68099089984116,-503.6970405736247,10.481246506287434,1
BTCUSDT,2024-03-21,2024-03-23,-1,3,-9.761282381279262,-2.920531747145858,-1162.6046725057095,-55.75889837629484,5.27581228384043,1
BTCUSDT,2024-05-11,2024-05-13,-1,3,-5.881062336523407,-3.1812368879961985,-7.349764559221285,-50.20603554646914,-3.9198854473495803,0
BTCUSDT,2024-05-20,2024-05-22,1,3,1.9485947432485304,12.630982274859667,969.8725679731531,272.59881831554344,3.964621968702353,1
BTCUSDT,2024-05-24,2024-05-26,1,3,1.0658571509489985,5.435570516761812,597.1266735085246,-125.59108900922774,0.391559173837153,1
BTCUSDT,2024-06-07,2024-06-09,1,3,0.5465878537087955,0.5973148690545352,41.92300166209634,-86.86808479467345,-2.0256148033603756,0
BTCUSDT,2024-06-21,2024-06-23,-1,3,-4.314268864925057,-5.242215943057786,-541.7213790245396,-9.897505007776317,2.158933645588657,1
BTCUSDT,2024-06-28,2024-06-30,-1,3,-1.4281722605425349,-6.9429457863840485,-536.2044016023276,19.565091805757902,-2.1267881309690924,0
BTCUSDT,2024-07-02,2024-07-04,-1,3,-0.43019333150927047,-2.360633626374141,-12.70800013037865,69.98651404353836,8.900446629641745,1
BTCUSDT,2024-07-14,2024-07-16,1,3,3.594765397687528,2.241832663095189,392.9784942218198,215.68067442492384,9.464144360467408,1
BTCUSDT,2024-07-18,2024-07-20,1,3,0.2543534287781565,6.439428814717077,1037.6257742844114,-21.061519686706106,4.36215590471789,1
BTCUSDT,2024-07-24,2024-07-27,1,4,4.099556145420394,5.6930729164831035,710.1355475136576,-223.82317798270162,2.573322164929315,1
BTCUSDT,2024-07-29,2024-07-31,1,3,0.9157337529384598,3.6828792294012205,326.9233580019636,-152.6367510061425,-5.706793213409322,0
BTCUSDT,2024-08-09,2024-08-14,-1,6,-3.1083362182401513,-4.031539647369084,-642.0765713508399,307.5904072552537,4.4675558258852615,1
BTCUSDT,2024-08-21,2024-08-23,1,3,5.878843433654496,3.6320783760164974,259.7653492277709,159.92058897546394,8.112314068912685,1
BTCUSDT,2024-09-01,2024-09-03,-1,3,-1.22974922927887,-4.659511941927782,-280.2145230370363,-137.79862948939643,2.1201957676595944,1
BTCUSDT,2024-09-05,2024-09-07,-1,3,-0.6863788555982423,-6.142289642137558,-366.72400368167666,-87.2558030407535,6.172331980355661,1
BTCUSDT,2024-09-16,2024-09-18,1,3,1.002239956791585,0.7560233857723192,384.1522720982715,-76.58210444820986,4.044277210309133,1
BTCUSDT,2024-09-22,2024-09-24,1,3,1.5290321064465793,7.964784386146932,745.0583814040774,-21.790622091063824,1.0423914773028513,1
BTCUSDT,2024-09-26,2024-09-28,1,3,0.21681589192489356,7.8954208895907225,538.0793939547242,15.368012455798976,3.8848834106784524,1
BTCUSDT,2024-10-07,2024-10-09,-1,3,-1.998078714216565,-1.4443969534401502,-308.60318082407866,19.092238284043106,3.076429686066096,1
BTCUSDT,2024-10-11,2024-10-13,-1,3,-1.5087900896274407,-0.503019758805262,-298.4217787001339,124.91184047372218,-4.616446566751287,0
BTCUSDT,2024-10-18,2024-10-20,1,3,0.10653734594370122,7.871700399799046,602.0422795442403,56.9484078284047,1.9882638518294864,1
BTCUSDT,2024-10-31,2024-11-02,1,3,0.09683755170036516,3.604264839211815,280.9047188243808,-108.07478437158261,-4.505343387784655,0
BTCUSDT,2024-11-04,2024-11-06,-1,3,-8.892231822108275,-1.179361158963633,-273.18225599276,-150.50650020651506,-10.28135539742867,0
BTCUSDT,2024-11-25,2024-11-27,1,3,3.0875791777000363,4.8817954327089605,71.52573743438461,-520.827916526714,-2.4806222346793634,0
BTCUSDT,2024-12-10,2024-12-12,-1,3,-1.2851029776265537,-0.5268617172818625,-748.094192755616,-172.73285126149767,-3.20419303866597,0
BTCUSDT,2024-12-19,2024-12-22,-1,4,-1.1061985568242176,-2.228405454776395,-626.9825265800819,-421.6112250842334,4.607524149981613,1
BTCUSDT,2024-12-25,2024-12-27,-1,3,-0.7808751466346566,-0.37643491124348305,-914.1383093107759,227.9740423093324,4.02366879450351,1
BTCUSDT,2024-12-29,2024-12-31,-1,3,-5.7551646117523605,-5.184505402225138,-1046.9346828328753,-26.375629124969237,1.409024134312698,1
BTCUSDT,2025-01-09,2025-01-12,-1,4,-2.1203008664682463,-3.795989119977701,-270.18456702103333,-309.01861359107664,0.1423381987555098,1
BTCUSDT,2025-01-19,2025-01-21,1,3,0.6410169197952185,3.8162973212116964,849.6333906085902,-125.25878576142645,1.1184078461895735,1
BTCUSDT,2025-01-24,2025-01-27,1,4,1.5727311762236593,5.319355294361286,653.8449816578423,-58.43751077658999,-2.158737388406195,0
BTCUSDT,2025-02-01,2025-02-03,-1,3,-1.0654858812241288,-1.566543161931298,-341.4567722840893,-198.56205082801853,0.674924074651884,1
BTCUSDT,2025-02-13,2025-02-15,-1,3,-1.1069509790488434,-2.875500023990051,-393.71642874118595,67.85345754750938,-0.09313371749604081,0
BTCUSDT,2025-02-24,2025-02-26,-1,3,-1.160836956408818,-5.047904288560328,-245.76829852098967,-298.1301657430613,12.07471379002265,1
BTCUSDT,2025-03-03,2025-03-05,-1,3,-0.4549763975814151,-7.347226952855608,-478.40293368210314,-27.910487486204147,3.4866977829638324,1
BTCUSDT,2025-03-19,2025-03-21,1,3,0.3511695516522223,1.9752148720279046,562.1497074133363,288.71850962066674,1.2608347962879134,1
BTCUSDT,2025-03-23,2025-03-25,1,3,3.6199135466484713,1.836286314530464,658.5997905037912,120.38501811602418,3.836945374549483,1
BTCUSDT,2025-03-28,2025-03-30,1,3,1.1384664729151666,0.3130580548932454,611.7358046145323,-223.30172358947516,-5.950737624869573,0
BTCUSDT,2025-04-01,2025-04-03,1,3,1.3023518258810693,0.7778071771374714,141.07842497850493,106.87231324910726,0.4032464199580369,1
BTCUSDT,2025-04-06,2025-04-08,-1,3,-2.8940306081101603,-6.94042808055675,-224.0815940369098,-313.7423713856797,8.237471406721664,1
BTCUSDT,2025-04-10,2025-04-12,-1,3,-0.8759561797450897,-4.399844656787824,-262.035429540442,23.260624551928004,-3.6217792314781727,0
BTCUSDT,2025-04-14,2025-04-18,1,5,7.655391893505254,2.0614249176209456,525.3345957744734,100.35967636351438,0.45325931232091976,1
BTCUSDT,2025-04-29,2025-05-06,1,8,1.322105593257559,6.81097687412775,833.2948830559435,-185.59630363773203,1.5185531639539733,1
BTCUSDT,2025-05-09,2025-05-11,1,3,1.424455581745774,8.470988023984104,565.2570751183962,162.83852185164096,0.42934992291421314,1
BTCUSDT,2025-06-02,2025-06-04,-1,3,-9.733237117713408,-0.6022401709561234,-893.271042989224,48.30560645424839,0.4955355554791877,1
BTCUSDT,2025-06-08,2025-06-10,-1,3,-2.551828053715622,-0.7776819208226071,-630.3586665669957,150.17811756270612,-4.8738453930119,0
BTCUSDT,2025-06-12,2025-06-14,-1,3,-3.639604625131801,-0.8056673609076734,-111.86414808846826,-179.78156225525186,2.573423932892705,1
BTCUSDT,2025-06-29,2025-07-05,1,7,1.4847898758201494,2.35168538641289,316.1047062327263,89.03310741382319,0.4400344502384582,1
BTCUSDT,2025-07-07,2025-07-09,1,3,0.8842300096773186,1.6914226487906872,182.2422179490851,-68.54108189682745,1.4590463485533172,1
BTCUSDT,2025-07-13,2025-07-15,1,3,2.8650091551694774,8.350001104093007,1137.036322638256,106.40441968698497,-0.11206779083632289,0
BTCUSDT,2025-08-08,2025-08-10,-1,3,-0.9515982253985394,-0.0490983395576,-318.3836641919569,130.93680246180736,-1.9510077677227007,0
BTCUSDT,2025-08-11,2025-08-13,1,3,1.7280488349750383,1.6807388519352127,103.14661294797679,104.75781130901419,2.963471476899793,1
BTCUSDT,2025-08-15,2025-08-17,1,3,2.4530979054160267,0.25251504765329763,142.0473704418681,-201.2071372802236,-1.1524234522328864,0
BTCUSDT,2025-08-23,2025-08-25,-1,3,-3.5679223415306147,-1.118417641820725,-426.46709489155785,75.07344594039722,5.435679845016073,1
BTCUSDT,2025-08-27,2025-08-29,-1,3,-2.2911800165564316,-4.078536516650513,-697.0581797820713,9.31564465064946,2.629458170585997,1
BTCUSDT,2025-09-03,2025-09-05,-1,3,-0.6815800245792811,-1.022495670298863,-170.16316079918215,215.32959008654734,0.12141311386073585,1
BTCUSDT,2025-09-16,2025-09-21,1,6,1.5760030952830253,4.029020890293896,733.9197575670207,15.918782566537175,-0.5017947942825504,0
BTCUSDT,2025-09-30,2025-10-02,-1,3,-1.226781902348631,-0.030036412943612124,-81.75559132816682,171.3544276103417,-5.838967191184552,0
BTCUSDT,2025-10-10,2025-10-16,-1,7,-1.363854763262926,-3.3203326930343535,-56.21610846624867,-765.3908432854266,10.670075882113117,1
BTCUSDT,2025-10-24,2025-10-26,-1,3,-0.6312632757917991,-2.1858964673454997,-281.20855713409173,269.26150963449754,-4.4709430333968125,0
BTCUSDT,2025-11-03,2025-11-05,-1,3,-1.6736841812444008,-2.977687593760388,-127.801083514722,-224.705545179482,5.620878467546964,1
BTCUSDT,2025-11-10,2025-11-12,-1,3,-0.4221546187197214,-1.8483991865364233,-202.53098934593618,273.779616690696,2.530197924122857,1
BTCUSDT,2025-12-02,2025-12-04,1,3,9.304726803336957,0.7862570639247948,773.4106766495852,194.62555522084858,6.312617723313441,1
BTCUSDT,2025-12-07,2025-12-10,1,4,4.604899714008098,1.0326706146001514,783.7966250873451,-16.482811475394556,2.713715766781833,1
BTCUSDT,2025-12-30,2026-01-03,1,5,0.9529643513031612,0.418796891990487,277.1505426092681,62.67242103829858,3.4869687712101305,1
BTCUSDT,2026-01-09,2026-01-11,1,3,0.4765134990684354,1.3921134101755106,419.0598956894204,-152.59601335765808,-0.4947749829610434,0
BTCUSDT,2026-01-24,2026-01-28,-1,5,-0.47767090742816454,-3.2666397888624292,-635.5325686498902,-18.47758270655163,-0.0648782045945092,0
BTCUSDT,2026-02-14,2026-02-16,-1,3,-0.32920537540615874,-7.107866412653388,-85.65059155305244,331.5605428109375,-0.45587187723115064,0
BTCUSDT,2026-03-02,2026-03-06,1,5,5.601735316595735,2.2732274065145783,785.5017088396175,162.59049568425598,3.153778425628495,1
BTCUSDT,2026-03-09,2026-03-11,1,3,7.295790151611617,1.3495121325776884,545.2428511283049,-1.1115350534014397,5.997731131160267,1
BTCUSDT,2026-03-20,2026-03-22,1,3,2.095331939081939,0.5570418817597446,283.15327290359164,-151.1072687712899,-3.3615329615329648,0
BTCUSDT,2026-03-25,2026-03-27,1,3,0.05343970327993436,1.5121658479828348,28.14766871008385,66.61927546230712,-6.281025682309027,0
BTCUSDT,2026-03-30,2026-04-03,-1,5,-0.2982820420799905,-4.58618897127899,-492.84396279702605,30.838011610541116,-1.8442608216548524,0
BTCUSDT,2026-04-14,2026-04-20,1,7,1.1311138442465252,6.66836975640977,633.3550782889681,14.496922112527614,1.512145168123991,1
BTCUSDT,2026-04-26,2026-04-28,1,3,3.4824677938808377,4.950839821003211,272.3637483367622,-10.481001171639491,-2.0518260869565204,0
BTCUSDT,2026-05-15,2026-05-17,-1,3,-2.7447488432296083,-0.30173348919371434,-295.2788137353614,-131.0552325698925,4.0793691551818,1
BTCUSDT,2026-05-24,2026-05-26,-1,3,-0.17285052209055474,-2.5218026864316885,-525.959731800689,86.1437784617383,0.6709817241268293,1
BTCUSDT,2026-05-29,2026-06-02,-1,5,-2.07301734329237,-5.378112633859853,-618.4366847400627,-24.649663522098308,8.91392545061629,1
BTCUSDT,2026-06-20,2026-06-22,1,3,3.5732367979874016,0.26807413508176026,491.67229605927287,29.967748629842845,0.34924567909024906,1
BTCUSDT,2026-07-03,2026-07-05,1,3,1.1686642097141,0.3939551645952751,383.93393591765107,180.48967555440368,2.9950617283950547,1
BTCUSDT,2026-07-14,2026-07-16,1,3,2.7146994053214866,4.790597971481923,470.44155408179245,69.98834839403787,1.9994409518193206,1
BTCUSDT,2026-07-23,2026-07-26,1,4,5.25732520964768,1.4034806462086573,299.74768007795444,-91.45298505571907,-1.4807010687067352,0
ETHUSDT,2019-01-06,2019-01-08,1,3,0.5190775858234966,18.019759450171836,3.4358022867549867,-0.3533525404089861,-3.82210299025062,0
ETHUSDT,2019-01-10,2019-01-12,-1,3,-1.089149902673443,-9.340898537264923,-0.7536908518418288,-2.015050844028397,16.311681296421334,1
ETHUSDT,2019-01-15,2019-01-18,-1,4,-1.1800314507741752,-12.707818869641477,-3.811224723659603,-0.16093651876835713,5.728397006695552,1
ETHUSDT,2019-01-20,2019-01-22,-1,3,-1.8347959533990064,-12.217248671713296,-2.4886434232823,0.10894128399984782,3.5070146818923287,1
ETHUSDT,2019-01-26,2019-01-28,-1,3,-2.3788912125833437,-6.872343088295245,-1.2021846248236239,0.2216308261479103,7.948536182781685,1
ETHUSDT,2019-02-01,2019-02-03,-1,3,-4.5975895494233825,-7.292073832790441,-1.0202617401937415,0.2221201189318398,-1.264336715520486,0
ETHUSDT,2019-02-08,2019-02-10,1,3,8.78874003248229,7.49974082871707,0.9492644506866279,1.0047207347077247,19.354977029096474,1
ETHUSDT,2019-02-15,2019-02-17,1,3,2.1322755001050995,7.864431422264377,1.901066223668428,-0.18124768175902295,10.669589769141341,1
ETHUSDT,2019-02-20,2019-02-22,1,3,1.7066053485178923,23.021332316719437,3.846220970634242,0.29609023955558333,2.3328499721137823,1
ETHUSDT,2019-02-25,2019-02-27,1,3,0.5634940275182198,6.274979861943509,1.1091313973009687,-0.8547680948866478,1.810446631339913,1
ETHUSDT,2019-03-02,2019-03-04,-1,3,-2.0763829090593084,-1.680320117485196,-1.3229639983548962,-0.3543513346563749,6.746024238841253,1
ETHUSDT,2019-03-07,2019-03-09,-1,3,-1.079547110256327,-0.7342804486946934,-1.0282723949505388,0.23855008004194733,-0.3053857350800656,0
ETHUSDT,2019-03-19,2019-03-21,1,3,4.0303737447136845,2.669937086411709,0.050761671124898156,0.05754145918955533,-2.3914237953339685,0
ETHUSDT,2019-03-24,2019-03-26,-1,3,-3.4684632485840994,-0.03232109539129293,-0.2993719300133686,-0.0649234081510448,1.8581585081585033,1
ETHUSDT,2019-03-29,2019-04-02,1,5,0.10517164081200046,4.957357638990666,0.2334785854032435,0.39859206832132177,18.060757290004336,1
ETHUSDT,2019-04-12,2019-04-14,1,3,4.486666919036086,5.532382707666426,0.7557715429410727,-0.9795415750415746,1.5260071920521816,1
ETHUSDT,2019-04-24,2019-04-28,-1,5,-15.477800493292222,-2.363296468239047,-1.2394701845167742,-0.38842729315340296,6.285977772523054,1
ETHUSDT,2019-05-04,2019-05-06,-1,3,-2.6524122592935573,-0.2893254149535695,-0.5723851482935935,0.16811204045316042,-3.339426395334999,0
ETHUSDT,2019-05-08,2019-05-11,1,4,1.0362819261705318,3.6969148878058307,0.5545029998472955,0.17912678776604585,12.024636481853634,1
ETHUSDT,2019-06-03,2019-06-09,-1,7,-6.386659458186504,-2.4031148523705954,-2.8773372367681063,-1.4267239635023223,13.695507289497177,1
ETHUSDT,2019-06-11,2019-06-13,-1,3,-6.305247574499383,-3.7024627240743784,-4.723684354796058,0.47356264228857725,-3.710210539126191,0
ETHUSDT,2019-06-19,2019-06-21,1,3,0.6464445427919217,4.7340051558471785,0.22583476923072077,-0.022990008808173812,10.818166704450993,1
ETHUSDT,2019-07-04,2019-07-06,-1,3,-4.9041498750062225,-3.928424586548681,-3.8820500085676724,-1.2484813879137118,3.867118283854676,1
ETHUSDT,2019-07-10,2019-07-12,-1,3,-1.9454810146797488,-4.5796678779920965,-2.414593481762463,-0.8657186038809179,10.281064203473612,1
ETHUSDT,2019-07-21,2019-07-24,-1,4,-12.064869084136717,-13.982188076659579,-5.509839459999856,1.4256676854139432,4.8103418054338265,1
ETHUSDT,2019-07-27,2019-07-29,-1,3,-0.6977868436443158,-13.19150005339161,-1.2070763645510496,0.04776919813092917,3.2195786298615303,1
ETHUSDT,2019-08-05,2019-08-07,1,3,0.8683148795207495,7.009895001638089,4.029832646493757,0.9333889241638165,1.543279678975607,1
ETHUSDT,2019-08-19,2019-08-21,-1,3,-3.6628072606439495,-3.686739071435031,-0.391030646048808,1.114713321704368,3.1403694746050648,1
ETHUSDT,2019-09-08,2019-09-10,1,3,5.742574905895483,0.4523933604621523,1.6926482316552907,0.5697921501999641,0.8329692602184527,1
ETHUSDT,2019-09-12,2019-09-14,1,3,8.178155636717872,1.5734555602080675,2.159544565371468,0.08400619100597861,5.125016827462425,1
ETHUSDT,2019-09-24,2019-09-26,-1,3,-0.4399528315800547,-13.324394470450795,-0.42062606681549264,-3.3279161823085546,17.171662775100604,1
ETHUSDT,2019-09-29,2019-10-01,-1,3,-0.31884914791559116,-10.837387815742535,-3.6889723779428305,-0.03851254255266712,-1.650792552884894,0
ETHUSDT,2019-10-03,2019-10-05,-1,3,-2.531809665021296,-7.763953018699077,-1.4988857739425443,0.18614026663393757,1.8137150466045364,1
ETHUSDT,2019-10-09,2019-10-13,1,5,4.547891373914212,5.539711631449323,1.2070895548836917,1.1082079465191277,-0.18405315614617968,0
ETHUSDT,2019-10-18,2019-10-20,-1,3,-2.003734637717139,-3.4907368091715596,-0.37753531730393974,-0.39406987857869713,0.6950553172273669,1
ETHUSDT,2019-10-23,2019-10-25,-1,3,-0.1796312421281695,-8.62838457685402,-1.2184372153596965,-0.5820527831266142,-6.4163551401869245,0
ETHUSDT,2019-11-07,2019-11-11,1,5,0.8490055369193363,3.806844089549253,1.1815508292564714,-0.24793864958897216,-3.6328939108600133,0
ETHUSDT,2019-11-15,2019-11-17,-1,3,-1.8697059956459146,-2.7936038191312997,-0.4385071106185292,-0.4809499150954015,0.19485182781743304,1
ETHUSDT,2019-11-28,2019-11-30,-1,3,-1.5262020382526893,-11.15486299209813,-2.5605254150526076,0.667654943438194,0.41902765037347167,1
ETHUSDT,2019-12-02,2019-12-04,-1,3,-2.5294611957483926,-8.58692543976975,-0.5840754191813975,0.22927193115130873,3.149392954289121,1
ETHUSDT,2019-12-29,2019-12-31,1,3,3.3022758990686603,0.9993948756112289,1.1479115807577926,0.6178456156911984,0.41960814924673107,1
ETHUSDT,2020-01-17,2020-01-19,1,3,0.8648422572943895,18.534181950143758,3.831157050960174,0.16745176707997356,1.1711588819194767,1
ETHUSDT,2020-01-21,2020-01-24,1,4,0.9213126440820297,12.34733615046814,2.330146935840957,-0.4127386129192132,-2.994834302151383,0
ETHUSDT,2020-02-25,2020-02-29,-1,5,-4.058938573806816,-2.693512374851085,-3.7669543683682534,-1.6914119226242974,17.794486291051513,1
ETHUSDT,2020-03-03,2020-03-08,-1,6,-1.2315824699179845,-10.898614394066012,-7.087042669614373,0.5486565094352418,13.627675992585242,1
ETHUSDT,2020-03-16,2020-03-18,-1,3,-0.7974816632205333,-43.079802096951994,-12.372536330107526,0.2295789598608664,4.180707707222497,1
ETHUSDT,2020-03-20,2020-03-22,-1,3,-10.284656684187004,-23.916358153996992,-4.316462675193211,2.2036346700603637,9.856786500366855,1
ETHUSDT,2020-03-30,2020-04-01,1,3,8.752147260918674,0.8060822570303285,3.367919284828993,0.3071271614940372,8.587951807228912,1
ETHUSDT,2020-04-11,2020-04-13,1,3,6.782951280045029,9.185196934015126,5.047375904704024,-0.9888173217153122,-1.3631835751853556,0
ETHUSDT,2020-04-15,2020-04-17,1,3,0.6823341415371641,2.591832553578061,1.9498708400062794,-0.8479260515872538,7.32483433259703,1
ETHUSDT,2020-04-24,2020-04-26,1,3,3.4388465834052124,11.309228893286386,2.5322483431683587,0.046665327601517426,5.998576896124197,1
ETHUSDT,2020-04-29,2020-05-02,1,4,1.0564080171083512,21.367868172493854,3.2745782586257643,0.809704868130634,8.599184671830407,1
ETHUSDT,2020-05-15,2020-05-17,-1,3,-2.1856452566223092,-3.8217597962517806,-2.6466966355780848,-0.062376174609489965,-2.2249790939052656,0
ETHUSDT,2020-05-19,2020-05-21,1,3,2.7196105187382233,5.091486110566947,0.02279285421363131,0.5700252605278777,-7.924079847377962,0
ETHUSDT,2020-05-28,2020-05-30,1,3,14.209072869969457,8.373996343404965,0.035878940921909575,1.0133612617058407,16.581132075471693,1
ETHUSDT,2020-06-01,2020-06-04,1,4,0.08454358850051036,17.23007754573875,3.598443197454701,0.9825254520395914,4.6265578442803434,1
ETHUSDT,2020-06-14,2020-06-16,-1,3,-1.8968804280814333,-1.404046871045057,-2.1237433968721042,-0.5917854686913717,0.7801268321364078,1
ETHUSDT,2020-07-02,2020-07-04,-1,3,-0.6805624702368107,-2.1115649787114563,-1.337981376599878,0.0736107882235455,0.38791289666220174,1
ETHUSDT,2020-07-06,2020-07-12,1,7,14.521771580331835,4.723388945960833,0.21496646909278314,1.040147710390763,6.292740376164518,1
ETHUSDT,2020-07-14,2020-07-16,1,3,2.6597056856732775,2.8908635360924717,0.6550765160547698,-0.193940068275813,-2.8759916492693156,0
ETHUSDT,2020-07-21,2020-07-23,1,3,2.2194432058625733,3.572249435411278,0.0559261503184012,0.5798424875524504,16.24759967797975,1
ETHUSDT,2020-08-21,2020-08-23,-1,3,-6.505671476993376,-3.78193514946574,-6.2720137525608095,-2.4524416424776305,5.665778718084347,1
ETHUSDT,2020-08-25,2020-08-27,-1,3,-8.401805153072724,-5.358947932963101,-8.37511980010617,-0.9709264693075923,5.587539246467821,1
ETHUSDT,2020-08-29,2020-08-31,-1,3,-0.8294954401543274,-1.492743846539705,-6.53341913441038,1.0889997861841998,-10.189678823618742,0
ETHUSDT,2020-09-11,2020-09-15,-1,5,-1.4328426358699364,-3.6992647864272135,-6.008410174485055,2.1636541572368504,0.6518305112385495,1
ETHUSDT,2020-09-17,2020-09-19,1,3,8.417493120117049,1.6076482354491624,0.22985307392142484,1.8026421498725744,5.11614581906823,1
ETHUSDT,2020-09-22,2020-09-26,-1,5,-5.174919771299143,-5.863015796613149,-2.4567765729886375,-1.1281717490143857,-4.384016923257739,0
ETHUSDT,2020-10-12,2020-10-16,1,5,6.76897206774424,9.083776430611541,4.754584541290637,1.165069712411463,-2.7145178533247822,0
ETHUSDT,2020-10-22,2020-10-24,1,3,0.49420965579611653,12.145481930566687,3.8654644150117146,1.8648306554434875,5.174056047953268,1
ETHUSDT,2020-10-27,2020-10-29,1,3,2.1729324202429225,5.178499736695285,2.357953552597678,-0.4415696196180363,-1.7731784367675525,0
ETHUSDT,2020-11-02,2020-11-04,-1,3,-4.380458097351864,-1.3790759470204264,-1.899043077724758,-0.6221443710203651,-1.8672145612221631,0
ETHUSDT,2020-11-26,2020-11-28,1,3,0.5831938652326603,4.8806642731259275,5.364212947408319,-5.6190124905334145,-6.01545215100966,0
ETHUSDT,2020-12-02,2020-12-04,1,3,3.1260745758295476,12.255922967337266,2.4218961070173606,-0.16809749660774997,-3.4789734476984524,0
ETHUSDT,2020-12-08,2020-12-10,-1,3,-10.533369805231866,-2.2613532189872885,-5.346406278339657,-3.2684313598665398,5.061033689622507,1
ETHUSDT,2020-12-22,2020-12-24,1,3,1.6476647268929538,5.970795384538559,0.1691179032215544,-0.33122740577214316,0.378498304749986,1
ETHUSDT,2020-12-27,2020-12-29,1,3,6.076523960833559,12.439101846084895,0.8393587425709441,3.5797962523513007,14.434337349397586,1
ETHUSDT,2021-01-21,2021-01-23,-1,3,-9.967712495869614,-4.69405131350652,-10.720341566947639,-16.82064951195406,10.01329276174846,1
ETHUSDT,2021-02-04,2021-02-06,1,3,3.3551087251200062,18.638762451839515,15.8771559686637,3.1430345159353976,0.3125305649177793,1
ETHUSDT,2021-02-09,2021-02-11,1,3,1.853699928398989,22.156395649922327,20.65014405684002,0.6378760905572562,1.6266834271348123,1
ETHUSDT,2021-02-14,2021-02-16,1,3,6.163399864873053,13.736584977575431,6.771897229876316,-5.1960491496081715,-2.216568960197473,0
ETHUSDT,2021-02-19,2021-02-21,1,3,2.8598195360472003,14.084105954081592,2.077235766993084,2.4674152464860697,-0.7134650780311499,0
ETHUSDT,2021-02-22,2021-02-24,-1,3,-15.612823840979967,-0.4114460895814207,-14.525225198161195,-12.277653933526778,15.64009247335184,1
ETHUSDT,2021-03-01,2021-03-03,-1,3,-4.301710745267518,-8.95844684337456,-58.77579631057224,12.271827637309322,-10.864493580800172,0
ETHUSDT,2021-03-16,2021-03-18,1,3,2.5914849160222015,8.312279845924749,12.32231332708394,-4.871097802063325,-1.3701808774003617,0
ETHUSDT,2021-03-30,2021-04-01,1,3,1.605598263837285,4.47934040057815,2.7504783963990285,8.550143648586888,7.928654623116138,1
ETHUSDT,2021-04-19,2021-04-21,-1,3,-6.533620021839378,-0.04326900951432779,-5.1511730744472,-15.967486780317074,-5.831106976078448,0
ETHUSDT,2021-04-24,2021-04-26,-1,3,-17.052593842467335,-1.1931727377350483,-15.843465748553513,-11.793380571915506,-7.378571338055839,0
ETHUSDT,2021-04-30,2021-05-02,1,3,1.0051342427023198,15.19447549164219,33.79449049800428,2.1519024098071498,6.582851173722548,1
ETHUSDT,2021-05-10,2021-05-12,1,3,4.797143184801034,31.59370458716054,92.54022892770115,-4.391480803916352,-2.9673110003950005,0
ETHUSDT,2021-05-17,2021-05-19,-1,3,-4.054935804939838,-5.4257370287435664,-68.36781813898119,-39.397405966983854,31.51368191842774,1
ETHUSDT,2021-05-21,2021-05-23,-1,3,-11.640955715302205,-29.74825915274142,-200.08678202976716,-25.738188779869006,23.880327383317322,1
ETHUSDT,2021-05-27,2021-06-02,-1,7,-6.987824392036751,-14.925452777658855,-87.9712023021077,23.555613378511282,5.794929530596837,1
ETHUSDT,2021-06-06,2021-06-08,1,3,13.388391177342228,3.5168323830968817,19.482718864258715,5.203795535576944,-4.985707055138844,0
ETHUSDT,2021-06-11,2021-06-13,-1,3,-9.972753041168072,-8.797886475547255,-9.031510703048696,-11.113450091722939,-1.9474952348963233,0
ETHUSDT,2021-06-19,2021-06-21,-1,3,-6.814130085543785,-14.460578887865413,-20.65226104145978,-9.204371076358186,15.203668607800047,1
ETHUSDT,2021-06-24,2021-06-26,-1,3,-2.7582447470232094,-15.311501131651728,-38.165112774936574,7.27021873510995,6.637101019236436,1
ETHUSDT,2021-06-28,2021-06-30,-1,3,-0.6479389815641571,-5.7907411056653775,-4.633607098710627,18.98145394007082,-15.201138083419096,0
ETHUSDT,2021-07-03,2021-07-05,1,3,1.095523664135864,3.9099865784275405,45.56239613652414,6.2658374625674185,1.5683120331642102,1
ETHUSDT,2021-07-10,2021-07-12,1,3,2.0117867958455897,0.7767779257370049,22.545016142276182,-8.674660348642703,-5.775432582359485,0
ETHUSDT,2021-07-13,2021-07-17,-1,5,-5.753953184682608,-8.197017627412334,-3.4039769463530334,-11.937173533018125,6.096913732169051,1
ETHUSDT,2021-07-19,2021-07-21,-1,3,-4.4243285278415865,-12.996077305778803,-19.36231240748812,-2.4054581027242534,-5.8904738745215734,0
ETHUSDT,2021-07-23,2021-07-26,1,4,1.5109287056508602,3.6848449291069763,19.342484292944505,14.410237901218323,9.652554629153997,1
ETHUSDT,2021-08-26,2021-08-28,-1,3,-0.6376323312141453,-2.558746456642327,-37.94477779713188,-10.36882912573833,-0.9457300727950143,0
ETHUSDT,2021-09-02,2021-09-04,1,3,1.3454540707101414,15.600610519941993,30.63616181923109,15.88814295572871,1.1339106621163224,1
ETHUSDT,2021-09-10,2021-09-13,-1,4,-15.052138725280512,-7.433482040475445,-61.829917147412374,-26.442968613254266,3.6754117602403547,1
ETHUSDT,2021-09-17,2021-09-20,-1,4,-1.288506447450659,-3.8725686176159515,-34.51388175800129,-3.269628648678392,16.155586073912964,1
ETHUSDT,2021-09-22,2021-09-27,-1,6,-3.900904486333565,-10.58699839549325,-80.93929464346252,7.849409138078215,-6.173527604034845,0
ETHUSDT,2021-09-29,2021-10-01,-1,3,-1.9426589082849308,-10.09289249848365,-47.714907496788186,4.774276313886929,-18.40414273541753,0
ETHUSDT,2021-10-07,2021-10-16,1,10,0.7641226154860745,13.156210971623342,71.81842820259801,2.2302202357458754,6.7350447146625525,1
ETHUSDT,2021-10-18,2021-10-20,1,3,3.5652610354088434,6.534443067115292,33.36842969835416,-11.525286844352308,7.770321171867889,1
ETHUSDT,2021-10-22,2021-10-24,1,3,1.5264878136264886,7.6188377127596585,34.853917650094274,-9.769763264455776,0.3239100022452538,1
ETHUSDT,2021-10-28,2021-10-30,1,3,0.2877024835861805,10.486715426500325,10.620245645403116,7.963857113676994,9.816216216216223,1
ETHUSDT,2021-11-06,2021-11-08,1,3,3.009605489563596,6.702942833154444,6.4062316624495,-5.9671599975932,7.059143899299092,1
ETHUSDT,2021-11-11,2021-11-13,1,3,3.5649343617540747,6.793639226917253,1.1210383520545975,-3.190635274610713,-0.06513854622600644,0
ETHUSDT,2021-11-16,2021-11-18,-1,3,-1.7963436422220123,-7.0308247929137035,-60.42725498355068,-28.93730618349511,12.021282358045294,1
ETHUSDT,2021-11-21,2021-11-24,-1,4,-3.864302369214016,-5.557884278018401,-70.17260911571906,2.710750801818264,2.836729319133225,1
ETHUSDT,2021-11-26,2021-11-28,-1,3,-0.12316749795574138,-8.901162540370835,-45.21492059423353,-15.005702819466869,4.684588439395798,1
ETHUSDT,2021-12-11,2021-12-13,-1,3,-2.596174497779598,-4.3792514968764715,-37.43415425053931,0.8413895797367275,2.576187422074228,1
ETHUSDT,2021-12-16,2021-12-18,-1,3,-5.443205101120777,-5.782167187968622,-34.293197522709704,6.078603986908192,1.071729848622072,1
ETHUSDT,2021-12-21,2021-12-23,-1,3,-5.221130272223955,-1.7235199586343384,-3.4764575342748003,9.958226813389203,-4.625384246830588,0
ETHUSDT,2021-12-25,2021-12-27,1,3,3.4195196230377394,1.2538691958353518,22.86922436807089,5.249408340765029,-0.6256348916062856,0
ETHUSDT,2021-12-31,2022-01-05,-1,6,-3.4720135612094825,-6.466557652915459,-26.90080673623318,-4.306979358137738,4.146447144586396,1
ETHUSDT,2022-01-20,2022-01-22,-1,3,-0.05520772198299563,-10.261661577025402,-3.6511645619149533,-7.1722823569895695,21.38455392636883,1
ETHUSDT,2022-02-09,2022-02-11,1,3,0.4699039435667309,19.117697548917093,103.14739338901954,3.579246319007254,-6.468938521315881,0
ETHUSDT,2022-02-13,2022-02-15,1,3,5.654923453088167,1.9984176928512551,35.64777326763642,-15.916421534151752,8.66649125692045,1
ETHUSDT,2022-02-19,2022-02-21,-1,3,-10.297328195719164,-6.11700392975361,-8.167804424232969,-12.65152469533259,7.207897880179026,1
ETHUSDT,2022-02-26,2022-02-28,-1,3,-2.7672431401007334,-3.3415427544845278,-10.864077990357302,11.839780116971994,-5.906973115308345,0
ETHUSDT,2022-03-10,2022-03-12,-1,3,-4.849437238034382,-3.1838787620149676,-7.714020987009533,0.45418823758634375,5.400555926336093,1
ETHUSDT,2022-03-16,2022-03-18,1,3,8.78978175389555,3.2982285225796075,13.611971907916995,14.198137424179322,11.869791002127794,1
ETHUSDT,2022-03-26,2022-03-28,1,3,2.8746738138833234,12.643952344982038,50.02322332477702,-0.7514395290904616,7.0393805566479895,1
ETHUSDT,2022-03-31,2022-04-02,1,3,0.6255691872317846,10.157689673155092,44.767685764339774,-12.830764856512303,1.31245115615557,1
ETHUSDT,2022-04-05,2022-04-07,1,3,0.23862587015201026,6.701196156177559,21.619157221874787,-13.04444406486408,-8.705441113794576,0
ETHUSDT,2022-04-25,2022-04-27,-1,3,-0.5447069042066074,-1.9451524632504718,-20.968463044882014,7.244257448471018,0.6968846285518641,1
ETHUSDT,2022-05-02,2022-05-05,-1,4,-3.4643919497019247,-3.3791783945812033,-15.876764083459413,6.564066715384804,2.3201829503577303,1
ETHUSDT,2022-05-30,2022-06-01,1,3,8.093152681727073,1.7124843044535236,23.734536326866902,16.00369771679607,-0.16235636620278682,0
ETHUSDT,2022-07-04,2022-07-06,1,3,0.9465100176516866,2.3540088134716113,28.177175490879677,5.349676221582513,10.054638541879978,1
ETHUSDT,2022-07-09,2022-07-11,1,3,0.20504241005239007,6.004946525869085,41.36367567298687,-0.2000916997281479,-10.089960792066154,0
ETHUSDT,2022-07-14,2022-07-16,1,3,5.405908422085202,4.231961574388075,21.81969928252812,4.04280443567761,21.20089686098654,1
ETHUSDT,2022-07-24,2022-07-26,1,3,6.551522902010268,20.91348446068366,44.98230526546307,-3.404190176002942,-6.828096366559699,0
ETHUSDT,2022-07-29,2022-07-31,1,3,4.230847512550595,21.196463812576575,30.597871004327345,1.552001299869275,-3.0906037622063005,0
ETHUSDT,2022-08-02,2022-08-04,1,3,1.627608459608934,6.493247002222705,7.437118008442468,-6.742087887545452,-1.769089972274695,0
ETHUSDT,2022-08-14,2022-08-16,1,3,1.734551106680575,11.829491676249129,17.74576060092342,-2.5691144268347585,-5.788318923142843,0
ETHUSDT,2022-08-30,2022-09-01,-1,3,-0.7537916527379466,-10.740929498278893,-34.10138845081123,5.1290162160458195,-2.6142028611934705,0
ETHUSDT,2022-09-12,2022-09-14,1,3,1.7308843327461256,6.860975574829833,23.26411850970611,-2.4612687516425353,-7.6317126339808805,0
ETHUSDT,2022-09-17,2022-09-19,-1,3,-0.09203415401179238,-8.00844992268434,-19.95205116694976,-3.50641876373243,3.6393332868400963,1
ETHUSDT,2022-09-24,2022-09-29,-1,6,-0.939635598158787,-12.932337188963789,-23.685871267526764,4.658208884804068,-1.036654737238662,0
ETHUSDT,2022-10-04,2022-10-06,1,3,1.338121795498612,1.3803541078333104,9.915329122944343,4.6360497281334005,1.7895713821433072,1
ETHUSDT,2022-10-28,2022-10-30,1,3,0.9535553441101711,15.238922392526739,34.23024638922898,2.1106449571007673,4.645408011624452,1
ETHUSDT,2022-11-03,2022-11-05,1,3,5.450310094000691,7.001455797365313,13.608062381739998,-5.784211077774515,6.755182633665724,1
ETHUSDT,2022-11-08,2022-11-12,-1,5,-1.8985175879647285,-10.57257816784232,-13.31169119756079,-18.505477307126398,19.4233531024807,1
ETHUSDT,2022-11-21,2022-11-23,-1,3,-0.10870297151465459,-16.60092313335123,-21.621715262697315,-1.0263819520108584,-4.104222515999689,0
ETHUSDT,2022-11-25,2022-11-27,-1,3,-1.3522842799049635,-3.9070559367018913,-1.3563953062454743,4.58961462206269,0.4182898158224816,1
ETHUSDT,2022-11-29,2022-12-04,1,6,0.594605362946044,0.6565692086830922,8.11207499441582,3.4049320006149415,9.160101732361682,1
ETHUSDT,2022-12-16,2022-12-18,-1,3,-0.44326248517121164,-7.158546099474177,-0.7437093174554956,-8.669202899617023,6.191185434332914,1
ETHUSDT,2022-12-21,2022-12-24,-1,4,-0.794815017585095,-2.725307063871536,-5.264086256821173,1.765395589914469,-0.6851414202836633,0
ETHUSDT,2022-12-28,2023-01-01,-1,5,-4.327252779884236,-3.2577307855660744,-0.3781201444692286,-1.4431713025871282,0.5252610292600383,1
ETHUSDT,2023-01-10,2023-01-12,1,3,1.1232987093301903,8.062274848348148,14.660864610282452,1.7664781639788973,6.834983603329325,1
ETHUSDT,2023-01-25,2023-01-27,1,3,2.026231777845972,8.365131481645815,3.7553956452499904,-2.824999880740677,2.276786827509514,1
ETHUSDT,2023-02-19,2023-02-22,1,4,1.2218357763194516,3.9594002877875885,5.379312302189639,1.1369326607079984,-3.2658918669677517,0
ETHUSDT,2023-02-24,2023-02-26,-1,3,-2.085798411154294,-0.6916930435698345,-4.3346337421404115,-4.140655410997493,0.155579117010907,1
ETHUSDT,2023-02-28,2023-03-02,-1,3,-2.056922691905938,-0.5736173196381997,-8.19220612024177,-1.54260778304603,-1.2821818849673812,0
ETHUSDT,2023-03-11,2023-03-13,-1,3,-2.7355809496675327,-7.274180151923507,-21.244473428734526,2.0441977078180287,-17.716536272118,0
ETHUSDT,2023-03-16,2023-03-18,1,3,2.5932852278426424,5.394499710968456,15.477550366412393,2.492233082276444,6.198947853281278,1
ETHUSDT,2023-03-21,2023-03-23,1,3,0.0864973391746227,10.898836973051512,23.647730809792073,0.6097684386274622,4.275146296702403,1
ETHUSDT,2023-03-28,2023-03-30,1,3,4.58595821299527,4.981901918047348,1.3922911417673163,-0.27935308957437144,4.170259208731242,1
ETHUSDT,2023-04-01,2023-04-03,1,3,0.33573598131642907,3.778313986410346,3.440425608886109,0.17755076324610997,-1.004440247705218,0
ETHUSDT,2023-04-21,2023-04-24,-1,4,-2.504692222529955,-4.627484481421801,-17.291749282701133,-11.9171293787726,4.805406128730095,1
ETHUSDT,2023-05-06,2023-05-08,-1,3,-3.986717319426326,-0.6200731384442139,-1.1763088573465286,-0.7978359169204836,6.911493503235844,1
ETHUSDT,2023-05-10,2023-05-12,-1,3,-1.6866796963849555,-1.859421794593272,-8.42913028412288,-0.9228856915879255,1.7158720187162806,1
ETHUSDT,2023-05-15,2023-05-18,-1,4,-0.6478559513619886,-2.4433215680187,-9.45834822356226,2.2576204175593784,-0.4750329311197673,0
ETHUSDT,2023-05-23,2023-05-28,1,6,4.939831261864809,0.9302590174045601,3.2110278658228033,3.31794084836476,4.62324813602224,1
ETHUSDT,2023-05-30,2023-06-02,1,4,1.9623147802626066,4.050097160834229,12.591390610286911,1.3459884385060832,0.34395012152594917,1
ETHUSDT,2023-06-04,2023-06-06,1,3,1.2427581825497107,2.3172847626549338,8.027397009506604,-1.1287615166440474,-0.7921651533249415,0
ETHUSDT,2023-06-17,2023-06-19,-1,3,-0.5615683455501462,-4.494046631952504,-13.228248266921245,4.177988535166978,-1.5170485237962157,0
ETHUSDT,2023-06-20,2023-06-22,1,3,1.849025925693399,0.2107401124525068,0.17112626822751054,6.489769039256302,7.365771885487971,1
ETHUSDT,2023-06-24,2023-06-26,1,3,1.4016710749393642,4.914554365224031,20.383891626859047,0.49375123510404606,-2.1784775682515907,0
ETHUSDT,2023-06-29,2023-07-01,1,3,0.8416025582836905,3.2995516317875317,9.530135747545224,-2.498093996296962,4.877841599107224,1
ETHUSDT,2023-07-04,2023-07-06,1,3,1.2646258154716876,4.925260667089917,12.411147145064088,-1.8033912958216831,-5.992828579318243,0
ETHUSDT,2023-07-09,2023-07-12,-1,4,-0.5710328329062216,-1.1542528000679353,-5.6316274039108265,-1.7201588094415179,-0.7527696167785255,0
ETHUSDT,2023-07-16,2023-07-18,1,3,0.05194806271712987,1.0601241780133612,2.010034385355304,-1.1365718394719693,-2.170727085393575,0
ETHUSDT,2023-07-20,2023-07-22,-1,3,-0.49524081485323274,-0.766940884514519,-4.873294390382892,-1.0309131663626552,0.7706898651403508,1
ETHUSDT,2023-07-24,2023-07-26,-1,3,-0.36895296790038906,-2.2907536683880307,-8.624271192997812,-1.911230477508596,0.48578039211534285,1
ETHUSDT,2023-07-29,2023-08-07,-1,10,-0.22092538768414913,-0.6560380542221893,-4.589622452185125,1.5664952584630427,2.0058393225873665,1
ETHUSDT,2023-08-09,2023-08-11,-1,3,-3.238737203627509,-0.10880971006869161,-0.8316607479467866,1.6035590742979782,0.0018746969778663664,1
ETHUSDT,2023-08-15,2023-08-17,-1,3,-2.894703491177865,-1.102083070292108,-0.08049609647854616,-0.9155389232844886,8.487022487130858,1
ETHUSDT,2023-08-23,2023-08-25,-1,3,-1.87542270183992,-5.619049599153075,-14.901245001753622,3.8408602218476275,-1.5504657520841065,0
ETHUSDT,2023-08-28,2023-08-30,-1,3,-0.3148416347319247,-4.675352534198164,-3.799805731454299,2.1322745750094114,-3.2281463882339434,0
ETHUSDT,2023-09-12,2023-09-14,-1,3,-0.09483546100218507,-2.9749133960181187,-0.3829515567198172,0.1148529010521031,-5.208454425363285,0
ETHUSDT,2023-10-02,2023-10-04,1,3,2.7339198915381933,2.1306189426372257,13.851423933124961,-2.2717099543512322,-5.430020936791657,0
ETHUSDT,2023-10-06,2023-10-08,1,3,11.491094952564387,0.9069498470934854,3.5419999015199637,-0.8113932107598081,0.9060014021677668,1
ETHUSDT,2023-10-12,2023-10-14,-1,3,-0.898908121266435,-5.032691833209977,-10.168516322874112,-2.341915420570298,0.36139054292952977,1
ETHUSDT,2023-10-17,2023-10-19,-1,3,-0.5025750667624872,-3.088605243399311,-3.498413641958482,0.6827316100601681,1.6538695277038,1
ETHUSDT,2023-10-20,2023-10-22,1,3,2.1381848311518197,0.11697760821365226,1.3013063386460288,3.219271770083669,5.800169797710919,1
ETHUSDT,2023-10-27,2023-10-31,1,5,0.40571899840507214,8.954119441121822,25.801806732853436,-2.328745089569665,0.2260466457429947,1
ETHUSDT,2023-11-03,2023-11-06,1,4,0.4608303427643295,6.724597069821035,9.990729992020547,-1.7572722311649613,5.161417147934255,1
ETHUSDT,2023-11-11,2023-11-13,1,3,0.574464399377693,10.178987124131867,21.96234279291636,-1.1281391650104524,-1.5584814123173358,0
ETHUSDT,2023-12-21,2023-12-24,-1,4,-0.21360456035978478,-0.5139084897291378,-18.160477571345126,3.191994104817965,-3.209955634669437,0
ETHUSDT,2024-01-15,2024-01-17,1,3,0.43995485887855446,5.819441559760161,17.844108886401393,-3.9011880597307496,1.9179544416002563,1
ETHUSDT,2024-01-22,2024-01-25,-1,4,-2.1759651118719674,-4.557205772181579,-19.98514734483149,-12.092419861513264,9.303099245029623,1
ETHUSDT,2024-01-27,2024-01-29,-1,3,-2.3401325914591053,-6.511474907065495,-35.459713681870205,3.594848834899949,-2.6013687998306607,0
ETHUSDT,2024-01-31,2024-02-02,-1,3,-1.2544060578059937,-4.5541356606817125,-15.072704002067068,1.9017168757947278,1.0489908280374554,1
ETHUSDT,2024-02-09,2024-02-12,1,4,1.92025271680167,7.158340566113345,19.377445793546315,6.041012171011216,9.537385050939196,1
ETHUSDT,2024-02-19,2024-02-21,1,3,0.05037370496668687,15.92103450311966,45.77471413779743,1.0379874980652062,2.6091628488130074,1
ETHUSDT,2024-03-17,2024-03-19,-1,3,-1.4293721252153688,-1.0735258612886078,-59.19609750859968,-10.671391960470146,9.944612257989437,1
ETHUSDT,2024-03-21,2024-03-23,-1,3,-6.982507269684183,-5.566400850668884,-89.63653898072207,6.3416610107097995,4.917742206095211,1
ETHUSDT,2024-03-25,2024-03-29,-1,5,-2.4847164116181575,-2.4281276313638616,-59.25515955827589,19.592432906218278,-1.9849585236383356,0
ETHUSDT,2024-04-01,2024-04-03,-1,3,-2.107987186033209,-1.3149185773440508,-15.599175838189225,-1.515662559481484,8.775127356122558,1
ETHUSDT,2024-04-05,2024-04-07,-1,3,-0.28911374355728464,-3.959866261396406,-36.90186899796388,0.5737672813152059,-4.2107831940854545,0
ETHUSDT,2024-04-09,2024-04-11,1,3,0.9142887692307138,1.2537785462891315,4.58146175605078,2.6373333825197545,-5.599195584919658,0
ETHUSDT,2024-04-14,2024-04-18,-1,5,-7.0323873164289505,-7.884061169857917,-39.591031770673595,-4.433425145196296,-2.308540377318335,0
ETHUSDT,2024-04-20,2024-04-22,-1,3,-4.003400788821056,-3.8478794167297257,-24.730567279946413,12.637289272971387,-5.102826145279171,0
ETHUSDT,2024-04-27,2024-04-29,1,3,3.8342248901215092,1.1864125205892893,16.538234754917738,8.328379596780167,2.3282598281863636,1
ETHUSDT,2024-05-10,2024-05-13,-1,4,-2.047956959576515,-6.202940145021713,-6.971341877134762,-6.139218467778967,2.407428949717261,1
ETHUSDT,2024-05-25,2024-05-27,1,3,0.9343578946759576,16.478191056654833,89.58229239172968,-8.529684186924953,4.050845966504646,1
ETHUSDT,2024-05-29,2024-06-01,1,4,2.0887343668312646,11.411153831424619,51.04989857833965,-16.798833387215836,-1.1509057947454822,0
ETHUSDT,2024-06-07,2024-06-09,-1,3,-3.8107025939861714,-1.775589565565695,-22.705421478579524,-12.515029969521265,2.4074242289154673,1
ETHUSDT,2024-06-13,2024-06-15,-1,3,-0.9140256552096527,-7.11947906165883,-58.02302212699996,-5.466357170672708,-0.6421266698875213,0
ETHUSDT,2024-06-23,2024-06-25,-1,3,-3.5281122613173137,-4.881254844169798,-26.296122788988608,-2.371281046417966,2.4846456411356637,1
ETHUSDT,2024-07-03,2024-07-05,-1,3,-2.50675303379879,-4.622929070633015,-8.856143915923255,-5.915699748120623,12.447852455901899,1
ETHUSDT,2024-07-08,2024-07-12,-1,5,-2.8179792119797,-9.19277942114873,-43.418745783981294,4.908067919660795,-7.321869669054926,0
ETHUSDT,2024-07-18,2024-07-23,1,6,3.7637048302541976,6.0876312008166265,51.480830001536454,1.2416631269823384,2.418381777653123,1
ETHUSDT,2024-07-28,2024-08-02,-1,6,-1.80602610487503,-1.42305586838723,-11.314726593319296,-1.9727721471743074,7.583970501783622,1
ETHUSDT,2024-08-13,2024-08-15,-1,3,-5.154967909717892,-6.294578245157553,-4.97045790803071,14.167374059267559,5.1985747345994255,1
ETHUSDT,2024-08-21,2024-08-23,1,3,10.996683524182602,0.08820984240741374,22.977397525558615,3.631314389121769,6.971677769917828,1
ETHUSDT,2024-09-26,2024-09-28,1,3,1.035865217833686,7.573299037514339,37.94580826046233,-2.7179185013157863,3.2923196185972614,1
ETHUSDT,2024-10-12,2024-10-14,-1,3,-1.0044843013424882,-1.1597090509671528,-4.467210865097172,6.215393220747874,-8.20036892805902,0
ETHUSDT,2024-10-16,2024-10-22,1,7,1.7607911652511552,4.624058003824588,21.672555462899968,3.2493246963807003,0.19062441273141084,1
ETHUSDT,2024-10-26,2024-10-28,-1,3,-0.12119423035949436,-2.2052865265230315,-14.950897132600502,-3.8064931363821657,-5.597859560275675,0
ETHUSDT,2024-10-31,2024-11-02,-1,3,-0.4531770894050464,-2.3825599341416357,-2.5302410091082557,-5.444758794970266,5.8033927624577375,1
ETHUSDT,2024-12-10,2024-12-12,-1,3,-0.8329523020777209,-0.09476300506251441,-19.6736119387227,-21.58348443320932,-4.969234913793108,0
ETHUSDT,2024-12-18,2024-12-21,-1,4,-6.161314405498578,-4.782770270580706,-39.48402461030861,-20.847874174599383,13.832945715526035,1
ETHUSDT,2024-12-30,2025-01-01,-1,3,-3.2563460385768725,-6.1845386603256705,-37.67895150343358,6.305583536597446,-0.5161931547335238,0
ETHUSDT,2025-01-03,2025-01-06,1,4,1.544716161229224,3.200758805139263,3.627675103181204,18.409930521290512,6.3072376702636435,1
ETHUSDT,2025-01-16,2025-01-19,-1,4,-11.583034487794508,-2.3211083020488092,-4.518576541735698,3.2307780863826068,6.449156313740034,1
ETHUSDT,2025-01-27,2025-01-30,-1,4,-6.3248627125217745,-3.1502109965308605,-2.15754005943964,-5.818478155480896,-0.8572156863958066,0
ETHUSDT,2025-02-01,2025-02-03,-1,3,-11.763797742779433,-4.3889582087735075,-2.7935407398056924,-5.501734068927277,12.356476087476775,1
ETHUSDT,2025-02-20,2025-02-23,1,4,2.6046581545755845,0.3260365345592182,25.855832470331052,3.927300490267214,3.4368624562695738,1
ETHUSDT,2025-03-15,2025-03-17,-1,3,-1.7351576701573297,-10.246478514327336,-7.253699064142836,8.45207918954543,-1.1668767818376664,0
ETHUSDT,2025-03-24,2025-03-27,1,4,2.32907130643722,3.9616263111031134,40.42118832551327,6.1630468985505615,-0.5161521243874586,0
ETHUSDT,2025-04-09,2025-04-11,-1,3,-2.1444239706912933,-9.475197871012558,-17.311655818392765,9.498503186562615,-6.741751447322875,0
ETHUSDT,2025-04-22,2025-04-24,1,3,4.085743445011937,7.923987532814857,27.661455795995536,11.404938410169535,11.633654728818609,1
ETHUSDT,2025-05-14,2025-05-16,1,3,3.6851990134893313,27.32237064697671,81.90996253511489,-6.975221015476194,-5.721098178534245,0
ETHUSDT,2025-05-19,2025-05-21,1,3,0.712010390226513,13.403680391579881,14.281029143710128,-9.09255538360759,1.7302916990287192,1
ETHUSDT,2025-05-30,2025-06-01,-1,3,-2.4636590000912015,-1.3185516865789588,-23.514214704556082,-8.349802195892892,3.103091521971269,1
ETHUSDT,2025-06-05,2025-06-08,-1,4,-2.2494709437603477,-5.716895255380584,-36.43433499539633,-10.89369835333531,3.3523775923426147,1
ETHUSDT,2025-06-16,2025-06-18,-1,3,-3.523375064030606,-1.6881535571710626,-22.471064411469612,-2.2195215377136464,0.48749847896656406,1
ETHUSDT,2025-06-23,2025-06-28,-1,6,-2.0614928829341843,-4.568875016273468,-40.272998225146836,8.867175769609538,-9.733393185797024,0
ETHUSDT,2025-06-30,2025-07-09,1,10,3.545784070523455,0.13801122421454687,1.8733161914211856,4.22598124641112,10.345613157926303,1
ETHUSDT,2025-07-24,2025-07-26,1,3,1.2345621792566204,16.612648162904243,46.03948045140555,-12.761420053611857,2.7091781527937457,1
ETHUSDT,2025-08-01,2025-08-03,-1,3,-0.7753812089517296,-2.616868063891187,-43.262506500356835,-23.890586576928627,5.052372518852799,1
ETHUSDT,2025-08-05,2025-08-07,-1,3,-12.80906514672506,-1.5367437366996612,-55.9418630256435,1.7885052026029484,-5.487893275714262,0
ETHUSDT,2025-08-17,2025-08-19,1,3,0.7791480228641453,11.014455016213448,21.264754991677307,-11.461260061156054,-8.233577190359986,0
ETHUSDT,2025-08-29,2025-08-31,-1,3,-1.5763041539852953,-2.4457038223931695,-44.39562582785999,-14.01234601508611,2.2462966698513336,1
ETHUSDT,2025-09-04,2025-09-08,-1,5,-2.5950517088402103,-3.147724313514651,-55.25912290564028,-2.7619107872791346,2.8376428504019895,1
ETHUSDT,2025-09-22,2025-09-24,-1,3,-0.23233951803949757,-5.467484101831559,-33.41060230649822,-19.19211368654068,6.172822763708186,1
ETHUSDT,2025-09-26,2025-09-30,-1,5,-0.6873587367494277,-8.080249919301455,-71.47442081400501,1.4706508392795286,-7.3892833913213885,0
ETHUSDT,2025-10-02,2025-10-06,1,5,0.44678953385211817,3.5119409732525675,13.39850157580856,22.210258392204075,7.327177595370782,1
ETHUSDT,2025-10-08,2025-10-10,1,3,3.174858986105182,4.832847742989359,37.904630670551875,-3.7216544344434155,-14.29437237223734,0
ETHUSDT,2025-10-11,2025-10-15,-1,5,-0.22227422549820353,-11.728348379463577,-53.7584323555908,-32.36661201476418,-4.470532571571817,0
ETHUSDT,2025-10-26,2025-10-28,1,3,2.3094338987359015,3.211385453371264,17.660884105332045,19.662790584328633,0.2419108608889612,1
ETHUSDT,2025-11-03,2025-11-05,-1,3,-2.9440617856603457,-7.812563151628901,-12.570257363851141,-17.13558579366753,11.945581045313292,1
ETHUSDT,2025-11-15,2025-11-17,-1,3,-4.189253570395839,-11.263181999301109,-26.999394908092796,-0.14626442315824306,2.2012080709420405,1
ETHUSDT,2025-12-02,2025-12-04,1,3,12.803475518207827,0.335089937791029,32.798175210986045,5.641579074911135,11.539322703612264,1
ETHUSDT,2025-12-06,2025-12-08,1,3,2.7520668695272255,2.1271646337722583,45.25079646922961,-3.452497536395441,2.988069283667239,1
ETHUSDT,2025-12-12,2025-12-14,1,3,1.453593367747634,0.9884880993496886,43.51696412721121,-14.99544463709158,-5.771302190962468,0
ETHUSDT,2025-12-20,2025-12-22,-1,3,-2.4853015790191306,-2.4426280044724176,-9.069567283598019,4.9801950568500715,-1.4065447222688205,0
ETHUSDT,2026-01-01,2026-01-03,1,3,3.1448379251440324,1.3762884249706102,11.539848352741302,3.1916298491726707,4.831791199472346,1
ETHUSDT,2026-01-11,2026-01-13,1,3,0.41745648748915354,2.366511735221267,8.097451131034497,-2.5577370478214014,7.346086460709111,1
ETHUSDT,2026-01-17,2026-01-19,1,3,2.545491385364708,4.959745552132003,20.879306397965017,-2.139843951587501,-3.6378924120523792,0
ETHUSDT,2026-01-24,2026-01-28,-1,5,-0.10483014819916232,-6.3300084496535165,-39.80639793960077,-0.31017774910296225,-2.239054799571116,0
ETHUSDT,2026-02-13,2026-02-15,-1,3,-0.7697614717829868,-12.631430586121104,-9.654950019030537,14.486381013451648,-1.3615730164026947,0
ETHUSDT,2026-02-25,2026-02-27,1,3,9.332587761010073,3.0812964872358406,33.9406036988282,11.836410144595732,3.8063997753706946,1
ETHUSDT,2026-03-02,2026-03-05,1,4,6.791948361481868,2.8048141060162193,37.76694227666903,3.890319840057032,6.464428187718796,1
ETHUSDT,2026-03-09,2026-03-14,1,6,12.887885019003928,0.8564024215900655,23.62377919630829,-1.1240393180389106,7.811243611584318,1
ETHUSDT,2026-03-20,2026-03-25,1,6,2.102562391536201,2.8996656103671534,22.33116186539684,-8.016996730900207,1.0599052301186744,1
ETHUSDT,2026-03-26,2026-03-29,-1,4,-1.9767657888124581,-2.493930804067912,-2.74935879051662,-6.890396794253052,8.100613180145865,1
ETHUSDT,2026-04-02,2026-04-04,-1,3,-10.13242166511902,-2.9871773983047007,-3.3070885593037467,-0.5611685325344631,3.0961571705562134,1
ETHUSDT,2026-04-14,2026-04-16,1,3,0.5541487103074103,8.696735760886272,23.96151871546895,-0.01485509765652182,-1.2985169616705923,0
ETHUSDT,2026-04-20,2026-04-22,1,3,0.29490869750957766,3.707631296814894,5.363881521684952,-4.175242641917855,4.495571451925762,1
ETHUSDT,2026-04-27,2026-04-30,-1,4,-6.005694515370723,-0.24686375640813113,-7.236238788717358,-3.540984069947527,4.3239010061449035,1
ETHUSDT,2026-05-07,2026-05-09,-1,3,-5.530225283170064,-1.1439131746125564,-5.671694259137212,-3.2480176920117323,0.6379268686937504,1
ETHUSDT,2026-05-12,2026-05-14,-1,3,-0.13117048169342277,-1.8194365113394073,-6.752222707773633,-4.222371458879877,2.0197925525777043,1
ETHUSDT,2026-05-21,2026-05-24,-1,4,-0.9579391875035246,-5.570360096644153,-21.807850409712252,2.926840672709261,0.9895672101585488,1
ETHUSDT,2026-05-26,2026-05-28,-1,3,-3.0597614969285623,-5.661312936205594,-11.776829569421082,0.8194883420534822,4.479768671232042,1
ETHUSDT,2026-06-09,2026-06-11,-1,3,-0.06985654861903999,-14.400241211382358,-26.580600764565943,3.984197972249362,0.6074002212376309,1
ETHUSDT,2026-06-15,2026-06-17,1,3,8.778879905302158,0.15468205978065075,17.260153695827455,10.51044475178739,1.0475956467820295,1
ETHUSDT,2026-06-20,2026-06-22,1,3,1.9432029483137432,0.9457503849793072,22.39836676992053,0.7571409015915407,0.5934606910980026,1
ETHUSDT,2026-07-02,2026-07-04,1,3,6.719961981541774,1.7634177217841016,12.984460444442476,8.139675207613209,10.227617142360135,1
ETHUSDT,2026-07-10,2026-07-12,1,3,0.10151737519768492,6.659535650972774,23.27364176763477,-0.06489251356961034,3.1320543675078527,1
ETHUSDT,2026-07-18,2026-07-20,1,3,0.27065541052726955,5.153338386040966,14.986619319050813,-2.564212553688961,3.011638878784751,1
ETHUSDT,2026-07-23,2026-07-27,1,5,0.7634403879087501,2.3840352461230125,8.430462047592783,-4.792315188662442,-2.556908362414378,0
BNBUSDT,2019-01-03,2019-01-05,1,3,1.970747627910157,3.7227595595910796,0.08300933976455005,-0.025679282173961454,-1.8625681705503156,0
BNBUSDT,2019-01-11,2019-01-13,1,3,3.4189627681223698,0.20631453634717342,0.01664897533818127,-0.025582389502375125,-6.834669540967342,0
BNBUSDT,2019-01-21,2019-01-23,1,3,1.6515088876982376,5.573846968160991,0.0395921664360917,0.0010548338242625521,1.1013748281464735,1
BNBUSDT,2019-01-29,2019-01-31,-1,3,-3.7173593814670594,-1.9195056288796766,-0.024084708957872097,-0.03537056593474122,-1.2954061770049425,0
BNBUSDT,2019-02-05,2019-02-07,1,3,2.9896671398384833,19.05257367101596,0.09524082113274909,0.06284163648576663,9.49320238078486,1
BNBUSDT,2019-02-26,2019-02-28,-1,3,-0.7851597509594908,-1.188242651657279,-0.10839562236569944,-0.0692179205302581,-6.393791702331719,0
BNBUSDT,2019-03-07,2019-03-09,1,3,0.10051647217102169,37.49590813087973,0.38935581065955605,0.0892675978882761,-0.8425509656283189,0
BNBUSDT,2019-03-17,2019-03-19,1,3,0.5646814787651315,16.19925523153387,0.04640805830801353,-0.03241331050380669,-3.304962121449473,0
BNBUSDT,2019-03-21,2019-03-23,-1,3,-41.49373099739753,-0.21394992445347413,-0.18865644990008268,-0.09586070881510755,-0.4720480143831637,0
BNBUSDT,2019-04-06,2019-04-08,1,3,3.121663610856798,12.631005249952922,0.10094999959004403,-0.03300245941902413,-7.5673112771549755,0
BNBUSDT,2019-04-18,2019-04-21,1,4,13.796636802917927,16.513608859565196,0.09012688791690304,0.1528259107251182,22.747140921965435,1
BNBUSDT,2019-04-26,2019-04-28,1,3,8.083388899574407,10.922275505135227,0.03153358619038249,-0.05502776028072076,1.9850077602806997,1
BNBUSDT,2019-05-06,2019-05-08,-1,3,-3.5390534638739015,-2.6493230268275405,-0.23834850571496236,-0.057205981639538495,9.654966336926663,1
BNBUSDT,2019-05-12,2019-05-14,-1,3,-0.5142852968163534,-4.805969503228626,-0.4346796366873644,0.08431873260916611,-14.09515377849553,0
BNBUSDT,2019-05-16,2019-05-19,1,4,6.0575930189294285,17.312767929000447,0.41262888005784604,0.13862531469270822,8.180614360948258,1
BNBUSDT,2019-05-27,2019-05-29,1,3,10.92181106597861,23.150568667806752,0.6086919941948983,-0.1345812460119582,1.1553655124063593,1
BNBUSDT,2019-06-03,2019-06-09,-1,7,-17.489864498937525,-1.5412707528620782,-0.36381898603252694,-0.21418621462865062,8.823079869814531,1
BNBUSDT,2019-06-11,2019-06-13,-1,3,-5.680210285720425,-0.9315520280296671,-0.4273748247798741,0.06731840471732986,-10.466162718447825,0
BNBUSDT,2019-06-16,2019-06-18,-1,3,-2.2661503320180465,-0.06608178773821581,-0.2095137171788619,-0.06365868635329708,-5.783435911404378,0
BNBUSDT,2019-06-20,2019-06-22,1,3,1.1278426257464629,12.788516899937735,0.16235158430495011,0.14719346598785576,7.589189742190694,1
BNBUSDT,2019-06-26,2019-06-28,1,3,0.9359505088024326,4.9465561110712395,0.020345969894629112,-0.11550518839054891,-4.4593892076544295,0
BNBUSDT,2019-06-30,2019-07-02,-1,3,-1.6626277440030808,-8.220409341432697,-0.533809854582121,-0.22365129519409077,9.52197183098592,1
BNBUSDT,2019-07-08,2019-07-10,-1,3,-1.9873313666594516,-3.8628705292396557,-0.3627176814267367,0.09726510910713931,4.799426739214907,1
BNBUSDT,2019-07-27,2019-07-30,-1,4,-13.538678707135999,-6.5728887382821775,-0.012470821636357377,-0.07247169523306907,6.22041522491349,1
BNBUSDT,2019-08-01,2019-08-03,1,3,0.7325112282692849,0.0661558699218143,0.027746939937841386,0.1075287000346421,-0.4601801801801805,0
BNBUSDT,2019-08-09,2019-08-13,1,5,0.8576641128014156,4.100510259654309,0.4200130452527696,0.011796859198502041,-5.7241350932575426,0
BNBUSDT,2019-08-20,2019-08-22,-1,3,-4.207107812786931,-2.106970677599929,-0.01913960895538719,-0.0030997978067753285,5.92095884083339,1
BNBUSDT,2019-08-24,2019-08-26,-1,3,-4.133131881068177,-7.425844672153294,-0.17042879653252535,-0.038940214703961695,2.6226429101707587,1
BNBUSDT,2019-10-09,2019-10-14,1,6,5.034880681486813,5.79784137220656,0.3596090410230153,0.14988311008955946,14.681797357268135,1
BNBUSDT,2019-10-17,2019-10-19,1,3,3.5203549399063934,11.206224349075635,0.4827411638258374,-0.00896280283022255,2.32151791703541,1
BNBUSDT,2019-11-02,2019-11-04,1,3,4.394795731913229,7.321702581982098,0.23226313777649044,-0.028024981718574704,2.6700153500767603,1
BNBUSDT,2019-11-15,2019-11-17,-1,3,-10.200024584369734,-0.2564987514535208,-0.0076454407422348325,-0.06342754809507489,4.866318268391778,1
BNBUSDT,2019-11-22,2019-11-24,-1,3,-5.045739234152002,-21.536933631950706,-0.5888037112438785,-0.13221681641836502,10.32774354853112,1
BNBUSDT,2019-11-28,2019-12-05,-1,8,-7.576600949629454,-15.079993997272517,-0.38436261757423495,0.068427182535866,2.293177862861118,1
BNBUSDT,2020-01-01,2020-01-05,1,5,3.0072903697606272,0.7901043725378263,0.18176819645864895,-0.004664829250934699,2.057695700672935,1
BNBUSDT,2020-01-11,2020-01-13,1,3,1.6351539090364737,7.083341558439211,0.22599781524241952,-0.011667344925702455,0.28745852687459583,1
BNBUSDT,2020-01-17,2020-01-21,1,5,1.4007305704636712,20.99666048038734,0.42499243335848236,0.04251179395606297,5.959895029148776,1
BNBUSDT,2020-01-23,2020-01-25,1,3,1.6519477463333314,5.8520167402663805,0.1273953252362794,-0.09679091432051146,-5.328116449109577,0
BNBUSDT,2020-02-05,2020-02-07,1,3,1.9571324026647903,7.535886235942513,0.006178060539767882,0.045856905871253906,20.932064386229342,1
BNBUSDT,2020-02-20,2020-02-25,-1,6,-2.034935652118617,-1.5493934403872773,-0.38902000413875104,-0.12406548648575288,8.770842478398277,1
BNBUSDT,2020-03-07,2020-03-09,-1,3,-2.9822781472451667,-3.2146824999480113,-0.0745554577394612,0.021656869955825858,21.860285206828845,1
BNBUSDT,2020-03-28,2020-03-30,1,3,1.3627754222682413,0.3527924946175442,0.42593845881540826,-0.010668546545451019,-2.0124325113089143,0
BNBUSDT,2020-04-02,2020-04-04,1,3,3.3869629386086086,11.046748218906266,0.43994498456384923,0.02482908666372774,7.7808176100628845,1
BNBUSDT,2020-04-21,2020-04-26,1,6,6.288819667690032,2.54524478565262,0.10935117107922976,-0.06807892450715791,8.737245483414725,1
BNBUSDT,2020-05-04,2020-05-06,1,3,3.91793850125757,4.591602980670655,0.047534526221340134,-0.04045946751796936,-4.683601545557092,0
BNBUSDT,2020-05-10,2020-05-12,-1,3,-0.9280134249793401,-7.2794280421351765,-0.18879718530403622,-0.10660828880854556,5.4771631763745,1
BNBUSDT,2020-05-15,2020-05-17,-1,3,-3.510387919592676,-5.0789539618859525,-0.1860729499373811,-0.007814223780112983,0.0994596310837318,1
BNBUSDT,2020-05-26,2020-05-28,-1,3,-16.213254482570147,-0.5944081557715172,-0.05612305560763242,-0.005433748685844758,-4.651955044656209,0
BNBUSDT,2020-05-30,2020-06-01,1,3,1.8640115575719012,8.006099815945428,0.09077806939101576,0.05877842002521794,5.155457534214358,1
BNBUSDT,2020-06-03,2020-06-08,1,6,3.490627641349066,5.039291360203204,0.09550673095549858,-0.0030472807296905158,0.6540398102728332,1
BNBUSDT,2020-06-14,2020-06-16,-1,3,-0.8172129999807505,-3.3733813719336854,-0.13827927125866804,-0.010478325859558851,1.8438890904872611,1
BNBUSDT,2020-06-23,2020-06-25,-1,3,-0.4937104615876704,-2.1221946752988043,-0.06413558892551886,0.027971786609010466,3.229787156697006,1
BNBUSDT,2020-06-29,2020-07-05,-1,7,-3.00453389344118,-4.400054025936774,-0.10238329222856901,0.013340177111067303,-1.1172490928717411,0
BNBUSDT,2020-07-10,2020-07-12,1,3,1.2587624662113992,8.22176074853754,0.23343369529828645,0.02606971335593794,8.347637781237726,1
BNBUSDT,2020-07-19,2020-07-21,1,3,1.2661364103168864,6.958977111346481,0.058580327685054334,0.022224385526640134,2.9689587013941092,1
BNBUSDT,2020-07-24,2020-07-26,1,3,0.31406656901041663,9.417328331259283,0.13710666197933652,0.048842210196492264,3.897066666666671,1
BNBUSDT,2020-08-21,2020-08-23,-1,3,-8.079786602348186,-1.7741616458388378,-0.18001805369774038,-0.06576291652566624,4.941550881812828,1
BNBUSDT,2020-08-25,2020-08-27,-1,3,-8.327643236823768,-4.816028923409384,-0.2829056016467332,-0.055383815367725964,-2.689856740118523,0
BNBUSDT,2020-09-03,2020-09-05,-1,3,-3.4186526142593743,-10.826507818317193,-0.13676242896065793,-0.25701187576658147,20.982423723612165,1
BNBUSDT,2020-09-07,2020-09-09,-1,3,-0.8045438846096563,-0.15790928902116014,-0.2065194577010947,0.06116641654086846,-6.145397977702882,0
BNBUSDT,2020-09-12,2020-09-14,1,3,1.7832691272678638,22.82759861379975,0.47355425086876374,0.24667692811991282,22.645395488011346,1
BNBUSDT,2020-09-21,2020-09-23,-1,3,-6.2037971683287045,-8.627499948629833,-0.3255293779255799,-0.31077383142869697,12.834914120687024,1
BNBUSDT,2020-10-02,2020-10-04,1,3,1.257780971920753,1.7528298329653573,0.12060428198770723,-0.051735559101792505,5.059218780149477,1
BNBUSDT,2020-10-07,2020-10-09,1,3,1.002906406948803,3.7149821287944342,0.011208997689823197,-0.06361722188081909,2.2241636923254764,1
BNBUSDT,2020-10-12,2020-10-14,1,3,3.2158224845711376,11.575366875508983,0.10383821611397814,0.1289274125868951,7.700718264387207,1
BNBUSDT,2020-10-17,2020-10-19,1,3,1.44547583803644,4.634064146292687,0.10384709438095707,-0.057835705179703156,-0.8688602270761067,0
BNBUSDT,2020-10-20,2020-10-22,-1,3,-1.842943367968283,-1.001943711035195,-0.12703572142540986,-0.12827884141030088,-2.836920566887446,0
BNBUSDT,2020-10-29,2020-10-31,-1,3,-17.672357009078723,-1.2113027138928785,-0.1464469585079412,-0.06571652793597138,5.62628091435956,1
BNBUSDT,2020-11-06,2020-11-08,-1,3,-1.9152363589870203,-1.1806031782054636,-0.31606874234435917,0.14792837076161264,-3.009841986455974,0
BNBUSDT,2020-11-11,2020-11-15,-1,5,-0.29367938991955306,-3.1507465405672272,-0.11286071475155315,0.022035430624379015,1.5143266191333553,1
BNBUSDT,2020-11-17,2020-11-20,1,4,3.433177107975912,1.5746178706402738,0.018989721227457068,0.05677672343712431,3.272915824241096,1
BNBUSDT,2020-11-28,2020-11-30,1,3,11.85500717010287,0.5795720043883845,0.0035094473400869575,-0.06461532689805183,10.256486511176854,1
BNBUSDT,2020-12-02,2020-12-04,1,3,1.9491852699544232,2.6280402339190903,0.05849589124327226,-0.022474223688033423,-4.29574696353594,0
BNBUSDT,2020-12-11,2020-12-13,-1,3,-2.114408900552258,-7.845388519796104,-0.34976504870551955,-0.03009252724072592,-5.688416400049112,0
BNBUSDT,2020-12-16,2020-12-18,1,3,0.8860096935643293,4.2361221380451335,0.10908781187575846,0.10275000805247322,4.625876706896737,1
BNBUSDT,2020-12-22,2020-12-24,1,3,1.1960748205318927,11.530205494164857,0.4828706565544329,0.016458719023533963,0.9712948517940804,1
BNBUSDT,2021-01-11,2021-01-13,-1,3,-5.4185364638498985,-0.5444370860323081,-0.09513379407959466,-0.4136022592477544,5.0045576856409095,1
BNBUSDT,2021-01-23,2021-01-25,-1,3,-10.345472476897362,-2.1936260622552246,-0.5598278298911681,-0.026281270794788814,-2.7013381066963933,0
BNBUSDT,2021-03-06,2021-03-08,-1,3,-1.1435302187993637,-0.8209058669254199,-7.6793577799520705,-0.5604884306418967,-7.087987922193251,0
BNBUSDT,2021-03-24,2021-03-26,-1,3,-1.3359115714442393,-4.265508439397854,-5.926818428746305,-0.45432145922884715,-0.3005341640289868,0
BNBUSDT,2021-03-31,2021-04-04,1,5,2.93902783985859,13.812677495666717,2.06005391410903,1.178601622294515,11.667445731750004,1
BNBUSDT,2021-04-10,2021-04-12,1,3,5.815766082457479,44.80509577764937,14.592484847496443,1.6025808822103755,31.035832699881084,1
BNBUSDT,2021-04-30,2021-05-02,1,3,1.0282973518008929,15.011456352769029,0.662123581602863,2.9888811723461615,3.2818409204602217,1
BNBUSDT,2021-05-05,2021-05-07,1,3,6.458254798026432,15.856522009095855,2.334799434672007,0.13763003857008016,2.0618414574101522,1
BNBUSDT,2021-05-12,2021-05-14,-1,3,-56.49676566993952,-1.3838246603241755,-7.1983984851953835,-4.639288795985415,9.913881323391516,1
BNBUSDT,2021-05-20,2021-05-26,-1,7,-9.979862409110853,-33.073156376502624,-34.5086402514138,-1.8951372988763353,-13.649701314217456,0
BNBUSDT,2021-06-04,2021-06-07,1,4,2.663773756760813,3.768135188074765,12.226986283088195,0.8261271243364661,-16.85817774458552,0
BNBUSDT,2021-06-09,2021-06-11,1,3,5.403342821919326,5.937809422524136,8.168425328943513,0.07584709331732142,-2.3148936170212737,0
BNBUSDT,2021-06-13,2021-06-15,1,3,2.908212430330779,0.703659248328958,5.00448701217644,0.8399449045204008,6.227873145184759,1
BNBUSDT,2021-06-21,2021-06-25,-1,5,-24.235954253167574,-24.95014184800158,-2.3078749673779377,-4.381852177854011,16.784735165742592,1
BNBUSDT,2021-06-28,2021-06-30,-1,3,-3.41014982060822,-10.889598357910382,-0.6105696573904424,1.038204153276073,-4.814343177364444,0
BNBUSDT,2021-07-04,2021-07-07,1,4,2.593765460956631,0.19036886614088316,4.502096427185613,1.1947626747916402,9.454761345721675,1
BNBUSDT,2021-07-09,2021-07-11,1,3,7.351716254907063,6.056019813802428,6.690979238040937,-0.11594432911523533,3.4756690526859035,1
BNBUSDT,2021-07-14,2021-07-16,1,3,8.515298072517115,1.8500230429916213,3.880505088921833,-0.7761622832298922,-2.361545931248787,0
BNBUSDT,2021-07-27,2021-07-30,1,4,2.3643192492033305,3.219433491657142,2.6627332547115987,0.8708988841975192,5.711842105263143,1
BNBUSDT,2021-08-04,2021-08-06,1,3,1.2420819419967204,8.601644742177738,3.9282626459991414,-0.016625286449350796,5.462164919766255,1
BNBUSDT,2021-08-18,2021-08-20,1,3,0.49493162118124406,8.466195181653152,3.4672007242498495,-1.9274472412477266,12.822996515679442,1
BNBUSDT,2021-09-07,2021-09-09,-1,3,-0.6149947126650419,-11.844187180035142,-7.702852558651742,-5.334756046306168,14.677605321507759,1
BNBUSDT,2021-09-13,2021-09-16,-1,4,-2.2493236430871693,-13.267318556251842,-13.105797456744712,0.2241887482251581,-2.3216910881575843,0
BNBUSDT,2021-09-23,2021-09-28,-1,6,-12.475867762100098,-8.058928592834125,-6.4781166060620645,1.682868279626243,11.737203166226918,1
BNBUSDT,2021-10-02,2021-10-06,1,5,2.7954246367141162,11.125565905188129,7.61277209168577,3.1285813546115584,2.7791221826809047,1
BNBUSDT,2021-10-11,2021-10-13,1,3,2.5942297626090327,4.397270659590608,2.9939350831162113,-1.1817891106791265,16.105815392229637,1
BNBUSDT,2021-10-17,2021-10-20,1,4,0.26989908574629423,9.942448898591,6.216232701575697,-0.6265505744756066,7.221296693860024,1
BNBUSDT,2021-10-22,2021-10-25,1,4,2.8412182788277818,5.875855975259559,2.8568639276842696,-1.2464204420667606,2.615502229772782,1
BNBUSDT,2021-10-27,2021-10-29,-1,3,-0.22252618805232122,-3.0351489481247804,-3.148733998698784,-2.593441675958289,-11.31821794603638,0
BNBUSDT,2021-11-01,2021-11-03,1,3,0.36057513313714773,12.754121160060544,4.820969304824722,1.6554966117331666,7.949218452154017,1
BNBUSDT,2021-11-16,2021-11-18,-1,3,-1.3621509921554442,-0.9189443920829276,-4.451548556346999,-4.543534999463198,15.693404859577154,1
BNBUSDT,2021-11-20,2021-11-22,-1,3,-4.150516687284854,-0.14211117720933533,-11.067231737750223,2.0196080423232736,3.3349397590361485,1
BNBUSDT,2021-12-12,2021-12-14,-1,3,-3.216796010019929,-3.864469636310012,-5.605707688252806,0.7881298953690878,6.0481842338352525,1
BNBUSDT,2021-12-26,2021-12-28,1,3,4.231745559976712,0.07600941417803851,2.42348663302829,0.5909033077054335,-2.8113993423456214,0
BNBUSDT,2022-01-13,2022-01-15,-1,3,-1.0002320787368053,-4.269785150938263,-0.05100606599799562,1.9704773921505776,-1.7735137351373438,0
BNBUSDT,2022-01-16,2022-01-18,1,3,4.330323993617291,2.2402214589634513,5.630099148027629,1.4126847756035978,-5.071385237613757,0
BNBUSDT,2022-01-21,2022-01-23,-1,3,-3.664422111043273,-18.146734611202334,-3.91108009931823,-4.80103701865313,12.389641072239899,1
BNBUSDT,2022-01-30,2022-02-01,-1,3,-2.3047348481047742,-11.85165278151034,-0.9685097117001931,0.6218142039983512,0.9100436681222738,1
BNBUSDT,2022-02-15,2022-02-17,1,3,1.1796761221027572,8.244777389758788,5.446404072560986,1.4213885671004824,-0.6478929102627703,0
BNBUSDT,2022-02-26,2022-02-28,-1,3,-7.785400390625,-5.772891740944789,-2.0348042879815083,0.738129326052988,-5.89333333333335,0
BNBUSDT,2022-03-15,2022-03-17,-1,3,-0.5507973342511322,-2.1597504639317684,-0.4375654845527963,0.2103760585753749,-5.327691483663632,0
BNBUSDT,2022-03-31,2022-04-04,1,5,0.15613044233133958,6.441325739244806,4.086966670994688,-1.0422780927662831,0.8440624293146296,1
BNBUSDT,2022-04-16,2022-04-19,-1,4,-2.2925217146499848,-2.570568046508381,-3.082937638535017,0.3946516688151931,-1.5981787682722177,0
BNBUSDT,2022-04-21,2022-04-23,-1,3,-0.41341106932659594,-4.189491369008895,-2.165119951217995,-0.5709948680312227,3.7347992351816295,1
BNBUSDT,2022-04-29,2022-05-01,-1,3,-1.9463693032654807,-3.630411593776439,-2.0447964153421307,0.0035424401581525267,3.8250061409973113,1
BNBUSDT,2022-05-03,2022-05-05,-1,3,-3.598723699253851,-4.583188348163258,-1.9387464185761187,0.07422154835450545,2.449807445442887,1
BNBUSDT,2022-05-07,2022-05-09,-1,3,-1.598303212996247,-7.661213920293056,-2.1948621958837133,-0.8641895946935598,21.49395937747296,1
BNBUSDT,2022-05-24,2022-05-26,1,3,1.4502911369256422,4.02078514622477,5.868320979715911,1.2124487686506384,-4.876670870113486,0
BNBUSDT,2022-05-28,2022-05-30,1,3,6.49063353197011,1.2995997430449153,3.800476110136671,-0.28681660684586774,6.297612732095481,1
BNBUSDT,2022-06-20,2022-06-22,-1,3,-4.379198685295354,-16.998926545008427,-4.1203864600137265,1.5081470953670078,-0.07456996745700516,0
BNBUSDT,2022-07-07,2022-07-09,1,3,4.041356153080472,7.2293170460855105,4.907036421932094,0.5116997089592328,1.5698239731768653,1
BNBUSDT,2022-07-13,2022-07-15,1,3,17.76419368961781,0.08901626175123756,2.018500131102609,-0.13104876798185394,7.7142339075249255,1
BNBUSDT,2022-07-19,2022-07-21,1,3,1.5565836804240731,13.837677474041127,5.267672480666751,0.714369124751701,0.16796667928815656,1
BNBUSDT,2022-07-26,2022-08-03,1,9,0.7829355784156555,0.8716050880705262,0.5064311061273976,-0.7982695153456598,21.22714636140639,1
BNBUSDT,2022-08-08,2022-08-10,1,3,1.6202262490803094,14.613281594496852,4.165423442537996,-0.1328258328887877,1.4587360594795489,1
BNBUSDT,2022-08-13,2022-08-15,1,3,1.1720816148930766,8.249745481249073,1.0729106489344424,-0.8409738919047811,-2.9617566331198493,0
BNBUSDT,2022-08-23,2022-08-25,-1,3,-1.3460286458333333,-4.098176807972066,-4.621761832149053,0.5702494152304638,-0.8000000000000004,0
BNBUSDT,2022-08-28,2022-09-01,-1,5,-2.0041472279540673,-9.087920036825142,-5.010241171987382,-0.14539940818384967,-0.5439366678661403,0
BNBUSDT,2022-09-08,2022-09-10,-1,3,-5.885419438670887,-1.1401483778878225,-0.7984909460399923,0.7379600548996059,-6.782215847974182,0
BNBUSDT,2022-09-18,2022-09-20,-1,3,-1.4907230061469985,-4.925175899139262,-1.0466658806119815,-0.6994950696187558,4.186169831601583,1
BNBUSDT,2022-09-23,2022-09-25,-1,3,-6.242384461978982,-0.46046478163895704,-0.22009035240199903,0.6080810434822448,-0.036759898292770474,0
BNBUSDT,2022-10-02,2022-10-04,1,3,3.762300665954188,3.2007829774893914,1.8450546962215864,0.03744078041646626,4.301307882644045,1
BNBUSDT,2022-10-13,2022-10-16,-1,4,-1.4545157634274557,-3.0311685529651213,-1.5441587708503353,-0.02502750801795872,-0.9906238464377989,0
BNBUSDT,2022-10-18,2022-10-22,-1,5,-3.1603498970995183,-2.148014117056898,-0.5805272072475671,0.21139788111981472,1.4867924528302106,1
BNBUSDT,2022-11-06,2022-11-08,1,3,3.3764082131926583,12.210673131205786,5.411398931602674,-1.1477816577673288,-6.6428407789232535,0
BNBUSDT,2022-11-09,2022-11-17,-1,9,-9.222891218573412,-12.934432103188815,-2.589091247419967,-5.148232478164218,17.773488087965795,1
BNBUSDT,2022-11-19,2022-11-21,-1,3,-3.6015173415553257,-10.161978677476222,-5.141363815932278,0.732317945062749,6.9695731484859635,1
BNBUSDT,2022-11-29,2022-12-01,1,3,0.8994627242600086,3.858662213237221,2.8225260715519243,-0.5079860269308951,-0.808858603066431,0
BNBUSDT,2022-12-03,2022-12-05,1,3,3.551728106227641,1.687793262833509,0.9045824198157627,-0.5738117113157118,-2.1041581458759335,0
BNBUSDT,2022-12-07,2022-12-11,-1,5,-1.5159475482964295,-1.4990035525517682,-0.5303913446412456,-0.49278606229954736,1.5986216402481106,1
BNBUSDT,2022-12-16,2022-12-18,-1,3,-0.719148851067431,-18.6316604490744,-5.181452838142448,-2.043463627537374,2.613910355486871,1
BNBUSDT,2023-01-03,2023-01-08,1,6,11.364006801686129,0.23623330074943488,1.577075849193598,0.13276431327882676,11.712561174551372,1
BNBUSDT,2023-01-16,2023-01-19,1,4,2.257335367461536,11.723493694535264,5.263300431315225,-0.6669812795659658,-2.914890800794167,0
BNBUSDT,2023-01-25,2023-01-27,1,3,5.134418397357846,5.492919015536904,0.6106929977462876,-0.07538154074488368,2.164102564102555,1
BNBUSDT,2023-02-09,2023-02-11,-1,3,-1.5701080080505376,-2.6716040749511385,-1.4955204427645512,-1.767682180641696,5.023522242535039,1
BNBUSDT,2023-02-14,2023-02-17,-1,4,-2.6065765494924436,-5.924949579965373,-4.6156362808289515,-0.428382867440245,-6.7540604825008455,0
BNBUSDT,2023-02-19,2023-02-21,-1,3,-0.5429621933007504,-1.3725521237354885,-1.5558710299434861,0.2184821028321111,1.179778830963663,1
BNBUSDT,2023-03-03,2023-03-07,-1,5,-0.08839103999020559,-5.187893826112504,-2.101329031028819,-0.5576826928381795,3.102334889926617,1
BNBUSDT,2023-03-09,2023-03-12,-1,4,-0.6649749447601089,-7.7486475239284145,-2.4277611506306354,-0.39587965313569917,-0.7483106931382763,0
BNBUSDT,2023-03-21,2023-03-23,1,3,2.0491567052396618,10.057925223801982,5.119855145487828,-0.5086053448987178,-1.3323308270676733,0
BNBUSDT,2023-03-25,2023-03-27,1,3,3.5002951516900733,3.944674608676013,1.1512197908084971,-0.8059217663835172,-3.970319776466935,0
BNBUSDT,2023-04-15,2023-04-17,1,3,0.42258634071431983,5.278133447147548,1.6890527888050724,0.496345734757504,2.9748859835816437,1
BNBUSDT,2023-04-26,2023-04-28,1,3,0.818922615502186,1.1550523980723733,0.013444366676210961,-0.26480783381039785,-4.625768321512991,0
BNBUSDT,2023-05-01,2023-05-04,-1,4,-6.593108000578704,-0.5299015897047691,-0.6615660422151928,-0.12907876884643166,3.659259259259251,1
BNBUSDT,2023-05-06,2023-05-11,-1,6,-1.9573217511724732,-2.0150980153415503,-1.3005832282034788,-0.15560252524712226,5.419295558958648,1
BNBUSDT,2023-05-13,2023-05-19,-1,7,-2.117118649969611,-3.6678758565094673,-2.0973217343486783,0.2888486457437578,-0.5296596434359643,0
BNBUSDT,2023-05-21,2023-05-24,-1,4,-1.1961279265433908,-2.635885539967275,-0.47628795911064126,-0.09775118456261644,1.081004507405026,1
BNBUSDT,2023-05-26,2023-05-28,-1,3,-0.4244699462489738,-1.2568191693084994,-0.14212830426153644,0.08422782215550217,-3.552709359605921,0
BNBUSDT,2023-05-30,2023-06-01,1,3,0.11101503580310566,0.5244050020169424,0.8236488462684619,0.10317675698025619,-2.55019255455714,0
BNBUSDT,2023-06-05,2023-06-07,-1,3,-1.6523517546106556,-9.823652972497669,-1.7185657099876814,-1.844981363969152,14.583606557377049,1
BNBUSDT,2023-06-09,2023-06-11,-1,3,-2.7335654688245468,-12.601489632959808,-5.012782677078725,-0.18551614123290072,9.752671755725185,1
BNBUSDT,2023-06-30,2023-07-02,1,3,2.4559148643621325,0.32146286477687086,1.8588848995251421,0.49746935802514614,5.348605748605761,1
BNBUSDT,2023-07-04,2023-07-06,1,3,1.3802673463647313,0.5139683329188228,3.0469768932400427,-0.2107976275648511,-6.201217038539564,0
BNBUSDT,2023-07-10,2023-07-13,1,4,5.832692651043894,2.724579630325031,1.8628841049040492,0.6343654205303251,8.997693293464337,1
BNBUSDT,2023-07-15,2023-07-17,1,3,3.6098100446203674,3.929968336748012,2.7988779299057205,-0.03619295904990416,-2.0122531237404258,0
BNBUSDT,2023-08-08,2023-08-10,1,3,0.43626144768432706,1.3432527381690433,0.48857298128409377,0.1433217352186098,-0.647831474597271,0
BNBUSDT,2023-08-12,2023-08-14,-1,3,-0.5426399698842256,-0.5833436763063043,-0.05523357406906837,-0.10910051460127923,-0.6920317062995448,0
BNBUSDT,2023-08-23,2023-08-27,-1,5,-1.743447967138605,-6.545281960564347,-2.3305135093876386,0.6259385282352836,-3.956187766714092,0
BNBUSDT,2023-09-07,2023-09-09,1,3,0.9152706670938424,0.17765267747963495,0.6516046296720805,0.18823257606246102,-0.9111524163568748,0
BNBUSDT,2023-09-17,2023-09-20,1,4,1.7726438441571635,0.6929910236733218,0.977534633663868,0.22202216711376677,-0.632666356444855,0
BNBUSDT,2023-09-28,2023-09-30,1,3,0.8952518679061026,1.1455319549314338,0.5419324357536137,0.24971029568952385,0.8264150943396279,1
BNBUSDT,2023-10-06,2023-10-08,1,3,1.5196435245466848,0.004686255213454662,0.2548027037130518,-0.004841945093122302,-0.02013295346627829,0
BNBUSDT,2023-10-09,2023-10-12,-1,4,-0.8176473366729272,-3.0982201713909086,-0.34945236306373584,-0.4196983567249495,2.58013245033113,1
BNBUSDT,2023-10-14,2023-10-16,-1,3,-0.7733533360436351,-2.25777441188999,-0.5622502833172345,0.08978530503273974,-4.524211547792345,0
BNBUSDT,2023-10-17,2023-10-21,1,5,0.6522556386700574,0.03312355084464732,0.4086902885354917,0.1314583802539684,-0.5863932898415688,0
BNBUSDT,2023-10-28,2023-10-30,1,3,0.5887155392402971,5.253340173012795,1.5357225510863628,-0.07961030661005641,1.3402945113788483,1
BNBUSDT,2023-11-02,2023-11-04,1,3,0.9653651332478583,5.466618155357459,1.0874395739447222,0.08650236825721391,3.6368582711715502,1
BNBUSDT,2023-11-24,2023-11-27,-1,4,-2.362957278105624,-4.8378522062732525,-2.755160746284141,-0.10478951951158955,2.422925577416602,1
BNBUSDT,2023-12-05,2023-12-07,-1,3,-0.13930914999330835,-1.367291653335057,-0.58114818160994,0.2704295556704057,-0.014561027837256199,0
BNBUSDT,2023-12-16,2023-12-19,1,4,1.9825372660875589,3.209459459459457,1.4588589349860857,-0.5582916297813911,2.8666394446712933,1
BNBUSDT,2023-12-21,2023-12-23,1,3,0.5001646987850513,11.938456475234496,2.49163060071872,1.082591018194225,3.7106415674222015,1
BNBUSDT,2024-01-09,2024-01-14,-1,6,-10.744916697964682,-0.13266998341624453,-3.061446075357228,-0.729190281433155,0.9829436944352902,1
BNBUSDT,2024-01-17,2024-01-19,-1,3,-3.8995462020641622,-0.10331912695339339,-1.9765977647830386,0.035593869407136935,-0.2413705583756306,0
BNBUSDT,2024-01-22,2024-01-24,-1,3,-5.092180710653059,-1.250907917036559,-1.537910236593989,-0.6813662967224836,7.603766478342743,1
BNBUSDT,2024-01-27,2024-01-29,-1,3,-2.2727476532770066,-0.1372459316384602,-2.6601600389461044,0.6379655159377755,-3.2127068166776906,0
BNBUSDT,2024-02-04,2024-02-06,-1,3,-1.1214176415999295,-0.35808302948052473,-1.130728521253645,0.3665943562173979,-1.4010010010010006,0
BNBUSDT,2024-02-08,2024-02-10,1,3,2.7193674620688215,4.7587791270101745,0.5720234180555281,1.0472212368985707,4.709013992840871,1
BNBUSDT,2024-02-12,2024-02-15,1,4,0.1550943858161869,6.618962432915929,2.2363490651978006,0.3269357990818724,10.045899594636731,1
BNBUSDT,2024-02-19,2024-02-21,1,3,2.337618566636289,8.856174244183352,3.459622911796753,-0.5594508386821069,8.004802744425387,1
BNBUSDT,2024-02-24,2024-02-26,1,3,2.8720088709845206,11.820711879302758,3.945611540428139,-0.23468128176714664,6.550732356857525,1
BNBUSDT,2024-03-15,2024-03-17,1,3,1.2923243191261113,34.934260335469574,17.32397921646492,0.8978510911291693,-5.622148541114058,0
BNBUSDT,2024-04-01,2024-04-03,-1,3,-28.134976687729218,-0.5732836027075648,-4.358542330593927,-1.990156418655964,7.050140102192193,1
BNBUSDT,2024-04-25,2024-04-29,1,5,3.144281013879771,5.913138099885162,3.803349995438528,0.8685766384626366,-3.0281208935611033,0
BNBUSDT,2024-05-21,2024-05-28,1,8,1.0564965673730367,5.6298940285380095,1.9454430707613457,2.2266753142169255,-0.04976651100734274,0
BNBUSDT,2024-06-11,2024-06-13,-1,3,-0.7519343779995237,-4.262503475946457,-2.5516335607566702,-4.82741733235186,3.647352423612238,1
BNBUSDT,2024-06-18,2024-06-23,-1,6,-0.8099121820960127,-6.700271054258403,-7.999480388313003,-0.5687333998597035,4.034883336091333,1
BNBUSDT,2024-06-25,2024-06-28,-1,4,-0.10102763391678803,-5.990618572624753,-5.492946563658917,0.8611417571217315,-0.27678225664494704,0
BNBUSDT,2024-06-30,2024-07-03,-1,4,-1.0129587273848684,-1.3153434131127328,-1.7389458641369142,1.3492066504278508,1.9333333333333207,1
BNBUSDT,2024-07-14,2024-07-16,1,3,2.522462404911725,0.12681259304183728,3.046961274353116,1.698569665252208,7.826897069872296,1
BNBUSDT,2024-07-18,2024-07-20,1,3,2.422882203457334,5.088109369544855,8.486067476249733,0.012538375160076498,3.853823167516257,1
BNBUSDT,2024-07-23,2024-07-31,1,9,3.5499053040382242,6.027477132757561,7.210893322014565,-1.5722414299687717,-2.2222070844686743,0
BNBUSDT,2024-08-02,2024-08-04,-1,3,-0.12402734307077426,-6.024701188322752,-2.4354968767755283,-2.4945801607218927,13.197635193879332,1
BNBUSDT,2024-08-09,2024-08-11,-1,3,-1.867850470925599,-7.482176633202394,-6.9714525748540215,2.1088703472033625,2.2493908334945028,1
BNBUSDT,2024-08-17,2024-08-19,1,3,0.44195231323358747,3.10200740522172,3.7724705489130645,1.666424149005385,7.046603809890306,1
BNBUSDT,2024-08-22,2024-08-26,1,5,0.9837419730365246,11.441435413101855,9.174019808442196,0.9100883615800424,-4.241431327837219,0
BNBUSDT,2024-09-08,2024-09-10,-1,3,-0.623863398002153,-6.33639587813119,-4.980498179727227,1.1087460121937722,-5.1619047619047675,0
BNBUSDT,2024-09-30,2024-10-02,-1,3,-2.2035413015761454,-0.9375491034795825,-0.014676691761978944,-2.881204551907995,8.515379449294835,1
BNBUSDT,2024-10-14,2024-10-16,1,3,2.468459267001259,2.7290958235242786,0.43831059336650124,1.1398313233483193,4.615728766165672,1
BNBUSDT,2024-10-22,2024-10-24,1,3,1.2424425674265274,2.3061085602542994,1.1700449265050388,-0.8096477966647857,-1.1181028724114856,0
BNBUSDT,2024-10-26,2024-10-28,-1,3,-0.9242927263492882,-0.3841885084948348,-2.0377241178449372,-0.3560786726477323,-4.884616721710433,0
BNBUSDT,2024-11-10,2024-11-13,1,4,1.0122358125320225,6.724168729425569,4.716115961980736,1.54188328156367,-1.0371466077546239,0
BNBUSDT,2024-11-16,2024-11-18,1,3,0.24515681004488357,3.7384423157017803,2.4504578920363187,-0.7424848700344224,-0.47103992766844816,0
BNBUSDT,2024-11-25,2024-11-27,1,3,0.49748209277647587,2.0357429828374176,1.9136913851894946,-0.8545260300487865,-2.7512468733419277,0
BNBUSDT,2024-11-30,2024-12-02,1,3,1.203266426811415,3.313746152988724,1.4637417005834958,-0.0026075133029443975,-1.4463286846808194,0
BNBUSDT,2024-12-18,2024-12-21,-1,4,-2.275527783801161,-2.5936059580845057,-4.624418158170407,-2.3468939112214358,7.15200713399936,1
BNBUSDT,2024-12-24,2024-12-26,-1,3,-4.372446188333737,-0.8365360945617356,-5.9424001288019745,2.044419001646787,0.2857208712688689,1
BNBUSDT,2024-12-29,2024-12-31,-1,3,-7.21141633518203,-0.24382258675948282,-0.9468711429157679,-0.28499167412009374,2.3460429562544243,1
BNBUSDT,2025-01-03,2025-01-06,1,4,0.3342263550884956,2.6425930578987002,0.5864022224749483,0.5329748532662055,2.880707964601759,1
BNBUSDT,2025-01-14,2025-01-16,-1,3,-0.7140127699614438,-0.42273568547438933,-2.310354992269586,0.6407562485324525,-3.225859665427522,0
BNBUSDT,2025-02-09,2025-02-11,-1,3,-3.3797699255172335,-4.403380755710224,-4.013789434054917,3.061036855043845,-5.25311647806137,0
BNBUSDT,2025-02-14,2025-02-16,1,3,5.95350349289456,3.7173058435019835,9.098780114078838,0.2061365996981479,0.8606811890720992,1
BNBUSDT,2025-03-06,2025-03-08,-1,3,-0.19644986948695492,-5.051151404017292,-3.277116927228713,0.9388060191967096,0.4591869483819181,1
BNBUSDT,2025-03-20,2025-03-22,1,3,0.9611157814520291,6.135531675093665,8.356604597177471,0.2586066074793507,0.943138839502167,1
BNBUSDT,2025-03-26,2025-03-28,1,3,2.878262992055262,2.446742994593278,3.893121215031649,-1.5963814024398122,-1.989342986885156,0
BNBUSDT,2025-03-31,2025-04-02,-1,3,-0.769606494935245,-1.706137414108064,-1.5717709860418991,-0.6883269458988894,1.5129857190302358,1
BNBUSDT,2025-04-05,2025-04-07,-1,3,-0.09319668374923229,-3.8065134503512,-3.1059119322951494,-0.017711126698545243,6.812527814491975,1
BNBUSDT,2025-04-10,2025-04-12,-1,3,-2.352973612017456,-3.761033399681503,-3.621745899883411,1.2947226477543543,-2.9707514768511962,0
BNBUSDT,2025-04-24,2025-04-26,1,3,0.8769022098033652,2.6403594758695825,3.609389827426826,-0.5029567249919644,-0.14905482821812,0
BNBUSDT,2025-05-04,2025-05-06,-1,3,-1.5842627155163447,-1.9646220812547934,-0.8279550267279472,-1.0550819616250995,-0.9355712760277687,0
BNBUSDT,2025-05-18,2025-05-21,1,4,0.5425330679201669,3.694555212221858,0.7483502296344327,-0.4256321916876473,4.885296555175045,1
BNBUSDT,2025-05-24,2025-05-26,1,3,4.379546802342724,3.0543271756209185,0.6651316316688529,-0.2739093866686151,2.2347834028433105,1
BNBUSDT,2025-06-08,2025-06-10,-1,3,-2.542727122730755,-1.741748077596893,-4.326161863473056,0.5748009193750274,-3.886371039611558,0
BNBUSDT,2025-06-14,2025-06-20,-1,7,-1.5896000377899246,-2.3952552976135055,-2.2522858546223103,-0.7145678964035067,1.696589608606092,1
BNBUSDT,2025-06-23,2025-06-27,-1,5,-0.62906460977208,-1.2169551675289394,-3.112972469893581,1.1123490874858968,-5.255393709098599,0
BNBUSDT,2025-06-28,2025-07-03,1,6,0.8627626681046776,0.15634952805606123,0.5298581659272474,0.5730611096500815,2.3690449272893326,1
BNBUSDT,2025-07-05,2025-07-10,1,6,0.8880036259514575,1.4744226183296052,1.8529488857192857,-0.2195463835431466,4.526560587515283,1
BNBUSDT,2025-07-14,2025-07-16,1,3,0.4582928784320809,3.8602456341832023,3.728518833790921,-0.363465679592748,2.0002890173410397,1
BNBUSDT,2025-08-01,2025-08-03,-1,3,-18.45272448143451,-0.4252196135012748,-3.2108321061679845,-3.8114186211607404,3.6771764946242014,1
BNBUSDT,2025-08-05,2025-08-07,-1,3,-5.991796267689753,-2.1725612125923024,-8.404718948286106,-0.4163371845684587,-3.0072362515124236,0
BNBUSDT,2025-09-10,2025-09-12,1,3,2.6556452594466267,3.2691240027892143,0.4844466048539342,1.2610636439217124,4.689714889603525,1
BNBUSDT,2025-09-23,2025-09-25,1,3,3.4656362911043432,8.630813159342422,7.32323640404946,-1.6183962819478381,-5.133608621210595,0
BNBUSDT,2025-10-16,2025-10-20,-1,5,-5.85007028474629,-0.7302827135786476,-11.070395365392486,-5.939542951161556,4.965698409558128,1
BNBUSDT,2025-10-24,2025-10-28,-1,5,-3.5864030729129706,-4.9967083241065104,-17.211021945893485,2.744006199024806,1.6652868503266087,1
BNBUSDT,2025-11-05,2025-11-09,-1,5,-6.172141196861955,-11.084562026611692,-20.518030692779686,-1.4271241394110064,-6.7900423796662945,0
BNBUSDT,2025-11-15,2025-11-17,-1,3,-2.874930912404398,-7.659438961857075,-6.959933182341352,1.5461461107116392,0.46205954657196935,1
BNBUSDT,2025-11-19,2025-11-21,-1,3,-1.3244558893045286,-7.577926466508232,-3.2000590327883813,-0.1962102651798503,10.570314861866004,1
BNBUSDT,2025-11-25,2025-11-27,-1,3,-1.2907503028639884,-6.105274387107695,-1.9099687997553545,2.289768796891032,-3.9633353373722535,0
BNBUSDT,2025-12-05,2025-12-09,1,5,1.374869389431843,0.4244543440222791,9.667960906041621,-0.6688687924875083,-0.6911369899546657,0
BNBUSDT,2025-12-11,2025-12-13,1,3,3.025148088423973,0.7072389828899652,7.13031256091562,-1.151846803622103,-0.020563446492726997,0
BNBUSDT,2025-12-20,2025-12-22,-1,3,-1.030442990293979,-2.5996387553479594,-0.9846110418700125,0.46335983842589634,-0.6908300921546037,0
BNBUSDT,2025-12-27,2025-12-29,-1,3,-0.1657969654120576,-2.107882433077413,-0.10639614313114976,0.8128152770145132,-2.5252635614337655,0
BNBUSDT,2025-12-30,2026-01-01,1,3,2.2883806040019428,0.482207308326967,3.079587491566553,1.00000847308719,0.9994791544471141,1
BNBUSDT,2026-01-19,2026-01-21,1,3,0.19259517198542206,1.5827485304541866,2.1200389820748136,-1.7892907080262486,-5.670720957416009,0
BNBUSDT,2026-01-24,2026-01-29,-1,6,-0.7076781406490075,-2.693833320262956,-6.047334779496438,-0.2765843412866964,2.172816078418172,1
BNBUSDT,2026-02-25,2026-02-27,1,3,17.633759444343294,1.3317277041864313,8.45736957566433,2.347426453264717,4.814187799862912,1
BNBUSDT,2026-03-02,2026-03-04,1,3,1.7671350877534489,3.4094188682182143,10.94939363386522,1.1360095486533552,6.077765551168346,1
BNBUSDT,2026-03-06,2026-03-09,1,4,3.8805923408919853,0.9523778870664584,10.757699953585611,-1.7577044507919943,-2.4390522497491736,0
BNBUSDT,2026-03-11,2026-03-13,1,3,0.2154483973422897,4.104843130016816,7.996313602335512,0.6141702857317384,1.7386292834890908,1
BNBUSDT,2026-03-23,2026-03-26,-1,4,-0.5577109447336758,-0.993611391675598,-0.7623479370572754,-0.005089827832189364,-0.7911176386073079,0
BNBUSDT,2026-03-30,2026-04-03,-1,5,-1.83973086582645,-4.9742351649448535,-3.7554972686106805,0.022330771056648047,2.533557722450475,1
BNBUSDT,2026-04-07,2026-04-09,1,3,0.502102772043873,0.4385378831132516,0.14020015565589894,2.0104692761254537,0.08657746079885377,1
BNBUSDT,2026-04-13,2026-04-15,1,3,0.9612636694673491,1.1389671554614094,1.8150494163785673,1.0721573569824656,4.733487563113181,1
BNBUSDT,2026-04-19,2026-04-22,1,4,0.5015696470918038,0.9933598415083384,3.9865644116189873,-1.3684465613088292,0.8017780600095396,1
BNBUSDT,2026-04-24,2026-04-26,1,3,2.722290318172125,2.782117291260427,3.3247275144111352,-0.379710827418954,-0.8353681836689938,0
BNBUSDT,2026-04-28,2026-04-30,1,3,0.22832832965077599,0.14768395953362262,0.5274394411172358,-0.7751468126080172,-2.226651564219972,0
BNBUSDT,2026-05-01,2026-05-04,-1,4,-0.8995382711952363,-1.5855169143395438,-1.6442243525053688,-0.4282629570796832,-1.5781338360037807,0
BNBUSDT,2026-05-17,2026-05-19,1,3,0.18679994666259592,0.9136893363030866,0.7057278960340305,-1.7119607909143753,-2.8657116732703543,0
BNBUSDT,2026-05-22,2026-05-24,-1,3,-3.336217710476524,-0.11187580480320225,-1.9290114692885725,-0.17163827218222405,-0.09479789850891339,0
BNBUSDT,2026-05-26,2026-05-29,-1,4,-0.1601612568800388,-0.06941843790246972,-0.921859013202373,-0.08651974521805794,2.6234486918494953,1
BNBUSDT,2026-06-12,2026-06-14,-1,3,-0.3300613911140536,-4.5115195640451065,-4.1826712060825155,1.5516598937429293,-2.220853143159007,0
BNBUSDT,2026-06-18,2026-06-20,-1,3,-1.174349965796045,-6.472080910510002,-0.9519285573146785,-1.4570171680886634,1.8605255721955376,1
BNBUSDT,2026-06-23,2026-06-25,-1,3,-1.6373700674616587,-2.830714355951746,-0.7948335451640638,-0.23913124580046485,4.603812590019485,1
BNBUSDT,2026-07-14,2026-07-16,1,3,0.5756532982684701,2.4006166527931456,2.801789605773905,0.4719911711822897,0.47402421188038646,1
BNBUSDT,2026-07-26,2026-07-27,1,2,0.11208523814570875,0.552117323620468,0.7550462680862702,0.4480706202637683,-0.867536119801748,0
XRPUSDT,2019-01-10,2019-01-12,-1,3,-5.626779716265832,-9.82410088678708,-0.0014098814039321412,-0.002464786852500268,10.353837719298243,1
XRPUSDT,2019-01-16,2019-01-25,-1,10,-1.0034797721850952,-6.034072385788272,-0.0032352244728475824,0.0006360615202189047,1.9825816485225527,1
XRPUSDT,2019-02-06,2019-02-08,-1,3,-4.014298439534976,-6.323488236217588,-0.00019376996977645694,-0.0006381026950995714,-4.513839583611379,0
XRPUSDT,2019-02-12,2019-02-14,1,3,2.8954362183676348,0.06837601231752059,0.0018979182431693989,-3.112882851315831e-05,-0.975111551809604,0
XRPUSDT,2019-02-20,2019-02-22,1,3,0.126678930765731,8.213096559378473,0.004009804071236576,0.00090209270611226,-0.8125566102115563,0
XRPUSDT,2019-03-07,2019-03-09,-1,3,-2.6382748501515465,-0.6999305460853551,-0.00027350934566269146,4.0725759162188165e-05,0.3587973062695652,1
XRPUSDT,2019-03-12,2019-03-14,-1,3,-1.6879350485479128,-1.196084268777471,-0.0003929919900327718,-2.718638613779075e-05,-0.848502839442444,0
XRPUSDT,2019-03-17,2019-03-20,1,4,0.4996257249064318,0.8291068120387429,0.0004669940458565006,1.926601113474551e-05,-0.6792770176980097,0
XRPUSDT,2019-03-24,2019-03-31,-1,8,-0.6575682036161424,-1.6438483078314092,-0.0005465532529786263,-0.00027979857288447797,0.5396446667949365,1
XRPUSDT,2019-04-15,2019-04-17,-1,3,-10.616301972091325,-3.7579786913136406,-0.0031580715850315503,-0.000771107826308879,-2.4572614614492223,0
XRPUSDT,2019-04-19,2019-04-21,-1,3,-1.7492005561476236,-1.7691027675161346,-0.0017650792548038613,0.0001025833629057539,4.281955089016787,1
XRPUSDT,2019-04-24,2019-04-29,-1,6,-2.1269507771987777,-10.063423551058518,-0.003660742527397561,-0.0011787422525135769,7.409601660011955,1
XRPUSDT,2019-05-01,2019-05-04,-1,4,-0.5893286972861398,-3.8474962400766666,-0.0018852935642597584,0.0006086921010044072,1.4302559118885565,1
XRPUSDT,2019-06-04,2019-06-06,-1,3,-9.425506807528242,-2.5086696582131593,-0.0029944226087744927,-0.002644868053955276,-0.8936378232009764,0
XRPUSDT,2019-06-08,2019-06-10,-1,3,-5.166620910608833,-1.1035607237842002,-0.004830553425832773,-0.0006178569745523173,4.126572124337491,1
XRPUSDT,2019-06-27,2019-06-29,-1,3,-3.9429093181494825,-4.209069673556164,-0.0005528912084649725,-0.004464573813282842,8.54135241961329,1
XRPUSDT,2019-07-09,2019-07-11,-1,3,-0.5413809830019138,-6.785751922031752,-0.004247426562160065,0.0007361571411867232,17.562218950415488,1
XRPUSDT,2019-07-15,2019-07-18,-1,4,-4.467549506504446,-18.373576488083597,-0.009812544683585677,0.00033247940480534387,-5.896278732793259,0
XRPUSDT,2019-07-21,2019-07-23,-1,3,-6.8328840571594025,-6.042136870258622,-0.000262305743622248,0.001757201844475826,6.77569638510771,1
XRPUSDT,2019-08-14,2019-08-16,-1,3,-0.8263917577346656,-14.558429221257136,-0.0014609666173884955,-0.0022373827917648546,12.193959731543625,1
XRPUSDT,2019-08-19,2019-08-21,-1,3,-2.2959063282120726,-5.21068959374569,-0.0005460690015374765,0.001110532040734179,5.712288135593213,1
XRPUSDT,2019-09-14,2019-09-17,1,4,0.32311875992061145,0.9498342234004188,0.0018086145339529913,0.0003540617492379921,11.516144200626965,1
XRPUSDT,2019-09-30,2019-10-03,-1,4,-0.5299358021764446,-2.718830502916349,-0.002552635556132902,0.0013536913000789979,-3.1056277056277,0
XRPUSDT,2019-10-05,2019-10-07,-1,3,-1.0508765425521644,-3.381918970526239,-3.181139025034384e-05,0.0005079307116590869,-9.705550053480172,0
XRPUSDT,2019-10-18,2019-10-22,1,5,0.7799214378177645,9.079240481441433,0.0035930956213420405,-0.0003523481278119066,-4.115981038883543,0
XRPUSDT,2019-10-27,2019-10-30,1,4,1.9335378760117914,4.315275761339182,0.00024648995478022094,0.0003709523858160379,0.008844673094632674,1
XRPUSDT,2019-11-06,2019-11-08,1,3,0.93073340329315,5.618463561136192,0.0003616041755593099,0.0007569450219724024,-8.76299524300589,0
XRPUSDT,2019-11-17,2019-11-19,-1,3,-0.2657858564630237,-7.258647247297341,-0.0035458192811290198,0.0003446219792126882,2.727622244259687,1
XRPUSDT,2019-11-28,2019-11-30,-1,3,-1.5459990394966963,-10.740859268741504,-0.0028412420126056794,0.0007845554912555754,-1.0696428571428602,0
XRPUSDT,2019-12-04,2019-12-06,-1,3,-1.5381556589952883,-8.728990386461682,-7.538754988884074e-05,-6.737553282386115e-05,-3.110582661382155,0
XRPUSDT,2019-12-23,2019-12-25,-1,3,-4.40249485522774,-9.78327613371856,-0.0007298823317105647,8.998783687752705e-05,3.65618606544863,1
XRPUSDT,2020-01-10,2020-01-12,1,3,0.9763331603554551,7.971003464771444,0.003481905137196393,8.661779028439976e-05,5.323261179011429,1
XRPUSDT,2020-01-16,2020-01-18,1,3,0.5274154573950679,10.809489937627335,0.004086928753910562,-0.00027486293180866567,3.8367441263320146,1
XRPUSDT,2020-01-20,2020-01-22,1,3,2.193071781673049,8.216246826247799,0.0030177567566986776,-0.0008243577009521257,0.3428474403599727,1
XRPUSDT,2020-01-24,2020-01-26,-1,3,-0.09763686701076356,-0.44954944259901763,-0.00023072312190891564,-0.0010986801154531517,-2.8129992030461177,0
XRPUSDT,2020-02-02,2020-02-04,1,3,0.7420035207742115,6.709929556052151,0.0008777726855867182,0.0005617990127638282,10.353489913425285,1
XRPUSDT,2020-02-19,2020-02-25,-1,7,-12.646092814429089,-2.5274857868848835,-0.0026411957865272555,-0.002124951462435593,15.082616421363193,1
XRPUSDT,2020-03-01,2020-03-05,-1,5,-6.739372016040887,-17.371589384564704,-0.008268627859815837,0.00030101849335750254,-4.842600034946698,0
XRPUSDT,2020-03-07,2020-03-09,-1,3,-1.0940646065476087,-6.8927800715390815,-0.0019128872988608105,0.0004909601669827067,14.001274666012986,1
XRPUSDT,2020-03-12,2020-03-14,-1,3,-2.224455368671762,-41.56916694338907,-0.007779641900471437,-0.004249737737629678,29.509191370777877,1
XRPUSDT,2020-03-16,2020-03-18,-1,3,-1.32792339581623,-32.139445691586246,-0.008144560017369473,0.00027092749422840193,3.179827541154945,1
XRPUSDT,2020-03-21,2020-03-23,-1,3,-1.9300987022475287,-16.197842480378345,-0.0004542508728213844,0.0012911251929478666,-1.4130614845492047,0
XRPUSDT,2020-03-26,2020-03-31,1,6,0.6260632229936708,3.978155899266536,0.004542787300774717,0.0014608831196873742,6.929292429490341,1
XRPUSDT,2020-04-14,2020-04-16,1,3,1.6760716806537945,1.8500785230014911,0.0017038092858700387,-0.0006375567682489589,1.1455950540958386,1
XRPUSDT,2020-04-21,2020-04-23,-1,3,-13.954935443742201,-2.378918402486708,-0.00024251062089126118,-0.0003379161443983884,-6.509856206269626,0
XRPUSDT,2020-04-25,2020-04-27,1,3,1.076770106385933,2.0008299583444846,0.0006033880516102892,0.0001758709761327023,1.783699870633893,1
XRPUSDT,2020-04-30,2020-05-04,1,5,0.35483344878800627,9.101045583950002,0.003055086002378492,-0.00032863733375180235,-4.250229600847744,0
XRPUSDT,2020-05-20,2020-05-22,-1,3,-0.6275686665869259,-3.0899416013524004,-0.0011832575516476922,8.80014715638961e-05,1.854098360655743,1
XRPUSDT,2020-05-26,2020-05-29,-1,4,-3.8053951962328822,-3.9411309677291437,-0.0013647163648383043,1.1929862581252018e-06,-1.0981959025583516,0
XRPUSDT,2020-06-04,2020-06-08,1,5,4.087158957279994,1.701497367471149,0.0007282207508811641,-7.77801037860833e-05,-0.4342969132778093,0
XRPUSDT,2020-06-11,2020-06-13,-1,3,-0.8776904399498785,-6.2655667802418975,-0.0009310605789956408,-0.0009667485611488599,4.692272772130657,1
XRPUSDT,2020-06-19,2020-06-23,-1,5,-1.2004716594228642,-5.470941226070469,-0.0010622960394490412,-0.00010069869317511863,0.05322793148879769,1
XRPUSDT,2020-07-17,2020-07-21,1,5,2.220969517960319,2.8778272880261633,0.0008647394911795573,-0.0004661712586641227,2.1972022217650715,1
XRPUSDT,2020-07-24,2020-07-26,1,3,0.3626330419899624,3.1537467340801304,0.0008519757009503737,-0.000115626061717518,2.8660304062155366,1
XRPUSDT,2020-08-19,2020-08-25,-1,7,-5.982977780210988,-1.7478539662840025,-0.0028085196053705443,-0.0012386122973464253,8.280704770090242,1
XRPUSDT,2020-08-28,2020-08-30,-1,3,-0.7787584308196306,-5.859121261724738,-0.005836391022714403,0.00026362426718146495,-7.325082171596975,0
XRPUSDT,2020-09-02,2020-09-04,-1,3,-0.3185860360647075,-3.8495041777294627,-0.0021819993624988534,-0.00023643049027180507,13.610365502523614,1
XRPUSDT,2020-09-11,2020-09-13,-1,3,-4.083294217434065,-7.60826085465786,-0.0033248724100369475,0.0008314896567241849,-0.05434943626039211,0
XRPUSDT,2020-09-23,2020-09-25,-1,3,-1.5009072745534957,-8.523033300934216,-0.0011333018105017748,-0.0009668387033937237,-4.05633851171574,0
XRPUSDT,2020-09-26,2020-09-29,1,4,3.1407740787923975,0.0010350788212590194,0.000499367288884757,0.0005850482385438898,0.14235323341889072,1
XRPUSDT,2020-10-10,2020-10-14,1,5,1.4803659919223313,5.2712281988640814,0.0024589746639593455,4.180722040465507e-05,-1.9300676076384744,0
XRPUSDT,2020-10-20,2020-10-22,-1,3,-0.458271208896008,-1.3348315791822263,-0.0006473096282036365,-4.098797209485625e-05,-5.086863751119797,0
XRPUSDT,2020-10-23,2020-10-25,1,3,0.9483683127367298,2.1268576675333906,0.0008321451406626184,0.0002663112835464089,-1.9403166206386708,0
XRPUSDT,2020-10-28,2020-10-31,-1,4,-4.5003487812592144,-1.837447773642104,-6.218557228079391e-05,-0.0005144956436419431,4.763613342302064,1
XRPUSDT,2020-11-02,2020-11-04,-1,3,-0.5439167315972187,-4.403113817718523,-0.0016560429163820878,-0.0002666166412846104,0.6042085086878649,1
XRPUSDT,2020-11-06,2020-11-08,1,3,1.2661947178377626,4.9845646751275225,0.0005630361006912514,0.0012868419712732252,2.9101258092097297,1
XRPUSDT,2020-11-26,2020-11-28,1,3,1.5518651437306936,48.53243454609629,0.03350305554380478,-0.008601967944550773,-1.1029291358573219,0
XRPUSDT,2020-12-08,2020-12-15,-1,8,-17.969698107635786,-0.8578483545489488,-0.012204345516414264,-0.004588548828723629,22.66060705712125,1
XRPUSDT,2020-12-20,2020-12-22,-1,3,-17.11103113666804,-2.056106383990938,-0.007892377012898254,0.00029135811600955464,22.185232199216177,1
XRPUSDT,2020-12-26,2020-12-28,-1,3,-18.89915435388028,-40.3948605452836,-0.03505305124223712,-0.0005031106055001303,21.39236968018132,1
XRPUSDT,2021-01-07,2021-01-09,1,3,5.0308952291637015,4.358949160897856,0.006824833949979764,0.008375288100254813,30.037756497948,1
XRPUSDT,2021-01-12,2021-01-14,1,3,20.09486738021208,8.494213505960811,0.01483667195385023,-0.0008257925852664383,2.7277180530911775,1
XRPUSDT,2021-01-20,2021-01-22,1,3,0.8263480535152415,6.061204485312855,0.008543921966892801,-3.1626312432139064e-05,-7.812573139202605,0
XRPUSDT,2021-01-29,2021-01-31,1,3,7.68900529020199,0.5530595996360335,0.003369755274449788,0.0013333245805270504,87.07680539250956,1
XRPUSDT,2021-02-04,2021-02-06,1,3,5.127709104150403,39.751211783714254,0.01828312604196078,0.001393425938797023,11.145530072253983,1
XRPUSDT,2021-02-08,2021-02-10,1,3,0.9038527033691355,28.786213001699114,0.012350910682845093,-0.0010780230912239286,20.102282013907157,1
XRPUSDT,2021-02-16,2021-02-18,1,3,11.484147686342139,12.429157413794222,0.007870712970870747,-0.006677432682773411,-3.623224679860315,0
XRPUSDT,2021-02-23,2021-02-25,-1,3,-10.373663837465315,-8.08450298808918,-0.01049993786109811,-0.005601833891527699,22.628987042333083,1
XRPUSDT,2021-03-01,2021-03-05,-1,5,-3.2327662187693584,-13.48359787948661,-0.019701638894550993,0.002403632021947096,-9.76364729941055,0
XRPUSDT,2021-03-14,2021-03-16,-1,3,-1.0258149805984798,-3.1009676661138137,-0.003584081372707352,-0.0006267231534303553,-0.9176141699609005,0
XRPUSDT,2021-03-18,2021-03-21,1,4,35.15878454478765,3.192627117525124,0.0003206373928757982,0.0010778524709982038,9.542528735632194,1
XRPUSDT,2021-03-25,2021-03-27,1,3,28.84942637407179,6.752473425830676,0.0052847132993960304,-0.0010764750772054785,13.61678432352511,1
XRPUSDT,2021-03-31,2021-04-02,1,3,14.186837397061122,12.62689352012904,0.006396906156405202,-0.0003485304399732138,7.589681551325378,1
XRPUSDT,2021-04-05,2021-04-07,1,3,8.796846209548589,63.63767933382827,0.026357601381072418,0.01862174326098876,43.76062992125984,1
XRPUSDT,2021-04-22,2021-04-24,-1,3,-48.50300342296798,-9.173593659005208,-0.052295867107648136,-0.01929192171973157,18.39516952369149,1
XRPUSDT,2021-04-28,2021-04-30,-1,3,-20.104449236028124,-1.658391851033034,-0.03750028708349415,0.008721581069312784,-14.461496753941638,0
XRPUSDT,2021-05-04,2021-05-06,-1,3,-21.00702938726168,-0.5940930240721002,-0.006742329385104356,-0.01250620139097064,-3.5004760066898344,0
XRPUSDT,2021-05-19,2021-05-28,-1,10,-3.3850310274784725,-28.657742133651983,-0.037425905198830295,-0.02762269817524967,43.051444395493746,1
XRPUSDT,2021-05-30,2021-06-01,-1,3,-16.151312859937185,-21.516980249277587,-0.031088300193006208,0.007843626038651241,-21.919596056744407,0
XRPUSDT,2021-06-22,2021-06-25,-1,4,-0.5208008368325375,-35.2336055622346,-0.01864737100378258,-0.009058945918999334,-1.1252348772045502,0
XRPUSDT,2021-07-20,2021-07-22,-1,3,-10.234254609318576,-15.333402767206913,-0.0007946756942726896,-0.0025649532345569104,-6.683662477558339,0
XRPUSDT,2021-07-25,2021-07-27,1,3,0.9534986271854229,0.03461405330563095,0.009577478955035058,0.001054743890507935,5.614790468364816,1
XRPUSDT,2021-07-29,2021-07-31,1,3,2.5184352417117117,21.673003802281357,0.0242171549546168,0.004364276459001299,1.4152040398526027,1
XRPUSDT,2021-08-04,2021-08-06,1,3,0.9217893596187283,12.57671309878568,0.014474581298162715,-0.002283658581923009,4.336547085201792,1
XRPUSDT,2021-08-08,2021-08-10,1,3,0.6116326081346702,13.306369482352254,0.012683724884157338,-0.0014331358677565562,3.8759127664788062,1
XRPUSDT,2021-08-26,2021-08-30,-1,5,-14.763580244248809,-2.102887014375666,-0.018186213333650614,-0.010839756379146637,5.846271836386874,1
XRPUSDT,2021-09-11,2021-09-13,-1,3,-1.8712216385211533,-8.47499331825876,-0.033658228629859566,-0.0009217150043875147,-1.2623957543593796,0
XRPUSDT,2021-09-15,2021-09-17,-1,3,-1.4972650927587443,-3.989651066162927,-0.022862140729269054,0.0046849452888426645,2.354720423241819,1
XRPUSDT,2021-09-23,2021-09-26,-1,4,-8.894196495771723,-8.451927207582681,-0.019898447038757316,0.005170446305667601,5.550363799461788,1
XRPUSDT,2021-10-02,2021-10-06,1,5,3.0821554081107334,3.786155834527267,0.00867971806395186,0.00567804967000371,2.8911149491460457,1
XRPUSDT,2021-10-08,2021-10-18,1,11,3.4489462138517237,7.223146327939939,0.016919821306649215,-0.0015658507141774088,0.9953923955796865,1
XRPUSDT,2021-10-20,2021-10-22,1,3,10.361821032413895,4.365017902859913,0.0012254130809555286,0.0019150063781297882,-0.6382916322976714,0
XRPUSDT,2021-11-05,2021-11-07,1,3,2.615384251544659,4.821081881004846,0.009943070655550813,-0.0014337877019370941,1.2161279573475574,1
XRPUSDT,2021-11-21,2021-11-24,-1,4,-1.7542483759861394,-8.969936565766197,-0.0177554467456187,-0.000645231868604039,5.427633378932972,1
XRPUSDT,2021-11-26,2021-11-28,-1,3,-0.5080959673105164,-16.437241201403683,-0.019006049378425545,-0.004710186940613065,6.794864916650701,1
XRPUSDT,2021-12-01,2021-12-03,-1,3,-3.480526346082282,-6.669558002715324,-0.00819025987817975,0.0027807395373639007,7.3331463487929405,1
XRPUSDT,2021-12-20,2021-12-22,1,3,2.0714194474819934,3.9209548726974313,0.01264268235995926,0.00459852629550872,13.815568862275462,1
XRPUSDT,2022-01-02,2022-01-04,-1,3,-1.4755050373985454,-1.3301922027178443,-0.0006971358235567139,0.0007807412263552242,2.8796520512519135,1
XRPUSDT,2022-01-25,2022-01-28,-1,4,-1.3571382231399038,-14.819715514389687,-0.012112519960123497,0.0012401918595018602,-0.2855835240274548,0
XRPUSDT,2022-01-30,2022-02-01,-1,3,-0.819734342282815,-12.77733051923092,-0.0030451532426022665,0.001218900331472185,-2.1816650469711703,0
XRPUSDT,2022-02-04,2022-02-07,1,4,3.011615000486927,0.7647669190269323,0.007493838867173613,0.003891909893125073,35.85040970173714,1
XRPUSDT,2022-02-10,2022-02-13,1,4,3.1478698382202692,23.404732533363244,0.034666609894733615,-0.0023281482621788988,-7.7588593767966,0
XRPUSDT,2022-02-21,2022-02-23,-1,3,-1.776777791123794,-8.540598304521495,-0.006573958406537593,-0.00733711267341498,9.92307890333377,1
XRPUSDT,2022-02-26,2022-02-28,-1,3,-10.720247218385584,-4.762508800081189,-0.008310923423043945,0.0019499845562803396,-1.8287569814261713,0
XRPUSDT,2022-03-02,2022-03-04,-1,3,-7.47745646279539,-0.2931410189893028,-0.0008739955587312278,0.0008716829112321535,8.682791172343418,1
XRPUSDT,2022-03-06,2022-03-08,-1,3,-4.887706278489819,-4.429887572326717,-0.004202093128390299,-0.0010409257431478105,4.01644562334218,1
XRPUSDT,2022-03-10,2022-03-12,-1,3,-8.07445250406811,-1.0312327735724842,-0.0020189986889287952,0.0001277127027183439,-2.9985897101070687,0
XRPUSDT,2022-03-16,2022-03-30,1,15,6.324029526169336,4.593032854548456,0.0038519907946652217,0.0011040103542204259,12.085307561708225,1
XRPUSDT,2022-04-08,2022-04-10,-1,3,-2.6913925193192463,-8.559592521485271,-0.011865276234327152,-0.0020185134787324005,3.7671960360818213,1
XRPUSDT,2022-04-15,2022-04-18,-1,4,-1.5426642308383505,-0.8854468858000588,-0.006474150491652845,0.0057019610349535906,-6.417625998347565,0
XRPUSDT,2022-04-25,2022-04-28,-1,4,-6.6681766933500795,-6.590296495956865,-0.005610608074062551,-0.0006549118332516129,7.521501217590609,1
XRPUSDT,2022-04-30,2022-05-02,-1,3,-1.4119781490398333,-17.414924656131006,-0.013244462346495976,-0.0018192171623472378,-0.8414650098103268,0
XRPUSDT,2022-05-30,2022-06-01,1,3,2.666059455783347,1.8573704888521423,0.00904192388238842,0.0024143496297484163,1.8873297352865586,1
XRPUSDT,2022-06-07,2022-06-09,1,3,15.12453557245185,1.0373932550847127,0.009145388445924232,0.0003684541635087385,-0.9961251862891204,0
XRPUSDT,2022-06-27,2022-06-29,1,3,0.35708048826867056,2.6958756151735512,0.008496363751227486,-0.0003185621326060768,-8.640534521158138,0
XRPUSDT,2022-07-19,2022-07-21,1,3,1.9369387607067956,11.770524233432255,0.006533744730019232,0.0011593906113982165,0.03799616753352754,1
XRPUSDT,2022-07-24,2022-07-29,1,6,2.9246517836649275,4.444573891769091,0.0035722529365461047,-0.0007789774948648407,2.02204899777283,1
XRPUSDT,2022-08-01,2022-08-03,1,3,0.3624171898837883,6.034543038948328,0.0032551241910784177,-0.00020257259283465185,-2.958016877637126,0
XRPUSDT,2022-08-24,2022-08-28,-1,5,-0.8251843364557387,-5.519560403510207,-0.004093388171783123,0.0004920377387707823,6.742857142857139,1
XRPUSDT,2022-09-05,2022-09-07,-1,3,-1.2693623516047097,-2.017630351282558,-7.517382004867262e-05,0.0005030799011121589,-1.967681640036178,0
XRPUSDT,2022-09-12,2022-09-14,1,3,0.36000025433462574,6.375744674560605,0.0044292124180925615,0.00032974254281395877,-4.256981981981978,0
XRPUSDT,2022-09-16,2022-09-18,1,3,3.493897105535456,5.221061986225283,0.0015739346191301863,0.000940076802369448,9.259613615455375,1
XRPUSDT,2022-10-07,2022-10-09,1,3,1.040310351337359,12.318840579710143,0.0011623396278634644,0.0014853328089495868,7.524604783137412,1
XRPUSDT,2022-10-13,2022-10-18,-1,6,-1.5961934542758478,-0.9305210918113924,-0.004871535245456207,-0.001586803274136083,4.16873591477156,1
XRPUSDT,2022-10-24,2022-10-26,-1,3,-0.8718560173242967,-5.985656014198677,-0.006435098683459076,-2.336759827294664e-05,-0.42133105802046844,0
XRPUSDT,2022-11-01,2022-11-03,-1,3,-1.9382419166984164,-0.7131689974942592,-0.0018721576855826386,0.00023176360312120343,1.6038784744667138,1
XRPUSDT,2022-11-06,2022-11-08,1,3,2.1551916613781925,1.1904761904761882,0.0013793001915337463,-0.0007682326744329576,-18.067342799188644,0
XRPUSDT,2022-11-16,2022-11-22,-1,7,-0.8960102075411897,-12.064217495752024,-0.0061829296852533265,0.001541627102876246,2.9693415637860103,1
XRPUSDT,2022-11-26,2022-11-30,1,5,5.206984816490874,3.3227662322414133,0.005605432389539679,0.0002706385226839171,-0.4,0
XRPUSDT,2022-12-06,2022-12-08,1,3,3.0174879926107847,0.6376632726524832,0.002237524074606519,-0.0002222746776918928,0.8329822758798014,1
XRPUSDT,2023-01-01,2023-01-03,-1,3,-1.1059484850449217,-4.60229833258225,-0.00020102598344839614,-0.000247786628605029,-1.7868397757450745,0
XRPUSDT,2023-01-10,2023-01-12,1,3,0.0792727429409148,0.7006259691035427,0.002012168996464482,0.0003501570338487244,6.992550143266496,1
XRPUSDT,2023-01-16,2023-01-20,1,5,2.2482956959460254,8.139192392386764,0.005986935593116969,-0.00048540654123700733,6.986215864759426,1
XRPUSDT,2023-02-05,2023-02-08,-1,4,-4.849879984384161,-1.7339614730039663,-0.002086004148390431,-0.0008917034927952462,2.7904529956161666,1
XRPUSDT,2023-02-14,2023-02-17,-1,4,-0.06497412992432061,-3.958354290312853,-0.004422185809315199,0.0008147684581930057,-7.070267350796655,0
XRPUSDT,2023-02-19,2023-02-21,-1,3,-2.4870581291908804,-1.9169734670560001,-0.0006594533442365745,-7.66688379318333e-05,0.20867359878263858,1
XRPUSDT,2023-02-22,2023-02-24,1,3,2.490582129090797,0.9190707173857381,0.0004248336102087701,0.0002543615341319594,-3.8702730288338816,0
XRPUSDT,2023-03-02,2023-03-04,-1,3,-1.6401820574465775,-1.9521197785344848,-0.0010272182875433666,1.5157358936018078e-06,2.2075619295958253,1
XRPUSDT,2023-03-13,2023-03-15,-1,3,-0.21493977991945543,-1.1847743887068158,-0.0002653476202902124,0.0002775826524230394,2.965643511039318,1
XRPUSDT,2023-04-17,2023-04-19,-1,3,-3.382209606467253,-0.7411868704040124,-0.003943722141064095,-0.0006200324795563317,5.3208677289307005,1
XRPUSDT,2023-04-25,2023-04-27,-1,3,-0.5973752732650259,-5.7796508127633945,-0.008870927475577502,0.0010838185259902395,-1.6144870960746123,0
XRPUSDT,2023-05-02,2023-05-04,-1,3,-0.32429617177955034,-4.100256007927984,-0.003045278241857293,0.00026706242314100594,0.4819100881910069,1
XRPUSDT,2023-05-06,2023-05-09,-1,4,-1.4101978339569117,-3.141250581321605,-0.0019354810833773278,-8.314363316342874e-06,7.778120316848646,1
XRPUSDT,2023-05-15,2023-05-17,-1,3,-3.2810789373322957,-5.040224009956005,-0.002246256404313522,0.0007688705880195545,-5.8314601457794435,0
XRPUSDT,2023-05-21,2023-05-29,1,9,1.768741485530558,2.5543313793837745,0.004924077452012465,-0.00032213915554800757,5.17097118463179,1
XRPUSDT,2023-06-04,2023-06-06,1,3,2.344897497407998,11.450794443057994,0.007026064233391565,0.00023725274997380384,1.7588280647648395,1
XRPUSDT,2023-06-08,2023-06-10,1,3,0.6420459522833941,5.995121309351488,0.002565694301735144,-0.0007937869211149823,-2.638086050549859,0
XRPUSDT,2023-06-14,2023-06-16,-1,3,-0.11664403054306331,-5.954025014936463,-0.004066451884756335,-0.0030017035189227794,7.939753466872112,1
XRPUSDT,2023-06-30,2023-07-02,-1,3,-0.887910004337137,-3.446445342806976,-0.0031696901347086862,0.0002097133630753461,-2.464461765325465,0
XRPUSDT,2023-07-04,2023-07-06,1,3,0.43400928286687196,0.6164616957343361,1.4453470547987068e-05,0.0006397083827874785,-5.880572597137013,0
XRPUSDT,2023-07-11,2023-07-13,-1,3,-1.0255583659375522,-0.7309941520467843,-7.579393147036633e-05,0.00037459509101583303,-70.96485355648537,0
XRPUSDT,2023-07-30,2023-08-02,-1,4,-1.1223477906113348,-1.3351817233436198,-0.011729389592762499,-0.0011292868658654212,3.405645274540081,1
XRPUSDT,2023-08-06,2023-08-08,-1,3,-0.5014678752452707,-12.392772403723303,-0.019603231217381466,-0.0004194884392862558,-2.4674300254452937,0
XRPUSDT,2023-08-15,2023-08-22,-1,8,-3.1139419936953328,-7.198783732421117,-0.007806046812375795,-3.530419729623393e-05,17.462210310578584,1
XRPUSDT,2023-09-18,2023-09-20,1,3,1.72858456064602,0.6785292528171982,0.0044482398154520285,0.000656606087425439,5.427411167512686,1
XRPUSDT,2023-10-08,2023-10-10,1,3,0.0688736972633406,0.3452154687560614,0.0017060253961003705,-0.0008742121445812895,-5.212116564417169,0
XRPUSDT,2023-10-11,2023-10-18,-1,8,-2.6090356878643663,-4.699700724305658,-0.0025950484666161866,-0.00131134380513037,1.3522658610271914,1
XRPUSDT,2023-10-27,2023-10-29,1,3,2.6039827630508205,5.847953216374251,0.005852541765154361,-0.0012180496729858586,0.10605458160131177,1
XRPUSDT,2023-11-16,2023-11-20,-1,5,-3.085073227684471,-3.4576335365997988,-0.007482898720237177,-0.003223847700017747,5.139268631384053,1
XRPUSDT,2023-11-24,2023-12-01,-1,8,-1.4496092904610507,-3.3211940112677847,-0.0074162769277167345,0.0015085817469427647,0.9528748590755257,1
XRPUSDT,2023-12-06,2023-12-08,1,3,0.4359956332834836,4.0320548769089415,0.0008477036979896171,0.0013813660285182032,7.828663446054751,1
XRPUSDT,2023-12-21,2023-12-24,-1,4,-2.24232648145706,-0.6700514077445922,-0.0024318872848741115,0.0010579490102234964,0.4102414519526868,1
XRPUSDT,2023-12-25,2023-12-28,1,4,0.9751663276561469,2.7410328160773396,0.000520922092410032,0.00211522601837661,3.2758699558895765,1
XRPUSDT,2023-12-31,2024-01-03,-1,4,-0.8294424804028717,-0.9883473128050818,-0.0005769278787325186,-0.0006828443885700574,5.786563557274038,1
XRPUSDT,2024-01-05,2024-01-07,-1,3,-1.8652388735864123,-6.538414708389132,-0.0053394769690928365,-0.001272752106396666,5.615678254942058,1
XRPUSDT,2024-01-09,2024-01-14,-1,6,-1.3502883448825322,-6.597027712788756,-0.0057881026510639855,0.0005368144647810418,-0.17493074792244123,0
XRPUSDT,2024-01-20,2024-01-22,-1,3,-0.9503526282884314,-4.22208568783045,-0.00215237366403866,0.00022188513741619974,2.686533161859273,1
XRPUSDT,2024-01-25,2024-01-28,-1,4,-0.9361255125197828,-8.095732121775832,-0.00445827727411751,-4.413233076783554e-05,-1.558077591198614,0
XRPUSDT,2024-02-09,2024-02-11,1,3,2.382691040394805,1.5369475238067671,0.003472935319450636,0.0011879031915531697,1.814882455799483,1
XRPUSDT,2024-02-14,2024-02-16,1,3,1.0630093053429048,3.576449742888504,0.00529740222546715,0.0005471701878933272,7.147169811320753,1
XRPUSDT,2024-02-22,2024-02-24,1,3,2.103646607851416,1.3061186274050962,0.0031994288783245717,-0.0016888646059606792,-1.1466763795301422,0
XRPUSDT,2024-02-26,2024-02-28,1,3,0.18336608113232072,1.78295791701713,0.0006937268262037681,0.0001424109694143521,5.590783410138234,1
XRPUSDT,2024-03-06,2024-03-11,1,6,8.133149566443922,6.178878712184288,0.004938184849151341,-0.0014299369093793493,21.893640054127196,1
XRPUSDT,2024-03-15,2024-03-17,1,3,2.921059669756919,1.9409282700421855,0.002118959336707745,-0.00395083463954983,-7.858893871449935,0
XRPUSDT,2024-03-19,2024-03-21,-1,3,-4.681273657980396,-7.518017768565616,-0.008035835119499735,-0.003626324347235657,0.3593367426003472,1
XRPUSDT,2024-03-26,2024-03-28,-1,3,-0.6810111624354085,-0.6300092023815961,-0.0032928776506503943,0.00048381996859979404,2.1288791757727137,1
XRPUSDT,2024-04-05,2024-04-07,-1,3,-2.6250417431363005,-4.543569982684211,-0.00631150803425223,0.00022321731858611273,-0.5516427969671552,0
XRPUSDT,2024-04-10,2024-04-12,1,3,0.4961778938605326,0.8966593920371352,0.00021250803995869665,0.0011854077837244893,-11.359127177984051,0
XRPUSDT,2024-04-15,2024-04-17,-1,3,-2.123305187911269,-15.187662420653512,-0.01271107031279516,-0.0008704568653669954,1.2292469699980106,1
XRPUSDT,2024-04-19,2024-04-21,-1,3,-0.39915587771590205,-10.546767323783364,-0.008129373440667394,0.0018517602587971478,-4.798009950248749,0
XRPUSDT,2024-05-04,2024-05-06,1,3,0.6449257630209652,2.266370913299265,0.004120370688747717,0.0006501818037547291,1.1986458529245962,1
XRPUSDT,2024-05-12,2024-05-14,-1,3,-4.096886489108093,-4.022298044115511,-4.1307438935923174e-05,-0.0008164030314674903,0.72670488238783,1
XRPUSDT,2024-05-15,2024-05-18,1,4,0.6940635191541104,0.43169367171923756,0.0008233170190938624,0.0011441341432639248,3.8183126749300245,1
XRPUSDT,2024-05-20,2024-05-23,1,4,4.654691470099757,3.7119904331137628,0.003465164179797633,0.0014019521465495777,3.387284144426994,1
XRPUSDT,2024-05-25,2024-05-27,1,3,1.4544003045380944,4.02981061042603,0.004016581145046539,0.00028877672372957033,-0.7731343283582045,0
XRPUSDT,2024-06-03,2024-06-05,-1,3,-0.2573436748203687,-0.9704854331945943,-0.0009725930102723519,0.0001555166390073534,-2.7953261927945667,0
XRPUSDT,2024-06-10,2024-06-12,-1,3,-0.7834304636661827,-4.41105746109305,-0.0030526909822730574,-6.434733908388009e-05,1.0039310068190925,1
XRPUSDT,2024-06-16,2024-06-18,-1,3,-1.3514589661005199,-3.188772985491174,-0.0020666681589385297,0.0008855481131248028,-0.4407497962510162,0
XRPUSDT,2024-06-28,2024-06-30,-1,3,-0.6601689665939039,-2.743836421567113,-0.0006661691382213123,4.7965878169034526e-05,-0.5683147485798564,0
XRPUSDT,2024-07-12,2024-07-14,1,3,3.185567577653408,3.3735280982102793,0.0020600339955971284,0.0027462957233289204,15.49846359385436,1
XRPUSDT,2024-07-18,2024-07-20,1,3,1.394975147308252,17.55359758991395,0.01793107243870365,-0.0018822239502412422,-5.559744408945688,0
XRPUSDT,2024-08-02,2024-08-04,-1,3,-2.7134666980152464,-5.21511283915139,-0.005355169915294802,-0.0038652280660345477,11.940710932260224,1
XRPUSDT,2024-08-09,2024-08-11,-1,3,-18.738037512126855,-0.7887338386471096,-0.0037975759993187364,0.0012015804450156709,9.947064547518657,1
XRPUSDT,2024-08-13,2024-08-15,-1,3,-1.7399918605205824,-0.19718407306191246,-0.0028395363385660746,0.0008539995791114266,0.9546798029556717,1
XRPUSDT,2024-08-17,2024-08-19,-1,3,-1.2230092982697744,-0.8115419296663565,-0.0027782907353701087,0.00031394004078598176,-6.554664774742824,0
XRPUSDT,2024-08-27,2024-08-29,-1,3,-2.430362428659322,-2.8921547624148376,-0.0011220343967163569,-0.002429957609905572,3.9411644535240153,1
XRPUSDT,2024-09-05,2024-09-07,-1,3,-1.2122083295735562,-5.612289127381801,-0.00448771642117171,-0.00045515458920456636,5.532962896576432,1
XRPUSDT,2024-09-10,2024-09-12,-1,3,-3.9557601037789945,-4.0232842919764975,-0.0035147103670417216,0.0011863815888373446,-4.681742354031515,0
XRPUSDT,2024-09-16,2024-09-20,1,5,2.1618075091672546,5.530169467132009,0.005429834177423896,0.000838440556690587,2.141184717840861,1
XRPUSDT,2024-09-24,2024-09-28,1,5,2.419597951289791,4.392208113310857,0.0027992282977594915,-0.0003588306589670581,4.576911236531567,1
XRPUSDT,2024-10-01,2024-10-03,1,3,4.132463310448834,1.005484460694708,0.002312768056896052,-0.0017043431792513573,-15.071246319921494,0
XRPUSDT,2024-10-07,2024-10-09,-1,3,-1.995498469208306,-8.298420463712313,-0.008703881278055811,0.000272579442840825,1.3053973013493207,1
XRPUSDT,2024-10-11,2024-10-13,-1,3,-0.1294121665846675,-4.627040039650238,-0.00456399956406401,0.0016479519491367951,-0.7016022620169645,0
XRPUSDT,2024-10-25,2024-10-27,-1,3,-1.0032280943447538,-6.29023530070348,-0.0018324403380976786,-0.001957586927159672,2.457142857142858,1
XRPUSDT,2024-10-31,2024-11-02,-1,3,-0.1356948514038543,-4.244622569702224,-0.0005983489379783203,-0.0005140590061039774,2.0096385542168753,1
XRPUSDT,2024-11-10,2024-11-12,1,3,2.0050637094957002,11.5756937926065,0.008631309806486343,0.0021159305626622816,25.47162524584301,1
XRPUSDT,2024-12-18,2024-12-29,-1,12,-11.46313574392776,-2.654121493791324,-0.05360391278544385,-0.014415284205836487,18.027920383282048,1
XRPUSDT,2025-01-05,2025-01-07,1,3,9.46341661533872,5.578351025796154,0.0024573922073247156,0.002711182919795288,-6.552638320730564,0
XRPUSDT,2025-01-15,2025-01-17,1,3,3.0257335195604664,31.863198591959986,0.05554577835165882,0.03455658736476114,23.028185805871093,1
XRPUSDT,2025-01-19,2025-01-21,1,3,10.167817106654416,13.90348597717079,0.06803078618880226,-0.025768885812744502,-3.3329907942624692,0
XRPUSDT,2025-01-24,2025-01-26,1,3,1.6692059876376537,10.87096041804099,0.013151745162993084,-0.012925823784700502,-3.512778098352254,0
XRPUSDT,2025-01-31,2025-02-02,-1,3,-6.011288817664645,-0.05941594618660086,-0.03300251254994002,-0.0053602949830677815,17.10863281749585,1
XRPUSDT,2025-02-13,2025-02-15,-1,3,-1.4100136228277393,-5.091695755097357,-0.029940507457137985,0.017839465693116133,-12.064106088784676,0
XRPUSDT,2025-02-19,2025-02-22,1,4,20.343815169580747,5.9208591900215035,0.022840831295681284,0.0067676138942936725,0.03702200717963268,1
XRPUSDT,2025-02-24,2025-02-26,-1,3,-3.8288507504857914,-10.059176269486898,-0.014969965982048222,-0.02119941543001872,14.276085859566045,1
XRPUSDT,2025-03-02,2025-03-04,1,3,1.633708523581283,16.83787334084534,0.010902716185771641,0.052930663226900015,11.586676400803043,1
XRPUSDT,2025-03-09,2025-03-13,-1,5,-1.0374711993882277,-12.305591661507034,-0.00956442819045588,-0.01790262076970544,2.7554963243196733,1
XRPUSDT,2025-03-20,2025-03-24,1,5,2.8462056159935725,3.1031242857989434,0.030619423471748494,0.0019364275659991131,-4.200698888845267,0
XRPUSDT,2025-03-27,2025-03-29,1,3,0.1361685529042921,0.5186953609398386,0.010180197605623817,-0.006178053369049717,-9.521477824125313,0
XRPUSDT,2025-03-31,2025-04-02,-1,3,-5.2721446909028105,-10.092686399900183,-0.027303140454449523,-0.005770928318315199,4.897393420375307,1
XRPUSDT,2025-04-05,2025-04-07,-1,3,-2.160847514976902,-5.662577186464021,-0.01482174490669845,0.0071506199045609925,10.467524176133692,1
XRPUSDT,2025-04-10,2025-04-12,-1,3,-6.769741399700821,-8.79312584674202,-0.015617184552106173,0.005397635680415402,-5.607267767548341,0
XRPUSDT,2025-04-13,2025-04-18,1,6,6.725177010713604,0.5793896715843058,0.016086414335722943,0.007547817303544091,-4.932827113621641,0
XRPUSDT,2025-04-20,2025-04-22,1,3,2.422849173951715,1.3265999995125477,0.017130434199765975,-0.00082054952592929,5.6449298270824455,1
XRPUSDT,2025-04-30,2025-05-02,1,3,1.091544259542648,1.9844798130501753,0.018518520263205843,-0.006548087599066381,-1.6823949955317326,0
XRPUSDT,2025-05-05,2025-05-07,-1,3,-4.76765747636502,-1.6915367791589344,-0.003061168906222404,-0.005070510387687724,0.9682745825603026,1
XRPUSDT,2025-05-10,2025-05-12,1,3,3.8257729565203618,11.336137274470076,0.0243566722678892,0.012321348097437394,8.132787234950278,1
XRPUSDT,2025-05-14,2025-05-18,1,5,3.031062669992919,11.582912758989568,0.039385136420044445,-0.0005607807902916762,-6.397135003290877,0
XRPUSDT,2025-05-25,2025-05-27,-1,3,-0.2227403419506664,-1.4974971606444318,-0.01760964029085469,-0.0004224249475691874,0.1793245504870481,1
XRPUSDT,2025-05-29,2025-05-31,-1,3,-0.42840445873007876,-5.980238338126755,-0.023973615188088528,-0.002399893724224937,4.01473924896667,1
XRPUSDT,2025-06-03,2025-06-07,-1,5,-1.3456266018081366,-2.741910324626921,-0.02032952832258534,0.00673726036243967,0.4923287047575723,1
XRPUSDT,2025-06-13,2025-06-15,-1,3,-0.592767548313965,-3.6164047823715504,-0.000667827626587611,-0.005975947443171328,0.714206128133699,1
XRPUSDT,2025-06-17,2025-06-23,-1,7,-1.1830094672399931,-1.8952974267395586,-0.0020184710318839547,-0.001775862374017681,3.156747095621093,1
XRPUSDT,2025-06-28,2025-06-30,1,3,1.174619875845156,0.6174061574869093,0.0063490992906360885,0.003658451846071893,4.002633176152015,1
XRPUSDT,2025-07-02,2025-07-09,1,8,2.280319066337452,3.4100405334395103,0.013810635796662522,0.0021677645488145693,10.272191528545104,1
XRPUSDT,2025-07-29,2025-08-02,-1,5,-6.496057438625226,-0.33661880509085246,-0.0485052884957661,-0.007019646195530638,10.933440051224586,1
XRPUSDT,2025-08-14,2025-08-16,-1,3,-3.3236544376301516,-1.0671777381872203,-0.011230108325696611,-0.010838939509298845,4.7581969215734095,1
XRPUSDT,2025-08-22,2025-08-27,-1,6,-6.812887413479422,-0.5256184388695585,-0.03244210763880102,0.012971284008820846,-4.499021704828343,0
XRPUSDT,2025-09-07,2025-09-09,-1,3,-2.980871850192333,-0.43811382654015824,-0.0019967520738179423,0.0070744562234396,-5.297145704320583,0
XRPUSDT,2025-09-11,2025-09-13,1,3,0.7859122060279755,4.829365188843228,0.02615534675280419,0.006346839066534486,4.155205470268819,1
XRPUSDT,2025-09-16,2025-09-20,1,5,3.677364078114275,4.083538209822072,0.022272292038291126,-0.0029310882910759534,-1.1307551136174094,0
XRPUSDT,2025-09-22,2025-09-25,-1,4,-8.398315202611482,-3.8123048495107454,-0.009606033965846661,-0.010768898171012379,7.229372748392304,1
XRPUSDT,2025-09-27,2025-09-30,-1,4,-1.1664324610199504,-5.33441116262115,-0.02557257628784361,0.0015507513721149183,-2.6741153224357768,0
XRPUSDT,2025-10-06,2025-10-08,1,3,1.818188828731878,2.031897131579934,0.014746898616811943,-0.0002363060144046497,-3.4306091524396343,0
XRPUSDT,2025-10-25,2025-10-27,1,3,1.4463123570294694,2.8555806056667694,0.023191481305244704,0.0134787960008379,4.527697884714965,1
XRPUSDT,2025-10-31,2025-11-02,1,3,1.0169051637979198,1.2283981615370767,0.022290717736167753,-0.0030438229838766206,3.1829951215512686,1
XRPUSDT,2025-11-06,2025-11-09,-1,4,-6.343256259135475,-9.708111989685591,-0.018280521613969425,-0.006980740712095035,-1.381563673608754,0
XRPUSDT,2025-11-10,2025-11-12,1,3,0.3032161502098118,3.428579617690951,0.011068763019752445,0.015980350339399083,0.5170822415687674,1
XRPUSDT,2025-11-15,2025-11-17,-1,3,-1.5494548333751912,-6.621866978316679,-0.002208013318166377,-0.004518048390379545,3.191320233480377,1
XRPUSDT,2025-11-29,2025-12-03,1,5,4.347569429975608,0.04227330372686334,0.022396658373495457,0.0017634280066730346,0.430465703142913,1
XRPUSDT,2025-12-15,2025-12-17,-1,3,-4.055466210364907,-8.976252589580302,-0.007227777890239449,-0.005903162704339375,5.4481601293974835,1
XRPUSDT,2025-12-21,2025-12-23,-1,3,-0.8331799463982847,-4.082350563715145,-0.0013813111048568416,0.003984365826586567,2.708352728213082,1
XRPUSDT,2025-12-25,2025-12-27,-1,3,-3.0478169074866406,-6.198975282923272,-0.000682989580854651,-0.0013234895103591549,-0.9744041228258556,0
XRPUSDT,2026-01-02,2026-01-04,1,3,0.626045798068293,6.312591544893746,0.01928035701427319,0.009640398238072459,10.824001276663653,1
XRPUSDT,2026-01-13,2026-01-15,1,3,2.842237143809059,7.194479645176644,0.010436439254205808,0.0018023324366602707,0.8122687439143131,1
XRPUSDT,2026-01-17,2026-01-20,-1,4,-8.40963150940916,-0.18191846569190773,-0.004513766870743036,-0.0034587476128356276,8.198510494245104,1
XRPUSDT,2026-01-22,2026-01-24,-1,3,-0.8993026191239779,-7.55989552672743,-0.02487188696131318,-0.0006407361184835245,1.3097966728281012,1
XRPUSDT,2026-02-25,2026-02-27,1,3,4.697499390508593,0.7557206047170069,0.014702395393501905,0.004236896302637752,0.19338377095385917,1
XRPUSDT,2026-03-04,2026-03-06,1,3,5.4358200260514735,1.3449865784646373,0.01594098279592826,0.003994150108780903,-0.20892187844492283,0
XRPUSDT,2026-03-23,2026-03-25,1,3,4.401426326326383,1.1814986842802309,0.003643653091064171,-0.00040444035390762786,1.7447140381282593,1
XRPUSDT,2026-03-26,2026-03-28,-1,3,-1.139630829752783,-3.8403108991344213,-0.0029684445518627506,-0.004108447051674843,5.340544361965371,1
XRPUSDT,2026-03-30,2026-04-02,-1,4,-1.460459261418904,-5.984756779399274,-0.01070171314782421,-0.00018446832375534385,0.18743786714866573,1
XRPUSDT,2026-04-06,2026-04-08,-1,3,-1.7826457247604306,-3.4760881953272387,-0.002973579254822979,0.0011313692363502381,-1.6440624293146295,0
XRPUSDT,2026-04-11,2026-04-15,1,5,1.0433816392826598,0.33851099605193685,0.005175014991688924,0.0006552676967158146,2.277188583228851,1
XRPUSDT,2026-04-19,2026-04-21,1,3,1.4408798579987305,2.231689477292641,0.011924659402078238,-0.003948638149824138,-0.3232004468337598,0
XRPUSDT,2026-04-28,2026-05-03,-1,6,-4.380481605859323,-1.5984461036762574,-0.0024507978145959716,-0.0032731761980507416,0.5066895123866714,1
XRPUSDT,2026-05-05,2026-05-07,-1,3,-1.9879602053193133,-0.024417086298462978,-0.0021693487583239056,0.001992260059038752,-0.047937922115248374,0
XRPUSDT,2026-05-19,2026-05-22,-1,4,-0.6236542900689144,-3.745281284904355,-0.007853132786009787,-0.0032239586788697806,3.5928057553956783,1
XRPUSDT,2026-05-31,2026-06-02,-1,3,-2.0929339392942,-2.848584453587062,-0.0038380898993195314,0.0014516234565465878,9.228579952267301,1
XRPUSDT,2026-06-15,2026-06-17,1,3,2.8360177549782435,2.7304632080246054,0.010516677908359966,0.007046668739682106,-0.34098305370540116,0
XRPUSDT,2026-07-14,2026-07-16,1,3,0.6304296453328646,2.0591772471471677,0.004073884717597058,0.0014413028477562075,1.4360655737704957,1
XRPUSDT,2026-07-26,2026-07-27,1,2,2.1973952315724077,0.9573305397965496,0.0027084260804373494,0.00012524332852314156,-3.2787464698915803,0
LTCUSDT,2019-01-01,2019-01-04,1,4,8.813461252678204,7.467781855423743,0.4706821813231753,,5.8207357859531905,1
LTCUSDT,2019-01-16,2019-01-18,-1,3,-3.525115222465701,-4.719853836784401,-0.48741976506131457,0.011177425738852942,-0.46504065040651155,0
LTCUSDT,2019-01-20,2019-01-24,-1,5,-14.478063583374023,-6.904671477402205,-0.3611652593153854,-0.008343670194221775,-1.9937499999999937,0
LTCUSDT,2019-01-28,2019-01-31,-1,4,-3.353715083570225,-2.908965387391333,-0.025780406566193126,-0.08568916098451988,2.0837007140639523,1
LTCUSDT,2019-02-07,2019-02-09,1,3,1.2824693443063366,2.7908774642443093,0.1566076609569786,-0.04504120814404888,35.861055199756024,1
LTCUSDT,2019-02-26,2019-02-28,-1,3,-6.354223579037028,-0.21290588668056595,-0.44427590358631,-0.23144206194242578,-0.8625550660793065,0
LTCUSDT,2019-03-04,2019-03-06,-1,3,-11.53780805282497,-0.7554982277767417,-0.493087958084959,-0.11214949798205565,-16.091600501462587,0
LTCUSDT,2019-03-12,2019-03-14,1,3,4.217153533189586,12.107312337154127,0.35953658570799085,-0.08034513494553996,1.6430499817584825,1
LTCUSDT,2019-03-18,2019-03-20,1,3,0.40890072443593084,9.925224095490226,0.17161264990690572,-0.12603523677686557,-0.730742516950544,0
LTCUSDT,2019-04-17,2019-04-20,-1,4,-2.4288927883529756,-0.2759912898161791,-1.458585916351927,-0.14222613239510817,-1.4962999875420597,0
LTCUSDT,2019-04-25,2019-04-28,-1,4,-6.83997160126758,-11.294558172010452,-2.0289902103559307,-0.08276403438781754,3.6631434454358236,1
LTCUSDT,2019-05-01,2019-05-03,-1,3,-1.438467725870803,-3.748507550808892,-1.1407668540554115,0.29445774352180276,-6.993110871905284,0
LTCUSDT,2019-05-10,2019-05-12,1,3,21.240632555558367,3.8770341631641343,0.03976834775593521,0.17224051983929986,13.806766410567462,1
LTCUSDT,2019-05-16,2019-05-19,1,4,0.9149930916961787,20.37894975701075,2.417497733093184,-0.05402114330836438,-7.692687708292489,0
LTCUSDT,2019-05-22,2019-05-24,1,3,2.609247215414686,3.490168787818012,0.12275560613061076,-0.44850641780052714,10.295010463707444,1
LTCUSDT,2019-06-30,2019-07-02,-1,3,-1.7694308835081995,-7.46927529485958,-2.739183473961007,-0.18088749628696021,10.872971761541915,1
LTCUSDT,2019-07-15,2019-07-23,-1,9,-0.5368871133614102,-21.496965961473354,-3.612549241609731,-0.15237962480193357,-0.9465090341289392,0
LTCUSDT,2019-08-13,2019-08-15,-1,3,-2.787578176793449,-7.037363576126301,-0.08890773385055883,-0.09299545582175739,10.72017717682714,1
LTCUSDT,2019-08-20,2019-08-22,-1,3,-4.283813001580732,-12.053184765560994,-0.5512143151247448,0.15873523266381362,4.515693904020745,1
LTCUSDT,2019-08-31,2019-09-02,-1,3,-5.332090030935896,-12.668742098179697,-0.40239022339890607,0.014652299991492868,-4.685491662770769,0
LTCUSDT,2019-09-08,2019-09-13,1,6,1.2358194661553061,1.544234377255026,1.0354959399322317,0.279850998834843,-0.16734041006252165,0
LTCUSDT,2019-09-15,2019-09-17,1,3,0.18359245137965424,3.0833762602104624,1.082455531692755,-0.0490254246114028,4.621276595744694,1
LTCUSDT,2019-09-28,2019-09-30,-1,3,-0.4155318454478821,-18.312851304899464,-1.7416937717208505,0.0283998506906733,-0.6327246688148987,0
LTCUSDT,2019-10-04,2019-10-06,-1,3,-3.028503028658749,-11.404854636295687,-0.37844301371394984,0.2325746142280174,3.1967399007795883,1
LTCUSDT,2019-10-13,2019-10-15,1,3,0.5656928947626744,0.5583607170527061,0.5461820696295274,0.02185547061048565,-2.410771992818683,0
LTCUSDT,2019-10-25,2019-10-29,1,5,6.8874477714504705,3.7051879918391117,0.30342243214558584,0.4092755714630507,20.20960839725474,1
LTCUSDT,2019-11-01,2019-11-03,1,3,0.35929252034212167,4.983232971550144,0.8569918187244453,-0.08350794495346558,-0.4,0
LTCUSDT,2019-11-08,2019-11-10,1,3,1.0841522490207323,4.648341363652136,0.658557642738856,-0.2164363166827955,3.2813813324645613,1
LTCUSDT,2019-11-14,2019-11-18,-1,5,-3.230729691312696,-2.0006810122166883,-0.06702398489442674,-0.23772845440531576,8.048162729658792,1
LTCUSDT,2019-11-22,2019-11-24,-1,3,-3.155456675627654,-19.555275997483978,-1.4160690775586517,-0.327678385065989,12.937285121517483,1
LTCUSDT,2019-12-31,2020-01-03,1,4,0.8883643229089796,0.08239228420491185,0.5845776199820183,-0.07917482339293369,-0.7539405379896277,0
LTCUSDT,2020-01-16,2020-01-21,1,6,1.3275288158138707,23.17041855687752,1.6244032360170122,-0.027060900902358576,-1.4144429160935275,0
LTCUSDT,2020-02-17,2020-02-20,-1,4,-5.756981924896631,-0.008172605426610314,-0.7501714782718123,-0.4138013193830794,6.657720637471531,1
LTCUSDT,2020-02-22,2020-02-25,-1,4,-11.148331677954351,-0.09284058803490644,-1.32323106156543,0.1793691097245773,2.6989761092150126,1
LTCUSDT,2020-03-06,2020-03-08,-1,3,-0.41534861479503565,-6.027499070977341,-0.8986460495884276,0.38891643295799994,17.421463100225587,1
LTCUSDT,2020-03-11,2020-03-13,-1,3,-0.823844366229198,-21.77627337201805,-1.5909985633386023,-0.04342934996619885,24.948189415041778,1
LTCUSDT,2020-03-30,2020-04-04,1,6,9.184920964489022,3.572189097103915,1.1829062675483346,0.037532267454551516,9.300889248181088,1
LTCUSDT,2020-04-11,2020-04-13,1,3,2.015821468195266,3.8789787919856504,1.0623374844453513,-0.24208723055549086,-2.8378698224852057,0
LTCUSDT,2020-04-16,2020-04-18,1,3,3.107687771654691,2.718303566037514,0.2524768396120649,0.055101581786251796,12.144620091789914,1
LTCUSDT,2020-05-05,2020-05-07,1,3,0.8081923554662527,4.208416833667336,0.30689465098359703,-0.15331510469659637,0.4730834752981087,1
LTCUSDT,2020-05-15,2020-05-17,-1,3,-1.076312930326988,-6.08966964393614,-0.5303751622389876,0.008513320539905944,0.21391541609822073,1
LTCUSDT,2020-05-20,2020-05-22,-1,3,-3.7118274013870414,-1.958612132760226,-0.04658015908949125,0.0010291002953952202,2.8801224579050992,1
LTCUSDT,2020-05-24,2020-05-26,-1,3,-0.6452745287557045,-4.827601804837785,-0.1888145355424785,-0.10195070130872666,3.2031927023945195,1
LTCUSDT,2020-06-09,2020-06-11,1,3,0.36923673269488405,1.2661022374797233,0.04192249663932002,-0.09345761276550946,-7.3136334266638015,0
LTCUSDT,2020-06-19,2020-06-24,-1,6,-1.5205465866183723,-5.60036976306551,-0.3492386521252961,-0.021627017340786536,1.3959935528436556,1
LTCUSDT,2020-06-29,2020-07-03,-1,5,-1.6637988847783658,-3.651885772142601,-0.22938423999891466,0.0373702179177241,0.15595842397871962,1
LTCUSDT,2020-07-05,2020-07-07,-1,3,-2.2864797171377775,-2.225671052167473,-0.023715070718819176,0.03444536653377317,-3.439658038470683,0
LTCUSDT,2020-07-15,2020-07-17,1,3,0.7785814506092552,0.9834995804978023,0.16755226515832564,-0.09142400793213437,-4.912306289881507,0
LTCUSDT,2020-07-19,2020-07-21,-1,3,-1.469982133737308,-0.8199104494970032,-0.10568322867258653,0.002030661393862959,-3.5095406360424075,0
LTCUSDT,2020-07-25,2020-07-27,1,3,2.1855003410552114,11.738700548919768,0.48333951775639244,0.30697906083807047,20.388936749036503,1
LTCUSDT,2020-08-11,2020-08-13,-1,3,-10.564969247582647,-1.8825492400884996,-0.49848545308951087,-0.3441786114820764,1.5392483267547612,1
LTCUSDT,2020-08-18,2020-08-20,1,3,0.1643027907430841,11.126214911982617,0.5102722763695811,0.10639511944047308,-6.975423980958051,0
LTCUSDT,2020-08-21,2020-08-23,-1,3,-9.456769372247582,-0.053181162050600084,-0.15839103477694572,-0.3467099321911449,3.1828025477707023,1
LTCUSDT,2020-08-25,2020-08-29,-1,5,-9.282605596528217,-2.2788753863032887,-0.6214003381177999,-0.22169075039674846,7.7425346662367005,1
LTCUSDT,2020-09-07,2020-09-17,-1,11,-0.8205936030672902,-14.356357514861376,-1.6040803341461796,0.10906854711832037,-2.340734557596002,0
LTCUSDT,2020-09-21,2020-09-25,-1,5,-7.737597459236974,-11.323875368542161,-0.18650461717637468,-0.25388680914697836,1.8722446379273787,1
LTCUSDT,2020-10-04,2020-10-06,1,3,8.406127245707507,1.1514672270545925,0.41539976616597873,0.07803237583168543,0.6547132498352152,1
LTCUSDT,2020-10-13,2020-10-16,1,4,5.54147360587884,6.4649331526552345,0.7659723513693597,-0.0436640223053083,-6.2916567813364965,0
LTCUSDT,2020-10-20,2020-10-22,-1,3,-12.699901901152913,-1.6458790084863877,-0.030599723829713377,-0.0967092712884882,-13.652760991873315,0
LTCUSDT,2020-10-23,2020-10-25,1,3,1.80880942252544,13.171329385337968,0.7873417915194505,0.2100003879868173,7.861269549218042,1
LTCUSDT,2020-10-29,2020-10-31,1,3,6.0364360511783826,5.2884061864374265,0.4933554843437864,-0.27358728729529047,-0.4896539358077875,0
LTCUSDT,2020-11-06,2020-11-13,1,8,3.5149778927454363,15.06495161628024,0.3711137713909911,0.4151094968748028,11.491433418150955,1
LTCUSDT,2020-11-16,2020-11-18,1,3,1.308442877130623,24.777153478940463,0.9351587995229003,0.6205965856835278,17.486962106615287,1
LTCUSDT,2020-11-21,2020-11-23,1,3,5.364721037757102,33.188640601595694,2.3018476550307554,0.2697948111519137,7.475923906458259,1
LTCUSDT,2020-11-28,2020-11-30,-1,3,-1.6376089894590644,-0.3952677476588765,-1.3405144033032235,-0.39231289521341406,-27.153434562545197,0
LTCUSDT,2020-12-04,2020-12-06,-1,3,-28.11440028501361,-0.7160381304350663,-0.32625638011751246,-0.5644738273670811,5.723595505617984,1
LTCUSDT,2020-12-08,2020-12-10,-1,3,-11.730879428676387,-6.551499546514234,-1.1683220273473847,-0.49280515757093557,9.999424253328538,1
LTCUSDT,2021-01-01,2021-01-03,1,3,0.5379388359431658,12.693155747583038,0.43801963609789496,-0.526116048870529,29.412414459383317,1
LTCUSDT,2021-01-11,2021-01-13,-1,3,-7.912333231582948,-2.431313035505388,-0.4294041980111949,-2.7809059361708783,12.941565237843244,1
LTCUSDT,2021-01-15,2021-01-17,-1,3,-1.5651014984631149,-2.695599456748125,-3.6646529455321097,-0.5202264548544804,5.960655737704911,1
LTCUSDT,2021-01-20,2021-01-22,-1,3,-3.5775958196488626,-1.8956957711402111,-2.7954554396716276,0.2077649450019976,8.95071776636377,1
LTCUSDT,2021-01-25,2021-01-27,-1,3,-0.578487410578144,-8.515402610317796,-3.2784133781685627,0.13399833522003846,12.769278774554992,1
LTCUSDT,2021-02-03,2021-02-09,1,7,19.91998178385601,12.00781533400137,0.5191186221825028,1.5458467397583109,27.42786307930696,1
LTCUSDT,2021-02-23,2021-02-25,-1,3,-14.634810065344178,-9.392124053187544,-2.7433287135094595,-3.6179086389191077,13.501689708141306,1
LTCUSDT,2021-03-02,2021-03-04,-1,3,-1.7627205746489207,-10.474771662675659,-6.418560377156398,0.9901358015442874,-3.1176075956563793,0
LTCUSDT,2021-03-07,2021-03-09,-1,3,-9.61411027332,-2.0642243050153892,-2.0013122504790144,1.0643784543558423,-11.862947771397337,0
LTCUSDT,2021-03-11,2021-03-13,1,3,2.0536366068029523,6.486720890139306,1.068174122200935,0.36533966956202457,12.466343801487856,1
LTCUSDT,2021-03-16,2021-03-18,1,3,7.197081901846582,5.438227633602157,0.9915331226230624,-0.8874515942947276,-0.8436911112219,0
LTCUSDT,2021-03-30,2021-04-01,-1,3,-6.066900832303652,-0.28045167748821237,-0.6145849572305152,0.8903981839815839,-5.112744541372027,0
LTCUSDT,2021-04-02,2021-04-05,1,4,4.616412065279003,8.7597754444436,1.8757610635607767,1.018784876609618,8.778743961352653,1
LTCUSDT,2021-04-08,2021-04-10,1,3,0.91955502320032,13.969031633702292,3.8009150286456013,-0.0260620113219856,16.623510614015057,1
LTCUSDT,2021-04-20,2021-04-22,1,3,2.471461008935747,5.829385233090158,0.6065089836553206,-2.1137134593576263,-3.797352513581753,0
LTCUSDT,2021-04-23,2021-04-25,-1,3,-0.8550360651299506,-4.778064742708206,-4.361601512075151,-1.7074536745859348,10.934653465346534,1
LTCUSDT,2021-04-28,2021-04-30,-1,3,-7.933223530671357,-0.12768480975737145,-3.746002495439443,1.117793577979187,-4.773099280132431,0
LTCUSDT,2021-05-19,2021-05-21,-1,3,-15.386334642503321,-40.560318026115354,-15.772437544024092,-6.7237549505662795,38.38154976529016,1
LTCUSDT,2021-05-26,2021-05-29,-1,4,-0.28199497699529463,-26.31461964474245,-12.541320188659668,3.832714195998296,10.347714410100128,1
LTCUSDT,2021-05-31,2021-06-02,-1,3,-2.3327428388089357,-16.02408884997186,-3.4394188746680783,2.5804646779021,-10.153093660195879,0
LTCUSDT,2021-06-24,2021-06-27,-1,4,-14.053895508568933,-15.046191818351105,-1.2895243495687119,0.574616198422568,-3.11107668474051,0
LTCUSDT,2021-07-25,2021-07-29,1,5,5.197572530247941,0.9511610806707963,1.6722668959280842,0.49035360614286283,11.862878006190968,1
LTCUSDT,2021-08-02,2021-08-04,1,3,8.783464456911256,9.887119845761545,3.0274171777466488,-0.38383410864693523,1.2107191219442597,1
LTCUSDT,2021-08-08,2021-08-10,1,3,2.8332678460658993,10.027343290603314,2.2415977153663693,-0.2786458725819192,5.667213955874817,1
LTCUSDT,2021-08-23,2021-08-25,1,3,6.641264537864426,10.561290246296085,0.6235430372247013,0.03620431223008147,-4.789220590608356,0
LTCUSDT,2021-08-26,2021-08-29,-1,4,-0.5864439801995429,-3.2799460167140624,-1.702967883169574,-0.9482891106623512,1.540928270042186,1
LTCUSDT,2021-09-03,2021-09-05,1,3,4.185180331082917,19.258680424267386,1.1595073116862746,2.2687522385416,26.27757774140751,1
LTCUSDT,2021-09-10,2021-09-13,-1,4,-1.0651902809037395,-6.147829297941566,-2.8031489323592567,-1.1593355170593878,0.2094182825484684,1
LTCUSDT,2021-09-16,2021-09-18,-1,3,-3.0785535378430886,-0.9731579510212776,-1.85012476671523,0.24024312062906095,3.621164021164014,1
LTCUSDT,2021-09-23,2021-09-27,-1,5,-8.823072393292096,-10.009333992203366,-3.6822333368358144,0.5812181688063784,9.76109045848823,1
LTCUSDT,2021-10-02,2021-10-04,1,3,4.017393109887379,3.075796411570866,0.8707419446253901,1.3050510544701632,0.3821901323706415,1
LTCUSDT,2021-10-07,2021-10-14,1,8,0.5798596293986344,10.608781817055798,3.5160022396449007,0.22363818821943404,1.1686274509804089,1
LTCUSDT,2021-10-17,2021-10-19,1,3,2.703233944472446,6.706165955098596,1.8219793574724283,-0.3353030648133384,1.1053763440860291,1
LTCUSDT,2021-10-27,2021-10-29,-1,3,-1.6316062525698984,-3.8373870370866823,-0.6278884294144902,-1.3011398019858431,0.05546558704453454,1
LTCUSDT,2021-11-05,2021-11-07,1,3,1.0778489258776558,2.3095519777789253,0.25945629290747796,-0.31199543308265554,-0.6961500493583347,0
LTCUSDT,2021-11-20,2021-11-22,-1,3,-17.910999089766666,-0.9715096605174082,-4.587383587702915,-0.00012078444546759215,3.638549793483259,1
LTCUSDT,2021-11-26,2021-11-28,-1,3,-3.401932303495825,-15.878610729023393,-5.450021151470178,-0.9837296715346948,10.097981157469714,1
LTCUSDT,2021-12-07,2021-12-09,-1,3,-0.0914657034640492,-18.619857157227635,-6.07517427057448,0.37209810274830435,5.799628022318659,1
LTCUSDT,2021-12-12,2021-12-14,-1,3,-1.5120301065565664,-13.56346833378635,-2.8793244027728715,1.079093086149605,4.4101265822784725,1
LTCUSDT,2021-12-16,2021-12-18,-1,3,-6.775285800298052,-13.165184429217081,-0.8573262381268982,0.45183903631802913,2.855208333333337,1
LTCUSDT,2022-01-10,2022-01-12,-1,3,-3.689198679738235,-13.403614457831333,-1.0597941112377498,-0.1562395076108043,-8.803361344537809,0
LTCUSDT,2022-01-25,2022-01-30,-1,6,-4.594254167112585,-17.52735062351772,-2.687831969571393,-0.0603763426220052,0.4219178082191858,1
LTCUSDT,2022-02-15,2022-02-17,1,3,3.9106880298204296,8.234906786287523,1.4683817069812601,0.038478645014216495,-7.06131621187801,0
LTCUSDT,2022-02-19,2022-02-21,-1,3,-4.013385556904106,-6.424694158632417,-0.8633606198848852,-0.3725297738677223,10.130896431679727,1
LTCUSDT,2022-02-23,2022-02-25,-1,3,-0.5427298377124121,-13.994288045695628,-2.1459548997697566,-0.021711659153785146,-2.0759776536312775,0
LTCUSDT,2022-03-01,2022-03-03,-1,3,-3.4851195000721495,-3.0088800758686167,-0.0008695730613093033,0.4808437052351282,1.3590149516270915,1
LTCUSDT,2022-03-14,2022-03-16,1,3,2.7125655842858873,0.047370914258642496,0.6176339950100527,0.20774251913767117,9.137856440511305,1
LTCUSDT,2022-03-22,2022-03-24,1,3,4.127410362506735,13.853577062262218,2.2782358654273045,0.33839113789740005,8.651724137931026,1
LTCUSDT,2022-03-26,2022-04-03,1,9,0.9168894277454049,11.712840710737138,2.174372940586069,-0.19120571581146395,3.4740920096852257,1
LTCUSDT,2022-04-14,2022-04-20,-1,7,-2.071687862344457,-9.73332211659797,-1.9821174519014653,0.2354431406386417,-1.6669683257918506,0
LTCUSDT,2022-04-25,2022-04-29,-1,5,-1.2569624424892394,-4.129049997708625,-0.5583407115731709,0.01959376199773777,3.615296367112797,1
LTCUSDT,2022-05-04,2022-05-06,1,3,4.9402340557013895,1.1465816642085715,0.3021828364013315,0.5718973650552144,-3.116297786720323,0
LTCUSDT,2022-05-15,2022-05-17,-1,3,-0.7045264167951824,-19.63634322913744,-2.2116783722837337,0.6187451781992852,-6.640928882438302,0
LTCUSDT,2022-05-30,2022-06-01,1,3,2.2435074332375176,1.8798378179137358,0.9855332778460326,0.44260183897366545,-1.8150943396226356,0
LTCUSDT,2022-06-23,2022-06-25,1,3,24.073405424052545,3.039994084535697,1.3698254197914963,0.29102343402452036,12.54839823518128,1
LTCUSDT,2022-06-29,2022-07-01,1,3,0.47532431356999266,3.3639497044268434,1.132083233252286,-0.18188933611395042,-3.2283978739559682,0
LTCUSDT,2022-07-09,2022-07-11,1,3,1.561177670665467,1.660511403681877,0.4837636201918327,0.18911885304372467,-5.541187925998059,0
LTCUSDT,2022-07-19,2022-07-23,1,5,0.18744484963270341,10.857952478508109,1.1527747533879005,0.08803473590397859,-4.2907849829351585,0
LTCUSDT,2022-07-31,2022-08-02,1,3,2.9826583786541057,6.255447059032786,0.5347759584731309,-0.12175217305443486,-4.322542204568036,0
LTCUSDT,2022-08-08,2022-08-10,1,3,1.9185841961500079,6.204147406810553,0.2147424995893672,0.06310122399101803,0.4019639934533584,1
LTCUSDT,2022-08-14,2022-08-16,1,3,3.6941623986701653,4.239582645446762,0.14257828079545165,-0.01791736754704365,-4.271473354231969,0
LTCUSDT,2022-08-18,2022-08-20,-1,3,-2.379230718618979,-1.366441254529478,-0.35845190807398586,-0.10468534537986418,10.208063450099147,1
LTCUSDT,2022-08-23,2022-08-26,-1,4,-3.882795678531734,-4.840497803562659,-0.7797567810044298,0.12461452784059002,7.534288710241177,1
LTCUSDT,2022-08-28,2022-08-31,-1,4,-5.543202297841795,-8.324751115688308,-0.7569887468695194,0.04851427557886612,-1.9657423127711788,0
LTCUSDT,2022-09-02,2022-09-04,1,3,1.4200338434535404,7.2681704260651765,0.32356607812677485,0.4375563059984804,5.365890934352202,1
LTCUSDT,2022-09-12,2022-09-14,1,3,0.8569565212097616,6.545852210592096,0.635377138345599,-0.06369575052078491,-3.585328185328185,0
LTCUSDT,2022-09-17,2022-09-21,-1,5,-3.558023706731043,-1.0937326298326449,-0.26183873274873476,-0.018306568009508917,8.286327077747991,1
LTCUSDT,2022-09-23,2022-10-02,-1,10,-3.3506890831541973,-3.60814844554611,-0.552775960472786,0.24818122166034573,2.8667537801008063,1
LTCUSDT,2022-10-03,2022-10-05,1,3,1.7183357571506532,0.3417584351353602,0.0748095445330037,0.13330846285634657,5.022616750289477,1
LTCUSDT,2022-10-09,2022-10-11,1,3,2.6531565616157495,1.047027173963991,0.17193814296901944,0.041317262110334596,-1.8396666035233928,0
LTCUSDT,2022-10-13,2022-10-15,-1,3,-4.381994677986784,-3.824437250621101,-0.06522013954174577,-0.08227199675173347,3.1228795711277018,1
LTCUSDT,2022-10-19,2022-10-21,-1,3,-1.2900226326739046,-3.0720490157836275,-0.0057395456050817195,-0.015942775680670485,0.043501735441564895,1
LTCUSDT,2022-10-28,2022-10-30,1,3,2.588496796072346,4.2897020565503885,0.542276344518625,-0.04576497189489681,0.6958904109588996,1
LTCUSDT,2022-11-01,2022-11-03,1,3,2.679216738203143,3.5237531587896593,0.338211323868005,-0.07954479601805786,12.015924377385945,1
LTCUSDT,2022-11-09,2022-11-11,-1,3,-1.1486057425320504,-12.48489034709032,-0.3010253245898391,-1.012794428939349,-6.747284676582499,0
LTCUSDT,2022-11-13,2022-11-15,-1,3,-7.052508186490523,-3.3507976886403146,-0.5444376895219443,-0.21101178473095628,2.8198865532198862,1
LTCUSDT,2022-12-06,2022-12-08,1,3,6.151983734675072,9.088426083987713,0.1128422153153732,-0.04738490999872802,-2.7943135054246167,0
LTCUSDT,2022-12-12,2022-12-15,-1,4,-0.6408791136897467,-1.1142964625303151,-0.8045008537203224,-0.07193252840185371,4.933333333333334,1
LTCUSDT,2022-12-21,2022-12-23,-1,3,-2.720325507797598,-10.841484611976416,-1.7926501509948092,0.2140584197784694,-0.7051106025934392,0
LTCUSDT,2022-12-27,2022-12-29,-1,3,-1.932034326765154,-2.244239926544377,-0.11126866396854584,0.1425873597519609,5.42085334840351,1
LTCUSDT,2022-12-31,2023-01-02,1,3,2.2337856522931574,2.5026487888641347,0.17990136222661723,0.2191923791119943,9.608831321754474,1
LTCUSDT,2023-01-05,2023-01-08,1,4,1.4823317053840694,8.244830124864222,0.9925687239201391,-0.06765743976823546,3.8671614100185714,1
LTCUSDT,2023-01-20,2023-01-22,1,3,1.521393137552332,11.044144598467422,0.32199442963574354,0.19005493317546573,3.601900011875081,1
LTCUSDT,2023-01-31,2023-02-02,1,3,0.7419756104130135,6.562622104184261,0.09623887353030902,0.1013921992636253,7.556659735142812,1
LTCUSDT,2023-02-04,2023-02-06,1,3,1.1736866182968662,8.50791972330536,0.5647170039288838,-0.11722535418215507,-4.335509713599029,0
LTCUSDT,2023-02-09,2023-02-12,-1,4,-5.068071300381254,-1.5702775386688257,-0.4982678862701757,-0.5552714439138828,6.362749445676263,1
LTCUSDT,2023-02-21,2023-02-24,-1,4,-10.935156288186757,-3.1506997826569587,-0.676409952666905,-0.2596111213296157,4.135974973931189,1
LTCUSDT,2023-02-26,2023-02-28,-1,3,-0.8424014604929945,-0.6206644760861617,-0.8242308691390281,0.17594965396671802,-1.097799248523867,0
LTCUSDT,2023-03-02,2023-03-04,-1,3,-1.9378580962204703,-0.2650467621950141,-0.34027933228280993,0.05572423313261998,8.231622008590712,1
LTCUSDT,2023-03-13,2023-03-15,-1,3,-2.259882685083315,-7.014439815079045,-1.5463645903325078,0.7337504799010279,-0.6229215840545473,0
LTCUSDT,2023-03-26,2023-04-04,1,10,2.521727515048668,12.733905942328347,1.9575963396789988,0.02467834349450415,0.7803278688524488,1
LTCUSDT,2023-04-08,2023-04-10,-1,3,-2.182926405344572,-0.2728603753494047,-0.045160822702456915,-0.17620440689704964,-3.90993377483444,0
LTCUSDT,2023-04-11,2023-04-16,1,6,1.7241377290517022,2.753694312667,0.13833532015722638,0.1096426527274903,6.2432075069311255,1
LTCUSDT,2023-04-20,2023-04-22,-1,3,-2.6386458741718584,-3.7304195654957484,-0.35696779419551006,-0.47245519403165015,3.4355255885929026,1
LTCUSDT,2023-04-24,2023-04-27,-1,4,-4.615102102845822,-4.57151193261328,-1.2326218600746677,0.08651769094796657,-3.835158501440916,0
LTCUSDT,2023-05-12,2023-05-14,-1,3,-0.3058866506514224,-6.467083272780119,-0.7235882155503193,0.11320857183983746,-3.6393669634025683,0
LTCUSDT,2023-05-15,2023-05-17,1,3,0.37350226305202094,1.9351130037951483,0.18320886065653097,0.45957777431520475,12.031137724550888,1
LTCUSDT,2023-05-20,2023-05-23,1,4,5.142730513429333,7.681731855942772,1.4000670479451398,0.026645913315147318,-0.5089324618736343,0
LTCUSDT,2023-05-30,2023-06-04,1,6,2.763913839156739,4.36760022400851,0.35811559574377105,0.1064644180844383,3.264979088707909,1
LTCUSDT,2023-06-19,2023-06-21,-1,3,-1.0987324423702847,-7.804709718107067,-0.7118785748577845,0.2940672558100754,-10.582666148464837,0
LTCUSDT,2023-06-24,2023-06-28,1,5,0.7849622028793021,9.217302377676862,1.6140346391800267,0.22920343805761179,-9.429147490685963,0
LTCUSDT,2023-07-07,2023-07-09,1,3,1.6904815914124016,5.8980799706767035,0.6224089540060405,-0.5178607109376205,-0.5784776902887142,0
LTCUSDT,2023-07-19,2023-07-23,-1,5,-0.6869064871011861,-7.079400192932228,-1.3166411746566618,0.02605191617833791,-2.147487986020091,0
LTCUSDT,2023-08-01,2023-08-03,1,3,3.906533084599858,1.1222045803170049,0.08670746074028235,0.12260722684718045,-10.94399653229302,0
LTCUSDT,2023-08-08,2023-08-10,-1,3,-1.401012474760192,-5.874694143264412,-0.8645611974152305,0.19780375469534062,-1.1879742999151506,0
LTCUSDT,2023-08-13,2023-08-15,-1,3,-0.14011908165920253,-5.68839870597852,-0.24563956578836166,0.017675498034057657,4.6437282856115925,1
LTCUSDT,2023-08-24,2023-08-26,-1,3,-0.9023709387259111,-13.762967787384781,-0.8019550778742657,0.23630432716784622,0.5597806215722038,1
LTCUSDT,2023-09-17,2023-09-19,1,3,0.5227808632884267,0.03148118998896413,0.9119744306895621,-0.051900421738062974,2.506087488528608,1
LTCUSDT,2023-09-28,2023-09-30,1,3,1.5129311524206066,2.297417072577651,0.3710850259804239,0.0480792981211442,3.4407051786557563,1
LTCUSDT,2023-10-03,2023-10-05,1,3,0.8586990520667556,0.6817151245455877,0.4286358922607469,-0.09929015680940706,-2.1735334242837685,0
LTCUSDT,2023-10-08,2023-10-10,1,3,2.62147628049799,0.2854774841145702,0.1370134987202187,-0.026040213576144416,-3.211306340718112,0
LTCUSDT,2023-10-14,2023-10-17,-1,4,-0.13707338427908541,-4.174668957848994,-0.3852498787653653,0.014886093444175963,-1.195712893796696,0
LTCUSDT,2023-10-28,2023-10-30,1,3,0.6793420623355708,5.399937752878927,0.6075378071528887,-0.09829597316314898,2.9139274518584783,1
LTCUSDT,2023-11-06,2023-11-08,1,3,2.1376242184772254,9.663689183118914,0.5238835988304777,0.17800608616404667,1.6530726256983157,1
LTCUSDT,2023-11-10,2023-11-12,1,3,0.29261244291150507,4.579640650197661,0.34419016900748156,-0.09293555786907759,1.022186103210077,1
LTCUSDT,2023-11-14,2023-11-20,-1,7,-0.8236119180456584,-0.6283731959778491,-0.20977975679058503,-0.24202584346985656,1.8362869198312097,1
LTCUSDT,2023-11-23,2023-11-25,-1,3,-1.3124601983260593,-2.88305029095963,-0.6979129484848802,0.12161963650387875,-5.014264919941769,0
LTCUSDT,2023-12-06,2023-12-08,1,3,0.1551486742185352,2.6102482711710673,0.2936286150098442,-0.06493040789763965,5.195910680656435,1
LTCUSDT,2023-12-11,2023-12-13,1,3,0.43542352356604613,0.6718847405970761,0.32591203543854763,-0.3205595405010546,-5.660430163254738,0
LTCUSDT,2023-12-15,2023-12-17,-1,3,-0.28088432467885377,-2.316421528122076,-0.32837198696045666,-0.19015191118231356,1.9995612230906294,1
LTCUSDT,2023-12-23,2023-12-25,-1,3,-1.96896817704263,-0.7167034382579806,-0.16907717661042015,0.08524817466674639,1.4483283500951298,1
LTCUSDT,2023-12-27,2024-01-01,1,6,1.8338226868375873,4.202095562016557,0.22688134673585308,0.24474766540771803,1.6207536865101129,1
LTCUSDT,2024-01-03,2024-01-10,-1,8,-0.343974551158651,-9.638011870052704,-0.5102517443136332,-0.5562269985786342,3.5331232013156133,1
LTCUSDT,2024-01-19,2024-01-21,1,3,1.2417517855135543,2.8018515581063523,0.18743984823257265,0.13579099331924005,4.944295991778014,1
LTCUSDT,2024-01-26,2024-01-28,-1,3,-0.1411845665851622,-2.669511823368025,-0.3357841622533104,0.0664258703630708,-4.7511450381679365,0
LTCUSDT,2024-01-31,2024-02-02,-1,3,-1.5813759384958115,-2.956653196499683,-0.03211848407873019,-0.03702455946936378,-1.25964132206906,0
LTCUSDT,2024-02-03,2024-02-08,1,6,1.6377176457166187,0.7799055325692927,0.1555963854171657,0.09069739733903592,3.244379132990449,1
LTCUSDT,2024-02-14,2024-02-16,1,3,0.32849604277675243,1.3803469383309568,0.28476086022554786,-0.10718090697400523,1.9488473249238862,1
LTCUSDT,2024-03-18,2024-03-22,-1,5,-2.975472390658647,-2.2254774916896665,-1.2446192842435924,-0.19366995065409576,2.5442569533341124,1
LTCUSDT,2024-03-30,2024-04-01,1,3,4.216724803595065,12.249909951209927,1.412651348725345,0.14002795583262895,-9.440894920227393,0
LTCUSDT,2024-04-12,2024-04-25,-1,14,-1.0333447206307589,-12.4415760109448,-1.6293242008187274,-0.8324219743516119,14.785260174124314,1
LTCUSDT,2024-04-26,2024-04-28,1,3,6.751912532031435,1.5433201553693465,0.3131558902580469,0.3869208316949897,-0.14934351873956386,0
LTCUSDT,2024-05-15,2024-05-17,1,3,2.882641858748326,0.8390000489212768,0.28452209069225187,0.15456605554414726,6.3902018022591545,1
LTCUSDT,2024-05-20,2024-05-22,1,3,4.931757288071709,8.245408362641651,0.8762949708384729,0.33599422632614306,3.7019417475728122,1
LTCUSDT,2024-05-24,2024-05-26,1,3,0.39180534635111575,2.499170962587809,0.6231608272336516,-0.1526487933645424,-2.213926272674071,0
LTCUSDT,2024-05-31,2024-06-03,-1,4,-1.407364278403372,-0.8218165781679552,-0.07982704344666944,-0.08711575640237632,1.4952854773750417,1
LTCUSDT,2024-06-07,2024-06-11,-1,5,-4.256436218486457,-5.0102837362859,-0.2510003515276171,-0.25257803661486866,7.760114027794285,1
LTCUSDT,2024-06-13,2024-06-17,-1,5,-0.725647750174164,-3.867758958881149,-0.5462295188338804,0.09211518344253677,2.0331210191082754,1
LTCUSDT,2024-06-30,2024-07-02,1,3,1.9369765390468605,0.4709366703576643,0.35932751980707067,0.1959544103128712,1.0543028685790605,1
LTCUSDT,2024-07-09,2024-07-11,-1,3,-0.838390075345139,-7.556839095104628,-0.6025011079197342,0.17705567320436089,-4.158471965495991,0
LTCUSDT,2024-07-14,2024-07-16,1,3,0.7047842785746035,0.6368968371055517,0.6270777376708536,0.16128240102567126,4.4553423087940525,1
LTCUSDT,2024-07-26,2024-07-28,1,3,4.098280496177215,1.8663352546658376,0.21982974377961878,-0.0333268295732318,2.9144352376798692,1
LTCUSDT,2024-08-01,2024-08-03,-1,3,-0.6114619254793991,-2.7889336676607988,-0.04205972384700549,-0.12897958582706393,7.427202737382366,1
LTCUSDT,2024-08-12,2024-08-14,-1,3,-2.9829943976409417,-5.794048941140426,-0.3026042316110833,0.25460137380681713,-7.649288464758097,0
LTCUSDT,2024-08-23,2024-08-25,1,3,0.6170221681371971,5.325217502151118,0.520919033339895,0.042404184652756305,1.2465422612513604,1
LTCUSDT,2024-08-27,2024-08-29,-1,3,-0.49020427878821005,-5.446459331642062,-0.052576017114048024,-0.30094977394198363,0.45700682431359974,1
LTCUSDT,2024-09-02,2024-09-04,1,3,3.517866187133879,1.0854344445561876,0.22811005810149887,0.0993599209993532,2.477810976568651,1
LTCUSDT,2024-09-11,2024-09-13,-1,3,-2.4504883427713704,-2.143896778254195,-0.20878305189759272,0.04855772469862407,-5.927556494878883,0
LTCUSDT,2024-10-01,2024-10-03,-1,3,-0.9811004026676043,-4.193516706831569,-0.12911108514265734,-0.3949983991802517,4.658365758754856,1
LTCUSDT,2024-10-11,2024-10-13,-1,3,-0.6777379050183546,-1.205926439240439,-0.22403311901598014,0.07705049149764295,-1.146268656716431,0
LTCUSDT,2024-10-21,2024-10-23,1,3,2.084276653715936,4.515414436034691,0.6690125574513928,-0.28900502370654313,-6.133512786002681,0
LTCUSDT,2024-10-26,2024-10-28,-1,3,-0.4352265911556739,-0.6363511032746392,-0.2750208893089723,-0.1675319222182141,-3.2471818710052114,0
LTCUSDT,2024-10-29,2024-10-31,1,3,1.2273885435977265,5.764282038085429,0.024043357271178678,0.21507176499670866,-2.4762711864406812,0
LTCUSDT,2024-11-02,2024-11-05,-1,4,-1.9449846629518233,-2.4410875281081,-0.3300289644936427,-0.10093123012617711,6.544642094777286,1
LTCUSDT,2024-12-10,2024-12-12,-1,3,-1.7197893219380977,-2.016776726753517,-1.3218701096337835,-1.5101733866590052,-8.368127490039834,0
LTCUSDT,2024-12-16,2024-12-19,-1,4,-2.099768123858217,-1.5256472316346368,-2.2048192336902055,-0.1560780382680509,17.558880356700524,1
LTCUSDT,2024-12-21,2024-12-24,-1,4,-2.098778555157571,-15.815998773214634,-4.085279549943266,-0.07404746698360132,-7.275123298480968,0
LTCUSDT,2024-12-26,2024-12-28,-1,3,-1.9336578863779874,-9.95093678155857,-2.165510514571798,0.00544188467955653,7.868075031870337,1
LTCUSDT,2025-01-01,2025-01-03,-1,3,-4.99280756707343,-2.2301085557945273,-0.8549299737690497,0.49957248589468595,-9.530518977536783,0
LTCUSDT,2025-01-04,2025-01-06,1,3,5.021543336119805,5.012676874265246,0.6318595169576418,0.3733028460165051,0.7534025374855927,1
LTCUSDT,2025-01-10,2025-01-13,-1,4,-2.8888304243112994,-1.1707219689803805,-0.2791600879234648,-0.05240483159151488,3.3757996674166124,1
LTCUSDT,2025-01-19,2025-01-21,1,3,0.5264476916056074,4.845367371562832,2.215082223450481,-0.8030452844347953,-5.415948963317385,0
LTCUSDT,2025-01-24,2025-01-26,1,3,3.3949282668624363,5.276693863071988,0.38734490977135216,-0.12523751999083554,0.19268166981618629,1
LTCUSDT,2025-01-30,2025-02-01,1,3,2.1488179823157036,11.85163222598929,0.20183144046587076,0.9387392487007546,1.4464193270060437,1
LTCUSDT,2025-02-08,2025-02-10,-1,3,-0.7615773942118849,-8.018608901169861,-2.0486743255998023,0.30525558080846604,-16.9842304335176,0
LTCUSDT,2025-02-17,2025-02-19,1,3,0.360567212607395,5.247306646473672,1.636972087087944,-0.5149646321323056,6.894566860233864,1
LTCUSDT,2025-02-21,2025-02-23,1,3,0.7851765546170363,8.761637113104467,1.2758424148655845,-0.434159411697399,-1.1414768384039093,0
LTCUSDT,2025-02-24,2025-02-26,-1,3,-6.832137197818391,-4.716836236991641,-0.49291091684539934,-1.1175489468132733,3.5815171351559427,1
LTCUSDT,2025-03-01,2025-03-03,-1,3,-3.1006533888793237,-0.8466836561738476,-0.4752783906054203,-0.069395863922876,13.775257731958757,1
LTCUSDT,2025-03-05,2025-03-08,-1,4,-4.78336040563802,-15.042567948504734,-2.7847424561432503,-0.45247920843730993,0.8733937873818157,1
LTCUSDT,2025-03-25,2025-03-27,1,3,1.7928756578804896,1.0754531042461015,1.1258152329934283,0.2073396405807566,-1.4451103764530178,0
LTCUSDT,2025-04-06,2025-04-08,-1,3,-1.173777226685355,-19.452064169171184,-0.5673523611353053,-0.7130784534103043,15.95417926696504,1
LTCUSDT,2025-04-10,2025-04-12,-1,3,-0.23965069169859088,-11.880230656272005,-0.543551379245371,0.20394100280999083,-3.8065500460344737,0
LTCUSDT,2025-04-20,2025-04-22,1,3,4.425959142216253,0.9322512212685701,0.976089011763186,0.1541546232498785,9.310906701708287,1
LTCUSDT,2025-04-29,2025-05-01,1,3,0.36436891116073833,7.145316696613587,1.500009602052007,-0.184508629506543,3.311917824209165,1
LTCUSDT,2025-05-09,2025-05-11,1,3,2.3292159994020807,16.28942786573268,1.5023680354201252,0.48268775809885334,5.000568480892742,1
LTCUSDT,2025-05-18,2025-05-20,1,3,6.374544822348172,7.00050881953867,0.04812916761075492,-0.05292238485798251,-2.0656256506350275,0
LTCUSDT,2025-05-25,2025-05-27,-1,3,-0.8324868532200883,-2.574241281617523,-0.9857293748292326,-0.0538179558391545,-0.6823381783959134,0
LTCUSDT,2025-05-29,2025-05-31,-1,3,-0.9077166741007112,-5.1481138507565944,-1.0398124808636897,-0.09122644282477976,8.344888329663414,1
LTCUSDT,2025-06-02,2025-06-05,-1,4,-3.392211278783128,-5.932791122880035,-1.4523901001722237,0.19036582342485175,5.041792057925109,1
LTCUSDT,2025-06-07,2025-06-09,-1,3,-6.619533768356018,-4.180636481017322,-0.8698931587324729,0.263042678065437,-4.3885386819484395,0
LTCUSDT,2025-06-11,2025-06-13,1,3,0.19844142644464047,0.8370044052863493,0.23211441699729685,0.16153316551440455,-7.664545162327229,0
LTCUSDT,2025-06-14,2025-06-21,-1,8,-1.4250580662595649,-4.686774422755226,-0.2737746681947488,-0.14259474742393818,6.902137492778737,1
LTCUSDT,2025-06-23,2025-06-25,-1,3,-0.19093099607669714,-1.4639410942132818,-0.29530114224327164,0.3002313517577049,-5.9604039396583985,0
LTCUSDT,2025-06-28,2025-06-30,1,3,0.2312493495723084,0.7094350190193975,0.4106760787383834,0.160049371151205,0.9792290463279455,1
LTCUSDT,2025-07-03,2025-07-06,1,4,2.5519849398897456,4.84193677470989,0.6926675932812347,0.1760218602832515,-0.36564360971140764,0
LTCUSDT,2025-07-08,2025-07-10,1,3,1.1314857567139414,2.787262578993923,0.43919839017035256,0.0052707151161278665,9.826612434631032,1
LTCUSDT,2025-07-31,2025-08-02,-1,3,-8.325726953566884,-1.1239934387116044,-1.0581689843209974,-0.4354670261617928,3.5909502262443382,1
LTCUSDT,2025-08-18,2025-08-21,-1,4,-2.6519848707646374,-0.7144814213754503,-1.1051540545497716,-0.3247234472741356,4.5291690829260105,1
LTCUSDT,2025-08-24,2025-08-26,-1,3,-4.229740097278332,-2.223729710948231,-0.9651137600834132,-0.016159129091501523,6.162371346233019,1
LTCUSDT,2025-09-01,2025-09-05,-1,5,-0.45232016999308416,-6.4189072881881195,-1.4028158589601059,0.0595311162910892,-3.3020112039673144,0
LTCUSDT,2025-09-10,2025-09-16,1,7,6.223940082410984,3.8207006088414355,0.4016164705495393,0.3647266327083939,2.3787705503931282,1
LTCUSDT,2025-09-26,2025-09-30,-1,5,-2.375862381166437,-7.2883505218632845,-1.3512913561779387,0.06673839748651056,-4.8974579585451705,0
LTCUSDT,2025-10-06,2025-10-09,1,4,1.005120893260943,5.686264001286243,1.5059767351404445,-0.14009846040882068,5.531846865797241,1
LTCUSDT,2025-10-10,2025-10-12,-1,3,-5.435260654537336,-13.27622167915426,-0.27686236028751443,-1.7321028325086718,20.982049245432886,1
LTCUSDT,2025-10-26,2025-10-29,1,4,0.2480647632039882,1.2527522587502817,0.7730715485521911,0.44882225318507274,1.2087449726719606,1
LTCUSDT,2025-10-31,2025-11-02,1,3,1.9684060098068243,0.012582837010318405,0.693391790176336,-0.06727924227939353,6.05679408930293,1
LTCUSDT,2025-11-07,2025-11-09,1,3,7.1655185743309975,7.559919755041703,0.3989147265274724,0.9070387614619673,26.393103448275856,1
LTCUSDT,2025-11-11,2025-11-14,1,4,2.1244186291591727,2.566740923285883,1.6262512310133797,-0.3913220991762485,-6.682973621103116,0
LTCUSDT,2025-11-17,2025-11-20,-1,4,-0.2862028891936528,-5.975463347022063,-0.2113910639963238,-0.520552995936777,8.525775133103675,1
LTCUSDT,2025-11-25,2025-11-27,-1,3,-2.8574084052709163,-9.498421792525399,-1.1783367484135794,0.24231967790561137,-1.7222560262110993,0
LTCUSDT,2025-12-10,2025-12-12,1,3,2.7043630848451055,0.96957138836155,0.682235955673888,0.07030154078361806,-4.909438359356788,0
LTCUSDT,2025-12-15,2025-12-17,-1,3,-0.6789457713458475,-6.276828575228823,-0.0006418255803226636,-0.21672648141696804,3.3360688956433515,1
LTCUSDT,2025-12-30,2026-01-02,1,4,3.37585082945469,0.9456053025553153,0.6355765970509202,0.037386783599734574,4.20929519918285,1
LTCUSDT,2026-01-08,2026-01-10,1,3,0.522160953180463,2.479109688315306,0.6839843449603524,-0.17551252816311835,-1.0363970138293928,0
LTCUSDT,2026-01-14,2026-01-16,-1,3,-3.7048328133244284,-4.10916072065086,-0.3686731879745839,-0.12704892404026918,3.386134561268872,1
LTCUSDT,2026-01-24,2026-01-29,-1,6,-2.5025472112806573,-9.58451838739833,-0.8189395819615912,0.14270778598126688,2.2884089907448173,1
LTCUSDT,2026-02-20,2026-02-22,1,3,7.049033583002247,0.15334222536771389,0.6780265145764535,0.13768410222937355,1.0800759013282595,1
LTCUSDT,2026-02-25,2026-02-28,1,4,6.7019077573237436,4.909064024841031,0.7061310465733901,0.2959710242422169,5.953861192570864,1
LTCUSDT,2026-03-02,2026-03-04,1,3,1.9414648088989679,0.948296578368496,0.654807622976425,0.006421882482703811,6.230353117956433,1
LTCUSDT,2026-03-11,2026-03-13,1,3,0.5467665711072421,1.0445573308010558,0.3322152860136818,0.0505704871706234,2.25453870428809,1
LTCUSDT,2026-03-15,2026-03-17,1,3,3.1074648815833656,3.1663091505784364,0.4567572387356159,0.06968356227660621,5.256602400873067,1
LTCUSDT,2026-03-20,2026-03-24,1,5,0.5139623909147701,1.8541185003853318,0.34988515190597286,-0.06757747817862209,1.11242347857401,1
LTCUSDT,2026-03-27,2026-03-29,-1,3,-1.659585198414465,-2.8659253232076556,-0.08127824599157776,-0.12529761510680054,1.9264334127129583,1
LTCUSDT,2026-04-01,2026-04-06,-1,6,-4.233690320174936,-2.5697191321427715,-0.17616839693703523,0.02765594005182026,0.3784986098239188,1
LTCUSDT,2026-04-09,2026-04-11,1,3,0.4233232132254928,0.6197661120743692,0.12266636343860249,0.03536723019540711,1.6574606116774864,1
LTCUSDT,2026-04-20,2026-04-22,1,3,2.0092740131227123,1.0206704115724885,0.10309102496393964,-0.02920998125702086,2.245209027007023,1
LTCUSDT,2026-04-24,2026-04-26,1,3,0.2342619095975178,2.767301313218523,0.17888735826395763,0.03479161150057819,-0.2754669987546695,0
LTCUSDT,2026-04-29,2026-05-04,-1,6,-1.2026275815537508,-0.12457347126684994,-0.000823761328754502,-0.053227087040090104,0.9462574044157294,1
LTCUSDT,2026-05-16,2026-05-20,-1,5,-2.0848149838654892,-1.0373974281005072,-0.08598024373507973,-0.14213029154128876,5.756521739130438,1
LTCUSDT,2026-06-20,2026-06-22,1,3,3.64904678514384,0.07528682031171809,0.45122695875232033,0.013505044191755022,0.7118674835489006,1
LTCUSDT,2026-07-02,2026-07-04,1,3,8.23279514549432,0.10691252715923476,0.3284461945932917,0.080401273469908,4.633949894638256,1
LTCUSDT,2026-07-08,2026-07-10,1,3,1.503951216688796,0.6211036978140229,0.3978385069781939,-0.09587519129246513,1.5813254383967306,1
LTCUSDT,2026-07-12,2026-07-14,1,3,2.074882618390436,1.4733347167462032,0.2669266757860556,-0.06229087470377409,1.3021276595744706,1
LTCUSDT,2026-07-16,2026-07-18,1,3,0.5468414968597837,2.098076857542068,0.24963534345623797,-0.017715694344436234,3.650464807436915,1
