timestamps,open,high,low,close,volume,amount
2018-06-01,14.1919,14.467,13.76,14.2888,2320553.13,32653012.969116
2018-06-02,14.2503,14.882,14.0,14.6732,2358996.4,34189301.515419
2018-06-03,14.6785,15.0254,14.2657,14.6995,2237218.88,32934034.525405
2018-06-04,14.666,14.743,13.59,14.2636,1575290.65,22251821.258586
2018-06-05,14.2635,15.711,14.1328,15.6156,2607589.16,38768714.54468
2018-06-06,15.6156,17.4767,15.23,17.275,3866321.8,63980353.44343
2018-06-07,17.2512,17.44,16.11,16.2791,3248655.04,54757849.326377
2018-06-08,16.28,16.6579,15.72,16.2292,2536838.57,41055574.700562
2018-06-09,16.2292,16.906,15.869,16.0188,2334912.18,38368117.183825
2018-06-10,16.0192,16.1199,13.4,14.18,2579153.65,37827121.595709
2018-06-11,14.18,15.48,13.6712,15.47,2472371.47,36064581.538948
2018-06-12,15.47,16.16,14.86,15.2263,3485152.76,53983333.335137
2018-06-13,15.2265,15.85,13.6924,14.5888,3148409.74,46815488.328284
2018-06-14,14.5794,15.2,14.0,14.867,2693075.27,39482057.010549
2018-06-15,14.867,15.65,14.602,14.9895,2572848.48,38907490.481165
2018-06-16,14.98,15.96,14.82,15.7602,2452263.98,38045736.412739
2018-06-17,15.7883,17.2,15.6951,16.5987,3238566.8,53502585.078729
2018-06-18,16.6105,17.1998,16.11,16.8111,2847219.22,47861779.314918
2018-06-19,16.8092,16.95,16.1288,16.7556,2118005.58,34963195.214421
2018-06-20,16.7395,16.85,15.6,16.0773,1951387.85,31306144.775948
2018-06-21,16.0768,17.38,15.865,17.0727,3562967.67,59369253.233247
2018-06-22,17.0726,17.25,15.16,15.56,3363308.98,54171930.631343
2018-06-23,15.55,16.0488,15.3123,15.6398,2104033.7,33027599.351465
2018-06-24,15.6024,15.749,13.3419,14.4174,3864116.26,55238298.522296
2018-06-25,14.4174,15.1532,13.76,14.92,2268298.4,33067739.395258
2018-06-26,14.8982,15.0098,13.83,14.0525,1400093.84,20048435.454461
2018-06-27,14.0525,14.3404,13.789,14.0737,1526745.8,21486064.57909
2018-06-28,14.0852,14.9,13.81,14.206,2386068.98,34330807.123393
2018-06-29,14.1312,14.7,13.734,14.5399,1801223.29,25496746.955655
2018-06-30,14.4847,15.1514,14.256,14.6851,2160868.78,31764133.058728
2018-07-01,14.7344,14.7499,14.09,14.37,1213411.44,17467526.242541
2018-07-02,14.3679,14.7502,14.01,14.5968,1895365.94,27317959.54243
2018-07-03,14.5968,14.81,14.0146,14.1639,1783569.17,25735997.901144
2018-07-04,14.17,14.2499,13.8502,14.0212,1077456.6,15117011.747177
2018-07-05,14.0212,14.1367,13.412,13.76,1167466.75,16099476.98922
2018-07-06,13.76,13.8143,13.1402,13.4366,957584.87,12814481.554086
2018-07-07,13.4366,14.3006,13.2799,14.16,2509657.78,34914778.132254
2018-07-08,14.1546,14.18,13.84,14.01,1788649.64,25039486.304264
2018-07-09,14.0096,14.0497,13.4588,13.5348,1072007.68,14806707.805538
2018-07-10,13.5382,13.6312,12.6171,12.77,1268037.08,16501887.034692
2018-07-11,12.77,12.87,12.1201,12.697,1676723.91,21058226.248708
2018-07-12,12.6899,12.7777,11.802,12.1318,1057562.76,12910599.589208
2018-07-13,12.1256,12.4299,11.904,12.1803,1104432.47,13548020.403462
2018-07-14,12.1772,12.2799,11.921,12.0595,700470.95,8467281.467104
2018-07-15,12.0677,12.399,11.93,12.321,978185.21,11950242.437808
2018-07-16,12.321,13.4295,12.1525,13.3471,1688449.26,21925857.290281
2018-07-17,13.3717,13.9,12.827,13.7398,2440273.66,32570276.184119
2018-07-18,13.7398,13.88,12.65,12.8574,2499594.95,33794147.781903
2018-07-19,12.8575,13.3776,12.7161,12.955,1659928.44,21603602.169188
2018-07-20,12.955,13.039,11.821,12.0798,1500770.49,18560112.926735
2018-07-21,12.0701,12.4933,11.8087,12.1959,962002.15,11713318.544765
2018-07-22,12.1655,12.35,11.9257,12.1885,717131.0,8743603.549702
2018-07-23,12.1594,12.4,11.9,12.0348,846080.31,10248756.149165
2018-07-24,12.0348,12.289,11.6358,12.1469,1470130.39,17678964.466903
2018-07-25,12.1469,13.5136,12.1111,13.0048,2387075.91,30990115.091859
2018-07-26,13.0448,13.6397,12.9008,13.3283,2048038.7,27045752.072738
2018-07-27,13.3435,14.0845,13.0383,13.9919,1868712.12,25531858.178457
2018-07-28,13.9902,14.8886,13.72,14.669,2191526.04,31740491.99232
2018-07-29,14.6415,14.7512,13.666,13.9569,1627537.9,22996010.777869
2018-07-30,13.9353,13.9724,13.0,13.1666,1214311.9,16318839.012266
2018-07-31,13.2057,14.1,13.001,13.8369,1908469.58,25968909.870792
2018-08-01,13.8384,14.1,13.1725,13.6666,1436158.78,19484025.286529
2018-08-02,13.6481,14.1999,13.364,14.15,1220345.44,16667767.04466
2018-08-03,14.1302,14.18,13.55,14.1251,1716106.24,23922598.174896
2018-08-04,14.1251,14.47,13.55,13.8663,1675328.62,23504937.17289
2018-08-05,13.8663,13.9499,13.2224,13.64,1181522.98,16025447.519181
2018-08-06,13.6407,13.975,13.4688,13.6998,1401653.22,19146597.274273
2018-08-07,13.6988,13.85,13.0735,13.1488,1138776.83,15401942.953135
2018-08-08,13.1486,13.1688,11.95,12.1489,1477830.56,18318248.31766
2018-08-09,12.1489,12.8769,12.0408,12.7654,1392084.49,17358341.580138
2018-08-10,12.7698,12.8249,11.6912,12.1472,1321748.93,16351283.756291
2018-08-11,12.1387,12.1666,11.3,11.6972,951206.61,11161621.548098
2018-08-12,11.69,11.8735,11.3503,11.7999,827641.8,9652628.11456
2018-08-13,11.7999,11.8899,10.11,10.2576,1263311.0,14186384.039565
2018-08-14,10.293,10.3285,8.5318,9.3999,1778627.02,16293912.252131
2018-08-15,9.3999,10.65,9.3328,9.5049,2056703.08,20575226.457214
2018-08-16,9.5048,10.0,9.3549,9.7888,1015018.47,9841969.122055
2018-08-17,9.7779,10.88,9.7008,10.88,1343630.43,13760725.793228
2018-08-18,10.8766,10.98,9.4518,9.8807,1129707.13,11487200.211686
2018-08-19,9.8807,10.2999,9.6501,10.1388,900659.79,9034520.161367
2018-08-20,10.1304,10.2081,9.5505,9.6377,675185.06,6634719.518377
2018-08-21,9.6377,9.8499,9.3526,9.7399,467018.57,4485427.987941
2018-08-22,9.7396,10.25,9.1803,9.5888,933905.05,9165730.019634
2018-08-23,9.5105,9.7881,9.3201,9.7587,652574.85,6249555.55177
2018-08-24,9.7475,10.2313,9.55,10.2038,782216.94,7724105.843198
2018-08-25,10.2037,10.3,9.9115,10.1058,679508.1,6865462.078839
2018-08-26,10.0997,10.2578,9.7298,10.2158,743828.68,7498417.685594
2018-08-27,10.2082,11.3135,10.1023,11.1888,1520413.76,16342711.984367
2018-08-28,11.169,11.5489,10.76,11.5188,1547932.24,17325480.930577
2018-08-29,11.5188,11.5188,10.7,11.1888,1152277.38,12816786.614576
2018-08-30,11.1547,11.1999,10.3501,10.7899,754752.58,8050603.708558
2018-08-31,10.7899,10.9935,10.5548,10.9899,823324.38,8904059.692226
2018-09-01,10.9897,11.57,10.9436,11.48,1044220.23,11858401.659005
2018-09-02,11.48,11.5043,11.07,11.3684,708884.77,8001144.011192
2018-09-03,11.366,11.48,11.046,11.3294,641282.32,7241099.573479
2018-09-04,11.3299,11.4494,11.2106,11.4217,630068.09,7161798.610399
2018-09-05,11.4399,11.5886,9.9,9.9664,1179038.29,12709076.726525
2018-09-06,9.9978,10.382,9.5349,10.2888,861725.78,8508375.033756
2018-09-07,10.2699,10.2994,9.63,9.9401,543939.79,5437853.871892
2018-09-08,9.948,10.1497,9.2715,9.5224,591172.18,5765529.187651
2018-09-09,9.511,9.7678,9.1535,9.5399,576769.81,5481832.397168
2018-09-10,9.4999,9.7381,9.25,9.508,410304.23,3907007.985042
2018-09-11,9.5078,9.6,9.1013,9.3688,776611.24,7292638.319121
2018-09-12,9.3796,9.4822,9.01,9.2081,717494.09,6586263.738557
2018-09-13,9.2081,9.7146,9.1994,9.5911,1020417.71,9707635.052138
2018-09-14,9.5911,10.0997,9.4809,9.9268,1066223.53,10431829.296773
2018-09-15,9.8842,10.242,9.84,10.0999,1111177.17,11217374.3255
2018-09-16,10.0626,10.1381,9.7,9.9399,796456.32,7871452.191645
2018-09-17,9.9281,10.0321,9.2542,9.3626,861322.4,8384256.232622
2018-09-18,9.3626,9.6533,9.22,9.5599,893224.31,8479042.454459
2018-09-19,9.531,9.7997,9.231,9.6399,980606.47,9381890.359499
2018-09-20,9.6204,10.08,9.5682,10.0388,1120353.35,10930645.339467
2018-09-21,10.0126,10.48,9.9091,10.48,1435072.62,14609742.49519
2018-09-22,10.4761,10.6,9.985,10.2911,856764.16,8803410.615031
2018-09-23,10.2534,10.4258,10.1025,10.2907,861934.49,8854976.308623
2018-09-24,10.3,10.3599,9.9082,10.0588,717884.93,7260639.486216
2018-09-25,10.0295,10.0583,9.3612,9.8745,670520.95,6467310.146931
2018-09-26,9.8498,9.9417,9.5514,9.712,664048.34,6476644.422157
2018-09-27,9.7286,10.1118,9.6364,10.0599,1097707.95,10874757.190832
2018-09-28,10.0599,10.28,9.8049,9.9911,1023374.46,10300532.419842
2018-09-29,9.9607,10.0773,9.72,10.0118,1033613.12,10290818.873204
2018-09-30,10.0,10.0761,9.8203,10.0172,1008085.64,10044300.565752
2018-10-01,10.0172,10.0761,9.85,9.9811,948775.1,9447959.535416
2018-10-02,9.9811,10.69,9.85,10.3711,1656057.34,16879602.915368
2018-10-03,10.3,10.49,10.0103,10.3136,1515533.08,15575635.988752
2018-10-04,10.2851,10.4393,10.201,10.2982,1396583.15,14416384.719748
2018-10-05,10.2735,10.77,10.227,10.6756,1625888.5,17155400.876299
2018-10-06,10.6622,10.75,10.3232,10.4289,1222752.32,12837946.637706
2018-10-07,10.4085,10.6,10.2602,10.5852,1287321.5,13442716.807221
2018-10-08,10.5852,10.6929,10.4938,10.5911,1241326.98,13139669.295376
2018-10-09,10.5909,10.6297,10.27,10.4113,1061689.04,11129170.348366
2018-10-10,10.4113,10.4351,10.22,10.3614,1024931.25,10626150.958079
2018-10-11,10.3877,10.3991,9.22,9.3599,1016540.93,9920124.528386
2018-10-12,9.3618,9.7497,9.2471,9.5551,1040252.28,9969773.604426
2018-10-13,9.5501,9.7299,9.5227,9.681,1060777.94,10217008.316968
2018-10-14,9.67,9.8,9.5101,9.5895,963458.08,9343646.069239
2018-10-15,9.5883,11.0,9.5106,10.5655,2340805.31,24403410.278389
2018-10-16,10.5509,10.571,10.1061,10.2771,1279998.81,13174396.94833
2018-10-17,10.2643,10.35,10.09,10.2338,1403015.56,14349325.147916
2018-10-18,10.2338,10.2856,9.81,9.922,1262694.44,12731504.183011
2018-10-19,9.922,9.9797,9.83,9.9001,1105829.66,10965218.636772
2018-10-20,9.9134,9.997,9.822,9.9365,1168946.63,11606230.136935
2018-10-21,9.9231,10.0272,9.87,9.9311,1194348.93,11904852.888886
2018-10-22,9.9123,9.98,9.81,9.8932,1037552.21,10252902.783188
2018-10-23,9.8801,10.0788,9.8099,9.9298,1217218.93,12076606.918577
2018-10-24,9.9209,9.99,9.8555,9.8837,1041867.67,10327342.770892
2018-10-25,9.8816,9.925,9.7502,9.8056,1005134.42,9866549.40137
2018-10-26,9.805,9.9121,9.75,9.8296,1023388.17,10042937.842636
2018-10-27,9.8297,9.8347,9.6972,9.7331,854497.86,8349812.958829
2018-10-28,9.7285,9.7638,9.6022,9.7207,838913.92,8136588.44204
2018-10-29,9.7207,9.7317,9.3748,9.445,788866.57,7525106.643176
2018-10-30,9.4516,9.5386,9.4003,9.4521,719748.66,6803212.351281
2018-10-31,9.4513,9.5546,9.2811,9.4807,707061.59,6671089.908958
2018-11-01,9.4837,9.66,9.4303,9.6192,791111.48,7528202.69593
2018-11-02,9.6106,9.7192,9.5467,9.6421,850927.5,8194490.466364
2018-11-03,9.6607,9.744,9.4888,9.5889,812589.61,7781309.311534
2018-11-04,9.588,9.8974,9.5,9.819,934579.3,9056755.741708
2018-11-05,9.8084,9.8294,9.6603,9.7333,836650.91,8131267.116155
2018-11-06,9.7509,9.8891,9.6703,9.881,887223.82,8677224.600936
2018-11-07,9.8718,9.9776,9.81,9.897,865071.56,8556329.625219
2018-11-08,9.897,9.9268,9.6503,9.686,798983.44,7826431.10844
2018-11-09,9.6868,9.7497,9.5169,9.6141,735975.45,7091790.464076
2018-11-10,9.6132,9.6896,9.5672,9.5898,782308.04,7533998.386684
2018-11-11,9.5898,9.621,9.35,9.5611,755404.21,7180788.710182
2018-11-12,9.5586,9.5891,9.331,9.4862,723363.63,6843645.615956
2018-11-13,9.4862,9.5891,9.3602,9.3936,658735.46,6227393.415766
2018-11-14,9.387,9.4453,8.3359,8.6811,672611.06,5964449.985309
2018-11-15,8.6896,8.7342,7.8,8.3793,822045.1,6802948.925313
2018-11-16,8.3793,8.4049,7.8,8.01,901842.25,7292373.45122
2018-11-17,8.0097,8.0192,7.6846,7.8494,752867.47,5865731.485472
2018-11-18,7.8493,8.166,7.8301,8.0832,604839.75,4838054.114957
2018-11-19,8.0833,8.0918,6.6453,6.6844,1052222.08,7512579.853245
2018-11-20,6.704,6.905,5.612,5.92,1624846.64,9912905.068409
2018-11-21,5.9419,6.323,5.6502,6.2894,842731.41,5084237.945527
2018-11-22,6.2896,6.3727,5.7172,5.77,630372.07,3840547.082434
2018-11-23,5.7755,5.8396,5.45,5.6611,598556.9,3357369.283447
2018-11-24,5.6525,5.8055,4.7632,5.193,917700.21,4844925.914768
2018-11-25,5.199,5.38,4.532,5.2873,1003892.67,4998073.759825
2018-11-26,5.28,5.4,4.7568,5.0631,852519.37,4333954.593448
2018-11-27,5.063,5.063,4.7045,4.984,701759.11,3434036.230959
2018-11-28,4.984,5.4603,4.984,5.3499,1144816.8,6061490.260849
2018-11-29,5.3498,5.6344,5.1243,5.3805,1018322.99,5461031.121114
2018-11-30,5.3902,5.448,4.9534,5.115,709284.02,3662427.823626
2018-12-01,5.1122,5.4006,5.0072,5.2899,925388.42,4874052.81019
2018-12-02,5.2787,5.4357,5.205,5.2888,853331.61,4534872.243938
2018-12-03,5.2831,5.2956,5.01,5.1266,673983.38,3451158.980001
2018-12-04,5.1294,6.3649,5.0856,5.902,2238490.16,12882498.12217415
2018-12-05,5.902,6.62,5.7225,6.0727,4208247.78,25915024.891642
2018-12-06,6.0689,6.109,4.85,4.9023,3033034.77,16605405.771891
2018-12-07,4.8977,4.9997,4.12,4.516,2250208.53,10282558.541603
2018-12-08,4.5118,4.8009,4.3001,4.6361,1260790.7,5751093.241387
2018-12-09,4.628,5.0003,4.5167,4.7693,1505537.64,7177505.612086
2018-12-10,4.7693,4.9398,4.4698,4.6276,928495.85,4361795.739574
2018-12-11,4.6297,4.9295,4.5,4.8973,1232098.43,5766708.758249
2018-12-12,4.8936,5.15,4.739,4.9815,1196552.29,5925304.975092
2018-12-13,4.982,4.9933,4.5563,4.6384,1003196.18,4804678.850471
2018-12-14,4.6399,4.75,4.43,4.5211,946936.19,4370044.405834
2018-12-15,4.5148,4.599,4.4436,4.5531,969833.44,4387901.297965
2018-12-16,4.5479,4.7064,4.5089,4.616,1069563.77,4963613.541897
2018-12-17,4.6193,5.1271,4.601,5.065,1507154.37,7344673.590916
2018-12-18,5.065,5.5362,4.9,5.5308,1906857.24,9864772.820849
2018-12-19,5.5349,5.8331,5.2847,5.3633,1805892.76,9964231.850427
2018-12-20,5.3627,5.79,5.2369,5.6766,2160302.61,12060645.667534
2018-12-21,5.6761,5.7897,5.3166,5.4766,1592262.74,8888728.773336
2018-12-22,5.4766,5.8802,5.395,5.8398,1775214.59,10028050.954402
2018-12-23,5.8399,6.1318,5.7589,5.959,1878151.13,11203811.278916
2018-12-24,5.9588,6.4735,5.93,6.0979,2058385.46,12800612.446236
2018-12-25,6.0975,6.0994,5.3127,5.45,1443517.22,7946748.599596
2018-12-26,5.4432,5.684,5.37,5.6029,1351072.48,7510239.890038
2018-12-27,5.6062,5.6559,5.1,5.1791,1148939.37,6200387.822491
2018-12-28,5.1818,5.8995,5.1003,5.8811,1505031.24,8318661.357344
2018-12-29,5.8803,6.0,5.61,5.66,1232874.45,7206376.833483
2018-12-30,5.67,5.9186,5.558,5.8939,1394241.09,8065674.631955
2018-12-31,5.9,6.2433,5.8304,6.1111,2388899.23,14438039.454585
2019-01-01,6.1139,6.1228,5.7735,5.991,1412914.18,8379611.862422
2019-01-02,5.991,6.0939,5.8371,6.051,2130127.0,12667352.240985
2019-01-03,6.0445,6.062,5.7739,5.7979,1524726.37,8984033.715786
2019-01-04,5.7947,5.99,5.7402,5.9692,1657441.74,9772290.645118
2019-01-05,5.9688,6.1043,5.9188,5.9625,1636284.99,9826475.877965
2019-01-06,5.9626,6.3888,5.925,6.2688,2511301.27,15355552.564777
2019-01-07,6.2681,6.3094,6.0061,6.2009,1683858.68,10428760.417152
2019-01-08,6.1979,6.7984,6.1381,6.5128,3946905.61,25730037.887084
2019-01-09,6.5197,6.854,6.3386,6.5511,4167653.69,27575766.440919
2019-01-10,6.5511,6.5764,5.65,5.8449,3348790.03,20367712.107099
2019-01-11,5.844,6.1198,5.6853,5.9595,2559930.81,15157433.652937
2019-01-12,5.9552,5.9657,5.8,5.8594,1743319.31,10235285.058373
2019-01-13,5.8629,5.8884,5.3733,5.4688,1420692.05,8108312.422364
2019-01-14,5.4688,6.062,5.4586,6.0583,2330172.48,13521000.249423
2019-01-15,6.0565,6.0649,5.6601,5.8111,1366715.25,8031293.154063
2019-01-16,5.8007,6.1817,5.7741,6.0911,2164639.9,12960434.729842
2019-01-17,6.0941,6.33,5.9604,6.3266,2312287.74,14193314.652338
2019-01-18,6.3152,6.5879,6.2132,6.4867,2495447.22,15985247.059954
2019-01-19,6.4887,6.64,6.2435,6.5199,2269437.98,14687340.306653
2019-01-20,6.5221,6.6295,6.2401,6.4008,1778376.93,11481466.262429
2019-01-21,6.4069,6.515,6.2788,6.4724,1851048.49,11908754.858074
2019-01-22,6.4681,6.5088,6.25,6.4736,1854629.75,11938849.639233
2019-01-23,6.478,6.53,6.3499,6.4969,1928704.72,12474449.059306
2019-01-24,6.4963,6.4963,6.3915,6.4588,1514319.91,9750589.965848
2019-01-25,6.4555,6.7502,6.4408,6.6899,2583153.38,17021668.779197
2019-01-26,6.689,6.9786,6.6196,6.9463,2734629.11,18598393.817596
2019-01-27,6.9453,7.2157,6.7919,7.0396,2776887.68,19399583.767419
2019-01-28,7.0399,7.1398,5.94,6.1648,4950985.69,32288204.501957
2019-01-29,6.1642,6.2599,5.968,6.1661,2967157.36,18169111.04114
2019-01-30,6.1335,6.1999,6.001,6.1388,2238811.59,13687184.380913
2019-01-31,6.1384,6.2663,5.9468,6.22,2264988.86,13878555.849304
2019-02-01,6.225,6.65,6.1172,6.5229,2942865.68,19039053.024294
2019-02-02,6.5185,6.9,6.4823,6.8655,3251363.16,21783128.783937
2019-02-03,6.8688,6.9,6.6148,6.7887,3095048.16,21095885.790271
2019-02-04,6.7888,7.185,6.68,7.1069,3306867.31,23064420.680175
2019-02-05,7.1028,7.9715,6.9501,7.8665,4154631.43,30555459.709009
2019-02-06,7.8569,8.48,7.32,8.1303,5817391.76,46487023.094392
2019-02-07,8.1347,8.4666,7.6733,7.81,4354792.8,35149002.628069
2019-02-08,7.807,8.8387,7.61,8.5972,4960284.84,40860967.438254
2019-02-09,8.5972,8.921,8.4052,8.9051,5440051.11,47410868.663698
2019-02-10,8.9001,9.2999,8.8264,9.1697,5750442.06,52514889.989487
2019-02-11,9.1695,9.778,9.01,9.5288,6041136.07,57201203.615301
2019-02-12,9.525,9.9,8.921,9.2765,4945231.46,46161674.265266
2019-02-13,9.2763,9.2763,8.71,8.9103,4005598.1,36165479.576568
2019-02-14,8.9165,9.05,8.4051,8.7655,2803390.01,24547147.485664
2019-02-15,8.7636,9.4997,8.7293,9.2911,3326003.04,30588883.272504
2019-02-16,9.2854,9.3399,9.048,9.1087,2499086.4,22869550.901954
2019-02-17,9.0972,9.22,8.8903,9.22,2460188.81,22259140.520036
2019-02-18,9.2167,9.6999,9.1777,9.6127,2809984.65,26459587.703255
2019-02-19,9.6127,11.1307,9.481,10.4728,4894965.38,49969717.014679
2019-02-20,10.4687,11.2951,10.3928,10.9211,4346711.07,47273284.241928
2019-02-21,10.9199,10.936,10.13,10.4661,3077022.99,31977282.892985
2019-02-22,10.4695,10.9611,10.3799,10.7576,3038507.76,32510212.911946
2019-02-23,10.7572,10.85,10.4,10.7265,2877713.15,30567202.596206
2019-02-24,10.7267,11.09,9.3901,9.9476,4800152.25,49351275.843466
2019-02-25,9.9442,10.2361,9.2685,9.6967,5348579.57,52442588.585831
2019-02-26,9.6967,9.7557,9.3551,9.4168,3118340.95,29619413.056984
2019-02-27,9.4238,9.9998,9.35,9.8467,3524897.35,34336397.563894
2019-02-28,9.8502,10.4914,9.7899,10.2779,3693794.54,37396909.411865
2019-03-01,10.2777,11.551,10.2067,11.3111,4025695.97,44152799.747361
2019-03-02,11.3353,11.8,10.8,11.7566,3893847.16,43818057.90284
2019-03-03,11.7564,11.8701,11.1902,11.4511,2853200.15,32727760.247279
2019-03-04,11.4511,11.508,10.85,11.4006,2739049.08,30560700.450351
2019-03-05,11.405,13.75,11.395,13.6229,8340655.32,107482964.630679
2019-03-06,13.623,14.663,12.9,14.5294,6158611.97,84008255.221381
2019-03-07,14.529,15.56,14.327,15.1,6757497.33,101414485.34027
2019-03-08,15.0999,15.2194,13.5578,14.2931,6343194.03,90848655.629742
2019-03-09,14.2848,14.92,13.9609,14.4651,3996324.55,58062140.975948
2019-03-10,14.4651,14.5075,13.86,14.3711,3531708.7,50093088.214938
2019-03-11,14.3741,14.9,14.011,14.4143,3757653.77,54303593.05517
2019-03-12,14.4133,15.4288,14.1809,15.3333,4049068.39,60747159.402645
2019-03-13,15.3459,15.38,14.9333,15.0244,3282883.18,49667294.365356
2019-03-14,15.0311,15.097,14.563,14.8901,3079956.93,45702098.682484
2019-03-15,14.8993,15.199,14.84,14.9432,2986987.69,44970630.556925
2019-03-16,14.9429,16.0,14.88,15.9589,3293876.13,51027787.313053
2019-03-17,15.9589,15.9589,15.44,15.5693,3106901.48,48737968.350018
2019-03-18,15.5836,15.7888,15.204,15.5388,2472584.89,38403832.139068
2019-03-19,15.5361,15.8,15.0,15.4953,4271050.4,65955552.676115
2019-03-20,15.5098,15.5098,15.022,15.1288,2369648.38,35958975.368582
2019-03-21,15.1288,15.2987,13.8607,14.3511,3015066.53,44410580.384387
2019-03-22,14.3567,15.226,14.231,15.1502,2695850.87,40069206.590268
2019-03-23,15.1524,15.44,14.9469,15.1397,2632489.7,39846679.02577
2019-03-24,15.1397,17.5,14.66,17.1096,5285367.1,86478446.288151
2019-03-25,17.1112,17.338,16.1,16.7631,2775613.86,46472992.15214
2019-03-26,16.7761,16.8,15.5301,16.1998,2725145.68,44086712.960827
2019-03-27,16.1928,16.8297,15.8697,16.6,3240914.25,53588345.695308
2019-03-28,16.6,16.7188,16.401,16.6665,2988300.97,49575583.531128
2019-03-29,16.6538,16.8067,16.377,16.4753,2737173.2,45408014.592112
2019-03-30,16.4949,16.985,15.9612,16.9666,2790050.93,46116769.387966
2019-03-31,16.9666,17.7386,16.7314,17.5376,3182964.85,55170337.210131
2019-04-01,17.5201,18.2576,17.3319,17.8888,2966204.71,52669428.49396
2019-04-02,17.8888,19.88,17.5303,19.7155,3356886.89,62702520.871521
2019-04-03,19.7155,20.0,18.0,18.5489,3532965.97,67883042.73247
2019-04-04,18.5388,19.41,18.16,18.992,2939082.42,55680460.143077
2019-04-05,18.971,19.4593,18.8445,19.3657,2703355.91,51825140.403764
2019-04-06,19.3658,19.3866,18.82,19.0745,2519027.63,48185036.221402
2019-04-07,19.0423,19.2137,18.8,18.9523,2329702.34,44296486.486205
2019-04-08,18.9507,19.042,17.7881,17.9777,2142481.92,39222061.198727
2019-04-09,17.9728,18.54,17.01,18.2984,2776440.48,49902259.792581
2019-04-10,18.2984,18.6095,17.8927,18.24,2553039.12,46664596.972989
2019-04-11,18.24,18.24,16.2501,17.5555,1815271.05,31411384.587709
2019-04-12,17.5555,18.552,16.612,18.3333,2325593.36,41384885.795214
2019-04-13,18.2867,18.6398,17.9143,18.6111,2205194.61,40484642.365226
2019-04-14,18.6111,19.9,18.4259,19.3866,2438051.21,46779479.130832
2019-04-15,19.3734,19.78,18.6601,19.2666,2218308.03,42952596.269131
2019-04-16,19.2668,19.7482,18.7064,19.6408,2237334.6,43185852.935218
2019-04-17,19.6399,19.7908,19.26,19.4888,2005582.6,39131247.103883
2019-04-18,19.4757,21.998,19.4333,21.8888,3686092.57,76859035.465239
2019-04-19,21.8888,24.7459,21.12,24.3188,4247944.38,97541476.101794
2019-04-20,24.3188,25.4973,23.76,24.8888,3545157.49,87320188.459109
2019-04-21,24.8693,24.8693,22.45,23.9999,3307426.84,77726576.261717
2019-04-22,23.9999,24.6368,23.02,23.8,3005735.93,72180137.003328
2019-04-23,23.7812,24.6131,22.47,22.546,2877995.49,67622172.827015
2019-04-24,22.5207,23.1209,20.88,22.9703,2961681.74,65293459.483933
2019-04-25,22.9877,23.4698,21.55,22.4863,3114460.9,70932653.981115
2019-04-26,22.4869,23.786,21.6503,23.0555,3273950.47,75393015.340524
2019-04-27,23.0555,23.1209,22.3876,22.4324,2989261.07,67575656.858512
2019-04-28,22.4326,23.2092,22.42,23.0226,3015774.29,69067258.092041
2019-04-29,23.0166,23.0828,21.2797,21.6788,2388965.07,52801462.600293
2019-04-30,21.6847,22.3,21.3292,22.0391,2197565.53,47987092.830938
2019-05-01,22.03,22.099,21.47,21.8788,2064791.54,45032827.826184
2019-05-02,21.881,24.127,21.7497,23.6166,2446015.2,56078160.970131
2019-05-03,23.6168,23.972,23.0101,23.6999,2230465.58,52406113.705314
2019-05-04,23.6999,23.7968,22.3,22.8888,1898934.62,43768914.432769
2019-05-05,22.8887,23.1772,22.6408,22.9777,1787108.39,40919944.41562
2019-05-06,22.9777,22.9973,21.45,22.1895,1764747.54,39058125.114883
2019-05-07,22.2018,22.45,20.205,20.6602,1813897.12,39553390.823722
2019-05-08,20.6602,21.4135,19.51,20.6673,2742356.42,56630740.961407
2019-05-09,20.6671,20.967,18.5402,18.8388,2334477.6,46078618.722513
2019-05-10,18.8377,19.9888,18.3,19.6166,2429624.32,46735449.139546
2019-05-11,19.6294,22.0,18.88,20.8059,3746402.53,76700019.096599
2019-05-12,20.7871,21.5,20.1,20.8934,3228794.38,67290647.825955
2019-05-13,20.9026,24.0,20.7349,23.521,4566012.58,103765929.624047
2019-05-14,23.521,24.5,22.5748,23.6553,3821993.16,90350011.235486
2019-05-15,23.6553,27.6556,23.46,26.8116,3433770.34,89988096.508272
2019-05-16,26.8348,27.79,25.0,26.2888,4200071.24,111245092.085173
2019-05-17,26.2888,26.6783,23.1424,25.7795,3429086.56,85241258.720158
2019-05-18,25.7986,29.0989,25.1124,28.8171,4319102.35,117061502.700204
2019-05-19,28.8165,29.8368,27.543,29.1122,4437585.54,128407708.555722
2019-05-20,29.1122,29.3399,27.5306,29.2666,3980328.45,113614310.06848
2019-05-21,29.2666,32.8,28.05,32.3907,4704491.98,142363584.104499
2019-05-22,32.3911,32.4374,30.61,30.8067,3807962.58,120261451.277312
2019-05-23,30.8333,32.25,29.6699,31.3934,3793076.85,118471724.038178
2019-05-24,31.3986,34.7067,31.12,33.9435,4534224.56,151952803.938095
2019-05-25,34.0,35.4888,33.6231,35.0168,4181724.12,145566744.317926
2019-05-26,35.1102,35.111,32.32,33.0919,3846254.14,128916811.252235
2019-05-27,33.0508,35.1001,32.5,33.511,3935155.37,133654922.107582
2019-05-28,33.511,34.5,32.5,33.1068,3592623.04,119670239.566606
2019-05-29,33.1086,33.88,30.85,33.6066,3634528.09,120001783.751027
2019-05-30,33.5977,34.96,30.25,31.6666,3803964.59,126876540.417591
2019-05-31,31.6666,32.9724,30.61,32.8862,3635551.08,115554980.720829
2019-06-01,32.916,34.353,32.5024,33.3521,3650894.16,121097580.112398
2019-06-02,33.3521,33.7647,32.68,33.1527,3125339.52,103747453.965599
2019-06-03,33.1343,33.1753,30.51,30.7564,2851908.73,91110572.214634
2019-06-04,30.7358,31.4673,28.7168,29.2596,2877003.62,86633070.762771
2019-06-05,29.2452,31.1843,28.944,30.8886,3345894.9,100254437.446963
2019-06-06,30.829,31.9906,29.63,31.0888,2990485.46,93171819.547252
2019-06-07,31.0888,31.9911,30.9001,31.3098,2757731.91,86846573.483075
2019-06-08,31.3478,32.2926,31.1071,31.7333,3230284.59,102578237.631836
2019-06-09,31.7042,31.85,29.7611,30.095,2532504.3,78394265.188248
2019-06-10,30.1174,32.0438,29.7286,32.0271,3550536.78,110951522.18198
2019-06-11,32.0261,32.0821,30.9312,31.8889,2717716.57,85664531.890585
2019-06-12,31.8889,34.98,31.8008,34.8888,3946303.19,132964576.477528
2019-06-13,34.8888,36.3689,34.12,35.251,3534896.06,124473100.803833
2019-06-14,35.2577,35.3,29.8146,32.3803,4820144.32,155335662.973994
2019-06-15,32.3887,33.942,31.6865,32.6743,3391510.23,111236912.672053
2019-06-16,32.6885,33.2943,31.7316,32.1888,2831357.27,92267118.531988
2019-06-17,32.1956,34.45,32.1862,33.8286,3325355.03,111126704.950995
2019-06-18,33.8542,35.0749,33.7386,34.4333,3404180.0,117185468.552221
2019-06-19,34.4261,35.6,34.3939,35.1888,3662780.35,128944461.188922
2019-06-20,35.1764,36.9146,34.3979,36.8381,4152117.65,148921693.382015
2019-06-21,36.81,38.85,36.3364,38.6766,3534250.01,132474202.280369
2019-06-22,38.6981,39.5941,37.1,38.0001,3314950.67,127886269.877689
2019-06-23,38.0001,38.532,37.26,37.2836,2790608.54,105568888.139564
2019-06-24,37.2665,37.821,36.0001,37.43,2631717.19,97880605.032437
2019-06-25,37.43,37.551,35.71,36.0941,2000917.7,73475213.884473
2019-06-26,36.0941,38.0,34.5,36.1189,2857418.8,104421493.25295
2019-06-27,36.1185,36.35,33.1584,34.3999,2607428.95,90261314.116032
2019-06-28,34.342,35.2809,33.82,34.6289,2104975.25,72480649.347767
2019-06-29,34.5951,35.8,33.2447,35.5,2591596.98,89965850.178675
2019-06-30,35.5111,35.5111,32.02,32.114,2022992.01,68980176.056065
2019-07-01,32.1141,34.05,31.3682,33.2777,1835906.62,59978059.714603
2019-07-02,33.2722,34.0,30.56,31.9777,2017364.12,64614411.404146
2019-07-03,31.953,33.05,31.623,32.522,1929917.65,62401163.88605
2019-07-04,32.5219,34.3839,32.1503,33.0888,2194259.8,73059705.981886
2019-07-05,33.0399,33.6497,32.4,32.5566,1501826.74,49493357.62846
2019-07-06,32.5507,33.1815,32.5,32.5888,1122287.44,36787236.233517
2019-07-07,32.5471,33.3997,32.4,32.9344,1219900.05,40138364.74588
2019-07-08,32.9326,34.2918,32.75,33.3888,1493676.78,50120168.026188
2019-07-09,33.3888,33.9,32.2195,32.4811,1226644.52,40580964.493523
2019-07-10,32.4814,32.89,30.51,31.222,1583726.64,50336933.774289
2019-07-11,31.222,31.89,28.2666,29.4181,1746010.06,51888253.772537
2019-07-12,29.4213,32.6219,29.0,31.8888,2944729.48,92727533.518807
2019-07-13,31.8727,32.4894,30.2075,31.4888,1744138.78,54900941.107261
2019-07-14,31.4701,31.5259,28.3111,28.5447,2117967.02,63226752.496464
2019-07-15,28.5447,28.7498,26.319,28.647,2958931.55,82002809.577465
2019-07-16,28.647,29.58,24.8626,25.0601,3723845.18,101064665.887974
2019-07-17,25.0552,28.2898,24.1709,27.6287,5620644.87,147720494.152811
2019-07-18,27.6259,29.5,26.8,28.9555,6272574.38,177911960.91754
2019-07-19,28.9505,29.96,28.3158,29.0096,3934648.14,114112685.63285
2019-07-20,29.0015,31.46,28.9,31.0932,2871032.06,88042949.924159
2019-07-21,31.1222,31.5281,29.2801,30.4388,2167635.68,65868802.471167
2019-07-22,30.4389,32.6,29.6203,30.885,3469751.44,107658019.226164
2019-07-23,30.9226,30.94,28.9471,29.4929,2639256.42,78469834.352827
2019-07-24,29.4381,29.5057,27.7426,28.8261,2337675.12,66828198.0025
2019-07-25,28.8275,29.6596,28.4444,28.9227,2187610.96,63955662.875226
2019-07-26,28.9227,29.05,28.1641,28.9,1929538.17,55347406.158949
2019-07-27,28.9,29.4502,27.2061,27.7498,1490587.94,42173965.385162
2019-07-28,27.7384,27.8459,26.42,27.7555,1330561.28,36632413.946094
2019-07-29,27.7556,28.0419,26.8202,26.9525,1145223.44,31235892.639757
2019-07-30,26.9539,27.1198,26.202,26.9867,1143523.29,30567351.594229
2019-07-31,26.9879,27.83,26.78,27.75,1934429.49,53152605.016515
2019-08-01,27.7348,28.7664,27.45,28.7088,2252484.64,63463934.668592
2019-08-02,28.71,28.7186,27.5643,28.14,1503260.49,42227852.885649
2019-08-03,28.14,28.3409,27.5,27.7333,1209344.97,33690382.733378
2019-08-04,27.7333,27.7719,27.0852,27.3834,968862.84,26551453.131199
2019-08-05,27.3834,28.3,27.3011,28.0114,1170561.81,32628425.260744
2019-08-06,28.0127,28.3125,27.3333,27.6523,1420475.2,39508990.263112
2019-08-07,27.6539,29.98,27.333,29.6694,2406222.92,68765790.237669
2019-08-08,29.669,31.8791,29.1914,31.1074,3071362.08,94639778.874098
2019-08-09,31.1426,31.5,29.6666,29.8188,1469206.79,45078019.27592
2019-08-10,29.7969,30.02,29.0333,29.6661,1310985.06,38717630.393221
2019-08-11,29.6666,30.4458,29.3,30.2439,1563332.29,46825511.824394
2019-08-12,30.2418,30.5936,29.823,30.1856,1525430.31,46079844.296357
2019-08-13,30.1856,30.4496,29.2,29.4512,1164703.53,34760986.587742
2019-08-14,29.4512,29.4693,26.75,27.0256,1193540.54,33752933.178612
2019-08-15,27.0065,28.2174,26.7,28.1058,1244704.8,34386746.373249
2019-08-16,28.1052,28.1313,26.788,27.5111,965369.63,26500903.438649
2019-08-17,27.4908,27.9605,26.9863,27.5038,963986.7,26558675.5917
2019-08-18,27.5037,28.1797,27.0511,27.8977,1210998.25,33539025.536486
2019-08-19,27.9033,29.1779,27.6884,28.7931,1802660.04,51656890.096015
2019-08-20,28.7974,28.8079,27.52,28.0286,1232000.47,34687351.836226
2019-08-21,28.0375,28.051,26.3,26.925,1007261.99,27313407.97666
2019-08-22,26.9328,27.3301,26.211,26.9731,1087596.45,29220877.384032
2019-08-23,26.9788,27.2864,26.5,26.94,1084259.29,29324244.243574
2019-08-24,26.9399,26.9586,26.01,26.2814,917921.54,24273248.703565
2019-08-25,26.2982,26.4,25.57,26.0888,934538.7,24359396.937403
2019-08-26,26.0886,27.1908,25.6502,26.1257,1816730.9,48016163.513068
2019-08-27,26.1341,26.1507,24.6224,25.6051,1196769.36,30349809.83959
2019-08-28,25.6056,26.129,23.203,23.3565,1445782.29,36075539.477588
2019-08-29,23.3559,23.3559,21.2202,21.7777,1617357.37,35791217.562903
2019-08-30,21.7894,22.5678,21.5,22.1448,1599602.49,35445343.439309
2019-08-31,22.1449,22.37,20.8857,21.0604,1372689.99,29884844.2307
2019-09-01,21.0602,21.6828,20.98,21.4248,1434203.84,30594684.587737
2019-09-02,21.4195,22.8303,21.01,22.7449,1744034.29,38336404.471924
2019-09-03,22.7449,22.89,22.1615,22.3511,1355982.53,30580553.825677
2019-09-04,22.3521,22.5998,21.4699,21.6764,1086933.26,23824077.234691
2019-09-05,21.6821,23.5213,21.3,22.6388,2252665.09,50719410.369646
2019-09-06,22.6442,23.445,21.6997,21.9906,2011805.46,45355178.520163
2019-09-07,21.9932,22.65,21.91,22.3996,1683916.96,37565112.057803
2019-09-08,22.3961,22.7321,22.0,22.4111,1308063.92,29406308.223162
2019-09-09,22.3747,22.4901,21.74,22.0978,1013284.39,22456914.766773
2019-09-10,22.104,22.3262,21.5,21.7679,831852.96,18338404.279821
2019-09-11,21.7704,22.0724,20.5413,20.7334,1069320.6,22673967.121227
2019-09-12,20.7315,20.9572,19.65,20.82,1700773.17,34805282.187497
2019-09-13,20.8236,21.2475,20.4088,20.788,1429273.21,29787769.89961
2019-09-14,20.7889,21.15,20.6714,20.9555,1306146.56,27263497.63634
2019-09-15,20.9438,21.0419,20.2619,20.2901,1149167.08,23790454.124341
2019-09-16,20.2901,20.8,19.8775,20.2422,1035427.91,21079184.735522
2019-09-17,20.246,21.439,20.03,21.0473,1845592.27,38220802.175078
2019-09-18,21.0302,23.17,20.9442,22.2018,3303465.14,73079000.707166
2019-09-19,22.2018,22.4383,20.0022,21.5376,1611944.94,34092268.787752
2019-09-20,21.5281,21.5764,20.9005,21.2695,1390566.5,29624978.351648
2019-09-21,21.2741,21.4494,20.8096,20.9666,1127512.7,23814050.328141
2019-09-22,20.9732,20.9912,20.0,20.3602,972362.63,19879295.326771
2019-09-23,20.364,20.364,19.1614,19.3228,1094670.56,21729010.529241
2019-09-24,19.3127,19.5,14.5,15.8249,2718637.43,47158109.125613
2019-09-25,15.824,16.4882,14.8945,16.0321,1826023.89,28771070.640093
2019-09-26,16.0138,16.4,14.2555,15.2212,1807568.44,28122910.946176
2019-09-27,15.2113,15.777,14.7,15.6666,1435874.03,21891944.291329
2019-09-28,15.6666,15.8729,15.2911,15.7346,1098737.85,17173984.819289
2019-09-29,15.7335,15.7953,14.8018,15.1999,965380.71,14817026.088668
2019-09-30,15.187,15.8506,14.62,15.8349,1129249.13,17240225.008517
2019-10-01,15.8493,16.28,15.6295,15.8563,1180092.08,18823203.006348
2019-10-02,15.8689,15.8892,15.5,15.8742,950491.27,14910366.276573
2019-10-03,15.89,15.929,15.25,15.6377,904724.95,14166151.701621
2019-10-04,15.6489,15.82,15.21,15.6133,858010.95,13329653.430235
2019-10-05,15.6028,15.7794,15.3644,15.6869,815215.74,12687937.458294
2019-10-06,15.6866,15.7299,14.9,15.0688,821939.84,12572433.341048
2019-10-07,15.0655,16.128,14.8555,16.0255,1138453.45,17626939.01483
2019-10-08,16.0255,16.4007,15.7959,16.0213,992060.4,15878400.156401
2019-10-09,16.0206,17.9999,15.8829,17.7177,2825143.73,48121472.28832
2019-10-10,17.7089,17.918,17.031,17.5288,1785750.54,31222477.852904
2019-10-11,17.5328,17.7,16.51,16.5666,1477611.99,25155159.962172
2019-10-12,16.5666,17.4868,16.5059,17.17,1405695.82,23919537.767618
2019-10-13,17.1666,18.7699,17.111,18.256,2233894.43,40107522.713276
2019-10-14,18.256,18.6275,17.8511,18.4376,1643019.36,29971983.593159
2019-10-15,18.4389,19.17,18.1,18.5643,2919838.62,54508027.204485
2019-10-16,18.56,18.647,17.3627,17.7401,1818495.34,32800121.32644
2019-10-17,17.7504,18.8346,17.562,18.5188,1889272.66,34608013.926358
2019-10-18,18.5205,18.7501,17.6733,18.2188,1428262.33,26063392.066243
2019-10-19,18.2188,18.4444,17.8575,18.2229,1457873.52,26457030.497902
2019-10-20,18.2189,18.58,17.7152,18.4997,1696662.02,30829354.699727
2019-10-21,18.4897,18.5171,17.91,18.2551,1497277.47,27205033.193401
2019-10-22,18.2534,18.8,18.0692,18.2286,1820100.14,33549261.462376
2019-10-23,18.2581,18.27,16.1213,16.6796,1846223.72,31886418.360725
2019-10-24,16.6798,17.0987,16.31,16.9194,1244966.99,20790631.766276
2019-10-25,16.9194,19.111,16.7516,18.6188,2887081.78,51895652.583927
2019-10-26,18.6189,19.7653,18.0308,18.9501,3135045.71,59363715.298739
2019-10-27,18.9311,19.63,18.4744,19.2888,2293853.06,43709277.132479
2019-10-28,19.2938,21.15,19.26,19.939,2713065.62,54714676.610601
2019-10-29,19.9379,21.2378,19.81,20.7452,2298554.91,47292341.669261
2019-10-30,20.73,20.7975,19.1076,20.052,1822916.43,36219179.390485
2019-10-31,20.05,20.37,19.3529,19.9099,1679420.04,33479154.761222
2019-11-01,19.9087,20.0399,19.6424,19.9999,1305053.67,25932738.085044
2019-11-02,19.9999,20.3,19.96,20.1745,1605037.27,32355670.174507
2019-11-03,20.1847,20.39,19.8053,20.1874,1331174.6,26791642.742839
2019-11-04,20.1725,20.88,20.0285,20.6139,1642901.21,33663574.770949
2019-11-05,20.6139,20.89,20.32,20.6588,1435739.44,29645297.745967
2019-11-06,20.6621,20.9399,20.4408,20.7,1304183.99,26943504.690266
2019-11-07,20.6993,20.849,19.91,20.4208,1034081.11,21112048.776745
2019-11-08,20.4342,20.5164,19.2609,19.646,1087142.07,21731717.619039
2019-11-09,19.646,19.9632,19.4626,19.6999,886139.1,17507369.511074
2019-11-10,19.7042,20.6,19.6694,20.4333,1289880.02,25994045.49901
2019-11-11,20.4323,20.6277,19.7497,20.0888,1002832.24,20301333.847346
2019-11-12,20.0977,20.9798,19.9443,20.9798,1236966.44,25237225.910586
2019-11-13,20.9797,21.8,20.68,21.3846,1369703.62,29120752.930272
2019-11-14,21.3883,21.6492,20.7111,21.3166,1177736.52,24999158.886323
2019-11-15,21.3165,21.3353,19.9614,20.2735,1367539.25,28162052.581098
2019-11-16,20.2871,20.5999,19.9,20.1631,1001272.54,20291968.773484
2019-11-17,20.1641,20.4359,19.75,20.194,1154323.15,23209384.508666
2019-11-18,20.1889,20.1916,18.6,19.0817,1370495.1,26766274.711754
2019-11-19,19.0817,19.28,18.08,18.4997,1218553.06,22711534.818971
2019-11-20,18.4999,18.7494,17.7738,18.0826,1209633.01,22221973.60811
2019-11-21,18.0827,18.2399,16.34,16.7985,1724139.73,29641866.142353
2019-11-22,16.7986,17.2798,14.2846,15.485,3361932.03,53036890.612425
2019-11-23,15.4875,16.3483,14.957,16.232,1941371.46,30367726.274271
2019-11-24,16.2321,16.506,14.9,14.9964,2155053.88,34080052.570618
2019-11-25,15.0152,15.76,13.88,15.1457,3066863.34,45764859.58196
2019-11-26,15.1466,15.89,14.9382,15.3564,1658330.79,25501834.969268
2019-11-27,15.3565,16.2255,14.5811,16.0888,2414012.37,37397385.442677
2019-11-28,16.0888,16.1899,15.4404,15.5333,1619471.91,25662875.030673
2019-11-29,15.5255,16.2998,15.4692,16.2281,2034467.97,32416836.056333
2019-11-30,16.2281,16.2765,15.4501,15.7118,1435716.21,22780843.578936
2019-12-01,15.703,15.7139,14.8,15.4297,1232843.2,18823975.185733
2019-12-02,15.4287,15.62,15.019,15.1288,1205508.52,18413567.157775
2019-12-03,15.1394,15.4255,15.0475,15.2542,1260422.82,19241970.492729
2019-12-04,15.2545,15.88,14.8275,15.1,1491335.52,22790328.829747
2019-12-05,15.1254,15.72,14.806,15.6555,1705007.77,26216995.378255
2019-12-06,15.6532,15.7498,15.3,15.6666,1427720.75,22177519.233347
2019-12-07,15.657,15.8199,15.519,15.6067,1249702.29,19570141.810453
2019-12-08,15.6066,15.72,15.3496,15.6121,1097781.57,17077928.037773
2019-12-09,15.5947,15.799,15.1838,15.3284,959668.49,14927662.452573
2019-12-10,15.3284,15.3454,14.6,14.8088,1002642.2,15051586.778173
2019-12-11,14.8004,14.9984,14.6,14.78,803255.65,11908712.718231
2019-12-12,14.78,14.8495,14.35,14.7238,740743.5,10828182.744161
2019-12-13,14.7165,14.9775,14.66,14.8555,883903.56,13073092.650943
2019-12-14,14.8555,15.0,14.1629,14.3888,841053.92,12318205.721073
2019-12-15,14.3887,14.493,14.1361,14.3949,786545.74,11268492.575641
2019-12-16,14.3946,14.4356,13.258,13.4544,1130101.43,15771260.805766
2019-12-17,13.4721,13.475,12.1111,12.381,1686074.79,21636425.244641
2019-12-18,12.3837,13.7348,12.21,13.6158,2322029.57,29943223.784143
2019-12-19,13.6247,13.7631,12.9624,13.3441,1378005.7,18297729.627122
2019-12-20,13.3519,13.5291,13.08,13.5,1397599.99,18629001.250788
2019-12-21,13.4932,13.51,13.26,13.2933,1260784.85,16846058.069898
2019-12-22,13.2874,13.8309,13.2689,13.7798,1505338.18,20304472.190534
2019-12-23,13.7768,13.9447,13.2,13.2998,1226252.01,16842774.154332
2019-12-24,13.2987,13.5916,13.2299,13.3369,1307251.73,17486765.161303
2019-12-25,13.334,13.3522,12.85,13.0666,923872.82,12161569.829474
2019-12-26,13.0665,13.5466,13.023,13.1414,1061255.7,14065876.461014
2019-12-27,13.1349,13.2981,12.8927,13.2888,1109927.01,14633426.285861
2019-12-28,13.2888,13.72,13.2569,13.6779,1358908.6,18415749.239599
2019-12-29,13.6788,14.2186,13.575,14.104,1608498.67,22338979.500971
2019-12-30,14.0984,14.3796,13.78,13.8597,1255190.1,17736426.117681
2019-12-31,13.8597,14.0564,13.64,13.7161,970355.9,13415325.703428
2020-01-01,13.7159,13.8692,13.65,13.7184,940625.04,12950619.112333
2020-01-02,13.7072,13.7302,12.98,13.0105,971190.67,12996389.228183
2020-01-03,13.0104,13.75,12.9801,13.6474,1458450.49,19701202.862739
2020-01-04,13.6481,13.871,13.5102,13.8092,1231281.06,16885687.442197
2020-01-05,13.7978,14.3133,13.791,14.0532,1458003.02,20531817.04177
2020-01-06,14.0488,14.9873,14.0168,14.9471,1633712.04,23743495.229042
2020-01-07,14.9427,15.187,14.456,15.0226,1458769.7,21730397.14632
2020-01-08,15.0212,15.32,14.2,14.5334,1497529.49,22172532.583321
2020-01-09,14.5334,14.5823,14.201,14.3978,1075088.98,15517519.185434
2020-01-10,14.3806,15.0973,14.11,15.07,1572086.31,23078360.689727
2020-01-11,15.0643,15.32,14.7111,14.9177,1397398.3,20959042.697335
2020-01-12,14.9137,15.4707,14.8001,15.3366,2042903.51,31111483.357731
2020-01-13,15.337,15.3572,14.9295,15.1736,1522093.0,22982639.430501
2020-01-14,15.1735,16.91,15.1659,16.6371,2711583.22,43167140.883816
2020-01-15,16.6301,18.19,16.27,17.6655,3041574.63,52607260.349492
2020-01-16,17.6655,17.6923,16.31,17.0333,1842017.29,31029984.91112
2020-01-17,17.04,18.4849,17.04,18.0724,2734829.93,48867064.719153
2020-01-18,18.0763,18.3602,17.45,17.8088,1903293.0,34108754.47926
2020-01-19,17.7954,18.495,16.6666,17.388,2128210.74,37454402.677392
2020-01-20,17.3706,17.5516,16.8043,17.3235,1576499.08,27136151.861456
2020-01-21,17.3265,18.2,17.2228,18.1166,1923914.5,33973360.845872
2020-01-22,18.1107,18.4,17.55,17.8344,1607749.78,28997476.094212
2020-01-23,17.8344,17.8344,16.7441,17.0524,1363632.79,23479710.346752
2020-01-24,17.0813,17.4429,16.4288,17.1148,1411501.98,23870035.103732
2020-01-25,17.1133,17.1215,16.5685,16.9555,1211416.32,20396383.54309
2020-01-26,16.9419,17.499,16.8315,17.499,1619344.75,27866656.717841
2020-01-27,17.4919,17.95,17.2198,17.67,1562998.84,27448591.222108
2020-01-28,17.67,18.16,17.4466,18.0662,1916526.07,34097546.051096
2020-01-29,18.0614,18.4437,17.809,17.9134,1452764.7,26330991.819673
2020-01-30,17.9296,18.7027,17.7,18.5555,1787521.22,32487717.892015
2020-01-31,18.5557,18.88,17.8,18.2644,1647399.08,30233383.52457
2020-02-01,18.2644,18.5956,18.03,18.2752,1511588.86,27611547.000338
2020-02-02,18.2753,18.7714,17.8277,18.4333,1558716.52,28652209.626674
2020-02-03,18.4333,18.8763,18.1959,18.46,1314693.12,24235415.423803
2020-02-04,18.461,18.6158,17.87,18.1778,1215609.2,22149973.726341
2020-02-05,18.1778,19.4583,18.1635,19.262,2068915.04,39153896.763149
2020-02-06,19.2686,20.84,19.03,20.6675,2794537.34,55875207.171673
2020-02-07,20.6665,22.5221,20.5199,22.0555,3187751.23,68912696.347417
2020-02-08,22.036,22.19,20.8943,21.7888,2208642.4,47849193.68056
2020-02-09,21.7871,24.3814,21.7746,24.38,2853749.06,66216976.912365
2020-02-10,24.3517,25.7935,23.3,25.1465,4794544.72,118356199.03064
2020-02-11,25.145,25.74,24.1202,25.6963,3512538.38,87532758.129096
2020-02-12,25.6728,26.9196,25.3402,26.4243,2954235.48,76168100.465277
2020-02-13,26.4136,27.1905,24.5995,25.4579,3638084.35,93789770.716842
2020-02-14,25.4621,26.513,25.0304,26.3547,3252594.32,84109977.243485
2020-02-15,26.3662,26.4931,23.5288,24.2576,3355196.37,85267969.556103
2020-02-16,24.2388,25.2485,21.8,23.3193,3752723.69,89187179.919693
2020-02-17,23.3193,23.6,21.551,23.4555,3208991.96,72372207.908293
2020-02-18,23.4558,24.4588,22.8013,24.0821,3010749.17,71169442.58374
2020-02-19,24.0611,24.3264,21.8,22.3709,2160221.91,50940224.881018
2020-02-20,22.3702,22.6741,21.0,22.1626,2367513.62,51935633.101438
2020-02-21,22.1617,22.8639,21.7677,22.1888,2989205.36,66443679.495927
2020-02-22,22.1997,22.35,21.5,21.9689,2139282.22,46985151.282019
2020-02-23,21.9458,22.98,21.9275,22.8452,3052036.96,69055523.555004
2020-02-24,22.8267,23.255,21.4844,22.0965,2294898.35,51480520.2333
2020-02-25,22.0965,22.0967,20.0711,20.3193,2335580.11,49059568.007921
2020-02-26,20.3316,20.5191,17.9,18.7441,3772185.04,71901697.159269
2020-02-27,18.7338,19.6499,17.7051,19.2,3018934.76,56903598.249292
2020-02-28,19.1889,19.7551,17.9053,18.9838,3099999.93,58487714.177806
2020-02-29,18.9838,20.4,18.8,19.23,3569383.92,69296821.018601
2020-03-01,19.2481,19.8994,18.488,18.902,2382184.78,45970226.909694
2020-03-02,18.9183,20.0722,18.7583,19.9289,3267729.0,64060497.85222
2020-03-03,19.9297,20.3865,19.3156,19.6882,2545825.0,50338561.07375
2020-03-04,19.6707,20.2847,19.5131,19.95,2408511.94,47942820.959314
2020-03-05,19.95,21.4585,19.9401,20.7462,3090423.11,64414641.762252
2020-03-06,20.7463,21.7628,20.6303,21.3389,3229858.82,68469458.722855
2020-03-07,21.3389,21.49,19.7183,20.25,2378944.85,49387277.980273
2020-03-08,20.25,20.2612,16.7315,16.894,3465550.25,64439955.250711
2020-03-09,16.8939,17.4775,15.6168,16.5888,4046754.14,67231659.847515
2020-03-10,16.5934,17.4475,16.3107,16.8671,3449744.57,58330699.05467
2020-03-11,16.853,17.1388,15.41,16.5705,2581538.77,42412598.428665
2020-03-12,16.5698,16.6,8.89,9.2566,8801238.37,108639504.512951
2020-03-13,9.2565,11.5572,6.38,10.9204,11661947.1,110600573.359012
2020-03-14,10.9224,11.2886,9.8652,10.1487,5350550.68,56983336.608684
2020-03-15,10.1475,11.2644,9.9768,10.3898,6424065.36,67251583.016611
2020-03-16,10.3808,10.3952,8.4422,9.4285,5814301.17,54897967.268096
2020-03-17,9.429,10.49,9.3265,10.2576,5102840.45,51631527.654298
2020-03-18,10.2498,10.4301,9.6539,10.3866,4453108.43,45300836.97925
2020-03-19,10.3917,12.6891,10.226,12.2597,5850057.14,66283348.995319
2020-03-20,12.2597,13.65,10.4014,11.9147,6965457.92,86260327.52523
2020-03-21,11.8967,12.4199,11.25,12.1,5811696.5,69377174.374681
2020-03-22,12.105,12.4754,11.0145,11.167,4562736.86,54219558.920413
2020-03-23,11.1494,12.49,10.8427,12.1887,5299899.45,61800844.966201
2020-03-24,12.1887,12.5834,11.91,12.426,4627182.29,56790493.548445
2020-03-25,12.4261,12.7108,12.0561,12.3251,3607793.89,44491441.708054
2020-03-26,12.3253,13.2565,12.19,13.199,3439169.72,42902292.146348
2020-03-27,13.1989,13.3655,12.16,12.3354,2778050.91,36084938.858812
2020-03-28,12.3375,12.3588,11.6414,12.1888,2478685.11,30031382.50818
2020-03-29,12.1888,12.2425,11.275,11.3008,2305768.52,27252838.14858
2020-03-30,11.3007,12.4277,11.2552,12.1365,4237647.48,50944549.243227
2020-03-31,12.1368,12.7322,12.118,12.5451,5120471.15,64122575.795892
2020-04-01,12.5497,12.7386,11.96,12.72,4359956.32,53774306.318028
2020-04-02,12.719,13.7362,12.5349,13.0166,5332604.53,69276074.108632
2020-04-03,13.0185,13.57,12.9106,13.3615,5030322.03,66661802.966901
2020-04-04,13.3682,14.0561,13.1724,13.7606,4840528.53,66003739.592004
2020-04-05,13.7608,13.9638,13.4002,13.6888,4275639.25,58555104.630588
2020-04-06,13.6888,15.2149,13.6371,15.1989,5583296.76,80214973.59909
2020-04-07,15.193,15.49,14.2503,14.7266,4718920.67,70647148.631557
2020-04-08,14.7267,15.3486,14.57,15.0888,4614905.63,69355343.219788
2020-04-09,15.0899,15.2011,14.6279,15.0096,4638418.39,69662383.478491
2020-04-10,15.0096,15.0797,13.47,13.72,3999879.14,56437561.49783
2020-04-11,13.7171,14.0808,13.5234,13.807,3692817.92,51151554.747943
2020-04-12,13.8089,14.8399,13.6439,14.2808,4070517.82,57950623.216417
2020-04-13,14.2808,15.0799,13.6289,15.0277,4313190.93,62029135.848473
2020-04-14,15.0257,15.9555,14.7835,15.6148,4523071.2,70092382.14295
2020-04-15,15.6148,15.8888,14.4913,14.5755,3795966.9,58221065.750042
2020-04-16,14.5755,15.7669,14.116,15.7394,4068049.48,61814683.274563
2020-04-17,15.7394,15.92,15.2501,15.64,3150559.17,49188415.579363
2020-04-18,15.6447,16.8183,15.6242,16.6137,3968019.07,64502814.663737
2020-04-19,16.6198,16.6933,15.8509,16.0683,2962072.6,48174317.529435
2020-04-20,16.0677,16.4499,14.8219,14.9892,3219905.9,50757347.771238
2020-04-21,14.984,15.4416,14.6945,15.1283,3137524.29,47592289.981981
2020-04-22,15.1381,15.803,14.9112,15.7104,3296897.61,50999984.801603
2020-04-23,15.7103,16.4666,15.4102,16.034,3457409.45,55068181.769739
2020-04-24,16.0502,16.2568,15.68,15.9319,3008320.26,48259042.136493
2020-04-25,15.9319,16.4305,15.7761,16.2283,2946839.79,47639855.837468
2020-04-26,16.2235,16.4435,16.04,16.3588,3314818.91,53903371.494471
2020-04-27,16.3645,16.56,16.063,16.4229,2937287.36,47859272.72188
2020-04-28,16.4199,16.49,16.1125,16.34,2838511.43,46309248.721153
2020-04-29,16.3354,17.5171,16.3,17.3667,3817656.7,64434759.768893
2020-04-30,17.3754,18.1377,16.5,16.9542,4127322.51,71629569.696086
2020-05-01,16.951,17.8551,16.9381,17.466,3805293.67,66271797.655065
2020-05-02,17.4665,17.5711,17.2599,17.5333,3009939.67,52504866.73234
2020-05-03,17.5337,17.81,16.8711,17.1071,2616299.53,45271776.505039
2020-05-04,17.1027,17.3267,16.2556,17.0074,2755883.63,46419270.572611
2020-05-05,17.012,17.2993,16.606,16.8886,2613361.65,44261093.042385
2020-05-06,16.8814,17.145,16.3018,16.3743,2716280.37,45806861.897441
2020-05-07,16.3672,17.24,16.1218,17.0003,3030451.51,50623360.842978
2020-05-08,17.0003,17.3977,16.823,17.1371,2621559.87,44879553.905084
2020-05-09,17.1371,17.4926,16.733,16.7751,2243643.83,38582692.968292
2020-05-10,16.7753,16.79,13.9129,15.3506,2900497.8,43979315.885853
2020-05-11,15.3506,15.5468,14.01,15.0811,2726253.27,40893423.037393
2020-05-12,15.0902,16.24,14.9586,15.7892,3026813.09,47332783.097762
2020-05-13,15.7941,16.35,15.6785,16.2164,2813530.97,45159088.098417
2020-05-14,16.2187,16.6982,16.0123,16.3777,2801822.6,45666418.709955
2020-05-15,16.3722,16.4719,15.4606,15.7222,2314685.06,37214822.318927
2020-05-16,15.7121,16.2367,15.58,16.058,2730367.35,43746498.664213
2020-05-17,16.058,16.51,16.0014,16.2959,2894016.23,47147212.380566
2020-05-18,16.2999,16.862,16.2511,16.6299,3116537.96,51611235.594218
2020-05-19,16.6298,17.2488,16.3,17.2098,3245275.75,54590767.631108
2020-05-20,17.2096,17.3396,16.4851,16.8998,2395316.09,40821394.318845
2020-05-21,16.8994,17.0675,15.7218,16.0888,2163570.98,35589912.053927
2020-05-22,16.0888,16.924,15.9145,16.5864,2520655.47,41584466.617784
2020-05-23,16.5884,16.85,16.3202,16.48,2303001.13,38178349.112704
2020-05-24,16.4789,16.79,15.9074,15.9624,2280998.65,37599815.901123
2020-05-25,15.9457,16.4161,15.8057,16.3807,2348512.91,38152773.25641
2020-05-26,16.3807,16.4979,15.9537,16.2159,2007343.82,32624803.887159
2020-05-27,16.2097,16.51,16.1554,16.47,2613812.05,42792287.776696
2020-05-28,16.47,17.1405,16.389,17.0772,2866468.39,47917801.298297
2020-05-29,17.0769,17.198,16.6333,17.0031,2599351.65,44176906.95645
2020-05-30,17.003,17.7857,16.9291,17.7277,2969818.23,51559065.973624
2020-05-31,17.7277,18.1954,16.8419,17.0916,2612942.18,45947854.114681
2020-06-01,17.0926,18.1224,16.9836,17.9477,2989853.06,52189313.037442
2020-06-02,17.9469,18.2,16.68,17.2669,2536257.15,44844446.996631
2020-06-03,17.2761,17.6275,16.9645,17.5779,2650311.14,45972871.326654
2020-06-04,17.578,17.6527,17.0424,17.517,2320525.89,40612423.084444
2020-06-05,17.518,17.8999,17.4396,17.6914,2454899.86,43344558.036415
2020-06-06,17.6915,17.7951,17.49,17.5511,2105593.92,37110942.745177
2020-06-07,17.551,17.6371,16.8526,17.4135,1816342.74,31593373.320084
2020-06-08,17.4134,17.5454,17.2594,17.4489,1657535.11,28825851.386571
2020-06-09,17.4489,17.5098,17.0374,17.3733,1631274.58,28247066.435756
2020-06-10,17.3734,17.5833,17.13,17.406,1807563.86,31389856.381226
2020-06-11,17.4084,17.5191,15.93,16.2298,1801896.12,30575173.410157
2020-06-12,16.2376,16.7999,16.0869,16.6377,1932061.47,31970510.816712
2020-06-13,16.642,16.8179,16.49,16.8101,2023311.83,33704354.305361
2020-06-14,16.8111,16.8398,16.4023,16.5729,1697344.55,28336046.766628
2020-06-15,16.5728,16.5982,15.4,16.377,1521685.21,24473919.621152
2020-06-16,16.3758,16.6481,16.1562,16.4329,1614905.64,26479345.228743
2020-06-17,16.4331,16.632,15.9709,16.3983,1502697.31,24591062.002603
2020-06-18,16.3983,16.5423,15.8783,16.1608,1382820.87,22540156.403536
2020-06-19,16.1665,16.3106,15.8966,15.9512,1324135.6,21271385.818115
2020-06-20,15.9611,16.0898,15.7,16.059,1427210.22,22776460.301554
2020-06-21,16.059,16.3358,15.921,15.9775,1317075.84,21166507.639654
2020-06-22,15.9792,16.55,15.9499,16.5051,1706812.42,27776540.589516
2020-06-23,16.5051,16.5472,16.2602,16.3898,1453306.73,23839966.432426
2020-06-24,16.3898,16.6481,15.95,15.9968,1529800.3,24889909.655296
2020-06-25,16.0084,16.0816,15.5,15.906,1201354.75,19105061.019309
2020-06-26,15.9056,15.9996,15.5715,15.7694,1041399.0,16428293.389014
2020-06-27,15.7696,15.8714,14.8,15.1242,1309335.66,20331918.057954
2020-06-28,15.123,15.4944,14.9249,15.3782,1402858.96,21418398.753467
2020-06-29,15.3714,15.5901,15.204,15.4656,1511856.38,23294081.307786
2020-06-30,15.4674,15.5476,15.2519,15.3838,1315772.42,20305967.155072
2020-07-01,15.3959,15.8888,15.3363,15.8144,1612208.19,25213346.757963
2020-07-02,15.8123,15.9796,15.0743,15.3634,1399345.39,21887439.935344
2020-07-03,15.364,15.488,15.2484,15.2863,1211128.83,18635019.695357
2020-07-04,15.2856,15.6399,15.2239,15.5548,1319545.75,20357312.694258
2020-07-05,15.5579,15.6135,15.1,15.4885,1120649.91,17283570.772307
2020-07-06,15.4865,16.3496,15.4401,16.311,1606449.31,25364592.417103
2020-07-07,16.312,16.8757,16.0301,16.8048,1880630.34,31044612.464728
2020-07-08,16.7995,17.455,16.5683,17.2819,2271202.72,38799190.787738
2020-07-09,17.2819,17.5,16.4088,16.8274,1869273.67,31602020.878751
2020-07-10,16.8278,17.331,16.4438,17.3123,2099193.57,35493337.168017
2020-07-11,17.3133,17.6888,17.018,17.6205,2318005.65,40437763.388075
2020-07-12,17.6205,18.59,17.5928,18.2994,2995977.41,54487455.921637
2020-07-13,18.3036,18.9999,17.7282,18.4046,3228967.7,59615771.281561
2020-07-14,18.4007,18.77,17.8266,18.079,2385481.97,43474784.567259
2020-07-15,18.079,18.1538,17.4194,17.6351,1959582.73,34842425.382079
2020-07-16,17.6351,17.7618,16.5473,17.1647,2053439.44,35131243.13981
2020-07-17,17.1647,17.4825,16.9354,17.0676,1854764.1,32061512.83959
2020-07-18,17.0675,17.3247,16.8122,17.1507,1687884.76,28863376.478105
2020-07-19,17.1542,18.098,16.89,18.0154,2597680.63,45838808.72207
2020-07-20,18.0166,18.34,17.235,17.4645,2487505.49,44544637.599564
2020-07-21,17.4645,17.9799,17.4,17.7285,2110735.01,37350582.430636
2020-07-22,17.7268,18.1151,17.45,18.09,2174379.2,38541658.757726
2020-07-23,18.095,18.77,18.043,18.75,2393871.45,43866390.168993
2020-07-24,18.7508,19.55,18.235,19.1853,2790281.46,52627925.923414
2020-07-25,19.1878,20.0434,19.1451,19.8242,2956369.76,58227674.3389
2020-07-26,19.8196,20.49,19.2639,19.5557,2857739.16,56378423.676657
2020-07-27,19.5524,20.1999,18.4,19.7474,3841364.91,74130208.23661
2020-07-28,19.7489,20.6834,19.4281,20.1732,3516712.35,70792618.983958
2020-07-29,20.1692,20.4091,19.7404,19.899,2219760.2,44493255.130509
2020-07-30,19.8926,20.0995,19.5111,19.97,2052250.83,40761766.783253
2020-07-31,19.97,20.855,19.9102,20.6615,2251101.21,46058826.375721
2020-08-01,20.6637,21.74,20.51,21.6168,2657942.85,55887870.718427
2020-08-02,21.6204,22.1832,19.1,20.9898,3352897.46,69934920.731055
2020-08-03,20.9899,22.5,20.7,22.0504,2668345.02,58090829.071236
2020-08-04,22.0622,22.4433,21.41,22.2818,2393749.74,52776394.103137
2020-08-05,22.2967,23.54,22.0566,23.2728,3698317.51,85353655.333133
2020-08-06,23.2685,23.315,22.5,22.7487,2442941.26,56050066.319069
2020-08-07,22.7488,22.9999,21.4515,22.3323,2770775.51,62149699.537839
2020-08-08,22.3323,22.9241,21.8571,22.9234,2408862.4,53994332.518485
2020-08-09,22.923,22.9233,22.0462,22.422,2112178.17,47551222.565809
2020-08-10,22.4224,22.77,22.0462,22.6369,2108928.42,47454718.9954
2020-08-11,22.6369,22.7306,20.66,21.2902,3211543.44,69760318.544251
2020-08-12,21.2993,21.982,20.571,21.4919,2455644.02,52586016.377161
2020-08-13,21.4919,21.856,20.64,21.7667,3079217.71,65454734.539757
2020-08-14,21.7751,23.3019,21.26,23.1047,3820214.92,85961407.014907
2020-08-15,23.0966,23.7884,22.7,23.0881,2752160.06,64002958.964407
2020-08-16,23.1045,23.779,22.7,23.529,2705823.75,62902908.491403
2020-08-17,23.5291,23.91,22.9584,23.4961,2423484.1,56563802.003731
2020-08-18,23.4868,23.78,22.333,22.9705,2531759.28,58722035.450273
2020-08-19,22.9802,23.25,21.8219,22.3761,2128074.03,47918443.635081
2020-08-20,22.3817,23.3,22.0265,23.0888,2246864.02,51194430.203348
2020-08-21,23.0909,23.32,21.5,22.0988,2493196.51,56307567.701161
2020-08-22,22.0994,22.2464,21.2814,22.2044,1892077.61,41544194.757966
2020-08-23,22.201,22.2348,21.2841,21.8555,1618992.6,35416545.269059
2020-08-24,21.8575,22.9746,21.6655,22.5953,1877744.04,42095062.815411
2020-08-25,22.6016,22.6415,20.9805,21.3882,2271280.88,49614644.062294
2020-08-26,21.3881,22.4743,21.2651,22.1999,2500162.91,55294079.975605
2020-08-27,22.2005,23.1507,21.8064,23.1127,2927744.89,65738136.3832
2020-08-28,23.1127,23.5846,22.6158,23.0811,2545445.75,58714483.829457
2020-08-29,23.0783,23.5,22.7416,22.9398,1854485.72,42979076.16169
2020-08-30,22.9441,23.83,22.9,23.6208,1908490.67,44494523.999081
2020-08-31,23.625,23.9,22.967,23.1477,1767387.78,41283857.212099
2020-09-01,23.1481,25.41,22.84,24.7028,4442974.1,105724305.34885
2020-09-02,24.7101,25.8262,23.1215,24.7652,5879568.29,145283830.860602
2020-09-03,24.7653,25.54,19.8765,20.3592,7231336.21,168929560.547917
2020-09-04,20.4027,21.83,19.2,20.9712,5306193.02,110033481.444783
2020-09-05,20.9995,21.5539,18.011,19.4698,4589184.15,89956784.050998
2020-09-06,19.4737,23.4418,18.5283,23.142,8105158.28,174973263.277279
2020-09-07,23.1612,23.5545,20.0,22.4426,5454222.91,118861938.295123
2020-09-08,22.4428,23.42,21.2739,23.2837,5158563.98,115741375.127741
2020-09-09,23.2745,24.5201,22.4139,24.4716,4016452.51,94841678.355233
2020-09-10,24.4847,25.67,24.0568,24.5489,4199327.55,103978013.813167
2020-09-11,24.5579,25.6969,23.0677,25.399,3622605.07,88276634.60726
2020-09-12,25.4,28.5305,25.3575,28.505,6538679.83,175807206.95354
2020-09-13,28.5044,32.4401,27.61,31.1656,10646215.66,324162248.740741
2020-09-14,31.1656,33.3888,29.0,31.2523,9039644.32,282868031.265543
2020-09-15,31.2546,31.278,26.7123,27.1181,7931354.646,228427870.1384989
2020-09-16,27.1148,28.4724,25.82,27.8695,5777419.752,157849897.4035884
2020-09-17,27.8539,28.83,26.05,27.095,4620518.874,125923630.0192624
2020-09-18,27.1106,28.75,26.5708,27.629,4243135.999,117188169.0834446
2020-09-19,27.6414,27.977,26.6591,27.2035,2431517.15,66209405.927378
2020-09-20,27.2035,27.32,25.1247,26.316,2854262.145,75280239.4778047
2020-09-21,26.3167,26.68,22.1,23.1232,5251422.243,127147745.4146961
2020-09-22,23.1273,24.565,22.6666,24.0468,3289566.923,78154701.5056752
2020-09-23,24.0468,24.3437,22.4514,22.8331,3134141.774,73949538.7721268
2020-09-24,22.8448,24.6999,22.5661,24.5745,3284994.641,78161095.3881934
2020-09-25,24.5749,25.0799,23.7111,24.6924,2826869.589,69263025.7930358
2020-09-26,24.6925,26.4628,24.475,26.1998,3124585.621,79408145.0799521
2020-09-27,26.1885,26.9,25.5012,26.251,2555050.062,67081907.1245433
2020-09-28,26.2435,27.72,25.8313,26.9855,3220774.85,86081947.2234082
2020-09-29,26.9969,29.0,26.86,28.8946,3642915.268,102019998.9212755
2020-09-30,28.8814,29.5646,27.8813,29.2656,3106927.077,89130556.7427384
2020-10-01,29.2696,29.3927,26.2111,27.4673,4045336.882,112775178.8240464
2020-10-02,27.4583,28.3633,25.6652,27.3369,4141965.566,111875266.0506752
2020-10-03,27.3338,28.3997,27.0701,28.1867,2946071.992,81824336.4915028
2020-10-04,28.1872,29.15,27.9658,28.9668,3102597.66,89029435.3627163
2020-10-05,28.9832,29.2665,28.0687,28.6158,2268257.171,65226739.0045008
2020-10-06,28.633,28.99,27.25,27.6812,2811072.145,79233644.3472898
2020-10-07,27.6907,27.8965,26.8401,27.6898,2059951.007,56522074.4219916
2020-10-08,27.6931,27.8153,26.4999,27.7424,2476236.461,67563734.7917341
2020-10-09,27.7342,28.5368,27.4548,28.4076,2590468.083,72830100.2034075
2020-10-10,28.398,29.2814,28.0666,28.4414,2405371.457,68983739.7395518
2020-10-11,28.41,28.72,27.876,28.5271,2329452.666,66060639.207251
2020-10-12,28.52,31.1299,28.4338,30.6503,4364790.221,131244685.6815882
2020-10-13,30.6503,31.7999,30.187,30.7256,3337167.877,103376455.255919
2020-10-14,30.7256,31.33,30.3733,30.838,2472670.449,76148974.450635
2020-10-15,30.838,31.6663,30.399,31.3256,2684900.014,83441987.7878503
2020-10-16,31.3256,31.9798,29.5705,30.0516,2971307.367,90779001.7261287
2020-10-17,30.051,30.564,29.6521,30.2414,1854975.623,56046581.6083654
2020-10-18,30.2423,31.0354,30.165,30.6593,2267377.317,69506327.3062206
2020-10-19,30.6568,30.6766,29.7002,29.9107,1752644.999,52880539.7601399
2020-10-20,29.9043,30.0892,28.5,28.8227,2583242.44,75672316.5113656
2020-10-21,28.8131,30.4074,28.6406,29.7329,2663615.889,78865122.0720149
2020-10-22,29.7355,31.3,29.6655,30.6396,2830836.337,86720646.8231899
2020-10-23,30.6334,31.2,30.0652,30.6377,2025854.801,62169451.0384786
2020-10-24,30.6461,30.8781,30.4243,30.6639,1625502.524,49794483.4465404
2020-10-25,30.6522,30.9726,29.8805,30.128,1486538.469,45200159.7482249
2020-10-26,30.1342,31.43,29.96,31.0467,2648020.165,81440471.6615709
2020-10-27,31.0436,32.3788,30.9,31.4826,2889807.64,91352337.2373561
2020-10-28,31.473,31.9375,29.8,30.3338,2208604.609,68301209.6143729
2020-10-29,30.3295,30.4272,29.47,29.8702,1977911.04,59517443.8081637
2020-10-30,29.8696,30.2596,27.5111,28.4909,3211305.358,91773152.8073699
2020-10-31,28.4969,28.888,28.1132,28.5058,1986140.314,56676023.1622222
2020-11-01,28.5058,28.679,28.0,28.5318,1916131.681,54186354.1899447
2020-11-02,28.5485,29.3079,27.7782,27.7983,2123599.052,60737427.1801497
2020-11-03,27.7984,27.7984,25.7499,26.8638,2591560.855,69103680.171422
2020-11-04,26.8722,26.97,25.9,26.96,2039985.34,54040159.9701983
2020-11-05,26.9607,27.8947,26.6601,27.6875,2396900.822,65625192.2818915
2020-11-06,27.686,29.4692,27.6668,29.0435,2741813.969,78788712.4414132
2020-11-07,29.0391,29.899,26.85,27.7651,3091788.824,88745055.8082075
2020-11-08,27.7628,28.6943,27.449,28.4101,2298549.455,64871413.8250186
2020-11-09,28.4101,28.9691,27.3461,28.0941,2148267.466,60645138.3246936
2020-11-10,28.0836,28.488,27.6114,28.2188,2172598.769,61108713.3245662
2020-11-11,28.2183,28.5999,27.7966,28.016,1974074.31,55629780.2600814
2020-11-12,28.0057,28.1599,27.3028,27.6874,1661489.286,46197453.3888555
2020-11-13,27.7019,28.5198,27.5284,28.1974,1934234.556,54174977.5643055
2020-11-14,28.1974,28.1974,27.3684,27.9311,1503467.499,41716295.0042033
2020-11-15,27.9359,28.2332,27.07,27.6786,1442022.548,40116215.6090173
2020-11-16,27.6822,28.2202,27.4461,27.9451,1685368.835,46962028.7453876
2020-11-17,27.9588,28.8,27.9262,28.5552,2243647.205,63861426.3900747
2020-11-18,28.5552,28.838,27.5,28.0931,2220839.931,62538448.4686002
2020-11-19,28.1049,28.3666,27.6183,28.1387,2011350.337,56444452.2279035
2020-11-20,28.1266,29.3516,28.0598,28.9715,2491336.079,71408453.4587546
2020-11-21,28.9722,30.8,28.2955,30.5161,3160335.472,93653968.6634836
2020-11-22,30.5168,31.12,29.0,30.0226,2842370.783,85423529.8039215
2020-11-23,30.0291,31.1,29.786,30.995,2920522.887,88971207.3290705
2020-11-24,30.9994,35.14,30.7934,33.9407,7296367.369,240609850.8251635
2020-11-25,33.9451,35.4338,30.439,31.2953,4589237.082,152462923.2455184
2020-11-26,31.295,31.7708,26.35,28.2356,6241853.013,179684915.4319223
2020-11-27,28.2354,28.7175,27.2042,28.4606,2317359.795,65177587.3842698
2020-11-28,28.4606,29.6175,27.9,29.1766,2636652.594,76333840.0852929
2020-11-29,29.1552,30.45,28.8544,30.1045,2857702.301,84748920.1725558
2020-11-30,30.1003,31.5999,29.723,31.4935,2978036.229,91534747.055381
2020-12-01,31.4935,31.8875,29.17,30.1996,3139022.083,96681205.6214727
2020-12-02,30.2003,30.9993,29.5306,30.2875,2360296.308,71525356.850704
2020-12-03,30.2724,30.793,29.8568,30.7065,1924462.466,58447530.6808109
2020-12-04,30.7099,31.1371,28.7051,29.0231,2064574.445,61840679.7646827
2020-12-05,29.0315,30.0588,28.6588,29.728,1836870.147,53893876.3625983
2020-12-06,29.7296,30.1819,29.0124,29.5026,1330813.899,39419545.0689589
2020-12-07,29.4912,29.6685,29.06,29.37,1219543.166,35795857.6573833
2020-12-08,29.3705,29.4998,27.45,27.6705,1844102.056,52562094.3021941
2020-12-09,27.6705,28.3853,26.9244,28.1452,1635344.181,45454697.5386896
2020-12-10,28.144,28.2997,27.39,27.6926,1344683.627,37402211.1035569
2020-12-11,27.695,27.77,26.7273,27.3419,1244803.112,33839924.1542774
2020-12-12,27.349,28.23,27.2542,28.1603,1293965.518,36058480.5872906
2020-12-13,28.1603,29.2628,28.0,29.1571,1639495.816,47146012.390196
2020-12-14,29.1599,30.1884,28.6669,30.0338,2028334.088,59668479.1810639
2020-12-15,30.0338,30.379,29.3069,29.5053,1624791.814,48398355.2235207
2020-12-16,29.5059,30.614,29.0265,30.5577,2161816.842,64494864.3794064
2020-12-17,30.5524,31.5489,29.6891,30.2255,3274786.131,100846680.8674189
2020-12-18,30.2254,31.2172,29.61,30.9882,2045326.343,62443342.4142675
2020-12-19,30.9858,34.2307,30.8812,33.3167,4117460.293,134985674.648901
2020-12-20,33.3018,35.69,32.5899,34.3148,4477498.818,153515421.8136417
2020-12-21,34.3072,35.6,31.4871,32.05,4558115.88,152823799.8311665
2020-12-22,32.05,33.8,30.4719,33.5151,3563635.673,115167307.8079382
2020-12-23,33.5112,34.505,30.0,31.1843,3940926.442,128877133.6917357
2020-12-24,31.1698,32.7589,30.0,32.4895,2999570.853,94739220.627289
2020-12-25,32.4947,33.4954,31.7313,33.1996,2596272.905,84844896.3175845
2020-12-26,33.1996,34.0495,32.51,33.6361,2418941.544,80768632.4381237
2020-12-27,33.651,34.99,31.8601,33.674,3747872.718,126569474.2263928
2020-12-28,33.6741,36.15,33.3105,35.951,4121783.103,145163638.0339237
2020-12-29,35.9507,39.9999,35.3015,39.0667,7022548.487,266651443.8007531
2020-12-30,39.0746,39.27,36.8131,38.1558,2424623.467,91497596.0416403
2020-12-31,38.1558,38.2133,36.5157,37.3588,1887715.835,70486125.9625969
2021-01-01,37.3596,38.959,36.9555,37.7762,2435989.127,92358608.1130839
2021-01-02,37.7637,38.8798,36.8,38.2331,3018062.206,114060050.8496281
2021-01-03,38.2331,41.7017,37.763,41.2575,4903626.697,195224916.820531
2021-01-04,41.256,43.2039,38.02,41.1333,5306248.166,214835112.0872519
2021-01-05,41.13,41.8375,38.8014,41.8219,3513141.346,141831731.9587631
2021-01-06,41.8271,42.267,40.4531,42.2417,3784444.687,156404649.3163699
2021-01-07,42.244,44.9,41.366,43.5728,5026746.669,216717611.7697121
2021-01-08,43.5728,43.722,40.2313,42.356,3548923.788,149951576.8513453
2021-01-09,42.345,44.0552,41.5,43.8479,2720363.636,116290473.5386175
2021-01-10,43.8479,45.162,40.0,42.4031,4277406.29,185165251.1320646
2021-01-11,42.4033,42.5094,35.0374,38.1674,6372598.994,244587641.4693523
2021-01-12,38.1623,40.1989,37.0,38.2541,3261261.81,125897888.047957
2021-01-13,38.2703,40.4499,37.02,40.1114,3512089.385,135791180.057457
2021-01-14,40.1114,42.0,39.5739,41.8723,3306689.933,135085613.30355
2021-01-15,41.8721,42.5622,38.6616,40.8668,3431358.936,140633163.6256023
2021-01-16,40.8951,44.12,40.625,43.142,3243054.414,138015822.2312169
2021-01-17,43.1413,46.7228,40.9192,45.8675,3878914.299,169754085.7227767
2021-01-18,45.8645,46.8888,44.0278,45.3412,3069449.938,139399114.1553898
2021-01-19,45.3592,47.2187,41.7,42.5241,5151546.872,229455474.2432518
2021-01-20,42.5241,43.0992,40.2,42.6069,3709936.492,154503844.311202
2021-01-21,42.6056,42.7176,38.2,38.6343,3460575.242,140161330.8816159
2021-01-22,38.6596,41.528,36.8518,40.8936,3088685.295,122212901.7638495
2021-01-23,40.8938,41.88,39.4555,40.9109,2531809.648,103044289.6364261
2021-01-24,40.9113,42.2,40.3144,41.8263,2340747.623,97017133.5978513
2021-01-25,41.827,43.4241,40.5364,41.8347,2778238.02,117399838.4063164
2021-01-26,41.8347,42.598,39.6955,41.8396,2758108.622,113401083.8483374
2021-01-27,41.8397,42.0984,39.6102,40.8826,2638401.378,108149178.3593736
2021-01-28,40.8957,43.085,40.317,42.5254,2984098.651,125825473.6606247
2021-01-29,42.5277,44.0,41.8017,42.8618,3433689.484,147364483.4547029
2021-01-30,42.8653,45.1071,42.5911,44.7849,2767954.291,121803577.410981
2021-01-31,44.8022,45.8269,43.3,44.3292,2431692.198,107955886.1665317
2021-02-01,44.3291,52.3736,43.4331,51.4781,6095055.413,294440153.8956684
2021-02-02,51.4762,53.0,49.1572,51.0071,4675040.877,237619391.9434699
2021-02-03,51.029,52.7,49.7823,52.12,2949735.036,150776117.8031686
2021-02-04,52.12,57.0547,51.25,55.9599,4004741.294,215002299.8179948
2021-02-05,55.9593,68.73,55.9202,67.7005,5040545.223,306515082.6292277
2021-02-06,67.6217,75.5,61.7,72.8356,8482528.531,595983260.0097728
2021-02-07,72.8693,74.8199,64.1803,68.3542,5969908.442,413359634.3580308
2021-02-08,68.355,79.8823,67.6152,79.8374,7860567.389,573806461.5287858
2021-02-09,79.8734,116.24,78.0381,107.3469,12487305.868,1222317019.460554
2021-02-10,107.3496,148.4,107.2811,128.9711,16613534.274,2139218096.5096064
2021-02-11,128.9463,132.8,117.7289,124.085,5920400.255,737374300.5875953
2021-02-12,124.1129,141.32,120.89,136.6139,5626020.824,740055607.987079
2021-02-13,136.7321,138.5067,125.0,133.3496,3785723.402,497454132.3754869
2021-02-14,133.3498,139.0,128.4615,135.8623,4405507.885,588209671.8743159
2021-02-15,135.8623,139.369,118.0,130.303,4772752.806,617209050.2792228
2021-02-16,129.9493,133.4925,126.0,130.183,3258276.714,423640104.8636006
2021-02-17,130.183,175.9997,126.7546,165.3233,10185662.26,1540919651.6330936
2021-02-18,165.3176,199.88,162.7969,195.6,11226893.373,2093727364.879095
2021-02-19,195.5549,348.6969,194.9279,333.111,20188858.198,5528652618.860825
2021-02-20,333.2212,335.0,223.0,253.0,13497656.247,3803591547.4482107
2021-02-21,253.01,309.4995,249.7044,295.2597,10646422.307,3016515097.5884132
2021-02-22,294.9167,296.0,220.5,267.5147,12604399.402,3304868176.0392327
2021-02-23,267.1721,269.444,186.1,231.3646,15879767.559,3533975184.114267
2021-02-24,231.3646,281.0,213.0257,254.5056,11777825.187,2968825220.6605544
2021-02-25,254.3826,265.4014,231.5,234.9146,6871992.794,1718504824.0212388
2021-02-26,234.7605,239.4,209.105,221.717,7410706.385,1673740236.8863392
2021-02-27,221.9592,237.77,219.011,225.3853,4192697.152,956073854.7960742
2021-02-28,225.4567,229.4,195.0,210.2138,5674373.249,1188324867.5736897
2021-03-01,210.1177,260.0,209.1204,254.9637,7911568.194,1909672582.7119243
2021-03-02,254.9486,264.9,227.0,239.6841,5386013.794,1322863990.4305172
2021-03-03,239.7204,254.8481,236.002,240.5701,4278388.733,1055004494.1174927
2021-03-04,240.4801,249.9885,225.5308,229.6369,3999983.836,951344257.2707064
2021-03-05,229.6369,232.2,215.6439,225.4714,3654842.805,816218663.6047622
2021-03-06,225.5391,232.4996,219.1514,226.3814,2663375.536,600491090.2031841
2021-03-07,226.3812,243.95,224.9542,240.11,3519962.929,825683976.966841
2021-03-08,240.1039,243.0986,228.7029,240.5509,3045991.968,717450084.5848948
2021-03-09,240.7852,297.2962,235.6001,293.2052,7937298.708,2125830116.6707406
2021-03-10,293.1305,295.5,263.8184,278.4499,6012304.148,1691967448.9887078
2021-03-11,278.3522,315.2855,272.12,290.0301,6598662.207,1921178267.9669902
2021-03-12,289.786,290.5,247.5547,263.2201,5905880.87,1595966693.3539188
2021-03-13,263.192,284.2857,255.4206,276.2822,3902398.386,1064357365.4788338
2021-03-14,276.2892,276.8847,263.0003,263.238,2432196.535,656730954.5609341
2021-03-15,263.35,267.7453,249.5327,254.5144,3362734.143,865778780.1144474
2021-03-16,254.3894,259.7847,240.199,258.5352,3013229.0,759878684.5077829
2021-03-17,258.5611,272.1787,248.2001,269.7896,2856836.919,734538705.6010387
2021-03-18,269.8578,277.8,257.01,261.4816,3152509.589,849612650.8889891
2021-03-19,261.5157,269.0,255.0,262.935,2262870.653,598172787.5127919
2021-03-20,263.1083,274.6805,261.4,264.3023,2377018.11,637249236.4276834
2021-03-21,264.2213,268.0305,257.0001,264.6513,1973476.754,520164482.6716413
2021-03-22,264.7152,277.0,252.9164,254.7976,3265655.831,867393890.9961793
2021-03-23,254.9689,262.97,251.838,255.4646,2587450.732,667040263.824583
2021-03-24,255.5191,268.7062,240.3333,248.5236,3270691.795,842490109.3031726
2021-03-25,248.5345,250.0912,224.9686,233.9466,3498082.827,831361532.2659026
2021-03-26,234.0024,255.2113,233.8114,255.2105,2635329.155,650316857.7394375
2021-03-27,255.1201,276.0,249.5001,269.2234,3089181.848,804732179.3560841
2021-03-28,269.2864,281.3939,261.0,268.4263,3272613.755,888837689.742223
2021-03-29,268.6234,277.9813,264.4585,275.2991,2728496.99,743818283.8759371
2021-03-30,275.2986,311.5325,271.2857,311.2962,5532768.33,1633393562.8013515
2021-03-31,311.2962,316.6997,284.0,302.3724,4719335.506,1432519744.2660227
2021-04-01,302.4591,339.0,300.7,334.7991,4390708.581,1403784882.8732836
2021-04-02,334.6706,356.9882,324.6162,338.2932,4205858.478,1449673755.0076194
2021-04-03,338.2932,349.1347,315.91,321.9497,3099870.848,1044647379.113692
2021-04-04,321.9597,352.3275,316.0,348.8617,2730876.03,930046907.3464288
2021-04-05,348.8705,380.0,335.8442,368.0263,3473780.055,1251830835.7298312
2021-04-06,368.1506,411.755,363.8333,403.3648,4481056.436,1741879509.9979262
2021-04-07,403.2607,414.3803,356.0,375.5538,6179859.708,2382943130.3336415
2021-04-08,375.5538,422.6323,371.78,418.7048,4092498.638,1657671967.081196
2021-04-09,418.7047,453.9937,403.19,453.9937,3670424.433,1585030394.379519
2021-04-10,453.9898,487.4062,450.0,471.2975,4659107.212,2200226600.9799323
2021-04-11,471.2974,529.211,458.0165,525.9275,3644396.11,1776698304.8045454
2021-04-12,525.9275,638.5673,515.1,596.7104,9279328.84,5344661902.251941
2021-04-13,596.7878,602.7871,530.2288,551.6442,5447746.544,3061385296.102707
2021-04-14,551.3956,590.5369,521.1313,550.0182,4213337.251,2356734422.954988
2021-04-15,550.0182,556.9,533.7166,541.8824,2306850.045,1261789670.8404372
2021-04-16,541.8351,547.6074,489.7356,508.2743,4192218.462,2179386782.467181
2021-04-17,508.2614,547.95,506.0,514.6861,2949040.221,1548814458.1705544
2021-04-18,514.8178,520.4237,428.0,481.4367,4468597.46,2101748555.7606797
2021-04-19,481.5112,540.0,467.8846,504.0322,5031325.713,2572857437.0160513
2021-04-20,504.0322,589.5,470.207,586.3635,5730895.325,3065802468.2334905
2021-04-21,586.5201,613.8975,535.9186,543.6327,5685067.894,3302743900.049621
2021-04-22,543.6827,582.7051,480.0,505.2411,6375583.139,3453990005.3750396
2021-04-23,505.2282,530.0,450.0,526.5357,6855584.921,3382941422.360556
2021-04-24,526.4319,528.8088,482.3052,496.992,3005329.075,1520666084.6393692
2021-04-25,496.992,517.74,478.01,505.0,2489756.6252,1244888360.1544836
2021-04-26,505.0,550.0,501.5,535.33,3098650.6351,1646103488.0288882
2021-04-27,535.33,579.5,525.0,568.78,2807308.6198,1565140057.705096
2021-04-28,568.78,578.88,538.0,562.78,2384514.8852,1333087930.86344
2021-04-29,562.78,615.29,554.0,599.7,4336516.3347,2536924856.305376
2021-04-30,599.66,628.0,585.72,622.65,3430512.4025,2095245536.8241105
2021-05-01,622.64,645.57,609.21,620.0,2427568.3909,1516905856.2444093
2021-05-02,620.0,629.0,595.3,621.78,2066258.2844,1273435369.898067
2021-05-03,621.77,680.0,621.22,676.15,2873379.617,1872406454.7114546
2021-05-04,676.15,677.71,604.14,609.3,3765315.6951,2400359921.759795
2021-05-05,609.41,656.67,605.0,651.1,2270137.4732,1454478376.495745
2021-05-06,651.1,653.77,620.0,633.99,2065376.5442,1318819283.775989
2021-05-07,634.03,644.02,611.43,624.3,1979435.9584,1238889450.405969
2021-05-08,624.3,657.91,618.36,646.1,2186084.7749,1395957617.959335
2021-05-09,646.07,679.0,630.54,661.74,2343402.1219,1543794428.062309
2021-05-10,661.74,691.77,588.0,631.1,3074645.0692,2022592640.9284978
2021-05-11,631.16,673.0,621.11,671.91,2640713.327,1721298080.868251
2021-05-12,671.9,684.91,581.4,594.65,2813834.8185,1822055485.228645
2021-05-13,594.2,633.5,526.6,571.1,5485323.7047,3209105953.134293
2021-05-14,571.1,615.0,566.0,602.61,2187570.2996,1301240937.051233
2021-05-15,602.61,611.31,560.0,563.41,2259793.5825,1322248759.387284
2021-05-16,563.42,606.78,534.88,564.32,2939528.1774,1678652421.17639
2021-05-17,564.66,564.66,483.0,512.07,4029118.3527,2087711760.249724
2021-05-18,512.06,534.0,490.0,507.88,2720596.4374,1404143922.109876
2021-05-19,507.9,516.5,280.0,334.8,11497731.3774,4527448944.4894495
2021-05-20,334.8,423.83,284.27,391.17,8116861.4224,2937633738.121213
2021-05-21,391.37,415.71,274.0,326.01,8827845.3858,3021752642.8292913
2021-05-22,326.23,335.82,284.55,299.76,5303046.012,1646566206.389925
2021-05-23,299.75,313.45,211.7,260.72,8801148.1832,2229226334.873157
2021-05-24,260.72,350.0,257.4,345.64,7794003.641,2371630247.307144
2021-05-25,345.64,378.12,306.61,343.18,7638986.0132,2568468246.869039
2021-05-26,343.18,388.28,336.21,379.16,5336916.0722,1962829110.773636
2021-05-27,379.16,387.56,340.0,369.67,4275801.5014,1564221587.83169
2021-05-28,369.83,373.68,312.3,328.82,5253443.3619,1767981944.157346
2021-05-29,328.86,347.0,295.22,305.04,3764083.2923,1207409894.689486
2021-05-30,305.18,338.32,291.06,325.57,3739673.1138,1204069134.173924
2021-05-31,325.55,356.0,307.55,353.33,4110136.8744,1377416607.541584
2021-06-01,353.37,364.4,339.48,362.39,3652280.6916,1284873991.761273
2021-06-02,362.36,419.43,350.43,401.54,4377024.6685,1713451718.593527
2021-06-03,401.52,433.0,391.32,428.48,4214469.415,1752346450.735721
2021-06-04,428.46,429.5,365.0,390.7,4926793.4499,1916201817.164444
2021-06-05,390.68,426.0,373.8,390.08,3977579.347,1595813798.745922
2021-06-06,390.05,400.29,381.5,393.73,1862065.4318,729084366.503952
2021-06-07,393.82,407.42,353.53,357.96,3028938.8445,1170669919.32938
2021-06-08,357.94,366.33,319.18,352.5,4986849.8512,1719924713.883863
2021-06-09,352.5,378.77,333.56,375.54,3494285.669,1249840132.937438
2021-06-10,375.56,377.55,344.13,351.94,2417974.6499,872882198.949866
2021-06-11,351.96,366.28,340.84,345.75,2215352.723,785929588.814169
2021-06-12,345.76,348.88,325.3,343.7,2074837.0012,699907058.519639
2021-06-13,343.68,369.0,330.48,365.8,1958071.3656,679668875.246562
2021-06-14,365.81,377.33,355.07,370.19,1978613.2384,723637001.375154
2021-06-15,370.2,379.58,363.23,366.48,1545190.4369,573156968.63816
2021-06-16,366.48,366.77,343.35,347.22,1531522.2062,543418325.492729
2021-06-17,347.22,362.47,345.85,352.85,1239146.5273,439111935.571411
2021-06-18,352.84,357.12,327.22,337.16,1583897.2791,543765122.851648
2021-06-19,337.21,345.0,331.11,334.01,1067456.2119,361192951.851484
2021-06-20,334.03,340.57,310.13,339.08,1618406.0051,529131275.110113
2021-06-21,339.09,342.0,268.57,270.76,3729539.0167,1134169839.109733
2021-06-22,270.76,291.5,225.42,262.1,5570573.4851,1445168751.327064
2021-06-23,262.1,309.75,251.41,296.25,3319089.777,956389175.501215
2021-06-24,296.17,316.49,281.5,308.62,2635799.196,793593075.997634
2021-06-25,308.6,314.84,275.24,280.81,2711888.8709,791189610.009283
2021-06-26,280.89,290.33,264.26,279.65,2263064.3633,622268680.140945
2021-06-27,279.58,291.7,269.72,290.87,1539903.0268,431044973.383061
2021-06-28,290.89,299.96,283.55,290.0,1884580.1557,548496790.262426
2021-06-29,290.0,315.6,289.19,300.79,2126079.3416,646844599.029175
2021-06-30,300.79,304.88,281.53,303.71,2061866.47,606540123.129403
2021-07-01,303.75,304.0,281.0,287.43,1388151.0265,401830865.476267
2021-07-02,287.49,290.74,276.4,287.17,1003331.2269,282959964.051108
2021-07-03,287.17,303.21,282.77,298.13,1016731.5662,299594862.737075
2021-07-04,298.18,314.91,292.58,307.62,1309414.0255,401277889.880716
2021-07-05,307.63,307.68,291.0,302.02,1403218.2408,421248886.193342
2021-07-06,302.04,322.5,301.8,319.92,2066912.3595,650273531.159916
2021-07-07,319.91,340.0,318.23,327.51,1779058.2937,590298135.792665
2021-07-08,327.51,328.21,304.4,310.14,1644090.8501,519961296.569241
2021-07-09,310.08,319.69,301.43,317.09,1106411.786,343735624.263496
2021-07-10,317.09,321.44,310.57,316.12,818970.9225,258075549.819215
2021-07-11,316.12,326.82,312.21,322.16,799617.835,256199711.968271
2021-07-12,322.17,334.37,308.57,316.12,1322836.6575,426623454.937474
2021-07-13,316.11,318.33,305.2,308.94,930032.3155,289436636.719732
2021-07-14,308.98,313.46,290.24,309.4,1430288.4026,432901624.170642
2021-07-15,309.33,324.33,301.32,316.11,2185210.8398,683580014.966445
2021-07-16,316.12,323.5,301.5,302.88,1456105.4019,452125371.767348
2021-07-17,302.94,306.71,295.0,300.52,1030879.9611,309811109.644366
2021-07-18,300.56,309.18,298.7,302.1,815497.3527,248310442.280799
2021-07-19,302.04,303.94,278.85,280.54,1318041.7074,380236625.464024
2021-07-20,280.54,283.6,254.52,264.44,1796600.5803,477330480.08544
2021-07-21,264.43,298.92,261.02,293.26,1740736.0226,493675666.918788
2021-07-22,293.27,298.44,287.3,293.36,1173507.9432,344239131.743979
2021-07-23,293.39,301.5,281.01,299.27,1640999.5389,479004113.189418
2021-07-24,299.29,307.79,295.43,301.56,1438901.3811,433812986.340374
2021-07-25,301.53,304.44,292.34,302.56,1083557.277,324189704.048681
2021-07-26,302.56,328.0,301.0,304.0,2575554.2802,814831876.350239
2021-07-27,304.0,318.41,297.61,313.48,1678708.0635,516987151.379439
2021-07-28,313.47,318.68,308.0,313.8,1308249.13,410191599.793607
2021-07-29,313.84,320.31,308.6,317.03,998946.1839,313547925.46514
2021-07-30,317.1,325.66,306.16,322.58,1297421.6445,409615592.86199
2021-07-31,322.58,338.44,317.21,332.38,1393753.965,457403870.688032
2021-08-01,332.38,347.8,328.99,332.59,1514514.2178,514454683.275946
2021-08-02,332.63,338.29,326.17,330.55,1018741.3098,338323320.513389
2021-08-03,330.53,334.73,317.02,323.43,1060806.3447,343038810.017112
2021-08-04,323.44,337.39,319.78,334.77,969671.4228,318558568.225493
2021-08-05,334.78,340.17,323.37,337.91,1263649.4926,419560178.096515
2021-08-06,337.92,347.14,331.12,342.39,1267498.9178,429722920.938203
2021-08-07,342.39,359.74,340.34,356.18,1545801.188,542603720.121595
2021-08-08,356.18,359.87,337.0,341.79,1275768.154,445920620.983132
2021-08-09,341.79,357.7,333.15,354.32,1284975.5132,448732876.95589
2021-08-10,354.32,376.6,348.0,371.92,1660844.1918,604564023.905828
2021-08-11,371.95,408.72,371.09,390.96,1911892.6875,746352235.758229
2021-08-12,390.92,406.18,371.59,385.66,1835305.9382,709029017.365146
2021-08-13,385.69,411.46,382.91,410.76,1261827.2925,504721884.412638
2021-08-14,410.74,418.8,400.0,408.67,1439286.5064,587011410.464729
2021-08-15,408.66,415.16,395.88,414.05,1238115.4178,501360731.252956
2021-08-16,414.05,437.0,410.79,415.72,1850324.1906,782937826.9759486
2021-08-17,415.72,435.77,398.77,401.8,1984029.275,833886620.824414
2021-08-18,401.86,412.36,385.47,396.15,1750539.5385,698437988.862602
2021-08-19,396.23,431.7,390.89,431.27,1852873.4714,760855598.336724
2021-08-20,431.21,458.0,421.84,454.93,1691101.5102,741836933.510225
2021-08-21,454.92,460.0,443.47,448.74,1426818.8978,646029835.594676
2021-08-22,448.74,458.34,437.77,448.68,1135535.8076,509610173.147653
2021-08-23,448.69,509.71,445.89,499.06,2660809.0219,1298353030.852169
2021-08-24,499.06,504.2,461.12,471.62,2080297.6979,1005799339.791438
2021-08-25,471.62,507.0,470.0,503.19,2242911.0333,1097153964.71357
2021-08-26,503.17,518.94,471.2,478.1,2229652.231,1091106242.802029
2021-08-27,478.2,495.0,467.1,494.5,1549790.9246,747871449.796287
2021-08-28,494.6,497.0,482.3,486.2,891854.5838,434757166.853921
2021-08-29,486.1,495.5,475.0,479.7,910773.939,441423115.5593
2021-08-30,479.7,480.9,457.0,460.3,1125497.9612,532177068.407757
2021-08-31,460.2,477.8,448.2,463.9,1477345.5552,687097552.053561
2021-09-01,463.9,490.0,455.1,489.4,1320635.94,627928762.5625
2021-09-02,489.5,504.7,478.0,483.7,1245680.6988,611758853.501436
2021-09-03,483.6,495.0,473.0,488.5,1094104.742,533570500.4333
2021-09-04,488.4,509.9,485.2,497.7,1248261.6277,619851481.258591
2021-09-05,497.8,505.2,488.4,504.8,878406.045,436390403.4393
2021-09-06,504.9,509.0,486.9,496.1,1121398.978,559438324.5125
2021-09-07,496.1,504.8,369.0,418.7,3358688.1229,1479395491.557286
2021-09-08,418.7,425.5,382.3,415.0,2058507.11,841566323.6655
2021-09-09,415.2,436.1,403.4,421.3,1543293.221,644440971.8215
2021-09-10,421.3,439.4,393.2,401.4,1528906.751,632034252.0529
2021-09-11,401.4,415.3,399.3,405.1,922767.055,376762491.3478
2021-09-12,405.0,421.5,397.4,416.3,981402.883,405085778.0838
2021-09-13,416.4,419.7,383.0,399.1,1531654.719,609769200.4037
2021-09-14,399.1,414.7,395.7,414.3,930635.792,376195780.1579
2021-09-15,414.3,438.0,409.6,431.3,1182055.631,502438326.3707
2021-09-16,431.2,435.0,415.6,424.3,1037049.02,442117531.7271
2021-09-17,424.2,426.0,400.4,406.6,844137.727,349222596.7781
2021-09-18,406.8,420.0,401.5,410.7,733479.739,303442614.6176
2021-09-19,410.8,419.0,402.8,408.6,743095.721,305428364.0104
2021-09-20,408.5,410.1,353.7,364.1,1865673.9401,703797628.797956
2021-09-21,364.1,376.0,336.8,344.4,1577059.1261,566624712.031199
2021-09-22,344.4,379.9,342.3,379.0,1085212.972,394051611.6032
2021-09-23,378.9,384.6,369.0,383.5,992215.176,374836991.5699
2021-09-24,383.5,385.3,333.6,355.0,1718950.219,611327922.318234
2021-09-25,355.0,360.8,343.2,349.6,916797.617,322522702.0666
2021-09-26,349.6,353.0,320.0,344.0,1538759.1618,521735683.850301
2021-09-27,344.0,357.6,335.0,335.5,956544.069,332372476.5115
2021-09-28,335.5,344.6,330.0,333.0,922077.227,310828343.6974
2021-09-29,332.9,375.4,331.2,367.7,1696420.045,612547661.8839
2021-09-30,367.7,388.8,366.4,387.5,1163674.206,439628574.4184
2021-10-01,387.5,423.4,381.5,421.5,1440336.041,584311192.716
2021-10-02,421.4,438.2,410.6,427.1,1039006.518,441907791.7276
2021-10-03,427.0,437.2,421.5,430.5,820910.792,352575425.7036
2021-10-04,430.5,430.9,410.9,426.3,974423.359,410376184.3993
2021-10-05,426.4,444.0,424.0,442.1,883699.828,385403145.0597
2021-10-06,442.0,442.8,414.7,434.9,1245088.683,537791098.8015
2021-10-07,434.9,450.0,423.6,438.5,1159098.7447,509653579.8304
2021-10-08,438.5,441.6,415.7,419.2,1505999.188,644030609.2269
2021-10-09,419.3,426.0,416.0,421.9,632123.526,266856749.2173
2021-10-10,421.9,422.3,402.0,404.1,729380.963,302884829.9452
2021-10-11,404.0,424.0,399.8,413.1,759924.884,314882971.6098
2021-10-12,413.2,444.5,392.2,444.2,1966630.183,829580710.1162
2021-10-13,444.1,471.8,432.3,470.8,3383303.439,1542057671.3891
2021-10-14,470.7,482.8,461.2,472.7,1431305.925,676261023.816744
2021-10-15,472.7,478.0,450.8,474.5,1508188.787,702474058.1554
2021-10-16,474.5,484.7,423.0,465.8,1040477.571,490585492.1044
2021-10-17,465.8,472.4,454.2,470.9,890609.849,414577714.959
2021-10-18,471.0,487.6,466.4,484.9,1091006.031,518750531.8773
2021-10-19,485.0,497.6,480.3,488.1,912494.969,445294411.0935
2021-10-20,488.1,505.9,481.3,501.3,946412.94,467959376.3972
2021-10-21,501.3,504.9,466.0,470.9,1851835.929,900310066.4435
2021-10-22,470.9,498.0,470.7,479.3,1118876.638,541705782.6395
2021-10-23,479.3,485.7,472.6,485.5,521970.795,250907116.8612
2021-10-24,485.5,486.5,467.8,475.8,590939.031,281745798.0897
2021-10-25,475.8,488.6,474.7,485.1,632116.761,305600064.9152
2021-10-26,485.1,489.8,473.5,478.1,702610.184,340191955.2634
2021-10-27,478.2,486.4,435.3,448.7,1370950.214,630367975.4475
2021-10-28,448.7,494.8,446.4,491.9,1523900.006,724786890.2403
2021-10-29,492.0,533.61,487.6,530.3,1411851.4394,720241822.825672
2021-10-30,530.3,540.5,510.2,528.3,1095033.1264,575511112.876323
2021-10-31,528.4,535.0,508.9,524.6,1018991.819,532431987.4044
2021-11-01,524.6,551.9,511.0,551.3,1274272.0851,679389556.770091
2021-11-02,551.3,564.0,537.4,554.4,1153919.1399,635985237.925595
2021-11-03,554.4,570.1,537.5,568.4,1262766.5996,699196827.647012
2021-11-04,568.4,568.9,543.6,558.7,1052950.033,584534661.6208
2021-11-05,558.8,616.9,554.1,607.3,1989945.5433,1187156588.997054
2021-11-06,607.3,637.8,595.1,637.7,1366385.957,838291690.084161
2021-11-07,637.7,669.3,630.5,649.6,1476373.2487,968328578.142363
2021-11-08,649.5,655.7,631.0,653.5,1290096.384,829833782.4209
2021-11-09,653.6,656.7,631.9,635.0,879119.398,565719151.0885
2021-11-10,635.0,662.9,573.0,614.1,1814654.086,1144508386.2603
2021-11-11,614.2,635.2,605.7,628.4,1019740.949,635981486.4901
2021-11-12,628.4,634.5,602.7,626.9,1012909.088,628792038.9268
2021-11-13,626.8,655.0,619.6,649.5,900107.757,574247361.3526
2021-11-14,649.5,661.0,634.5,650.8,933689.139,605300515.2465
2021-11-15,650.7,659.5,630.3,633.8,953989.634,615298900.6627
2021-11-16,633.9,635.2,573.7,588.7,2200954.903,1320193365.0954
2021-11-17,588.8,592.6,553.7,578.0,1453408.555,832762537.5207
2021-11-18,577.9,588.2,510.0,531.8,1750338.428,965930426.1507
2021-11-19,531.9,585.5,523.9,581.0,1300787.958,726611378.2376
2021-11-20,581.0,604.8,572.6,604.3,1119517.131,657161664.3158
2021-11-21,604.4,605.2,579.6,584.0,970133.807,572049351.412
2021-11-22,584.0,585.5,553.8,559.3,1141002.755,650028588.5166
2021-11-23,559.4,605.0,557.9,591.1,1202541.917,700415875.4591
2021-11-24,591.1,594.3,576.8,590.3,1079667.803,632805869.1918
2021-11-25,590.4,650.0,587.4,639.1,1536194.042,958625175.4105
2021-11-26,639.1,657.9,564.2,587.3,2413553.439,1447846558.5573
2021-11-27,587.2,621.3,582.6,599.9,1183849.36,712876474.9266
2021-11-28,599.9,612.9,571.6,611.3,1281130.351,757806021.786
2021-11-29,611.4,629.0,601.6,623.4,1090520.864,672538451.6903
2021-11-30,623.5,635.0,602.6,622.5,1380656.205,858030125.9787
2021-12-01,622.5,649.8,618.2,627.5,1384101.087,879872431.1519
2021-12-02,627.5,630.9,605.5,619.9,1104596.881,685357094.9824
2021-12-03,619.9,628.0,574.0,595.0,1250950.167,758470254.7318
2021-12-04,595.1,596.0,489.2,568.6,2611783.647,1425050943.3721
2021-12-05,568.5,582.0,539.9,557.8,1258393.72,707167735.8036
2021-12-06,557.7,593.0,533.0,587.5,2005928.932,1119432809.5291
2021-12-07,587.5,594.1,572.2,578.7,1017363.943,595103047.9773
2021-12-08,578.7,607.6,567.0,607.2,1113215.449,651285928.0383
2021-12-09,607.3,617.0,567.7,570.2,1096635.012,648380380.7178
2021-12-10,570.2,595.1,550.2,552.4,1083121.564,621292933.926
2021-12-11,552.5,572.7,542.0,564.5,950448.474,529027286.0263
2021-12-12,564.6,574.8,559.3,570.3,544940.336,308334857.2714
2021-12-13,570.3,572.2,511.1,521.0,1037150.705,558660545.4829
2021-12-14,521.0,535.8,509.7,528.1,1263782.101,660926721.8958
2021-12-15,528.0,546.7,501.6,541.1,1147515.305,604825337.5588
2021-12-16,541.1,545.3,524.8,526.2,735504.682,394779330.6026
2021-12-17,526.2,535.8,511.0,525.5,921732.763,484731644.0489
2021-12-18,525.5,537.8,515.0,533.9,580436.098,306816951.2816
2021-12-19,533.9,544.4,527.1,529.8,540256.684,289149894.6572
2021-12-20,529.8,534.8,505.6,524.0,727454.212,377351552.6286
2021-12-21,524.0,535.7,509.8,528.3,686439.708,362435440.6159
2021-12-22,528.4,545.0,527.2,533.6,721787.109,386718252.4613
2021-12-23,533.6,552.6,524.3,549.0,844421.954,452954925.0665
2021-12-24,549.0,554.4,537.4,542.1,665688.415,363769480.7955
2021-12-25,542.1,550.5,539.1,547.4,455399.793,248401383.1592
2021-12-26,547.4,549.3,535.6,546.4,536338.775,291474552.8352
2021-12-27,546.5,572.0,543.1,563.7,803473.155,448470409.7036
2021-12-28,563.7,563.7,528.4,534.2,1002556.271,547720713.5012
2021-12-29,534.2,540.5,510.3,514.5,740117.867,390415720.3118
2021-12-30,514.5,527.8,508.3,518.5,639166.717,331680388.3552
2021-12-31,518.6,528.3,506.0,511.4,677844.749,350384267.7
2022-01-01,511.5,527.9,511.4,527.3,446171.541,231696121.2996
2022-01-02,527.4,533.9,518.0,531.0,404475.541,212693827.9376
2022-01-03,531.0,532.8,510.0,511.9,663841.021,345896511.2778
2022-01-04,511.9,520.0,502.0,506.9,687436.638,351709153.0318
2022-01-05,506.9,516.0,457.0,474.1,985152.004,487039058.787
2022-01-06,474.2,481.3,458.8,472.6,986669.9,462959866.6669
2022-01-07,472.6,473.9,437.5,448.1,1331260.03,600028684.1946
2022-01-08,448.1,459.7,415.0,429.9,1062788.589,464082732.8109
2022-01-09,429.8,444.5,427.0,438.7,688777.347,299514285.4251
2022-01-10,438.8,445.5,405.6,424.7,1221504.738,518143646.508
2022-01-11,424.8,467.7,421.3,463.6,1266092.819,571335667.7927
2022-01-12,463.6,489.9,456.6,487.8,836124.928,395395226.9867
2022-01-13,487.8,489.8,466.5,475.2,908052.937,434855256.5301
2022-01-14,475.1,492.3,467.6,490.0,797022.181,383070562.1503
2022-01-15,489.9,500.9,485.0,494.5,548626.203,270831128.9543
2022-01-16,494.5,506.0,488.6,498.6,507042.332,251862226.2236
2022-01-17,498.6,499.1,466.9,475.2,757806.035,363254557.7459
2022-01-18,475.1,479.6,457.2,471.4,707501.577,330240013.3563
2022-01-19,471.5,473.1,453.7,461.9,585750.3,272375832.0181
2022-01-20,461.9,478.7,438.2,440.2,1137854.894,528565003.8169
2022-01-21,440.2,444.6,373.7,383.9,1891179.594,780737529.9346
2022-01-22,383.8,389.6,336.3,358.3,2635609.386,949889475.2338
2022-01-23,358.3,389.0,356.3,383.9,1297043.923,486432084.5722
2022-01-24,384.0,384.0,336.0,371.3,1900214.42,674434639.6883
2022-01-25,371.2,389.5,357.4,385.1,1006111.155,374436795.3877
2022-01-26,385.1,402.4,366.4,375.1,1073520.172,413788334.1036
2022-01-27,375.1,393.8,360.0,389.9,962060.888,358493434.8504
2022-01-28,389.9,395.9,375.8,385.9,752320.615,290426869.6174
2022-01-29,385.9,397.3,380.7,389.3,534573.782,207593040.2279
2022-01-30,389.4,389.6,372.2,377.2,536436.123,204652766.3272
2022-01-31,377.2,385.4,365.2,374.3,620113.734,232898450.6479
2022-02-01,374.4,388.4,373.7,384.2,555347.277,212697945.1107
2022-02-02,384.1,386.1,366.1,366.9,572340.04,215596317.4431
2022-02-03,367.1,372.4,359.6,372.3,495715.227,181299666.3064
2022-02-04,372.2,399.7,369.5,399.5,849825.828,326468411.3554
2022-02-05,399.6,431.0,396.3,413.7,1031046.87,429828793.049
2022-02-06,413.8,422.5,407.0,419.9,542631.176,225211627.8565
2022-02-07,419.9,439.0,413.3,433.5,758247.667,326074842.5938
2022-02-08,433.5,445.4,406.2,407.8,1148555.321,484080748.7926
2022-02-09,407.9,427.7,407.1,422.9,633880.431,265055577.1978
2022-02-10,422.9,434.9,410.0,414.7,956240.339,403767915.0088
2022-02-11,414.7,418.9,390.5,400.0,700843.2,286858834.3641
2022-02-12,400.0,407.1,393.3,403.6,521080.237,208673604.9611
2022-02-13,403.6,407.8,394.7,397.9,388657.052,156144929.8226
2022-02-14,398.0,404.5,390.6,403.4,472210.318,187826631.9452
2022-02-15,403.4,443.0,402.7,432.4,1184143.99,505124380.0128
2022-02-16,432.4,433.5,422.2,427.3,606252.493,259874383.3159
2022-02-17,427.3,431.1,400.0,402.4,661874.717,275709832.7181
2022-02-18,402.4,411.0,392.2,399.2,611936.679,245671823.9169
2022-02-19,399.2,406.4,393.0,399.8,410279.304,164154087.3112
2022-02-20,399.8,400.0,375.0,380.6,624148.525,239051430.9718
2022-02-21,380.7,393.7,355.0,356.6,1219652.481,457114758.2113
2022-02-22,356.7,375.4,348.7,374.3,940456.822,340225406.7727
2022-02-23,374.3,384.2,365.3,365.6,698692.661,262913145.3207
2022-02-24,365.6,371.3,323.5,361.2,1949035.935,670530462.9295
2022-02-25,361.2,377.2,356.8,375.0,783242.16,286459035.4918
2022-02-26,375.0,386.1,370.5,373.7,548687.941,206711446.3645
2022-02-27,373.7,381.2,358.1,360.1,677364.949,249999154.4557
2022-02-28,360.1,397.2,355.8,395.6,773064.48,289850493.0347
2022-03-01,395.7,424.9,390.4,408.7,1403695.832,570619625.5918
2022-03-02,408.7,415.7,403.8,409.3,788499.443,323372980.944
2022-03-03,409.3,413.2,397.4,402.6,577002.325,233991241.5175
2022-03-04,402.6,403.5,372.0,374.2,756176.61,294267657.1117
2022-03-05,374.1,387.3,367.2,384.7,453970.242,171261274.7136
2022-03-06,384.8,387.3,371.6,375.0,489079.158,185729892.8404
2022-03-07,375.0,385.9,362.8,380.6,949294.91,356471656.4455
2022-03-08,380.6,388.7,375.3,381.4,647492.047,247897754.6279
2022-03-09,381.4,402.7,381.0,393.2,1012850.747,399432781.3146
2022-03-10,393.2,394.5,363.0,372.0,791332.984,296391848.9077
2022-03-11,372.1,380.0,364.7,371.9,510174.586,189829352.1348
2022-03-12,371.9,379.2,371.1,372.4,402475.646,151304077.1742
2022-03-13,372.4,377.2,360.1,361.4,424762.642,157468699.6473
2022-03-14,361.4,373.9,359.5,373.4,467814.984,171918309.3804
2022-03-15,373.4,374.7,361.7,371.7,440890.823,162504505.4955
2022-03-16,371.7,386.6,367.8,385.4,668878.615,252390066.8971
2022-03-17,385.3,393.5,381.7,391.8,569457.408,220668680.0061
2022-03-18,391.9,400.0,384.0,397.2,553763.586,216435335.2584
2022-03-19,397.2,406.4,394.9,399.9,459996.613,184226934.2762
2022-03-20,399.9,400.8,386.2,390.8,398984.429,156927918.921
2022-03-21,390.8,399.5,384.8,396.0,541479.78,213220417.4339
2022-03-22,396.0,410.0,394.8,404.3,609034.607,246686059.4737
2022-03-23,404.3,411.7,397.9,408.4,535891.79,216596978.3039
2022-03-24,408.4,416.6,405.0,414.2,598366.115,246062725.2176
2022-03-25,414.2,421.5,405.5,410.3,609691.876,252564500.671
2022-03-26,410.3,416.4,407.5,415.8,280157.687,115642732.4925
2022-03-27,415.9,431.6,411.7,430.5,490998.1,206354927.6384
2022-03-28,430.6,441.0,427.6,430.2,719102.183,312557900.7517
2022-03-29,430.2,441.6,429.4,434.2,629773.894,274292494.9875
2022-03-30,434.2,449.3,425.5,442.1,768982.427,337640530.5811
2022-03-31,442.1,452.3,423.9,428.9,957924.695,420218726.6781
2022-04-01,428.9,448.2,412.8,447.7,971822.655,420007037.5609
2022-04-02,447.8,454.2,435.7,437.2,827864.885,369703437.968
2022-04-03,437.3,455.7,432.2,450.4,676230.892,300737395.2241
2022-04-04,450.4,450.5,433.4,447.6,736637.271,326915235.4488
2022-04-05,447.6,460.0,444.1,444.7,761168.725,344439007.4977
2022-04-06,444.7,448.6,418.3,420.1,928930.806,401489681.8239
2022-04-07,420.1,450.0,416.2,436.0,717661.036,308674406.1649
2022-04-08,436.1,442.0,418.4,421.5,684600.074,294837274.727
2022-04-09,421.5,428.2,419.6,426.6,356426.659,151083668.0967
2022-04-10,426.6,429.5,417.0,418.1,386650.883,164022002.1582
2022-04-11,418.1,419.7,391.2,394.6,856354.224,348015114.8186
2022-04-12,394.6,417.1,392.4,413.6,729790.918,297678247.1116
2022-04-13,413.7,424.6,410.3,423.4,630077.277,263365818.4243
2022-04-14,423.4,426.9,411.3,414.7,464220.208,194192225.9607
2022-04-15,414.7,420.0,412.5,417.3,331730.773,138219013.2094
2022-04-16,417.3,419.0,411.6,417.3,237289.02,98579512.0048
2022-04-17,417.3,418.2,405.5,406.6,302390.726,125179818.3567
2022-04-18,406.7,418.0,396.2,416.8,628747.772,255406129.1018
2022-04-19,416.9,424.7,414.6,422.3,567586.931,238184351.9582
2022-04-20,422.3,431.4,414.9,418.4,677255.09,286561981.3284
2022-04-21,418.4,426.0,401.2,404.9,771718.154,322432006.8005
2022-04-22,404.9,413.9,403.3,406.6,563521.049,230501976.6605
2022-04-23,406.6,408.1,397.3,401.1,339347.45,137157329.9267
2022-04-24,401.2,405.5,397.1,398.8,322889.805,129744963.581
2022-04-25,398.8,405.7,382.3,404.3,849798.678,334326205.4269
2022-04-26,404.4,407.5,380.8,385.9,629808.812,248264999.2856
2022-04-27,386.0,394.8,383.3,391.3,567371.495,221200838.1662
2022-04-28,391.4,408.6,388.5,407.1,946336.334,379597709.6867
2022-04-29,407.2,410.7,389.7,393.0,694888.526,277495560.7687
2022-04-30,393.0,399.9,376.3,377.1,574905.822,224484821.4371
2022-05-01,377.1,391.4,375.5,389.9,564144.673,216874708.715
2022-05-02,389.9,392.6,382.1,389.5,454918.112,176653828.6666
2022-05-03,389.5,392.3,379.8,383.9,388317.42,150137733.5287
2022-05-04,383.9,403.1,382.7,402.6,599066.682,235145614.8909
2022-05-05,402.6,413.6,370.7,378.4,1224114.512,480461812.5141
2022-05-06,378.5,383.3,370.6,379.1,702441.419,265287421.9414
2022-05-07,379.1,380.6,360.1,365.5,554852.531,207175988.6536
2022-05-08,365.5,367.0,349.5,355.9,785184.087,280783573.4153
2022-05-09,355.9,359.3,295.4,296.1,2137566.8702,689731241.244785
2022-05-10,296.1,332.8,289.0,319.1,2160654.1754,681797899.107798
2022-05-11,319.1,323.0,260.8,271.5,3387753.9826,994453854.052591
2022-05-12,271.4,285.0,218.8,269.0,4499625.6033,1160044030.817458
2022-05-13,269.0,313.5,265.4,290.6,1912387.361,570629505.735
2022-05-14,290.7,299.5,272.1,296.9,1092874.023,313368698.1198
2022-05-15,296.9,312.6,285.7,312.4,774709.231,231142840.1901
2022-05-16,312.4,312.5,290.3,297.2,967622.834,288647095.5697
2022-05-17,297.3,310.7,295.8,306.2,702265.607,213433635.73
2022-05-18,306.2,308.6,286.8,287.7,731091.091,217141792.4776
2022-05-19,287.8,308.9,286.8,307.1,685238.844,205598123.8996
2022-05-20,307.1,316.1,294.1,302.2,918118.177,281005765.1526
2022-05-21,302.3,314.2,299.3,312.4,470778.483,144965150.0549
2022-05-22,312.5,323.7,311.5,319.4,640675.573,203402231.0268
2022-05-23,319.3,337.0,315.3,317.2,1016212.871,332787923.2211
2022-05-24,317.1,330.4,312.1,328.3,1087140.698,350658423.566
2022-05-25,328.3,337.9,324.0,325.7,1057736.755,348647272.3531
2022-05-26,325.7,331.8,296.7,303.0,1539437.598,482675425.1862
2022-05-27,303.0,309.8,290.6,301.6,1460549.008,439011128.0486
2022-05-28,301.5,310.5,296.9,307.5,601654.504,182686636.394
2022-05-29,307.6,308.2,298.6,305.8,519507.747,157551407.3438
2022-05-30,305.9,324.0,303.9,321.8,1006928.231,318483358.1724
2022-05-31,321.8,324.8,313.5,320.9,701746.39,224420165.5609
2022-06-01,321.0,324.5,297.6,300.4,817984.609,254597660.7454
2022-06-02,300.5,309.2,298.2,308.3,477670.4,144758528.4928
2022-06-03,308.4,310.3,293.3,298.6,468996.677,140826605.1582
2022-06-04,298.6,302.9,294.8,301.3,293533.108,87900097.3429
2022-06-05,301.4,302.5,295.0,299.1,269695.901,80515666.7129
2022-06-06,299.1,312.3,288.0,295.1,758590.86,229336066.1504
2022-06-07,295.1,295.9,273.5,290.3,969784.619,276622300.0833
2022-06-08,290.3,294.6,283.9,288.5,509510.455,147774213.8302
2022-06-09,288.5,293.4,286.3,289.9,335495.073,97246541.1366
2022-06-10,289.9,298.9,283.2,286.4,817523.364,236828890.8988
2022-06-11,286.4,290.6,265.2,269.9,584351.456,161677600.7792
2022-06-12,269.9,272.0,251.1,254.8,827755.035,215061279.4901
2022-06-13,254.8,257.8,213.2,223.0,2377589.4089,546805495.733613
2022-06-14,222.9,231.4,204.1,223.0,1922025.0844,422925306.5654336
2022-06-15,223.1,234.7,198.4,233.6,2105397.5515,448547539.3195364
2022-06-16,233.6,237.2,207.7,210.2,975592.873,214986177.6497
2022-06-17,210.3,222.1,207.7,215.8,690834.308,149392114.506
2022-06-18,215.8,219.0,183.4,197.0,1404690.4959,279072472.256769
2022-06-19,197.0,217.0,189.7,215.1,1102166.171,224920974.6115
2022-06-20,215.1,219.8,204.8,216.5,880400.844,187322962.2861
2022-06-21,216.5,228.4,213.1,220.1,829003.565,183872676.7358
2022-06-22,220.2,221.0,211.2,214.4,690466.465,149052138.7577
2022-06-23,214.4,231.7,214.0,228.9,783796.952,175743668.5606
2022-06-24,229.0,243.3,228.3,240.2,707275.387,166839422.1564
2022-06-25,240.3,242.1,229.7,239.7,490948.31,116387757.5903
2022-06-26,239.7,245.2,233.2,233.9,456762.547,109213172.7113
2022-06-27,234.0,241.0,230.0,233.8,483616.798,113847391.7689
2022-06-28,233.9,242.8,225.9,226.9,632626.779,149006957.8704
2022-06-29,227.0,229.8,215.4,219.7,711780.691,157422165.4455
2022-06-30,219.7,220.3,205.4,219.6,791526.898,168111073.7277
2022-07-01,219.6,226.8,213.5,216.9,816261.885,179748144.2187
2022-07-02,216.9,219.7,213.8,218.3,342712.099,74221672.5156
2022-07-03,218.4,220.1,213.9,219.2,361103.065,78551392.8071
2022-07-04,219.2,232.2,214.8,231.5,514662.946,115095649.762
2022-07-05,231.6,236.6,222.9,230.8,684927.621,157531502.5575
2022-07-06,230.8,240.0,229.0,238.6,644951.713,152035811.0107
2022-07-07,238.6,243.8,230.0,241.4,488193.225,116889808.366
2022-07-08,241.4,247.7,237.0,240.7,643936.034,155410733.435
2022-07-09,240.7,245.0,240.4,243.3,267778.165,65028839.7307
2022-07-10,243.3,243.5,231.7,234.7,396712.237,93608353.6637
2022-07-11,234.7,235.0,225.1,225.6,419335.067,96787885.921
2022-07-12,225.7,228.3,220.2,220.6,410220.066,92021837.1589
2022-07-13,220.6,231.3,216.4,230.5,714589.61,159664486.6001
2022-07-14,230.5,240.0,227.1,238.5,577524.874,134737102.3693
2022-07-15,238.6,242.7,235.4,238.5,446513.822,106441090.036
2022-07-16,238.6,251.5,233.9,249.8,423399.994,103010813.2741
2022-07-17,249.8,256.1,246.4,247.8,436448.547,109732342.9723
2022-07-18,247.8,265.6,247.6,264.1,747067.029,193593760.8025
2022-07-19,264.1,274.8,255.8,268.6,946386.94,250265863.908
2022-07-20,268.6,272.0,256.4,258.2,771496.808,205390008.9628
2022-07-21,258.3,266.0,250.7,265.6,545140.272,140726770.2612
2022-07-22,265.6,271.4,261.1,262.4,508542.317,135732971.3766
2022-07-23,262.5,272.6,252.7,259.2,488326.247,127285476.3853
2022-07-24,259.2,266.2,257.1,261.4,333902.611,87651122.8448
2022-07-25,261.4,262.7,243.8,244.6,458768.533,116542520.9678
2022-07-26,244.7,249.6,239.6,249.4,365533.647,88956040.5187
2022-07-27,249.5,272.0,247.5,271.6,656773.695,170925448.3281
2022-07-28,271.6,280.8,263.6,277.2,669832.4,182039983.1174
2022-07-29,277.2,302.0,274.8,293.6,1077799.221,311584621.6715
2022-07-30,293.6,300.2,285.1,287.8,683111.103,200155642.0377
2022-07-31,287.8,297.1,282.1,283.4,564727.273,164338264.5006
2022-08-01,283.5,290.5,277.9,283.2,493847.804,140529914.4358
2022-08-02,283.3,291.1,274.2,283.8,627814.081,176987241.0335
2022-08-03,283.8,305.7,278.2,297.5,685924.62,201744069.5699
2022-08-04,297.6,313.4,297.2,311.8,808604.152,246396755.5475
2022-08-05,311.9,321.5,308.1,315.9,641807.573,202413461.716
2022-08-06,315.9,322.9,312.6,315.2,394288.536,124933875.7491
2022-08-07,315.3,325.9,308.2,322.8,415090.183,132021308.2209
2022-08-08,322.7,334.0,320.8,324.9,580206.607,189929679.9716
2022-08-09,324.9,328.3,312.4,324.4,500589.395,160641901.4976
2022-08-10,324.5,336.8,313.6,328.8,831222.11,270943686.2168
2022-08-11,328.8,334.7,322.0,323.6,549578.328,181136080.2977
2022-08-12,323.5,328.1,317.7,327.9,384848.843,124362903.4881
2022-08-13,327.9,333.0,322.8,324.3,405066.252,132869331.8471
2022-08-14,324.3,331.0,315.8,317.6,378353.918,122468812.6467
2022-08-15,317.6,327.4,313.6,319.5,455916.278,145530995.0574
2022-08-16,319.4,322.4,312.0,316.1,370975.919,117467178.0101
2022-08-17,316.0,324.0,304.2,306.9,504236.732,157961439.048
2022-08-18,306.8,311.0,295.8,298.1,409051.886,124617178.5225
2022-08-19,298.1,298.2,276.2,279.1,870296.511,248082923.959
2022-08-20,279.0,289.4,277.0,283.7,513021.106,145936114.3889
2022-08-21,283.8,304.2,283.4,301.9,528156.209,156019516.1688
2022-08-22,301.9,304.9,288.8,300.0,638895.985,189310375.0873
2022-08-23,300.0,301.7,293.8,299.3,403374.952,120215414.4346
2022-08-24,299.3,300.5,294.3,296.4,344126.265,102349780.4904
2022-08-25,296.4,307.5,296.0,301.2,398617.06,120297663.2465
2022-08-26,301.2,302.3,277.2,279.6,594770.355,173560709.7524
2022-08-27,279.6,284.8,273.3,277.9,412732.716,115381037.0048
2022-08-28,277.9,284.1,275.6,276.5,312819.026,87346870.5846
2022-08-29,276.5,286.7,272.3,285.9,481690.832,134656813.5535
2022-08-30,285.9,292.0,276.1,281.6,436765.765,124426031.0398
2022-08-31,281.7,290.0,277.7,279.2,388909.545,110661963.1834
2022-09-01,279.3,280.3,270.7,278.3,415193.212,114562125.8134
2022-09-02,278.3,283.4,273.7,277.5,321409.948,89625526.057
2022-09-03,277.4,278.8,274.2,277.8,148504.883,41095391.7466
2022-09-04,277.8,280.6,275.0,279.1,193440.808,53790499.5637
2022-09-05,279.1,282.0,273.4,276.9,258958.149,71532780.1941
2022-09-06,276.9,286.3,261.0,262.5,640922.531,176536165.5361
2022-09-07,262.5,280.4,258.6,278.9,431827.218,115857094.2042
2022-09-08,279.0,282.9,275.4,280.5,385559.749,107680601.8348
2022-09-09,280.6,295.9,280.0,293.4,541869.409,157120633.6617
2022-09-10,293.4,298.6,290.3,296.7,328332.542,96679858.8381
2022-09-11,296.7,298.1,289.7,295.3,261093.945,76921681.903
2022-09-12,295.3,300.0,290.8,294.1,408686.168,120574133.5628
2022-09-13,294.1,298.6,275.4,277.4,578322.33,165715028.3164
2022-09-14,277.5,282.8,273.3,279.3,424974.985,118512336.0126
2022-09-15,279.4,280.5,266.3,271.1,520635.261,142604951.8573
2022-09-16,271.1,276.6,268.5,274.9,311737.818,85275040.4255
2022-09-17,274.9,279.9,274.7,279.1,189707.951,52624982.8163
2022-09-18,279.1,280.3,263.1,266.2,327883.908,89585859.6556
2022-09-19,266.3,273.0,256.7,271.9,508029.19,134393256.6133
2022-09-20,272.0,273.7,265.2,266.3,335455.454,90215570.1637
2022-09-21,266.3,276.4,260.3,264.0,535775.821,143451738.2075
2022-09-22,264.0,276.7,263.5,275.3,339390.821,91412188.4338
2022-09-23,275.4,277.9,268.3,276.7,363390.805,99381888.094
2022-09-24,276.7,285.0,274.2,274.4,324988.432,90927137.7213
2022-09-25,274.4,280.0,270.9,274.3,220895.598,60865798.2227
2022-09-26,274.3,276.9,270.8,276.1,267919.665,73404700.587
2022-09-27,276.1,286.6,269.2,272.3,406749.835,113664496.2136
2022-09-28,272.3,283.7,266.3,281.6,357981.397,98283085.9797
2022-09-29,281.6,285.6,277.1,284.1,301167.344,84839263.8185
2022-09-30,284.2,289.8,280.5,284.8,391981.587,111674332.3233
2022-10-01,284.9,285.4,277.7,282.9,196754.497,55536687.6329
2022-10-02,282.9,287.9,279.4,284.7,200690.251,56846715.143
2022-10-03,284.7,289.1,283.1,286.9,275974.883,78973348.1578
2022-10-04,287.0,298.2,286.3,296.2,321841.165,94248616.7074
2022-10-05,296.3,296.4,289.2,294.2,221018.685,64737577.4074
2022-10-06,294.2,298.1,278.6,287.0,450036.833,130215244.4347
2022-10-07,286.9,287.0,279.1,282.3,354485.961,100481529.2893
2022-10-08,282.2,282.7,275.4,276.4,183653.119,51392337.1387
2022-10-09,276.3,279.4,275.1,278.2,171008.247,47459488.889
2022-10-10,278.2,279.2,271.3,271.5,216924.869,59605624.9216
2022-10-11,271.5,274.0,267.2,271.4,222137.683,60175430.3276
2022-10-12,271.3,272.9,269.2,270.9,167816.904,45523630.5199
2022-10-13,270.9,273.7,256.8,271.6,540797.212,143118801.2493
2022-10-14,271.6,276.8,267.6,269.4,298386.918,81413111.8451
2022-10-15,269.4,271.4,267.4,268.2,144084.716,38892821.9386
2022-10-16,268.2,273.9,267.9,272.5,185597.074,50273799.9495
2022-10-17,272.4,275.9,269.8,275.6,187187.58,51151085.5275
2022-10-18,275.7,276.0,270.1,273.1,195691.117,53473915.4375
2022-10-19,273.2,273.9,270.3,272.0,153657.96,41810731.1332
2022-10-20,271.9,273.4,267.3,269.0,166135.496,44986069.5486
2022-10-21,269.0,271.2,263.4,270.1,195432.212,52360415.0981
2022-10-22,270.1,271.1,268.4,270.4,84044.883,22665745.2842
2022-10-23,270.5,276.8,268.7,276.0,134390.843,36579876.7559
2022-10-24,275.9,277.4,271.6,274.1,154182.094,42223946.5416
2022-10-25,274.2,289.9,272.0,284.2,387523.125,109424124.6145
2022-10-26,284.2,292.0,284.1,290.2,316408.936,91230142.3111
2022-10-27,290.3,293.3,284.7,286.7,315734.808,91136079.963
2022-10-28,286.8,301.1,285.7,297.9,416648.243,122109397.9691
2022-10-29,297.9,308.4,295.6,304.4,553646.125,167868011.2647
2022-10-30,304.5,318.8,302.3,313.5,538624.403,167660898.3786
2022-10-31,313.6,337.9,306.5,325.7,1047801.477,340425554.6015
2022-11-01,325.8,334.6,317.4,323.9,550045.706,179160222.0247
2022-11-02,323.8,330.0,315.3,320.2,561329.564,180869023.3075
2022-11-03,320.2,338.7,318.0,329.5,622354.86,205277326.0489
2022-11-04,329.6,358.9,328.3,354.6,751709.582,261103572.5566
2022-11-05,354.7,361.3,346.1,349.2,411760.064,145635881.7737
2022-11-06,349.1,356.0,337.7,337.9,390974.879,136745098.0347
2022-11-07,337.8,344.4,326.4,337.0,740465.512,248017900.2622
2022-11-08,337.0,398.3,298.0,327.4,3103916.384,1055852274.3117
2022-11-09,327.4,333.1,260.2,267.3,1901075.899,567664075.6822
2022-11-10,267.1,313.0,263.2,304.0,1411238.91,406358146.7639
2022-11-11,304.1,306.0,279.0,290.4,695145.641,202402540.8252
2022-11-12,290.4,294.5,271.6,282.8,545359.355,154906443.4621
2022-11-13,282.9,286.5,273.2,276.4,442278.921,123589124.7321
2022-11-14,276.4,292.0,268.0,279.0,818725.897,227994916.626
2022-11-15,279.0,282.4,273.2,277.0,445565.664,123903312.1649
2022-11-16,277.0,280.2,268.8,271.8,402896.799,110278982.5105
2022-11-17,271.9,273.5,262.9,267.9,367805.83,98606467.4681
2022-11-18,268.0,274.8,267.7,274.1,277946.366,75643996.6943
2022-11-19,274.1,274.6,268.9,272.6,194104.28,52728944.3301
2022-11-20,272.6,273.8,261.8,264.2,306587.581,82401745.4219
2022-11-21,264.2,265.3,250.0,253.9,581026.19,149844873.5876
2022-11-22,254.0,267.8,252.0,266.7,357164.445,92786743.4638
2022-11-23,266.8,301.8,264.8,298.8,1224050.689,356516355.7052
2022-11-24,298.9,304.1,293.9,300.2,550792.655,164566994.1052
2022-11-25,300.3,306.6,294.1,300.8,465733.483,139382821.9341
2022-11-26,300.8,317.8,299.9,311.4,569578.773,177387113.6638
2022-11-27,311.4,316.7,306.3,307.6,310095.845,96997226.2788
2022-11-28,307.7,309.6,286.6,293.5,603763.83,178312004.9909
2022-11-29,293.5,305.3,289.0,295.4,422502.385,126128219.769
2022-11-30,295.4,305.5,292.5,300.6,467009.694,139979947.1509
2022-12-01,300.6,302.0,290.0,292.3,798867.735,236380803.0174
2022-12-02,292.3,293.9,285.4,293.4,364102.285,105520413.5547
2022-12-03,293.4,294.4,289.0,290.4,234377.055,68292872.5588
2022-12-04,290.4,292.8,287.4,291.8,244356.783,70996837.0021
2022-12-05,291.8,297.2,286.1,288.4,294958.79,86363781.9795
2022-12-06,288.5,290.8,286.5,290.2,247911.347,71585088.9535
2022-12-07,290.2,290.9,281.1,284.2,361435.528,102858804.3378
2022-12-08,284.2,292.0,282.4,290.4,281655.085,80842697.122
2022-12-09,290.4,292.0,284.4,286.0,308418.725,89037369.8403
2022-12-10,286.1,289.9,285.7,288.2,148922.633,42834452.8982
2022-12-11,288.2,291.4,283.3,284.4,206340.146,59514080.2258
2022-12-12,284.5,285.8,271.7,276.1,507509.835,140940803.1346
2022-12-13,276.1,282.0,255.6,272.2,1309642.684,351955870.3631
2022-12-14,272.2,278.4,265.5,267.7,580082.911,157826873.8852
2022-12-15,267.7,268.1,256.5,258.8,350889.164,92233729.9022
2022-12-16,258.9,264.7,224.7,231.2,876900.031,214869517.089
2022-12-17,231.2,245.0,220.0,242.1,788798.493,183930176.9859
2022-12-18,242.1,254.6,239.5,251.0,526139.427,130305766.1496
2022-12-19,251.1,253.3,236.8,240.4,408787.202,100662869.9923
2022-12-20,240.3,253.5,239.1,251.4,320509.026,79574286.8066
2022-12-21,251.4,251.5,245.2,246.2,195051.385,48447186.3344
2022-12-22,246.2,248.3,240.1,245.8,246104.196,60207564.1979
2022-12-23,245.9,248.7,243.7,246.2,175280.013,43130222.3537
2022-12-24,246.2,246.3,243.4,244.5,96773.731,23688074.9905
2022-12-25,244.6,245.8,241.4,243.2,125016.877,30456150.2055
2022-12-26,243.2,244.9,242.0,244.3,117117.968,28483521.2211
2022-12-27,244.3,248.9,242.1,246.7,196642.12,48123719.9723
2022-12-28,246.7,247.4,241.5,244.5,208632.342,50890930.807
2022-12-29,244.6,246.9,243.3,246.3,161959.266,39764426.9632
2022-12-30,246.3,246.7,242.7,245.8,128406.533,31413152.0195
2022-12-31,245.8,248.0,244.8,246.3,134141.311,33031138.6588
2023-01-01,246.3,246.7,243.4,244.4,109450.117,26767261.7192
2023-01-02,244.5,247.9,240.7,245.2,173452.9,42566621.7265
2023-01-03,245.3,247.0,244.4,246.1,115059.991,28259473.5323
2023-01-04,246.2,261.0,245.6,258.9,370055.082,94459376.8191
2023-01-05,258.9,259.2,255.2,256.7,145297.963,37361134.4044
2023-01-06,256.7,260.7,254.2,259.9,199497.076,51368774.9927
2023-01-07,259.9,263.9,259.4,261.3,115152.77,30088933.4458
2023-01-08,261.3,276.5,260.1,274.9,237308.89,63256842.6863
2023-01-09,274.9,283.5,271.3,272.6,437828.428,121659068.738
2023-01-10,272.6,278.8,270.2,277.1,259938.562,71544603.7047
2023-01-11,277.2,287.7,274.1,284.8,266107.304,74166049.4177
2023-01-12,284.9,288.6,278.5,287.7,391553.641,111464592.0418
2023-01-13,287.8,296.0,284.9,293.7,313541.811,90714499.3465
2023-01-14,293.7,314.4,293.1,305.1,706402.087,215777694.13
2023-01-15,305.2,306.1,291.8,302.2,288696.868,86365136.017
2023-01-16,302.2,308.1,293.1,299.0,350990.993,105546343.5522
2023-01-17,299.0,305.8,294.9,299.4,279993.876,84301030.8981
2023-01-18,299.4,305.3,281.1,286.7,621064.665,182302178.0608
2023-01-19,286.7,295.5,286.1,294.6,215522.146,62586318.1561
2023-01-20,294.6,305.4,286.6,305.1,423829.136,124835179.1299
2023-01-21,305.1,309.9,298.4,299.0,508000.024,154262036.4891
2023-01-22,299.1,311.4,298.5,303.0,388815.192,118074364.3441
2023-01-23,303.1,307.8,300.8,305.1,301946.005,92048016.7507
2023-01-24,305.2,323.5,299.2,300.3,629758.279,197286790.1894
2023-01-25,300.3,314.0,293.4,306.9,447238.539,135182951.9563
2023-01-26,306.9,309.5,301.6,304.7,342344.705,104832628.0488
2023-01-27,304.8,310.5,298.8,308.0,271326.79,82710629.2353
2023-01-28,308.0,313.6,303.6,306.1,229517.8,70543615.9629
2023-01-29,306.2,320.5,304.8,317.2,430698.673,135402894.4623
2023-01-30,317.1,320.8,302.0,307.2,413716.212,128037381.1261
2023-01-31,307.2,314.4,305.3,312.0,278061.958,86537029.2093
2023-02-01,312.1,319.4,305.6,317.0,390978.523,121820323.1709
2023-02-02,317.1,334.4,316.3,323.5,587655.881,192390747.6579
2023-02-03,323.5,335.5,318.3,332.2,579577.162,190507194.7902
2023-02-04,332.3,334.1,327.0,330.4,212109.626,70050858.8377
2023-02-05,330.4,337.8,324.0,327.8,396514.711,130706234.816
2023-02-06,327.8,331.5,320.7,324.3,290965.0,95098301.3522
2023-02-07,324.4,333.7,323.2,333.0,265904.833,87505720.4959
2023-02-08,333.1,335.8,323.6,328.2,286865.867,94531270.4592
2023-02-09,328.2,329.3,302.0,306.2,564612.572,178897753.6956
2023-02-10,306.2,309.2,302.5,305.8,295784.976,90651947.9341
2023-02-11,305.9,311.4,305.1,310.4,154488.761,47628388.9448
2023-02-12,310.5,321.0,306.0,312.6,291500.27,91485948.2107
2023-02-13,312.6,315.7,282.8,294.3,1065985.594,314960864.8088
2023-02-14,294.3,301.7,289.8,296.2,494698.654,145777145.5391
2023-02-15,296.2,317.7,294.0,317.4,465921.943,142051141.657
2023-02-16,317.5,327.8,303.9,304.4,858141.89,273631508.4029
2023-02-17,304.4,317.5,302.8,313.0,508736.193,157933829.2178
2023-02-18,313.0,319.2,312.9,316.5,282485.39,89264567.9837
2023-02-19,316.6,318.9,310.3,311.5,336004.274,105898919.4869
2023-02-20,311.5,319.8,308.0,315.4,514483.797,162561577.7291
2023-02-21,315.5,317.4,309.3,311.5,385161.297,120775804.8529
2023-02-22,311.5,312.9,303.2,312.4,368344.986,113217908.5172
2023-02-23,312.5,315.3,305.8,308.3,300641.241,93188074.383
2023-02-24,308.3,312.1,298.6,302.3,328726.4,100468727.7221
2023-02-25,302.3,303.0,295.5,302.4,178538.408,53640769.2159
2023-02-26,302.5,309.8,300.7,308.7,151419.166,46179503.1808
2023-02-27,308.7,309.4,300.5,304.6,234405.821,71433037.0652
2023-02-28,304.7,305.7,300.0,301.4,186649.192,56536923.3419
2023-03-01,301.5,306.4,300.5,302.7,200883.893,60900584.0673
2023-03-02,302.6,303.8,295.8,299.8,200964.842,60082927.5113
2023-03-03,299.8,300.0,286.6,290.4,266627.564,77375815.2097
2023-03-04,290.5,291.5,285.8,289.6,127846.865,36979790.81
2023-03-05,289.6,292.8,287.4,288.7,128456.559,37300395.7492
2023-03-06,288.8,289.7,283.3,287.8,205220.757,58782996.2149
2023-03-07,287.9,290.5,283.4,289.3,200611.357,57609359.9966
2023-03-08,289.3,294.3,285.1,287.1,260938.374,75356809.0494
2023-03-09,287.1,291.4,271.2,277.1,318996.851,90265165.2206
2023-03-10,277.1,278.1,265.0,277.4,404292.972,110074568.5416
2023-03-11,277.5,281.8,270.5,276.0,370350.207,102108722.7581
2023-03-12,276.0,288.8,273.2,288.1,316243.117,88260912.9764
2023-03-13,288.1,314.1,286.1,307.9,991752.464,299509993.6058
2023-03-14,307.9,319.5,302.0,308.4,703702.208,218821745.4102
2023-03-15,308.5,312.7,300.0,306.3,413251.773,126907786.4302
2023-03-16,306.3,332.8,302.8,329.4,1251303.89,401797064.6412
2023-03-17,329.4,340.0,325.0,338.9,726737.468,241644682.8438
2023-03-18,339.0,346.3,328.0,331.0,662698.511,224183709.7316
2023-03-19,331.1,341.7,330.3,336.7,401972.619,135490968.039
2023-03-20,336.7,339.1,331.3,332.5,511504.522,171843370.7453
2023-03-21,332.5,339.9,327.1,334.4,477443.689,159793741.7808
2023-03-22,334.5,339.5,316.0,321.1,1286215.777,422715609.9451
2023-03-23,321.2,332.1,318.9,329.4,383094.591,124802181.3147
2023-03-24,329.4,330.0,316.9,322.1,307030.002,99151865.5545
2023-03-25,322.1,324.9,319.0,322.4,317118.332,102246368.2079
2023-03-26,322.4,329.5,321.7,328.6,204700.193,66827422.6814
2023-03-27,328.6,329.8,305.9,310.6,578039.555,182769703.624
2023-03-28,310.6,315.8,306.8,313.2,329398.424,102362254.1103
2023-03-29,313.3,319.9,312.4,313.7,327282.226,103404307.0787
2023-03-30,313.8,320.8,309.1,316.4,496156.738,156327197.1435
2023-03-31,316.4,319.8,311.8,316.9,266270.064,84310535.1086
2023-04-01,317.0,319.0,313.0,314.9,185904.183,58599155.1467
2023-04-02,314.9,316.2,310.7,313.7,149805.667,47006464.2186
2023-04-03,313.8,314.1,299.5,308.8,450976.973,138921574.7271
2023-04-04,308.8,312.7,308.2,310.8,305980.475,95018482.4739
2023-04-05,310.8,316.8,310.2,313.9,320350.363,100571771.7011
2023-04-06,314.0,315.2,310.6,312.3,232647.147,72725957.587
2023-04-07,312.3,312.8,309.7,310.3,179863.362,55926512.0497
2023-04-08,310.4,312.7,310.1,310.5,165372.944,51514644.4441
2023-04-09,310.6,313.7,309.5,312.8,163948.725,50986008.2501
2023-04-10,312.8,318.7,311.5,318.5,271539.24,85205066.9365
2023-04-11,318.6,333.0,317.8,322.3,661117.672,215980918.4731
2023-04-12,322.3,323.3,316.7,319.9,354216.724,113135820.0564
2023-04-13,319.9,325.1,317.7,324.7,348151.945,112173084.698
2023-04-14,324.6,335.5,323.2,328.9,679955.061,224793151.2458
2023-04-15,328.8,336.0,326.9,333.0,418311.143,138970386.8544
2023-04-16,333.1,350.0,330.1,347.7,632598.777,216486510.2014
2023-04-17,347.7,350.0,337.5,340.0,556356.468,191176774.9373
2023-04-18,340.0,346.7,337.0,343.1,391677.437,134225841.056
2023-04-19,343.1,343.7,320.1,322.4,537444.082,177241467.3572
2023-04-20,322.5,326.8,315.3,318.1,367453.933,118367527.8226
2023-04-21,318.0,334.6,315.3,321.2,910773.894,296370164.1481
2023-04-22,321.3,333.1,319.9,332.2,381882.032,124850258.756
2023-04-23,332.2,332.5,327.4,330.7,384622.154,126958680.0237
2023-04-24,330.6,334.0,327.7,331.2,442775.294,146556327.1712
2023-04-25,331.2,340.0,328.6,338.4,436704.883,145152623.7318
2023-04-26,338.4,345.0,321.5,330.6,679551.584,228450745.9855
2023-04-27,330.6,336.6,328.2,330.9,482850.957,160502346.0046
2023-04-28,330.9,330.9,318.7,324.1,991210.156,320507877.1316
2023-04-29,324.1,325.0,320.6,321.9,226488.689,73126327.3959
2023-04-30,321.9,338.3,320.4,337.5,711720.726,236115558.3166
2023-05-01,337.5,339.6,326.1,328.5,719404.912,239751288.9926
2023-05-02,328.4,328.5,321.4,321.5,437446.281,141881359.3589
2023-05-03,321.4,327.6,320.4,325.9,608765.389,196905763.1719
2023-05-04,325.9,327.5,323.2,323.8,195370.268,63593785.5551
2023-05-05,323.9,329.1,322.8,326.5,284536.108,92825871.0679
2023-05-06,326.6,328.5,319.5,321.9,275367.716,89101595.9636
2023-05-07,322.0,325.4,320.4,321.0,203577.219,65809878.4767
2023-05-08,321.0,322.1,311.1,313.8,379192.119,119876329.8087
2023-05-09,313.8,315.8,311.2,312.1,260672.045,81747989.2856
2023-05-10,312.2,316.7,308.0,314.3,360146.811,112722393.2851
2023-05-11,314.3,314.5,304.4,307.5,291854.667,90369005.2504
2023-05-12,307.5,309.1,301.2,308.5,327008.927,99784360.6959
2023-05-13,308.6,311.8,307.5,310.7,151642.554,47001910.5018
2023-05-14,310.8,314.8,309.5,312.1,192884.821,60226626.9218
2023-05-15,312.1,316.3,310.5,313.4,202895.171,63792308.8934
2023-05-16,313.4,314.0,309.3,311.4,182668.214,56874167.0213
2023-05-17,311.4,314.4,307.0,314.3,221274.514,68799773.1488
2023-05-18,314.3,314.9,306.1,309.3,236575.286,73619131.9768
2023-05-19,309.3,311.5,307.5,308.9,191704.812,59286887.5964
2023-05-20,308.9,312.0,307.8,310.6,104485.905,32347642.8651
2023-05-21,310.7,311.6,305.7,306.4,143182.429,44293374.5127
2023-05-22,306.4,311.1,304.4,309.0,222082.435,68557813.5485
2023-05-23,309.1,315.4,309.0,313.5,225830.19,70763611.1608
2023-05-24,313.5,313.6,303.6,306.0,292692.62,90018222.503
2023-05-25,305.9,306.9,302.2,304.5,287322.502,87562770.5034
2023-05-26,304.6,308.5,301.4,306.8,398588.895,121756770.7794
2023-05-27,306.9,307.7,304.0,307.4,144742.086,44281243.2841
2023-05-28,307.4,314.6,306.7,314.1,257233.179,79600097.6225
2023-05-29,314.2,317.3,310.4,311.6,461485.115,145062337.2295
2023-05-30,311.7,314.2,310.8,311.5,291304.59,91013362.1095
2023-05-31,311.4,311.9,305.0,306.8,437132.418,134239500.3593
2023-06-01,306.8,307.7,303.1,304.9,255618.722,77928559.171
2023-06-02,304.9,308.4,303.1,307.2,300583.675,92203727.6039
2023-06-03,307.3,308.2,303.0,306.6,158805.926,48684741.5621
2023-06-04,306.6,307.6,304.5,305.0,187805.427,57537980.8857
2023-06-05,305.1,305.1,272.0,276.9,1096020.019,314258039.4391
2023-06-06,277.0,285.8,273.2,281.2,708685.58,197599700.3864
2023-06-07,281.2,281.8,253.4,259.3,1188263.837,313838020.5865
2023-06-08,259.3,267.5,257.1,262.0,579854.02,152323676.7111
2023-06-09,261.9,264.4,255.7,260.5,509660.501,132789115.8495
2023-06-10,260.6,260.7,228.4,238.7,1603602.202,384973615.933
2023-06-11,238.8,239.3,233.4,235.4,402562.359,95102654.1768
2023-06-12,235.4,239.3,220.4,231.3,1579141.84,362057778.294
2023-06-13,231.3,247.0,228.7,244.2,1230681.021,294375872.3018
2023-06-14,244.1,252.8,232.9,237.9,970411.718,237940592.4737
2023-06-15,237.9,240.8,230.6,236.4,602141.969,141722725.8756
2023-06-16,236.5,243.8,232.2,239.3,562586.529,133825112.4104
2023-06-17,239.4,249.8,237.2,244.5,491313.272,120377348.1879
2023-06-18,244.5,248.7,242.3,244.1,359878.981,88378391.2806
2023-06-19,244.1,245.0,238.3,243.1,425074.269,102961755.5535
2023-06-20,243.0,248.1,238.7,247.7,639069.672,154968378.054
2023-06-21,247.8,254.7,245.0,248.8,1006328.557,250959168.5731
2023-06-22,248.9,257.0,239.4,240.8,1032630.471,256876559.6921
2023-06-23,240.8,249.8,239.7,244.3,638290.193,156124995.5926
2023-06-24,244.4,248.7,230.4,236.4,791496.05,189462664.4101
2023-06-25,236.4,244.0,235.0,238.8,513198.598,122634105.4772
2023-06-26,238.9,241.3,233.6,236.1,526248.09,124675274.7049
2023-06-27,236.1,240.8,234.5,237.5,360259.85,85834675.0653
2023-06-28,237.5,237.6,224.6,230.6,643304.047,149305878.0527
2023-06-29,230.6,236.7,230.4,233.1,352025.974,82245042.8293
2023-06-30,233.2,241.7,230.7,240.3,843439.594,200483756.0175
2023-07-01,240.4,249.0,240.0,247.9,723099.401,176868834.7547
2023-07-02,247.8,248.5,242.9,246.5,598172.063,146687214.6501
2023-07-03,246.5,254.7,245.3,246.5,873992.727,217329353.3851
2023-07-04,246.5,246.9,240.4,242.5,488909.055,119449633.3821
2023-07-05,242.5,243.9,235.8,238.9,520015.694,124699717.6546
2023-07-06,239.0,244.5,231.5,232.2,673275.441,160660353.281
2023-07-07,232.3,236.2,231.1,235.6,431534.586,101015451.0578
2023-07-08,235.7,237.6,234.2,236.3,259727.721,61331779.1567
2023-07-09,236.3,237.0,232.9,234.1,235123.329,55224068.3752
2023-07-10,234.1,247.0,231.3,246.2,1193826.524,288577761.4019
2023-07-11,246.2,249.5,244.6,248.6,660141.384,163092161.7441
2023-07-12,248.6,250.5,242.6,243.9,599390.712,148023554.2427
2023-07-13,243.9,257.8,242.7,256.1,1037831.391,260503840.2724
2023-07-14,256.2,261.7,243.4,248.1,1071118.696,272238529.481
2023-07-15,248.1,252.5,246.9,251.1,383772.673,95944881.0894
2023-07-16,251.1,252.1,242.0,242.3,433016.609,107159359.2207
2023-07-17,242.3,244.9,239.8,244.1,792745.158,192369763.5855
2023-07-18,244.1,246.7,237.5,240.2,932504.771,225023659.9072
2023-07-19,240.3,244.1,239.6,240.8,444676.507,107568712.1823
2023-07-20,240.9,245.0,240.3,242.8,449387.8,109089115.4593
2023-07-21,242.8,245.4,242.0,243.7,295187.787,71997856.2745
2023-07-22,243.8,244.9,240.1,241.1,184432.523,44760549.9083
2023-07-23,241.1,244.0,240.4,242.5,171931.133,41687540.333
2023-07-24,242.4,243.1,235.0,238.9,463451.698,110753533.6528
2023-07-25,238.9,239.8,236.2,237.7,307201.312,73053333.6086
2023-07-26,237.8,240.4,236.3,239.0,318667.814,75848956.2839
2023-07-27,239.0,244.5,238.4,240.6,310179.989,74869479.8343
2023-07-28,240.7,242.9,239.7,241.9,232739.179,56207693.5292
2023-07-29,241.9,242.9,241.1,242.4,102406.899,24773023.5502
2023-07-30,242.5,243.8,240.3,242.5,255246.532,61858999.839
2023-07-31,242.6,244.5,240.5,241.0,333099.771,80865567.5508
2023-08-01,241.0,247.8,237.3,247.7,813075.175,198363744.4037
2023-08-02,247.8,248.8,235.7,240.7,630364.599,153020165.131
2023-08-03,240.7,242.8,238.3,241.1,303966.677,73117107.9969
2023-08-04,241.1,243.4,240.2,241.7,274715.344,66497124.776
2023-08-05,241.7,243.3,240.1,243.2,176422.282,42649651.4073
2023-08-06,243.3,245.5,242.8,243.2,278149.257,67888359.9973
2023-08-07,243.1,244.9,239.7,242.1,302098.545,73178128.2102
2023-08-08,242.0,248.0,241.5,245.2,377607.574,92356948.4678
2023-08-09,245.2,245.5,242.8,243.8,294212.606,71894705.2311
2023-08-10,243.9,244.1,240.5,241.5,261873.92,63443697.9964
2023-08-11,241.5,242.3,238.0,239.7,287357.204,68977336.0305
2023-08-12,239.8,241.4,239.3,240.3,114025.156,27423424.2774
2023-08-13,240.3,241.8,239.8,240.2,132878.878,31960464.0307
2023-08-14,240.2,241.5,239.7,240.4,201261.953,48426294.7964
2023-08-15,240.5,240.8,234.0,236.7,397828.347,94739230.1
2023-08-16,236.8,237.4,230.7,232.0,427014.475,99874060.8179
2023-08-17,232.1,232.4,212.5,218.1,1023773.861,229457143.1452
2023-08-18,218.1,220.3,213.5,216.1,674545.267,146556115.4077
2023-08-19,216.0,219.2,213.6,216.8,323294.673,69900741.1019
2023-08-20,216.9,218.0,215.4,216.5,190457.433,41243951.0211
2023-08-21,216.6,216.9,206.2,210.4,782096.622,164823491.5976
2023-08-22,210.4,213.0,203.4,210.9,875925.591,182093302.0157
2023-08-23,210.9,218.8,210.8,216.6,646096.521,139100814.0227
2023-08-24,216.7,221.2,215.6,219.0,368866.011,80590240.5933
2023-08-25,219.0,219.6,213.7,218.4,380692.105,82490314.6667
2023-08-26,218.5,219.3,216.1,216.5,146835.271,31896070.8349
2023-08-27,216.4,219.8,215.9,218.4,186853.184,40689386.502
2023-08-28,218.4,219.5,215.1,218.8,310319.442,67502658.0164
2023-08-29,218.8,234.8,217.0,226.9,666199.649,151324979.9833
2023-08-30,226.9,227.3,221.7,223.8,305094.438,68404012.6529
2023-08-31,223.8,226.0,214.4,216.7,452017.913,99599187.5856
2023-09-01,216.7,218.4,211.2,213.7,461833.238,98906602.8881
2023-09-02,213.7,215.9,213.0,214.4,207729.726,44541640.1152
2023-09-03,214.4,215.2,213.2,214.4,168458.242,36078852.7499
2023-09-04,214.4,216.5,213.1,215.2,305315.445,65652259.4118
2023-09-05,215.3,216.1,213.5,214.6,242764.079,52156121.7649
2023-09-06,214.6,218.8,211.8,215.2,300823.424,64596754.8989
2023-09-07,215.2,217.9,213.6,217.1,247735.496,53365435.3813
2023-09-08,217.1,218.8,213.4,214.7,235244.296,50731186.8383
2023-09-09,214.7,215.4,214.1,214.1,94752.246,20356350.875
2023-09-10,214.2,214.3,211.1,212.4,281482.379,59840295.3424
2023-09-11,212.4,212.7,203.9,206.1,580093.123,120460067.2959
2023-09-12,206.2,214.3,204.9,210.7,523734.999,110321515.4203
2023-09-13,210.8,213.3,209.3,212.5,301454.875,63746181.0503
2023-09-14,212.5,215.0,211.0,212.2,354022.553,75291908.9119
2023-09-15,212.2,215.0,210.9,214.1,312856.997,66528306.9665
2023-09-16,214.1,216.0,213.3,214.9,288697.085,61955726.2993
2023-09-17,214.9,216.8,213.3,216.5,333002.468,71700223.6748
2023-09-18,216.4,221.3,214.9,216.0,600156.61,130735805.9995
2023-09-19,216.0,219.9,215.3,217.2,347261.748,75480968.3979
2023-09-20,217.2,217.8,213.3,214.4,368825.746,79474917.4956
2023-09-21,214.3,215.1,209.1,210.8,412312.209,87294414.1873
2023-09-22,210.8,213.0,209.6,211.1,237677.235,50135472.3992
2023-09-23,211.1,211.7,209.9,210.5,117618.21,24779090.2678
2023-09-24,210.4,211.2,206.5,208.3,185179.502,38827637.9994
2023-09-25,208.3,210.6,206.5,209.9,272401.465,56924678.2105
2023-09-26,210.0,213.7,209.7,212.6,280709.589,59488753.5475
2023-09-27,212.6,216.0,210.5,212.0,409367.397,87213295.6396
2023-09-28,212.1,217.0,211.5,215.0,394085.543,84416215.6065
2023-09-29,215.0,217.6,214.3,215.2,371923.961,80287231.0222
2023-09-30,215.2,216.5,214.1,214.6,179075.156,38525653.0438
2023-10-01,214.6,219.4,213.1,218.2,415044.578,89726682.2753
2023-10-02,218.2,221.6,213.1,214.6,565949.136,123112092.6423
2023-10-03,214.6,215.8,212.4,213.5,294511.083,63065028.0602
2023-10-04,213.5,213.8,210.8,213.4,328882.49,69819488.4664
2023-10-05,213.4,213.9,210.2,210.6,259374.039,54965499.6337
2023-10-06,210.7,214.6,210.1,213.4,258866.553,54945455.1705
2023-10-07,213.4,213.8,211.5,212.3,125590.792,26739226.3039
2023-10-08,212.2,212.8,208.8,211.4,225258.305,47548210.2222
2023-10-09,211.3,212.2,202.0,205.8,572318.205,118525638.8665
2023-10-10,205.9,213.1,205.5,208.6,577725.014,120399736.9274
2023-10-11,208.6,208.8,204.3,206.6,397200.817,81917381.5586
2023-10-12,206.6,207.3,202.8,205.1,355516.958,72953132.7042
2023-10-13,205.1,208.3,204.3,206.1,331300.92,68240940.6759
2023-10-14,206.1,207.1,205.7,206.5,142741.132,29452373.0415
2023-10-15,206.5,213.0,206.3,209.7,365630.554,76238355.8478
2023-10-16,209.8,219.0,209.6,214.6,773179.81,165487571.0136
2023-10-17,214.7,215.0,209.0,211.4,372808.016,79111066.0669
2023-10-18,211.4,213.9,209.9,210.2,260942.338,55325763.0858
2023-10-19,210.3,211.5,208.2,211.2,274491.489,57695328.7046
2023-10-20,211.2,216.6,210.5,212.1,344927.206,73664939.3665
2023-10-21,212.1,215.8,211.4,214.2,263182.512,56232405.6178
2023-10-22,214.2,218.4,213.6,217.8,291845.069,62866183.9462
2023-10-23,217.8,231.0,216.9,228.5,841393.165,187556172.7312
2023-10-24,228.6,238.1,221.2,225.2,1011409.17,231896447.9067
2023-10-25,225.2,229.1,221.5,222.1,624789.777,140855130.8811
2023-10-26,222.1,228.1,219.2,223.2,726200.668,162660929.0755
2023-10-27,223.2,231.6,219.9,224.1,970917.489,219332548.5696
2023-10-28,224.2,228.4,224.1,225.7,347691.437,78745361.1092
2023-10-29,225.7,228.1,223.6,227.1,269033.796,60824339.7271
2023-10-30,227.1,229.2,224.6,228.0,397120.276,90262886.821
2023-10-31,228.0,229.3,223.9,226.2,465273.268,105313164.8925
2023-11-01,226.3,229.5,222.3,227.9,578647.208,130526151.8536
2023-11-02,228.0,233.7,227.5,231.9,829216.687,191104853.8685
2023-11-03,231.9,232.4,225.6,230.2,501371.786,114768431.2497
2023-11-04,230.3,238.7,229.3,237.1,391480.947,91700260.481
2023-11-05,237.2,245.5,236.1,244.0,613299.473,148461728.7971
2023-11-06,244.0,256.1,241.5,255.1,844924.324,210620058.5931
2023-11-07,255.1,255.6,242.1,246.2,865045.808,214554466.2946
2023-11-08,246.2,248.3,244.0,246.7,500403.192,123208657.9482
2023-11-09,246.7,255.9,240.0,251.6,1320420.474,328534543.7581
2023-11-10,251.7,258.0,248.1,251.0,814936.218,205904335.778
2023-11-11,251.1,255.2,246.0,251.5,738756.911,185242581.1229
2023-11-12,251.6,252.0,244.5,247.4,637126.209,158268647.2047
2023-11-13,247.5,250.2,240.3,241.1,953917.532,234087272.3777
2023-11-14,241.1,249.4,233.7,242.3,992864.124,241108612.3373
2023-11-15,242.3,254.5,242.1,253.7,911316.433,227361551.2316
2023-11-16,253.7,256.0,240.0,242.7,1090149.24,270933175.081
2023-11-17,242.7,245.9,238.3,244.9,757117.698,184229112.2533
2023-11-18,244.9,245.2,238.5,244.8,485737.217,118012503.5516
2023-11-19,244.8,246.9,241.8,246.4,379101.104,92591222.5672
2023-11-20,246.5,268.4,238.6,253.1,1523794.58,385938132.7184
2023-11-21,253.1,271.9,224.0,225.5,4050392.778,1011993817.7675
2023-11-22,225.5,238.5,224.6,236.1,1791363.245,417655559.5203
2023-11-23,236.2,239.2,230.2,233.8,718114.377,168197253.3751
2023-11-24,233.8,236.7,231.6,232.7,616904.315,144657214.7094
2023-11-25,232.8,235.7,232.1,234.4,313338.264,73311189.6661
2023-11-26,234.5,234.5,227.9,231.7,437624.722,101501869.2893
2023-11-27,231.8,232.9,222.5,227.2,831147.034,188795151.7685
2023-11-28,227.3,231.7,224.3,229.6,547422.862,124990569.2474
2023-11-29,229.6,231.2,226.1,227.3,416529.001,95227304.2401
2023-11-30,227.3,229.2,225.9,227.6,360874.419,82134829.4554
2023-12-01,227.6,230.0,227.0,228.5,425879.275,97377363.7116
2023-12-02,228.5,230.1,224.8,229.0,456196.933,104181500.1925
2023-12-03,229.1,231.9,225.9,228.1,594689.614,135571793.4611
2023-12-04,228.1,237.4,224.8,233.5,1475825.971,340713237.4163
2023-12-05,233.5,234.9,227.9,231.2,861796.38,199321079.6331
2023-12-06,231.3,234.8,228.6,229.4,858794.132,198533925.8919
2023-12-07,229.5,234.8,228.3,232.6,793571.247,183986311.039
2023-12-08,232.6,240.0,232.2,238.9,764638.52,179932210.9931
2023-12-09,238.8,245.5,236.3,237.7,838098.223,202267145.4988
2023-12-10,237.8,241.4,236.8,239.8,433591.534,103874632.9652
2023-12-11,239.8,248.2,228.0,246.4,2010717.772,481507074.9227
2023-12-12,246.4,257.3,245.5,254.6,1877670.629,474066909.6198
2023-12-13,254.6,255.9,244.1,252.0,1149182.339,287346449.3793
2023-12-14,252.1,254.0,247.7,253.3,818946.787,205663878.7038
2023-12-15,253.2,253.4,242.6,244.9,655654.892,162781619.0281
2023-12-16,244.9,248.4,242.7,244.4,444080.33,109276324.5659
2023-12-17,244.4,244.5,238.8,238.8,464957.446,112451147.5021
2023-12-18,238.9,241.7,232.0,241.7,876189.244,207558062.952
2023-12-19,241.7,254.8,241.3,252.9,1569167.394,392788601.6509
2023-12-20,252.8,261.9,250.1,260.3,1116951.002,286414435.3106
2023-12-21,260.4,274.9,256.2,272.1,1286767.653,344882938.8172
2023-12-22,272.1,276.5,264.9,271.1,967819.921,261603644.0307
2023-12-23,271.1,272.0,265.6,271.0,408213.412,109797737.1071
2023-12-24,271.0,272.9,261.9,264.5,572645.135,153772670.7267
2023-12-25,264.4,268.2,261.5,266.9,469743.423,124678355.3422
2023-12-26,266.8,303.2,264.0,297.7,2356245.345,677051118.3951
2023-12-27,297.7,324.4,285.1,324.1,2126454.61,645877189.4539
2023-12-28,324.0,338.3,320.0,322.6,2249136.219,737870670.9829
2023-12-29,322.6,325.6,307.0,313.7,1407022.74,444941733.1464
2023-12-30,313.7,320.8,312.2,317.1,561853.413,177942240.5332
2023-12-31,317.0,325.5,307.4,311.8,667097.557,212735142.2708
2024-01-01,311.9,316.0,307.0,313.5,619455.158,192732706.8128
2024-01-02,313.5,321.3,305.8,312.2,937764.737,295174406.4809
2024-01-03,312.3,334.3,293.6,315.8,2132158.122,676220588.2609
2024-01-04,315.9,324.3,310.9,323.7,1133774.957,361837483.3215
2024-01-05,323.6,327.3,308.6,317.5,1157056.276,368222963.7918
2024-01-06,317.6,317.6,300.2,307.5,909358.183,278569949.9934
2024-01-07,307.6,310.0,300.0,302.4,498367.089,152361829.1541
2024-01-08,302.5,308.1,290.0,303.7,984590.842,295303747.6348
2024-01-09,303.6,306.8,295.7,301.1,1401490.155,422526207.0798
2024-01-10,301.1,310.0,288.8,305.8,1032565.477,308162176.0144
2024-01-11,305.7,316.8,301.4,308.2,1179601.543,365379468.0055
2024-01-12,308.2,313.0,289.1,296.6,1003340.774,306490270.7949
2024-01-13,296.7,303.1,290.8,302.2,436784.239,130482656.592
2024-01-14,302.2,306.7,298.7,299.5,393054.947,119385412.0975
2024-01-15,299.4,320.6,299.4,317.5,1704540.89,538168739.2421
2024-01-16,317.6,319.4,313.0,315.2,951149.445,301098425.262
2024-01-17,315.1,316.3,306.8,309.4,1071343.496,334015672.2177
2024-01-18,309.3,315.6,305.7,313.0,921121.889,286764675.8662
2024-01-19,313.0,316.2,305.0,314.7,835724.4,260212056.1142
2024-01-20,314.7,317.3,312.2,317.2,326090.187,102587302.7284
2024-01-21,317.3,321.7,316.1,318.6,359764.313,114699882.2174
2024-01-22,318.7,320.3,303.6,305.9,704437.647,219981142.9426
2024-01-23,305.9,311.7,290.3,298.8,928195.378,277158407.7849
2024-01-24,298.8,300.7,290.3,293.1,802312.815,236068964.3331
2024-01-25,293.0,296.7,287.5,292.1,1004156.719,293393842.1302
2024-01-26,292.1,304.2,290.7,302.2,709942.404,212965430.5951
2024-01-27,302.2,307.7,301.9,305.6,285357.667,86914329.9027
2024-01-28,305.7,309.1,303.1,305.3,409403.057,125348980.2823
2024-01-29,305.3,311.0,304.4,310.7,442799.505,136398210.8905
2024-01-30,310.7,313.1,306.3,307.6,386375.467,119841147.8526
2024-01-31,307.7,308.2,298.6,300.5,459007.698,139453769.9253
2024-02-01,300.5,302.2,296.4,300.2,373269.789,111693886.0914
2024-02-02,300.2,305.2,299.8,301.4,309501.649,93531533.3372
2024-02-03,301.4,303.8,299.5,299.7,198730.962,59934756.239
2024-02-04,299.6,307.7,298.0,304.7,503405.323,153038899.9585
2024-02-05,304.7,306.8,299.5,301.2,488672.271,148229310.0409
2024-02-06,301.2,304.1,300.9,302.7,260762.321,78912339.4264
2024-02-07,302.8,308.7,300.7,307.3,352421.789,107278134.5215
2024-02-08,307.4,320.6,307.3,319.2,921496.502,290495868.1278
2024-02-09,319.2,326.3,317.9,324.0,739178.081,238469149.4622
2024-02-10,324.0,325.4,318.9,323.0,321477.064,103609947.2204
2024-02-11,323.0,324.9,320.1,320.7,280308.105,90370119.2085
2024-02-12,320.6,332.2,315.6,327.8,576734.162,186477781.445
2024-02-13,327.9,329.2,318.6,324.7,441545.83,143321078.2164
2024-02-14,324.6,334.6,323.4,333.9,452466.98,149740983.6118
2024-02-15,333.9,366.6,333.3,354.2,1361590.403,478646206.0905
2024-02-16,354.3,366.8,349.1,360.4,1061855.986,380862085.144
2024-02-17,360.4,363.7,348.2,352.9,630266.52,224091913.1848
2024-02-18,352.9,358.1,349.1,349.8,495667.634,174916562.0411
2024-02-19,349.8,356.2,349.3,351.6,830917.534,292956743.1504
2024-02-20,351.7,361.6,344.8,354.6,972650.558,344718252.3894
2024-02-21,354.6,379.3,350.9,379.2,1701415.313,622522220.3496
2024-02-22,379.2,387.3,373.7,382.6,1409647.481,536344338.408
2024-02-23,382.7,385.8,369.0,375.5,1027891.295,386866756.7837
2024-02-24,375.5,383.3,371.7,381.7,444587.481,168773631.0203
2024-02-25,381.6,391.0,377.6,388.5,643002.671,247170192.0434
2024-02-26,388.5,404.9,382.0,401.6,1196262.204,470452539.8288
2024-02-27,401.5,403.7,389.6,394.6,915873.073,364167988.7186
2024-02-28,394.6,427.3,394.1,414.6,1348008.995,552001541.8641
2024-02-29,414.7,419.7,391.1,399.4,1146024.362,469627729.0748
2024-03-01,399.3,408.6,398.8,407.4,586580.611,237860266.1338
2024-03-02,407.4,414.8,405.8,410.9,590018.543,241430398.0742
2024-03-03,410.9,416.8,402.2,414.5,838274.346,344938583.2117
2024-03-04,414.5,423.8,410.6,418.4,1045414.001,436000270.4003
2024-03-05,418.5,427.2,356.1,394.1,2073303.79,842880032.1611
2024-03-06,394.1,434.7,385.6,429.4,1804741.112,751515764.4224
2024-03-07,429.4,476.8,423.2,474.6,1672134.41,749769224.1366
2024-03-08,474.6,489.6,462.5,485.8,1660311.361,791088261.862612
2024-03-09,485.8,493.8,480.7,488.3,852029.241,414533147.6676
2024-03-10,488.3,537.5,484.8,528.9,1944137.084,1008148996.342
2024-03-11,528.9,533.8,505.5,523.0,1608146.397,837717178.0817
2024-03-12,523.0,548.5,519.0,537.5,1924767.687,1029803000.1368
2024-03-13,537.4,633.5,531.7,630.5,2526002.564,1472173679.0133
2024-03-14,630.5,631.5,565.5,603.2,2119540.3,1276710945.0094
2024-03-15,603.2,635.2,540.9,632.7,3066312.788,1801522551.2584
2024-03-16,632.7,645.2,567.2,576.4,1811838.042,1089990828.5325
2024-03-17,576.4,590.5,548.6,571.7,1712920.341,984797926.6451
2024-03-18,571.7,587.7,540.1,555.4,2284301.814,1280062076.3232
2024-03-19,555.4,560.6,495.8,507.7,2551361.512,1331115169.0283
2024-03-20,507.7,559.0,500.0,556.8,1425296.579,749188287.3
2024-03-21,556.7,571.0,540.6,553.8,953921.372,530484956.5965
2024-03-22,553.8,588.1,535.5,553.8,1181298.51,665146195.2231
2024-03-23,553.8,567.7,543.4,551.9,608753.329,338703185.9031
2024-03-24,551.9,573.0,548.7,567.7,442930.35,247685878.078
2024-03-25,567.8,598.0,564.4,587.0,802695.512,469579231.5133
2024-03-26,587.1,597.0,571.9,580.4,569324.079,332801887.0926
2024-03-27,580.4,585.6,560.3,574.3,531668.402,305741133.052
2024-03-28,574.2,591.7,574.1,583.4,503901.624,294749471.6428
2024-03-29,583.4,620.0,582.1,612.5,1042401.169,635441895.7802
2024-03-30,612.5,612.9,596.9,600.7,501020.148,303309397.2959
2024-03-31,600.7,608.8,600.4,606.7,325136.967,196801011.3464
2024-04-01,606.7,607.7,568.7,575.8,723114.09,422232040.5397
2024-04-02,575.8,578.2,546.3,551.4,998260.814,557890803.7339
2024-04-03,551.4,567.9,539.0,561.5,683925.233,380450017.1563
2024-04-04,561.6,597.6,560.8,585.5,879640.68,513029443.1814
2024-04-05,585.4,591.5,564.4,577.8,634206.619,367049671.0699
2024-04-06,577.8,591.3,575.1,585.4,226975.996,132278897.6139
2024-04-07,585.5,591.1,578.0,583.9,263849.216,154585203.3597
2024-04-08,583.8,601.1,577.7,586.4,483568.312,285425656.2693
2024-04-09,586.3,590.3,571.2,580.5,596275.792,345991219.2587
2024-04-10,580.4,610.6,573.4,609.7,816050.7,483100690.5672
2024-04-11,609.7,618.4,592.0,604.6,579678.194,350892798.4008
2024-04-12,604.6,634.5,571.0,595.6,1517722.658,922093314.9389
2024-04-13,595.6,600.2,508.0,553.1,1761628.473,988296299.5608
2024-04-14,553.0,576.0,536.1,566.4,965488.003,533164946.8269
2024-04-15,566.4,585.5,544.7,552.7,698443.303,395592622.7526
2024-04-16,552.7,554.2,522.8,537.6,623668.813,336470058.8908
2024-04-17,537.5,547.9,512.6,534.1,657909.358,350644262.6027
2024-04-18,534.0,555.9,527.0,552.1,589697.296,322107047.8927
2024-04-19,552.0,564.3,524.0,554.0,545504.183,299560802.6402
2024-04-20,554.1,574.3,548.8,570.9,242132.859,136141960.463
2024-04-21,570.9,582.6,566.3,579.6,277755.724,159867167.9353
2024-04-22,579.6,608.7,578.4,604.5,522892.157,312535591.8883
2024-04-23,604.4,618.3,598.7,606.2,556883.344,338016342.9297
2024-04-24,606.2,618.5,592.6,608.8,656953.677,398136610.0393
2024-04-25,608.8,617.9,600.7,613.2,453745.517,276456819.9268
2024-04-26,613.3,615.0,597.0,598.0,302119.884,182921811.3128
2024-04-27,598.0,599.7,585.0,596.2,268783.912,159075524.0425
2024-04-28,596.2,609.0,596.2,600.2,258059.431,155563327.3273
2024-04-29,600.2,602.8,581.3,592.8,330474.005,194895190.9459
2024-04-30,592.8,604.3,555.7,578.4,766513.446,442024066.4745
2024-05-01,578.4,580.4,536.7,561.8,669027.318,371042856.3967
2024-05-02,561.8,565.9,539.5,560.5,359794.315,200004508.9447
2024-05-03,560.5,590.0,558.9,587.0,342906.433,196300747.86
2024-05-04,587.0,593.6,582.5,585.7,197129.251,115907821.4002
2024-05-05,585.7,595.0,579.3,592.0,180458.236,106025278.2271
2024-05-06,592.0,602.3,583.1,588.2,278669.005,164915187.6334
2024-05-07,588.2,600.4,576.0,576.5,289488.709,170615635.1222
2024-05-08,576.5,590.0,574.4,588.6,297016.617,173445200.0971
2024-05-09,588.6,605.8,586.3,596.8,464857.601,277461169.032
2024-05-10,596.8,597.0,581.5,585.6,296215.516,174757720.3065
2024-05-11,585.7,594.5,580.8,592.2,210698.305,123879065.4674
2024-05-12,592.2,600.1,587.3,594.8,191190.562,113647065.6195
2024-05-13,594.8,598.4,585.2,591.7,389810.286,231181529.9276
2024-05-14,591.7,593.1,562.0,567.1,453308.316,260670269.0921
2024-05-15,567.1,587.3,560.0,581.0,402812.993,231640318.7261
2024-05-16,581.0,586.6,565.1,569.2,411937.056,237940982.045
2024-05-17,569.2,584.5,568.6,580.9,236919.616,136736066.0091
2024-05-18,580.9,581.9,574.2,580.3,168074.711,97276169.0784
2024-05-19,580.3,581.9,571.3,574.5,142157.485,82153015.5064
2024-05-20,574.6,602.0,568.8,599.6,469252.806,273916587.4838
2024-05-21,599.6,631.4,593.3,618.5,1023559.613,629680133.3534
2024-05-22,618.5,626.3,610.1,614.8,404848.487,250112541.59
2024-05-23,614.8,617.5,580.0,599.3,607671.947,365408323.5065
2024-05-24,599.4,605.5,588.3,600.3,251965.176,150540221.747
2024-05-25,600.3,606.7,599.5,602.4,121538.958,73238183.6787
2024-05-26,602.3,605.4,598.0,600.2,122983.66,73993292.513
2024-05-27,600.3,614.4,599.6,603.9,229302.377,138990897.2628
2024-05-28,603.9,606.0,593.8,601.7,284862.985,170866428.7429
2024-05-29,601.7,603.6,593.1,595.7,212706.254,127314783.2932
2024-05-30,595.7,602.2,586.5,595.1,225452.344,134058231.5414
2024-05-31,595.1,599.0,590.0,593.7,168608.054,100127890.5189
2024-06-01,593.8,608.4,593.1,601.9,156464.894,93807304.5433
2024-06-02,601.9,606.0,596.0,602.9,198299.996,119216586.139
2024-06-03,602.8,638.8,601.2,626.4,654161.467,408619568.5288
2024-06-04,626.4,688.2,624.8,685.7,736322.6803,480618195.60853
2024-06-05,685.7,716.0,684.7,698.8,673820.5652,471592896.6752871
2024-06-06,698.8,721.8,692.0,711.2,544042.9592,383971667.0546109
2024-06-07,711.1,712.0,658.9,684.0,594753.99,411647370.9832
2024-06-08,684.0,694.9,677.9,682.7,216849.473,148522259.267
2024-06-09,682.7,684.8,670.3,673.0,173565.78,117580243.2205
2024-06-10,673.1,674.8,613.3,625.1,692122.616,443628428.2456
2024-06-11,625.1,629.0,595.8,602.5,640655.92,392329646.8744
2024-06-12,602.5,635.4,591.3,619.4,454148.661,280606534.9802
2024-06-13,619.4,619.9,595.6,599.8,313465.472,189807512.1516
2024-06-14,599.8,612.5,590.0,603.3,279802.085,168377597.5893
2024-06-15,603.3,609.7,601.3,608.2,122650.197,74376625.4952
2024-06-16,608.2,611.8,601.1,610.8,104827.154,63655028.5963
2024-06-17,610.9,612.6,591.4,604.3,235509.028,141794445.7183
2024-06-18,604.3,605.2,575.0,588.6,459142.573,269411551.1401
2024-06-19,588.6,605.9,586.6,599.3,260529.062,155686523.0016
2024-06-20,599.3,608.0,584.6,587.7,289498.772,172878669.7902
2024-06-21,587.7,589.3,577.8,586.1,191182.614,111683509.5204
2024-06-22,586.2,591.4,581.0,591.1,100439.584,58889744.9883
2024-06-23,591.1,593.2,576.0,577.5,141025.834,82700074.1585
2024-06-24,577.5,582.0,551.2,568.1,356915.248,201975223.9453
2024-06-25,568.1,580.0,566.4,578.2,177300.699,101775508.7125
2024-06-26,578.3,584.7,567.4,573.0,154770.344,89021816.7667
2024-06-27,573.1,584.7,566.4,581.7,199582.231,114879067.5068
2024-06-28,581.8,585.3,565.6,567.4,210308.565,120971213.4525
2024-06-29,567.4,573.9,566.9,570.0,99951.169,57037745.3195
2024-06-30,570.0,585.3,568.3,582.2,169894.148,98063504.92
2024-07-01,582.3,588.3,576.2,576.9,188481.951,109661771.2101
2024-07-02,576.9,582.0,573.9,580.1,144561.934,83595650.9873
2024-07-03,580.1,581.0,550.5,556.7,288318.808,162074388.468
2024-07-04,556.7,558.1,511.6,513.6,511359.494,271362063.6033
2024-07-05,513.5,516.1,454.8,497.7,992708.164,477944738.996
2024-07-06,497.8,530.7,496.0,526.0,226597.141,116325464.473
2024-07-07,526.0,526.6,488.4,490.7,279027.459,141525511.5082
2024-07-08,490.7,524.2,471.0,510.6,580970.096,290874412.6181
2024-07-09,510.5,520.8,506.5,516.9,203358.601,104783981.2704
2024-07-10,516.9,529.4,511.3,524.7,205460.208,107482904.158
2024-07-11,524.7,545.1,520.1,524.8,262788.577,139656345.3707
2024-07-12,524.9,537.5,517.0,533.8,207870.778,109277155.6752
2024-07-13,533.9,539.4,527.3,532.4,161128.431,85959545.6284
2024-07-14,532.5,547.7,531.2,544.8,148566.273,79894219.4869
2024-07-15,544.9,586.8,543.8,585.3,335372.772,189865878.4188
2024-07-16,585.3,587.5,554.4,576.2,347825.03,198747610.3712
2024-07-17,576.3,584.0,564.3,568.9,198271.205,114191416.2815
2024-07-18,568.9,579.6,561.6,571.9,153121.784,87460889.8859
2024-07-19,572.0,598.7,565.0,593.4,331877.529,194179639.0283
2024-07-20,593.4,597.9,586.7,593.1,144679.404,85733754.6122
2024-07-21,593.2,603.4,581.5,602.5,243931.763,145514213.204
2024-07-22,602.5,605.6,580.3,587.2,212452.69,126474838.8711
2024-07-23,587.3,593.5,577.2,581.9,214355.311,125103987.1786
2024-07-24,582.0,589.1,570.4,574.9,160535.208,93548644.6785
2024-07-25,574.9,576.6,553.1,570.6,286997.522,161664095.8419
2024-07-26,570.7,582.8,570.2,580.9,155492.92,89808484.418
2024-07-27,580.9,592.8,572.6,581.6,184468.855,107622930.3255
2024-07-28,581.6,584.9,574.5,583.9,92606.642,53762708.786
2024-07-29,583.9,598.0,572.2,574.3,213824.089,125254349.9433
2024-07-30,574.3,588.3,566.6,588.2,165024.413,94752452.1439
2024-07-31,588.1,592.9,574.7,576.5,194701.723,113838698.8411
2024-08-01,576.5,578.0,553.7,575.1,280418.865,158920157.6353
2024-08-02,575.2,577.6,540.2,542.9,283605.001,158973647.91
2024-08-03,542.9,545.3,521.3,529.6,245777.525,131076763.6382
2024-08-04,529.7,532.2,486.5,496.9,390238.285,198331072.8714
2024-08-05,496.9,499.9,400.0,464.2,2114679.75,936709946.2717
2024-08-06,464.3,494.4,463.5,484.8,458815.007,221910821.6103
2024-08-07,484.9,497.7,468.1,475.0,322182.487,155878721.2477
2024-08-08,475.0,521.7,467.5,517.1,286744.608,142644959.0329
2024-08-09,517.2,518.4,498.7,508.7,195125.106,99252951.0151
2024-08-10,508.7,525.4,507.2,523.1,126212.238,65106264.4061
2024-08-11,523.2,535.8,502.3,503.4,206038.714,107396614.4
2024-08-12,503.5,524.0,499.2,518.2,285951.347,146276671.4102
2024-08-13,518.3,527.0,513.1,524.2,255029.497,132679939.5935
2024-08-14,524.2,531.9,515.4,523.4,220850.011,115904285.2938
2024-08-15,523.4,533.9,510.0,519.2,229628.306,119729441.4465
2024-08-16,519.2,524.5,509.9,519.7,174036.141,90234466.8196
2024-08-17,519.7,547.7,518.3,541.6,196365.586,104648859.6598
2024-08-18,541.7,542.6,530.8,531.2,148890.018,80080999.4861
2024-08-19,531.3,560.7,529.1,558.4,233275.352,126752012.1447
2024-08-20,558.5,574.9,558.2,569.4,422053.693,239532350.7605
2024-08-21,569.4,575.1,546.1,570.1,345601.77,194150513.2876
2024-08-22,570.2,590.0,559.7,582.9,365020.284,211506200.4228
2024-08-23,583.0,600.6,574.3,591.7,387772.663,226667831.476
2024-08-24,591.7,592.4,574.6,580.5,325168.897,189230078.1068
2024-08-25,580.5,583.9,569.0,573.9,195984.559,112871783.1875
2024-08-26,573.9,575.6,546.7,548.2,280985.576,157546934.309
2024-08-27,548.3,558.3,520.5,533.3,298073.974,162636857.1307
2024-08-28,533.3,546.8,522.4,537.0,269794.777,144652361.6358
2024-08-29,537.0,545.5,530.9,536.4,166187.113,89803592.1243
2024-08-30,536.4,543.4,522.0,535.2,197825.895,105438037.1851
2024-08-31,535.2,541.5,531.1,532.9,95954.072,51436756.3339
2024-09-01,532.9,533.2,507.7,512.4,203698.867,105736484.8896
2024-09-02,512.3,530.2,501.5,526.3,262984.426,135310263.7192
2024-09-03,526.4,538.4,517.9,518.7,224481.65,118957795.679
2024-09-04,518.8,523.7,495.8,507.6,435892.306,220932561.9079
2024-09-05,507.6,512.9,496.7,502.4,177237.32,89376836.949
2024-09-06,502.4,509.9,471.3,487.2,357704.727,176434177.2464
2024-09-07,487.3,499.5,482.9,493.5,140367.312,69061059.8594
2024-09-08,493.6,506.9,490.7,503.1,135677.173,67747241.9683
2024-09-09,503.2,525.7,501.7,518.7,207528.54,106181387.9937
2024-09-10,518.7,524.3,509.2,517.0,161417.812,83683310.8278
2024-09-11,517.0,535.4,506.5,530.1,204079.602,106177105.3379
2024-09-12,530.2,548.7,530.0,544.5,273877.8,148485556.5668
2024-09-13,544.6,559.7,538.7,556.4,276743.273,151886434.1994
2024-09-14,556.4,559.2,547.5,553.3,138432.964,76552118.0914
2024-09-15,553.4,561.9,546.0,553.4,205254.79,114158887.1805
2024-09-16,553.4,555.2,527.0,533.7,267953.69,145272204.9542
2024-09-17,533.7,552.7,529.0,546.2,195288.36,106087089.093
2024-09-18,546.2,559.7,536.8,559.5,201182.985,109823535.9459
2024-09-19,559.5,572.2,553.0,567.0,308427.742,173555626.4165
2024-09-20,566.9,577.1,555.0,569.0,257077.709,146299260.296
2024-09-21,569.1,590.0,566.4,588.6,208752.23,121144029.985
2024-09-22,588.7,594.6,576.4,588.7,202978.791,118527723.4824
2024-09-23,588.7,616.0,583.4,604.5,376010.207,225838917.1862
2024-09-24,604.5,613.4,598.5,605.9,261622.131,158406716.9744
2024-09-25,605.8,608.3,584.2,587.4,220793.948,131577137.9882
2024-09-26,587.5,609.0,580.8,596.3,334337.474,199000531.3556
2024-09-27,596.3,614.7,596.0,606.8,356901.64,216600653.3691
2024-09-28,606.9,618.6,594.5,601.1,262593.381,159074265.4612
2024-09-29,601.1,602.8,592.4,595.6,160103.084,95653191.0634
2024-09-30,595.6,595.8,563.5,567.4,324086.737,187098291.1132
2024-10-01,567.4,583.1,536.8,547.3,476372.945,266084992.2632
2024-10-02,547.2,558.3,535.4,542.5,282193.663,154229595.0561
2024-10-03,542.5,550.8,534.3,544.8,220702.342,119668355.7484
2024-10-04,544.8,557.8,541.8,555.3,186169.628,102741705.8821
2024-10-05,555.3,565.2,551.6,563.0,124906.382,70050933.4191
2024-10-06,563.0,571.9,561.1,570.3,106787.34,60348493.1096
2024-10-07,570.4,581.8,563.5,564.3,213046.676,122157732.7852
2024-10-08,564.4,586.8,559.5,580.8,286276.177,164556094.6575
2024-10-09,580.8,586.0,566.2,570.7,324396.054,187764600.0406
2024-10-10,570.8,572.9,551.5,563.9,178198.309,100625398.3754
2024-10-11,563.8,577.5,560.1,573.6,185095.358,105075683.8837
2024-10-12,573.7,579.2,573.6,576.6,135773.959,78315432.7874
2024-10-13,576.6,578.5,564.9,572.2,118779.976,67955148.4416
2024-10-14,572.3,592.3,558.9,589.1,252803.176,147353933.5377
2024-10-15,589.0,599.9,577.7,594.5,324305.897,191193163.4713
2024-10-16,594.6,605.5,589.7,600.9,259951.129,155177541.6939
2024-10-17,601.0,606.3,585.1,592.9,194199.416,115638450.5871
2024-10-18,592.9,602.4,591.8,599.2,136743.669,81756722.0332
2024-10-19,599.3,601.4,595.4,597.7,78940.239,47206621.5769
2024-10-20,597.8,607.3,593.1,605.9,123572.057,74016985.857
2024-10-21,605.9,611.8,591.5,598.8,275880.778,166472429.799
2024-10-22,598.8,609.0,587.0,593.8,203756.934,121183814.7858
2024-10-23,593.8,595.0,573.0,584.9,225698.465,131627008.0264
2024-10-24,584.9,598.0,583.3,594.5,145781.537,86192860.0254
2024-10-25,594.5,597.6,565.8,575.3,254214.693,148562012.6002
2024-10-26,575.3,587.1,571.6,583.4,119987.437,69636988.2744
2024-10-27,583.4,591.0,581.7,589.2,94455.099,55358950.4306
2024-10-28,589.3,604.6,585.5,601.1,189815.882,112841110.9841
2024-10-29,601.1,612.2,599.9,606.3,301555.357,183028445.4459
2024-10-30,606.3,606.7,594.1,595.6,186706.281,111921261.7247
2024-10-31,595.5,596.5,571.1,576.6,279156.175,162569407.1743
2024-11-01,576.5,585.5,567.7,573.1,242255.184,139653646.5376
2024-11-02,573.1,577.2,562.4,568.6,143716.603,81923716.4734
2024-11-03,568.6,569.3,547.0,557.7,217508.468,121252911.9394
2024-11-04,557.7,564.8,543.6,552.5,264951.833,147460854.17364
2024-11-05,552.51,572.8,551.22,563.21,211437.753,118914324.13832
2024-11-06,563.21,595.0,563.0,592.22,535934.927,312142762.64576
2024-11-07,592.22,611.2,587.01,598.26,377600.506,226127478.91521
2024-11-08,598.27,605.9,588.1,597.82,318752.718,190252650.44896
2024-11-09,597.82,638.0,597.51,624.66,772172.655,481873005.65544
2024-11-10,624.67,644.2,611.62,627.33,812783.747,513661217.73232
2024-11-11,627.34,665.54,613.0,659.63,1006384.738,635276133.39284
2024-11-12,659.63,667.4,610.0,625.33,1166459.013,743633998.73705
2024-11-13,625.42,638.06,598.6,620.68,1034672.114,638914920.75909
2024-11-14,620.68,660.4,610.5,622.3,1060649.7,673257806.86197
2024-11-15,622.3,628.3,603.4,619.37,654908.221,403836027.70154
2024-11-16,619.37,633.7,617.5,622.69,447887.923,279947693.94271
2024-11-17,622.69,647.6,605.2,618.9,595820.376,373035601.88046
2024-11-18,618.93,630.91,612.1,618.93,483382.136,300412598.77804
2024-11-19,618.93,621.41,605.21,615.5,420441.21,258923024.56484
2024-11-20,615.49,620.78,600.0,605.39,411142.628,251205966.08475
2024-11-21,605.39,629.37,593.05,621.86,647295.158,397863790.46244
2024-11-22,621.86,639.64,615.05,633.0,582665.923,366036815.39355
2024-11-23,633.0,680.0,631.1,650.42,1071184.972,704006630.9684
2024-11-24,650.42,687.75,637.08,659.65,914571.368,603815106.11156
2024-11-25,659.65,676.79,626.43,636.2,783511.29,511818189.88482
2024-11-26,636.16,645.57,600.02,613.51,814621.938,506683169.58735
2024-11-27,613.5,646.75,607.79,644.14,629623.885,395138256.51757
2024-11-28,644.15,664.68,639.79,653.83,684789.628,447310382.25311
2024-11-29,653.84,663.8,648.42,654.67,429893.73,281863687.62204
2024-11-30,654.67,677.2,648.0,653.43,545812.569,360781212.65124
2024-12-01,653.44,664.17,645.16,655.99,434417.253,284736496.31933
2024-12-02,656.0,667.2,627.99,647.82,771630.192,496814257.59973
2024-12-03,647.83,750.01,622.85,734.64,1575647.798,1065360654.902801
2024-12-04,734.64,793.86,720.0,739.53,2092976.428,1585363383.638898
2024-12-05,739.54,739.9,690.0,717.1,1159099.388,833940195.14058
2024-12-06,717.1,745.93,705.06,730.22,747138.475,543354617.64708
2024-12-07,730.22,761.0,729.69,749.72,445276.173,332521641.55229
2024-12-08,749.71,757.26,727.47,742.0,343120.564,254746861.56089
2024-12-09,742.0,742.5,642.0,689.19,1068109.724,750478040.89311
2024-12-10,689.2,704.92,649.13,676.8,984801.75,668829820.38149
2024-12-11,676.8,713.0,658.54,711.21,526819.302,363578391.09084
2024-12-12,711.2,725.61,699.36,705.77,576876.965,412636064.68138
2024-12-13,705.77,729.88,696.8,725.72,548598.294,392046785.60903
2024-12-14,725.73,732.11,705.01,715.79,341929.145,246341704.54359
2024-12-15,715.8,724.08,702.66,718.87,282457.795,201977197.65233
2024-12-16,718.87,730.0,704.16,720.58,483844.553,346826686.35011
2024-12-17,720.58,737.37,712.24,717.69,502868.872,364062746.7002
2024-12-18,717.7,722.0,681.0,686.38,726576.022,513577858.41071
2024-12-19,686.39,705.57,648.63,665.62,840266.48,570986179.2514
2024-12-20,665.61,680.58,618.69,678.6,982349.406,641954913.39672
2024-12-21,678.6,693.39,652.0,663.49,529437.789,356262914.98044
2024-12-22,663.5,669.71,639.37,649.77,333704.376,219106651.6007
2024-12-23,649.77,698.5,638.1,694.16,606364.091,407676502.73876
2024-12-24,694.16,699.0,682.68,696.9,386936.217,267684126.6879
2024-12-25,696.89,713.28,695.94,702.72,232510.25,163663370.11294
2024-12-26,702.71,719.99,683.0,689.4,381100.002,266171547.7022
2024-12-27,689.4,718.88,685.73,691.85,347156.043,241387898.60907
2024-12-28,691.86,731.24,691.3,722.13,344251.861,246552528.75129
2024-12-29,722.13,724.7,690.0,694.71,241528.144,170580495.58564
2024-12-30,694.71,712.2,687.75,705.36,297267.103,207719498.60121
2024-12-31,705.35,714.99,698.48,702.3,235464.832,166146690.59762
2025-01-01,702.31,711.5,700.3,707.84,135703.339,95912659.04516
2025-01-02,707.84,715.8,698.04,706.25,292533.811,206642127.74701
2025-01-03,706.24,715.69,697.03,714.88,291701.675,206214578.80261
2025-01-04,714.87,721.84,707.82,713.41,167274.262,119663318.91078
2025-01-05,713.41,713.93,702.51,709.29,115144.345,81589551.0974
2025-01-06,709.29,745.29,705.91,729.42,357347.859,259202689.33863
2025-01-07,729.42,733.33,691.2,698.01,436096.682,311205654.41287
2025-01-08,698.0,707.46,674.72,696.03,427277.957,295988402.30722
2025-01-09,696.03,701.72,675.12,685.48,331906.578,229395154.56301
2025-01-10,685.47,700.69,683.18,693.21,234590.487,162476464.702
2025-01-11,693.21,701.47,690.39,696.7,87734.79,61027521.95983
2025-01-12,696.71,698.63,689.8,693.34,78211.295,54271115.40096
2025-01-13,693.35,700.0,660.0,688.64,386629.943,260749933.34469
2025-01-14,688.64,699.97,686.3,698.89,159723.609,110907862.84401
2025-01-15,698.89,715.0,688.45,714.59,282718.752,198505959.43022
2025-01-16,714.59,717.5,700.5,708.1,268104.726,190449199.40963
2025-01-17,708.1,729.97,708.1,721.76,289751.278,208863892.21405
2025-01-18,721.76,723.32,695.0,709.52,370480.456,261042036.22393
2025-01-19,709.52,714.6,676.0,683.19,712985.298,494826558.77689
2025-01-20,683.2,709.38,671.0,682.51,668236.487,460253770.23451
2025-01-21,682.51,697.0,675.01,692.21,294203.471,201877994.17057
2025-01-22,692.21,704.13,689.93,695.52,218410.233,152163801.08273
2025-01-23,695.52,697.65,680.26,689.74,331191.456,227449444.31795
2025-01-24,689.73,691.31,678.75,680.45,280584.305,192311060.58876
2025-01-25,680.45,689.56,677.68,686.4,140203.276,96002980.7489
2025-01-26,686.4,690.82,664.64,667.37,195887.168,133335964.38517
2025-01-27,667.36,680.53,637.79,679.74,486667.795,319943135.41218
2025-01-28,679.75,682.88,659.4,661.29,202591.474,136320412.20259
2025-01-29,661.28,680.01,659.37,667.97,255536.138,171429451.13217
2025-01-30,667.97,682.99,666.0,677.53,145419.421,98572665.66848
2025-01-31,677.53,689.44,673.5,677.47,190707.861,129837529.78904
2025-02-01,677.48,681.56,650.73,652.94,177371.372,118479169.50354
2025-02-02,652.94,663.22,600.0,617.8,506728.603,319686544.33016
2025-02-03,617.8,619.19,500.0,617.21,1340856.885,761429704.70862
2025-02-04,617.21,619.24,557.88,572.69,549571.473,320290589.1865
2025-02-05,572.69,580.0,561.22,569.55,227055.225,129716884.83023
2025-02-06,569.55,589.99,568.87,571.72,334342.953,193969742.34818
2025-02-07,571.71,589.9,570.58,577.71,222673.88,129451341.96099
2025-02-08,577.7,633.73,573.62,612.39,490805.546,297489199.61406
2025-02-09,612.39,648.13,602.4,615.81,774091.071,486494461.58509
2025-02-10,615.81,622.42,596.24,618.65,360129.038,218954195.88323
2025-02-11,618.65,646.94,615.08,642.11,488539.291,310084181.73871
2025-02-12,642.12,705.48,626.88,696.93,822216.623,547344272.16887
2025-02-13,696.92,732.0,658.28,664.72,1766921.695,1235503153.47365
2025-02-14,664.73,684.86,652.0,659.71,650460.875,435455485.36749
2025-02-15,659.72,671.43,653.46,662.21,255950.897,169188074.94996
2025-02-16,662.21,686.04,653.11,673.1,362205.963,242885041.45402
2025-02-17,673.1,682.29,657.99,667.51,323350.276,217073600.40769
2025-02-18,667.52,668.3,629.65,648.18,366356.988,237605531.27277
2025-02-19,648.19,664.44,636.99,653.38,352798.243,230093608.31893
2025-02-20,653.38,659.03,645.88,656.36,215894.368,140683645.98812
2025-02-21,656.36,668.5,635.0,647.47,317327.155,207737127.35011
2025-02-22,647.47,679.9,645.21,668.57,297923.184,197901565.80744
2025-02-23,668.57,671.1,648.49,658.42,166658.013,110014935.59318
2025-02-24,658.41,659.56,610.6,614.2,360147.153,228275603.70987
2025-02-25,614.19,628.7,586.0,623.49,647434.612,393335861.56722
2025-02-26,623.49,632.14,594.07,611.57,428035.431,263292239.55094
2025-02-27,611.57,619.77,595.84,605.41,295518.116,180214548.10665
2025-02-28,605.41,606.33,559.71,588.07,600999.319,348100030.61127
2025-03-01,588.07,609.48,586.4,607.93,292254.356,174627265.35593
2025-03-02,607.94,635.01,601.5,623.94,469069.23,290922261.43101
2025-03-03,623.94,624.36,567.5,576.1,497949.879,296931073.33352
2025-03-04,576.09,588.75,546.83,584.01,488869.851,277254366.05704
2025-03-05,584.01,606.06,580.57,598.24,206205.988,122536170.87545
2025-03-06,598.25,612.9,589.2,596.5,223701.39,134753375.22754
2025-03-07,596.49,610.2,577.23,594.77,289363.933,172750428.92419
2025-03-08,594.77,602.77,590.11,593.1,117220.631,69991200.96482
2025-03-09,593.1,593.1,550.2,554.65,246382.904,140015234.56134
2025-03-10,554.65,573.4,523.01,531.49,410154.62,225187261.71934
2025-03-11,531.49,566.0,507.0,551.61,691870.521,377448189.6883
2025-03-12,551.61,574.95,544.63,569.87,367224.211,205368085.28517
2025-03-13,569.87,613.71,567.99,579.8,647497.028,379822302.22007
2025-03-14,579.8,589.81,576.61,587.76,213012.082,124194131.58567
2025-03-15,587.76,619.96,587.49,619.83,254324.009,153638521.26638
2025-03-16,619.82,622.8,593.06,602.2,255774.316,154620391.15023
2025-03-17,602.21,643.72,602.04,631.69,591668.184,372213621.75484
2025-03-18,631.68,643.33,620.28,627.81,443437.833,280327124.87383
2025-03-19,627.81,628.2,604.36,618.7,399993.645,246061914.58732
2025-03-20,618.71,637.75,616.55,630.47,578472.125,363283126.57964
2025-03-21,630.47,637.8,624.92,635.17,262205.569,165876355.89652
2025-03-22,635.16,636.1,623.79,627.01,140206.083,88175594.70204
2025-03-23,627.01,629.14,619.5,623.79,155602.578,96944430.59188
2025-03-24,623.8,639.5,618.0,637.08,307575.991,193512028.36247
2025-03-25,637.08,644.88,627.05,629.82,554571.557,353137599.65513
2025-03-26,629.82,634.01,615.3,617.99,222093.835,139017120.22607
2025-03-27,618.0,642.5,617.2,637.36,743401.847,471692258.54266
2025-03-28,637.36,637.51,616.0,619.81,317817.16,199721001.67967
2025-03-29,619.81,623.84,596.97,602.99,254422.261,154421898.07789
2025-03-30,603.0,613.37,593.58,602.2,195649.405,118304368.03307
2025-03-31,602.2,608.89,587.26,604.81,254764.269,152922764.81958
2025-04-01,604.81,618.54,604.46,611.13,565603.069,346421089.82224
2025-04-02,611.12,614.0,584.85,590.68,399507.957,240612013.9548
2025-04-03,590.67,610.58,578.46,592.67,507928.514,303406596.77059
2025-04-04,592.68,600.0,585.0,597.71,177145.405,105181815.22505
2025-04-05,597.71,599.0,588.71,593.13,85938.079,51106827.24289
2025-04-06,593.13,593.78,544.17,555.54,332256.265,189035699.70554
2025-04-07,555.55,567.6,520.0,554.6,727293.86,397028708.94978
2025-04-08,554.6,566.0,547.64,553.72,212191.86,118512835.45122
2025-04-09,553.72,585.97,534.3,582.32,378370.127,213004910.74643
2025-04-10,582.32,583.58,566.17,578.03,369219.863,212832786.45699
2025-04-11,578.03,590.36,575.7,585.93,174700.72,101866043.54306
2025-04-12,585.93,600.48,584.0,597.29,151268.708,89655284.516
2025-04-13,597.3,598.67,580.32,584.28,144896.285,85200185.56801
2025-04-14,584.29,593.1,583.14,584.54,153827.795,90513576.06251
2025-04-15,584.53,590.84,579.38,579.52,141640.579,83039414.125
2025-04-16,579.52,587.0,576.0,582.8,174537.948,101484755.50647
2025-04-17,582.8,592.97,581.0,590.49,151848.259,89134723.84238
2025-04-18,590.5,596.08,587.08,591.71,191575.748,113223034.09646
2025-04-19,591.7,594.49,587.7,591.73,96609.003,57098589.6793
2025-04-20,591.74,595.23,587.5,592.77,115343.598,68276647.28278
2025-04-21,592.77,608.52,592.53,597.34,171926.422,103304762.56314
2025-04-22,597.32,619.9,595.0,618.51,285468.164,173308242.979
2025-04-23,618.5,619.99,601.38,605.71,314125.448,191839028.68921
2025-04-24,605.72,606.78,592.59,601.55,204214.28,122518204.22908
2025-04-25,601.56,610.35,597.2,599.91,257426.554,155796837.88555
2025-04-26,599.9,609.25,599.34,607.23,137533.142,83138818.02772
2025-04-27,607.23,608.68,597.0,603.46,121784.476,73282794.69697
2025-04-28,603.46,608.27,598.2,606.16,143778.008,86833971.50822
2025-04-29,606.16,610.75,598.1,601.0,236809.997,143146651.13683
2025-04-30,601.0,604.44,591.42,599.88,210580.664,126352033.11528
2025-05-01,599.88,605.28,598.14,599.63,156229.229,94008927.36652
2025-05-02,599.64,603.61,595.12,600.69,141344.865,84772654.30253
2025-05-03,600.69,601.2,595.23,599.36,100770.294,60296742.70511
2025-05-04,599.36,600.49,584.7,586.03,143960.835,85298964.66439
2025-05-05,586.02,599.98,583.55,597.61,201100.589,119371782.25071
2025-05-06,597.61,603.18,593.23,602.57,214613.107,128368850.19364
2025-05-07,602.57,609.07,597.89,602.7,194088.591,117132375.09366
2025-05-08,602.7,629.33,600.8,629.17,384267.525,236647691.95012
2025-05-09,629.17,671.15,623.12,666.29,480734.869,306980185.05931
2025-05-10,666.29,678.95,648.83,663.9,444595.43,294150052.77147
2025-05-11,663.9,668.49,647.83,651.15,319998.959,210577921.77225
2025-05-12,651.15,693.0,647.31,660.07,586386.945,392542282.91301
2025-05-13,660.08,672.0,640.66,664.13,416309.75,272901658.76016
2025-05-14,664.12,667.33,647.15,652.47,290029.994,190546608.72786
2025-05-15,652.47,661.0,642.29,651.88,313560.813,204057655.69996
2025-05-16,651.88,659.97,644.0,646.76,200793.607,131210358.66972
2025-05-17,646.76,646.9,635.05,639.51,141777.711,90893253.2512
2025-05-18,639.5,655.19,634.39,651.53,189475.296,122348372.20883
2025-05-19,651.54,653.53,633.51,649.62,210901.52,135603856.35643
2025-05-20,649.62,653.75,640.14,650.0,169584.291,109772099.60261
2025-05-21,650.0,678.0,648.49,673.31,470531.895,311660393.95119
2025-05-22,673.31,690.02,673.0,686.57,390007.996,266404901.15309
2025-05-23,686.57,691.35,652.19,656.98,343668.707,231427488.3675
2025-05-24,656.99,677.47,655.4,668.01,165142.039,110606139.47037
2025-05-25,668.0,671.67,657.1,669.44,169208.322,112315213.63574
2025-05-26,669.45,678.33,668.22,674.29,180148.252,121339916.24473
2025-05-27,674.3,697.73,666.56,686.91,326163.491,223248228.18154
2025-05-28,686.9,689.22,680.04,686.89,211875.743,145022738.54658
2025-05-29,686.89,691.24,673.33,675.02,260985.136,178247626.81514
2025-05-30,675.02,678.5,653.22,655.36,218723.509,146064088.43998
2025-05-31,655.36,661.42,645.04,658.01,158379.39,103495185.93207
2025-06-01,658.01,662.48,647.58,660.77,131807.448,86198532.12636
2025-06-02,660.77,667.0,650.05,665.93,143785.605,94585715.4531
2025-06-03,665.93,673.43,657.11,661.59,158377.459,105542302.93054
2025-06-04,661.6,671.76,660.84,663.23,124473.802,83119492.0917
2025-06-05,663.24,670.92,625.44,633.32,271543.149,176686621.86037
2025-06-06,633.33,651.51,629.38,642.7,169535.957,108901056.43203
2025-06-07,642.71,653.81,639.69,650.82,90666.37,58781736.18277
2025-06-08,650.82,656.39,646.49,652.0,72300.314,47052170.18367
2025-06-09,652.0,667.74,648.01,665.58,127272.158,83644611.37634
2025-06-10,665.58,674.0,657.26,673.51,176645.056,117408553.72931
2025-06-11,673.51,674.8,662.2,667.43,177934.085,119080780.42267
2025-06-12,667.42,669.93,651.91,654.75,152793.975,101339742.7784
2025-06-13,654.76,659.42,639.01,655.35,223303.917,145072177.3044
2025-06-14,655.35,655.36,639.0,645.61,93690.143,60587334.88062
2025-06-15,645.61,652.0,642.77,648.19,79324.646,51386018.57671
2025-06-16,648.19,659.46,646.26,650.74,124203.787,81319264.39316
2025-06-17,650.74,659.0,640.11,648.08,182982.263,119391370.60418
2025-06-18,648.09,654.31,637.35,644.77,143725.674,92747657.02993
2025-06-19,644.77,646.5,638.66,644.65,80404.985,51715724.58785
2025-06-20,644.65,651.02,638.0,641.61,143279.622,92391446.73424
2025-06-21,641.61,644.84,621.94,628.97,143508.116,91039970.44005
2025-06-22,628.98,635.51,601.25,615.81,243515.033,150461464.40226
2025-06-23,615.81,642.79,615.05,640.49,219674.329,137434002.16861
2025-06-24,640.5,644.09,636.17,643.53,131607.231,84247712.66687
2025-06-25,643.53,652.64,641.85,646.07,169433.154,109446216.98338
2025-06-26,646.06,650.0,641.12,642.3,103057.286,66552033.67641
2025-06-27,642.3,648.44,639.16,645.71,81302.955,52434499.65195
2025-06-28,645.72,649.18,644.25,648.6,57714.965,37311567.0011
2025-06-29,648.61,656.0,646.72,654.9,73235.796,47617946.51691
2025-06-30,654.9,660.0,651.17,656.9,110702.196,72511068.06305
2025-07-01,656.9,659.1,644.0,646.33,85803.055,55853408.99266
2025-07-02,646.34,664.85,643.71,659.71,112807.955,74257373.93229
2025-07-03,659.7,664.57,656.7,663.59,99001.436,65465622.82548
2025-07-04,663.58,664.17,650.21,653.6,89027.412,58469301.0502
2025-07-05,653.6,656.75,652.0,656.16,51648.289,33813242.68712
2025-07-06,656.17,664.99,653.54,663.13,82399.119,54387999.31117
2025-07-07,663.13,663.5,656.77,661.06,83232.984,55019317.81961
2025-07-08,661.06,662.6,657.36,660.63,86374.042,57014603.7036
2025-07-09,660.63,671.5,659.05,668.68,123551.595,82087015.33234
2025-07-10,668.69,687.7,667.25,685.8,214967.536,145245124.55052
2025-07-11,685.8,697.24,682.83,689.99,268353.904,185244954.90644
2025-07-12,689.98,697.0,679.63,685.86,134785.185,92906122.92625
2025-07-13,685.86,694.12,685.12,692.0,84925.723,58641223.00475
2025-07-14,692.01,707.54,686.05,689.12,253634.996,177173266.8273
2025-07-15,689.13,693.21,675.3,689.92,188962.491,129048003.51493
2025-07-16,689.93,715.56,685.2,708.61,238334.938,167032328.53935
2025-07-17,708.61,727.85,706.14,720.65,409572.675,294063734.31481
2025-07-18,720.64,765.56,718.73,729.92,556430.085,412241488.29112
2025-07-19,729.92,742.5,718.76,733.2,188095.81,137599574.21818
2025-07-20,733.2,761.29,731.5,756.82,253255.203,189589685.25925
2025-07-21,756.82,781.99,746.06,766.22,338419.952,259224085.92258
2025-07-22,766.22,788.35,745.0,786.68,359074.056,274410540.66907
2025-07-23,786.69,809.84,752.47,776.74,709087.1566,558758062.209709
2025-07-24,776.74,786.16,742.62,770.74,363436.737,279037336.76837
2025-07-25,770.74,786.0,752.22,785.45,284068.121,218078862.99362
2025-07-26,785.44,798.0,778.28,793.29,128764.391,101212044.16622
2025-07-27,793.3,847.12,791.04,844.0,397296.2555,324733711.4765263
2025-07-28,844.0,861.1,820.64,824.07,517734.6912,436930876.448927
2025-07-29,824.07,835.06,800.12,805.1,427366.132,349478646.03652
2025-07-30,805.11,811.64,766.21,793.51,369598.736,292598414.78571
2025-07-31,793.51,814.8,781.38,783.14,335026.145,268061917.80243
2025-08-01,783.13,795.4,744.69,757.08,393831.558,303104688.78998
2025-08-02,757.08,770.11,732.36,736.42,209282.992,157038728.0959
2025-08-03,736.43,755.53,730.01,751.21,142700.965,106592055.52365
2025-08-04,751.21,770.0,750.47,768.63,171505.406,130422799.09016
2025-08-05,768.62,769.79,745.11,755.13,179458.96,135631922.09486
2025-08-06,755.13,774.84,746.26,769.55,163684.71,124894215.68082
2025-08-07,769.55,788.68,764.17,788.67,188106.802,145543031.21357
2025-08-08,788.67,798.5,780.74,793.5,195309.718,154082425.69663
2025-08-09,793.5,819.44,792.81,798.83,202384.753,163260549.46883
2025-08-10,798.83,815.5,793.68,807.22,162735.303,130869121.4424
2025-08-11,807.22,827.59,792.0,805.09,316220.572,255934175.20574
2025-08-12,805.09,839.9,797.73,832.47,268762.259,219773129.75768
2025-08-13,832.48,858.89,828.23,848.01,395861.313,334799833.79984
2025-08-14,848.02,869.4,820.6,840.42,592656.9793,502655557.964029
2025-08-15,840.42,853.53,812.57,827.81,252091.108,210411186.81867
2025-08-16,827.8,839.79,825.06,838.71,114512.1,95367308.35974
2025-08-17,838.71,864.0,838.04,855.38,164953.856,140814256.94088
2025-08-18,855.38,858.51,825.0,846.99,233741.603,196010871.99911
2025-08-19,847.0,851.95,823.0,824.11,211802.026,177598520.77224
2025-08-20,824.1,881.02,818.57,869.05,392159.8615,332759264.4561456
2025-08-21,869.05,883.86,833.46,839.49,277889.676,237896920.484744
2025-08-22,839.49,900.71,839.23,900.21,430842.5317,375716244.242755
2025-08-23,900.2,900.21,875.55,880.42,209279.872,185676260.6218
2025-08-24,880.42,886.66,859.34,876.51,289492.317,252241190.9115
2025-08-25,876.51,880.75,832.76,839.32,320570.155,275451434.76334
2025-08-26,839.32,868.0,829.59,863.7,194882.089,164870874.5443
2025-08-27,863.7,867.1,852.9,855.18,135243.457,116374619.66615
2025-08-28,855.18,881.36,850.85,873.47,232414.922,202249121.93069
2025-08-29,873.48,878.0,850.19,862.3,180524.219,155483294.41144
2025-08-30,862.3,864.0,851.61,862.0,101039.981,86722431.33024
2025-08-31,862.0,867.7,857.0,857.65,94241.193,81214520.85845
2025-09-01,857.66,869.15,840.0,845.68,254185.715,217105498.75903
2025-09-02,845.68,856.68,840.71,851.8,164333.169,139702195.82979
2025-09-03,851.8,864.06,848.91,854.76,116453.022,99662265.22545
2025-09-04,854.76,856.72,841.1,843.63,108195.902,91679289.64725
2025-09-05,843.62,857.73,842.22,850.14,120856.951,102670054.02438
2025-09-06,850.14,865.0,849.55,860.85,144234.054,123901879.62194
2025-09-07,860.86,884.05,860.55,880.05,136538.058,118996279.84708
2025-09-08,880.05,885.85,870.01,878.08,177574.781,156027069.01887
2025-09-09,878.08,884.83,871.38,880.01,150610.03,132237315.63281
2025-09-10,880.0,907.38,877.04,893.77,306830.178,274181538.835692
2025-09-11,893.77,904.53,888.38,902.77,179913.182,161378078.80814
2025-09-12,902.77,929.9,901.41,924.8,240267.9372,219285340.4397861
2025-09-13,924.81,943.86,922.11,933.68,251751.2324,234836986.2596412
2025-09-14,933.68,944.95,921.91,926.51,159814.975,149043322.80995
2025-09-15,926.51,935.72,910.64,919.68,175249.087,161428141.25427
2025-09-16,919.68,959.0,916.66,955.65,284918.8385,267637447.7470392
2025-09-17,955.65,995.44,946.1,989.98,362193.1958,348652678.6945979
2025-09-18,989.97,1006.88,979.48,981.04,402672.5617,400199947.4299975
2025-09-19,981.05,1002.99,973.9,984.1,333582.761,329790921.50354
2025-09-20,984.1,1048.0,982.9,1043.77,380966.0766,385737171.3124027
2025-09-21,1043.77,1083.47,1039.2,1047.8,464411.2823,492520656.676001
2025-09-22,1047.8,1050.55,976.89,992.9,588730.396,596953882.44591
2025-09-23,992.9,1027.37,962.38,1015.98,420071.07,421467277.89249
2025-09-24,1015.98,1034.5,991.46,1018.49,363049.882,369092358.89094
2025-09-25,1018.49,1019.9,939.55,945.9,635121.254,621318167.97413
2025-09-26,945.9,966.23,932.01,960.8,384757.514,364408611.11634
2025-09-27,960.81,985.79,955.56,968.45,245246.415,238037235.70271
2025-09-28,968.46,993.65,962.68,993.01,188486.48,183624760.07743
2025-09-29,993.01,1036.0,991.12,1029.79,291982.5,295253054.46815
2025-09-30,1029.79,1034.01,992.93,1008.51,258830.971,261981911.10553
2025-10-01,1008.51,1036.2,1003.35,1026.5,269007.811,274516783.81454
2025-10-02,1026.5,1099.22,1022.01,1090.22,380679.445,401900249.30658
2025-10-03,1090.22,1192.42,1083.84,1189.4,744996.7206,842965061.361557
2025-10-04,1189.4,1190.47,1134.93,1150.75,337438.509,390930674.94389
2025-10-05,1150.75,1189.0,1143.14,1167.38,306730.178,357420641.03322
2025-10-06,1167.38,1239.94,1161.85,1223.19,587477.5601,711781233.380627
2025-10-07,1223.17,1349.99,1204.61,1304.43,1351678.4887,1737403256.538668
2025-10-08,1304.43,1334.19,1264.32,1307.4,826555.123,1076913281.89229
2025-10-09,1307.4,1320.0,1224.38,1255.35,925627.604,1178510754.12517
2025-10-10,1255.35,1278.52,860.11,1102.47,1505025.673,1738588911.96338
2025-10-11,1102.57,1182.76,1073.0,1135.07,1050905.245,1181376420.04246
2025-10-12,1135.07,1319.8,1107.43,1302.65,1205248.016,1490023746.48351
2025-10-13,1302.65,1375.11,1251.28,1294.55,1483076.9719,1944702007.14038
2025-10-14,1294.54,1318.26,1143.01,1208.52,1398659.782,1691229151.13683
2025-10-15,1208.55,1222.76,1148.92,1162.57,707327.747,836699442.94997
2025-10-16,1162.57,1195.0,1122.31,1144.83,716826.497,835695242.85643
2025-10-17,1144.83,1156.3,1021.0,1071.15,1066221.771,1143128765.33737
2025-10-18,1071.15,1131.05,1069.41,1092.43,419996.517,462124290.22768
2025-10-19,1092.42,1133.76,1068.04,1109.88,409987.572,451830662.14455
2025-10-20,1109.88,1143.2,1088.19,1100.19,481311.055,535214259.16311
2025-10-21,1100.2,1114.53,1052.46,1057.16,541524.501,586956054.55562
2025-10-22,1057.16,1083.8,1053.25,1071.82,397249.062,424924796.09075
2025-10-23,1071.83,1161.9,1071.83,1126.72,774946.718,864047274.96687
2025-10-24,1126.71,1144.17,1097.39,1109.01,342712.642,385108586.81592
2025-10-25,1109.0,1120.89,1100.96,1116.53,162716.583,181193804.95172
2025-10-26,1116.53,1143.35,1114.48,1138.19,240939.545,272038928.2965
2025-10-27,1138.19,1182.6,1131.44,1138.88,494467.695,569610822.72901
2025-10-28,1138.88,1148.94,1074.0,1103.45,351579.17,395192652.3363
2025-10-29,1103.45,1121.35,1082.59,1107.7,459713.496,510072430.34674
2025-10-30,1107.7,1129.55,1043.48,1079.05,508291.657,554615753.48928
2025-10-31,1079.06,1104.93,1071.43,1088.9,537669.646,584994779.09792
2025-11-01,1088.9,1096.93,1081.8,1094.53,163493.548,178160836.27944
2025-11-02,1094.54,1094.92,1071.74,1083.25,132402.548,143615965.50532
2025-11-03,1083.25,1087.24,960.18,993.54,685198.885,695307374.09516
2025-11-04,993.54,1002.12,880.8,936.77,985275.518,924046511.24224
2025-11-05,936.79,969.27,900.39,959.33,526144.027,497402208.36976
2025-11-06,959.32,965.23,925.07,950.4,312622.425,295927015.25126
2025-11-07,950.4,995.6,925.7,991.15,452713.504,434871852.02567
2025-11-08,991.14,1007.41,980.05,991.03,301705.689,300155965.29685
2025-11-09,991.01,1007.16,975.84,996.63,256660.748,254503411.11084
2025-11-10,996.63,1019.56,976.22,991.98,281128.796,280689673.13887
2025-11-11,991.99,1008.6,956.08,958.08,283951.869,278122345.76054
2025-11-12,958.08,978.61,937.9,952.86,216987.116,207895272.16893
2025-11-13,952.87,972.2,905.72,927.15,334345.078,314259121.5093
2025-11-14,927.15,934.04,887.88,915.25,438193.008,401204627.31223
2025-11-15,915.26,945.22,914.91,932.28,161984.705,151171632.97185
2025-11-16,932.27,949.77,908.16,926.56,252157.877,233987143.9429
2025-11-17,926.59,939.55,891.72,907.36,332891.856,305134278.30436
2025-11-18,907.36,939.99,884.4,932.79,357275.458,326663851.75577
2025-11-19,932.79,941.06,872.38,897.77,296358.274,268307936.85822
2025-11-20,897.78,917.0,865.57,866.51,301802.981,269032673.70796
2025-11-21,866.51,877.33,790.79,830.46,654486.049,542979217.98351
2025-11-22,830.47,842.93,813.77,833.78,167225.62,138427266.23421
2025-11-23,833.78,855.46,833.28,843.6,167524.177,141704290.78926
2025-11-24,843.6,876.3,830.01,864.92,248464.802,211511619.02536
2025-11-25,864.9,867.66,837.47,862.57,158750.859,135823380.71101
2025-11-26,862.58,897.25,851.72,891.78,159649.392,139460353.89772
2025-11-27,891.77,904.86,883.8,895.74,141249.084,126273074.47225
2025-11-28,895.75,906.5,876.15,887.19,174843.677,155822041.55361
2025-11-29,887.2,889.0,868.25,872.9,80059.932,70344820.67889
2025-11-30,872.9,899.75,869.56,875.31,106230.587,94178228.95986
2025-12-01,875.3,877.12,801.7,826.61,342746.385,283999640.0346
2025-12-02,826.6,885.0,820.46,876.61,233149.68,199034705.02779
2025-12-03,876.6,922.63,873.6,920.76,227309.929,204499249.05121
2025-12-04,920.77,928.24,886.79,899.92,165779.563,150836824.66394
2025-12-05,899.92,907.92,870.18,883.57,137493.999,122346994.84129
2025-12-06,883.57,897.9,878.01,890.38,81289.981,72211284.20858
2025-12-07,890.38,906.0,870.23,894.37,131888.814,117366943.71489
2025-12-08,894.38,913.29,888.93,897.12,121354.06,109535418.55455
2025-12-09,897.13,928.0,881.78,897.3,209645.573,189336040.76546
2025-12-10,897.3,915.0,884.27,893.43,186333.021,166693561.34981
2025-12-11,893.43,894.7,859.54,885.91,182476.864,159114587.16925
2025-12-12,885.92,896.07,870.58,881.58,110640.466,97852155.11364
2025-12-13,881.59,904.22,880.32,896.82,92401.054,82431393.00693
2025-12-14,896.82,899.5,870.11,877.27,110914.028,98442378.82563
2025-12-15,877.27,895.42,840.75,858.6,210867.871,182971113.85925
2025-12-16,858.61,878.44,847.0,875.63,240835.336,208552022.88205
2025-12-17,875.64,876.16,833.39,843.07,378073.209,324665474.7502
2025-12-18,843.07,853.49,818.39,830.07,432024.878,361452776.1874
2025-12-19,830.08,862.33,822.38,856.17,1227346.957,1035735760.17278
2025-12-20,856.17,859.7,850.9,854.17,57015.132,48685094.40048
2025-12-21,854.17,859.91,845.5,858.64,69986.817,59650811.23645
2025-12-22,858.63,871.0,850.85,858.66,147275.988,127026489.4655
2025-12-23,858.67,861.46,838.24,844.3,103894.874,88114840.52677
2025-12-24,844.3,850.0,835.21,846.58,84917.781,71413872.14449
2025-12-25,846.57,847.99,826.81,829.64,72777.087,61067016.30325
2025-12-26,829.63,847.16,821.21,834.72,120232.786,100443874.53481
2025-12-27,834.72,846.54,834.0,845.04,89882.366,75505665.25729
2025-12-28,845.05,867.22,839.2,859.32,91601.986,78245545.48423
2025-12-29,859.32,872.12,846.0,852.46,127151.447,109137090.48325
2025-12-30,852.46,864.05,848.7,861.65,73233.047,62791986.8921
2025-12-31,861.66,877.29,857.69,864.3,149994.618,129779137.07024
2026-01-01,864.31,874.51,856.14,864.39,80713.662,69705177.29618
2026-01-02,864.4,891.14,859.64,881.25,129071.742,112918887.64463
2026-01-03,881.25,884.24,868.65,878.63,79965.205,70042659.0416
2026-01-04,878.64,902.85,878.47,895.43,118687.107,105626153.85529
2026-01-05,895.43,916.55,890.59,910.31,140352.785,126791973.03969
2026-01-06,910.31,923.93,891.66,917.64,166897.189,152112813.16727
2026-01-07,917.64,920.27,892.64,900.3,148651.79,135043755.77855
2026-01-08,900.31,905.0,875.1,892.26,134522.755,119360812.46211
2026-01-09,892.27,901.06,885.28,896.86,81581.367,72871176.25689
2026-01-10,896.87,915.91,896.81,907.93,124912.493,113143829.40285
2026-01-11,907.93,917.33,898.75,904.32,98621.081,89755695.35323
2026-01-12,904.32,910.81,894.0,905.78,108522.173,98140526.01559
2026-01-13,905.79,952.96,902.25,943.73,311914.997,287537661.4946
2026-01-14,943.73,954.68,928.5,948.47,183208.698,172676671.03025
2026-01-15,948.48,948.85,924.05,931.2,131201.468,122818352.97477
2026-01-16,931.21,939.43,923.69,938.16,77470.383,72238110.191
2026-01-17,938.17,959.52,935.5,947.12,86187.331,81544127.02514
2026-01-18,947.11,953.33,931.7,932.51,76848.25,72695033.76926
2026-01-19,932.51,932.51,901.0,923.6,209440.56,193182830.06014
2026-01-20,923.6,933.13,884.0,884.2,163760.229,148812503.80793
2026-01-21,884.19,893.69,864.54,883.36,201618.221,177017116.38232
2026-01-22,883.35,897.58,878.18,888.06,98786.472,87897354.20676
2026-01-23,888.06,904.99,883.1,891.63,96135.61,85731004.65856
2026-01-24,891.62,894.24,886.53,887.17,51272.563,45676993.9904
2026-01-25,887.18,887.75,856.0,866.02,120780.226,105238816.20596
2026-01-26,866.02,881.44,864.91,879.41,102700.704,89665450.66266
2026-01-27,879.41,901.22,876.2,898.36,138529.639,122795528.3296
2026-01-28,898.35,909.43,894.41,902.91,110273.24,99488384.44138
2026-01-29,902.92,906.67,852.81,868.69,270228.686,238573056.22689
2026-01-30,868.69,869.77,831.83,858.81,295951.354,250705099.01046
2026-01-31,858.81,860.85,750.0,781.38,407306.151,325750149.78876
2026-02-01,781.39,789.72,739.63,758.54,259125.52,197918631.20065
2026-02-02,758.54,781.58,728.44,773.94,306663.484,231808183.90377
2026-02-03,773.94,783.57,736.08,754.78,243948.823,186179880.26269
2026-02-04,754.78,765.33,687.3,697.27,424472.167,307855228.98581
2026-02-05,697.27,703.0,602.17,608.3,799178.67,522394593.78958
2026-02-06,608.3,669.65,570.06,657.21,593322.593,372108743.10323
2026-02-07,657.21,663.88,630.83,647.0,217520.601,140501322.95354
2026-02-08,647.01,653.0,632.3,639.93,124172.092,79946063.82796
2026-02-09,639.93,646.15,616.01,636.39,148751.241,94018464.11116
2026-02-10,636.38,642.0,613.8,619.85,153549.27,96192842.4738
2026-02-11,619.85,624.14,587.14,608.11,236351.539,141941652.44398
2026-02-12,608.11,620.87,600.6,614.29,121298.457,74239627.08287
2026-02-13,614.29,622.81,592.49,618.94,211419.814,128466424.29734
2026-02-14,618.93,637.24,615.7,632.77,113845.924,71434358.34732
2026-02-15,632.77,642.49,608.82,615.16,132426.591,82705229.27905
2026-02-16,615.17,631.24,604.49,627.19,105660.883,65167083.27991
2026-02-17,627.19,631.86,609.3,617.74,91934.084,57071374.85841
2026-02-18,617.76,626.57,601.3,604.8,97256.01,59649032.64721
2026-02-19,604.8,614.8,596.0,607.83,109354.363,66119479.69708
2026-02-20,607.82,629.74,601.23,625.91,159590.806,98064976.15346
2026-02-21,625.9,634.8,624.0,625.61,81656.565,51308152.44786
2026-02-22,625.61,626.87,610.02,614.8,68568.879,42391475.19087
2026-02-23,614.8,616.0,583.13,596.41,245062.961,146545469.16557
2026-02-24,596.4,602.9,577.06,583.6,168285.85,98873700.15517
2026-02-25,583.61,640.55,581.51,629.42,221645.31,136172252.02719
2026-02-26,629.42,633.83,614.2,625.74,126675.344,79116947.84255
2026-02-27,625.74,633.65,605.25,614.03,128167.72,79378256.08238
2026-02-28,614.03,621.49,588.64,617.14,172105.1,103755874.89134
2026-03-01,617.14,632.16,610.89,617.96,169960.927,105952441.96004
2026-03-02,617.96,652.87,612.96,637.79,202581.15,128306008.70904
2026-03-03,637.79,643.29,621.0,633.56,150191.056,94808877.57976
2026-03-04,633.57,666.16,626.2,657.99,199919.683,130078197.81306
2026-03-05,658.0,665.42,646.14,647.85,128037.624,83739149.22326
2026-03-06,647.85,651.62,624.77,627.31,115031.736,73307014.99299
2026-03-07,627.31,630.19,617.8,620.26,63118.814,39462409.22281
2026-03-08,620.27,624.27,607.86,611.98,81939.554,50532305.7637
2026-03-09,611.99,643.0,611.01,634.64,121341.376,76493957.24374
2026-03-10,634.64,652.36,634.38,642.0,100783.446,64968408.80016
2026-03-11,642.01,656.29,635.02,651.46,120145.814,77493770.03519
2026-03-12,651.47,657.7,641.63,651.72,101534.056,65966807.13229
2026-03-13,651.72,679.0,650.34,655.73,231981.0,153973279.25295
2026-03-14,655.72,658.27,650.11,657.7,55240.265,36131084.10072
2026-03-15,657.7,679.0,654.46,673.77,92999.094,61797092.11362
2026-03-16,673.77,687.82,670.13,679.71,226915.256,153962533.22807
2026-03-17,679.7,686.53,663.4,668.61,147117.033,99192451.22816
2026-03-18,668.62,676.47,644.43,652.27,144505.186,95190668.30481
2026-03-19,652.28,656.4,633.32,639.15,117679.658,75669936.48842
2026-03-20,639.16,647.65,636.38,642.11,96688.002,62031631.98012
2026-03-21,642.11,646.38,627.76,630.7,54236.699,34733011.0993
2026-03-22,630.7,637.7,622.16,626.41,102353.579,64477538.30602
2026-03-23,626.41,650.85,620.33,639.11,257556.874,164379521.08965
2026-03-24,639.12,640.17,626.99,638.3,101174.299,64099145.5025
2026-03-25,638.31,652.8,637.5,647.66,117518.94,75925439.33003
2026-03-26,647.67,648.47,623.01,628.86,94718.073,59890896.60571
2026-03-27,628.86,631.87,605.86,613.95,131734.63,81092767.4862
2026-03-28,613.95,619.0,609.9,611.08,70087.882,43031613.67827
2026-03-29,611.08,615.3,596.42,606.09,83411.719,50783703.52176
2026-03-30,606.09,621.4,605.09,609.29,122880.083,75659973.45205
2026-03-31,609.29,619.77,598.82,617.43,139130.615,84997108.68721
2026-04-01,617.42,621.9,609.58,610.81,126557.565,77893570.08412
2026-04-02,610.81,613.6,570.31,583.52,297618.319,174048190.49806
2026-04-03,583.52,590.31,581.93,588.31,76506.375,44847916.33419
2026-04-04,588.32,596.58,587.1,593.36,59665.434,35254615.99161
2026-04-05,593.36,604.06,587.13,601.5,78031.95,46287970.03219
2026-04-06,601.5,610.29,596.25,600.11,104959.549,63421393.58738
2026-04-07,600.1,624.85,592.2,620.1,163526.892,99075907.03912
2026-04-08,620.11,621.46,599.45,601.16,162114.686,99086250.75171
2026-04-09,601.15,612.1,596.94,603.03,107305.176,64745254.92078
2026-04-10,603.03,610.34,597.4,605.54,104265.932,62943869.04619
2026-04-11,605.54,614.12,603.4,607.05,94267.47,57229812.41951
2026-04-12,607.06,607.44,589.1,592.19,103774.251,61708268.2182
2026-04-13,592.19,617.97,591.6,614.71,138504.5,83667752.5612
2026-04-14,614.71,625.38,610.86,613.75,173382.031,107004230.66104
2026-04-15,613.75,627.64,610.45,622.59,114943.22,71047431.2543
2026-04-16,622.58,637.4,614.89,635.77,131546.701,82305644.4231
2026-04-17,635.77,645.67,626.66,643.12,153486.838,97715237.01149
2026-04-18,643.12,648.79,628.03,629.9,119665.359,76422904.87484
2026-04-19,629.9,630.43,615.0,616.06,100590.742,62599268.67886
2026-04-20,616.07,632.08,615.97,629.26,92147.711,57634537.69358
2026-04-21,629.26,640.7,625.0,631.72,105373.239,66708621.6678
2026-04-22,631.73,654.19,631.19,637.47,134986.339,86905991.32744
2026-04-23,637.47,640.38,631.0,638.54,98409.256,62573305.06496
2026-04-24,638.55,640.49,632.04,636.21,70625.818,44968429.27877
2026-04-25,636.21,638.5,627.15,628.53,58918.337,37311178.08933
2026-04-26,628.52,638.06,627.0,635.76,54446.34,34415048.81529
2026-04-27,635.77,639.81,618.38,626.83,103945.488,65310537.06297
2026-04-28,626.83,627.58,619.0,624.55,62347.742,38868567.20818
2026-04-29,624.56,629.61,610.26,617.39,101813.172,63262853.78308
2026-04-30,617.39,620.53,613.47,615.38,78612.445,48478985.45592
2026-05-01,615.38,622.84,613.79,615.34,88053.74,54465481.5865
2026-05-02,615.34,621.81,614.15,618.03,51973.994,32066556.01918
2026-05-03,618.03,622.27,615.09,617.27,72850.13,45057448.71424
2026-05-04,617.28,639.0,615.61,622.63,206649.001,129546423.00309
2026-05-05,622.64,635.0,622.58,630.42,147021.795,92527196.40466
2026-05-06,630.41,664.26,628.97,647.74,241695.256,156387243.87649
2026-05-07,647.74,653.49,633.68,637.02,144173.809,92876311.73249
2026-05-08,637.02,651.53,634.76,649.36,107752.676,69043114.76978
2026-05-09,649.37,656.0,646.23,649.75,98352.892,64050089.11391
2026-05-10,649.76,666.66,644.84,663.55,119277.217,78052969.18864
2026-05-11,663.56,673.0,649.46,670.6,183665.245,120891525.79175
2026-05-12,670.6,671.47,650.49,664.95,161617.089,106821223.52236
2026-05-13,664.95,685.68,663.77,671.68,226062.768,152664824.09562
2026-05-14,671.68,687.66,665.42,678.27,159800.03,108004625.97265
2026-05-15,678.28,689.98,669.16,672.38,166504.371,113246350.97474
2026-05-16,672.37,674.92,650.7,656.2,129778.336,85527861.87184
2026-05-17,656.2,657.6,640.01,649.48,95811.952,62475461.3227
2026-05-18,649.48,649.7,634.3,643.53,126181.22,80930592.70051
2026-05-19,643.53,647.19,636.1,640.02,80953.937,51927107.78688
2026-05-20,640.03,651.77,637.52,649.5,82942.653,53508039.16784
2026-05-21,649.5,659.82,646.33,658.58,103055.678,67332314.04883
2026-05-22,658.58,664.2,648.31,650.44,123907.62,81467709.91507
2026-05-23,650.45,663.93,635.29,656.26,113009.638,73178744.49039
2026-05-24,656.26,662.6,649.68,656.57,73668.177,48408849.31362
2026-05-25,656.58,673.07,655.76,663.15,114244.753,75917224.40367
2026-05-26,663.15,668.01,653.45,656.43,122333.282,80704734.83881
2026-05-27,656.43,659.9,646.57,648.84,101737.594,66485960.09763
2026-05-28,648.83,649.38,628.22,638.24,145257.685,92468552.2048
2026-05-29,638.23,645.0,630.86,643.1,115255.263,73622215.81009
2026-05-30,643.11,729.0,642.66,718.74,566380.966,394144069.03446
2026-05-31,718.74,745.74,703.0,710.55,380165.732,275776613.37884
2026-06-01,710.54,729.57,674.07,693.1,533342.526,372540495.34028
2026-06-02,693.1,695.51,642.47,650.69,310137.34,208057216.11828
2026-06-03,650.7,657.51,616.21,620.63,300913.443,191310282.31226
2026-06-04,620.63,624.57,588.1,604.53,401431.765,242449840.9478
2026-06-05,604.5,608.0,556.46,572.22,534838.035,310532272.74298
2026-06-06,572.17,584.43,559.68,574.53,226190.523,129951323.11359
2026-06-07,574.54,610.54,573.6,604.44,192844.362,113738381.38438
2026-06-08,604.44,610.44,591.55,601.86,121475.506,73050784.51563
2026-06-09,601.86,605.68,583.84,593.44,134636.725,80170071.45039
2026-06-10,593.44,598.52,580.68,586.53,114846.002,67590250.38691
2026-06-11,586.51,607.33,586.51,605.76,115805.929,69397543.62643
2026-06-12,605.77,613.39,596.58,603.83,105336.327,63775900.54681
2026-06-13,603.84,612.33,599.33,609.65,73491.153,44483001.45498
2026-06-14,609.66,617.24,602.79,616.79,122027.611,74470618.61585
2026-06-15,616.79,632.9,612.66,617.87,170537.642,106139404.52675
2026-06-16,617.87,619.5,601.33,604.94,192189.417,117462205.57618
2026-06-17,604.94,612.5,595.11,601.63,169384.189,102465922.67711
2026-06-18,601.63,604.31,573.0,578.48,151568.812,88839231.28714
2026-06-19,578.48,583.29,570.82,581.42,94343.191,54389487.24823
2026-06-20,581.41,589.43,580.12,588.03,84540.17,49421855.34596
2026-06-21,588.03,592.56,583.6,584.23,63361.252,37301627.22691
2026-06-22,584.23,602.31,584.07,590.15,105431.63,62673001.3426
2026-06-23,590.14,592.83,570.57,578.08,108854.882,62890190.27858
2026-06-24,578.09,582.21,546.6,564.67,160907.998,90778322.861
2026-06-25,564.66,572.72,540.6,560.62,156267.916,87344228.775
2026-06-26,560.63,570.34,550.37,567.64,186203.407,104713816.98439
2026-06-27,567.65,568.66,554.53,557.2,81411.91,45904086.81035
2026-06-28,557.19,558.89,545.62,551.07,76867.857,42564591.74599
2026-06-29,551.07,563.16,546.17,559.52,105794.124,58670866.41269
2026-06-30,559.51,560.4,543.68,546.52,106315.52,58376211.53132
2026-07-01,546.52,559.55,537.25,550.44,162073.172,88883129.92751
2026-07-02,550.45,567.17,546.21,558.96,152316.814,85009822.49729
2026-07-03,558.95,575.21,556.99,573.81,104658.991,59201149.53531
2026-07-04,573.81,578.82,568.7,575.37,96714.134,55482575.89718
2026-07-05,575.38,593.47,568.19,589.87,132836.834,77257707.18526
2026-07-06,589.88,593.1,570.12,586.01,140805.495,81931809.8317
2026-07-07,586.02,587.92,575.28,576.82,93068.489,54068491.67432
2026-07-08,576.83,579.0,560.4,568.66,99416.988,56346330.68462
2026-07-09,568.66,577.15,565.48,568.72,85621.609,48898339.44846
2026-07-10,568.73,578.31,568.02,575.43,87506.374,50344709.82249
2026-07-11,575.44,583.01,573.06,574.65,65716.339,37993351.16803
2026-07-12,574.65,584.63,570.13,573.91,81716.052,47128670.03892
2026-07-13,573.91,579.89,562.37,567.49,76725.123,43668448.05344
2026-07-14,567.5,584.64,566.74,581.87,123235.186,71075369.20261
2026-07-15,581.88,585.3,575.8,580.55,112895.857,65498064.68784
2026-07-16,580.56,585.87,571.69,572.45,86349.243,49947464.31045
2026-07-17,572.45,574.84,555.59,568.09,142665.191,80666143.31847
2026-07-18,568.09,572.75,566.25,570.65,62539.543,35589831.41197
2026-07-19,570.66,572.61,566.33,571.06,55097.203,31357803.77329
2026-07-20,571.06,575.91,562.97,571.27,102746.807,58551909.45761
2026-07-21,571.28,579.79,570.75,573.95,102980.464,59272898.35526
2026-07-22,573.96,575.63,566.89,571.08,84883.996,48521751.61668
2026-07-23,571.09,572.24,563.71,567.41,70606.245,40150079.92467
2026-07-24,567.41,571.31,556.0,564.9,92488.873,52160522.57542
2026-07-25,564.91,570.0,563.9,568.94,53397.275,30244911.54715
2026-07-26,568.94,576.57,568.94,575.32,65829.015,37657502.40178
2026-07-27,575.31,577.2,565.4,566.28,80438.84,46042262.14835
2026-07-28,566.28,575.66,562.03,571.29,85096.072,48333750.02952
2026-07-29,571.29,573.5,566.01,570.62,32812.691,18719253.02207
