timestamp,actual,predicted,sma20,macd_hist,prev_actual,position,pred_ret_pct,sma_dist_pct,macd_hist_slope
2019-01-01,5.991,5.692988,5.455335,0.11505333695589579,6.1111,0,-6.841846494841201,9.81910368474163,
2019-01-02,6.051,5.8759217,5.525964999999999,0.1086886219385115,5.991,0,-1.9208525083156907,9.501236435627096,-0.0063647150173842815
2019-01-03,5.7979,6.17025,5.589805,0.08300933976455005,6.051,1,1.970747627910157,3.7227595595910796,-0.025679282173961454
2019-01-04,5.9692,5.9520626,5.66061,0.07346523293458392,5.7979,1,2.6589386986930292,5.451532608676445,-0.009544106829966134
2019-01-05,5.9625,6.2828283,5.727935,0.06300767298496673,5.9692,1,5.254109947625352,4.0951058278419685,-0.010457559949617182
2019-01-06,6.2688,5.615304,5.788125,0.07235710243239207,5.9625,0,-5.8229938243170265,8.30450275348234,0.00934942944742534
2019-01-07,6.2009,5.816263,5.821630000000001,0.06958557029454897,6.2688,0,-7.218874444031723,6.514842063133505,-0.002771532137843105
2019-01-08,6.5128,5.6247864,5.879105,0.08344149167904685,6.2009,0,-9.29080654496726,10.77876649592073,0.013855921384497885
2019-01-09,6.5511,5.7629232,5.92283,0.08934213565071505,6.5128,0,-11.513892017847612,10.607598057009902,0.005900643971668201
2019-01-10,5.8449,5.6029215,5.941245,0.042231364840556396,6.5511,0,-14.473577171759262,-1.6216298099135846,-0.04711077081015866
2019-01-11,5.9595,6.044735,5.94723,0.01664897533818127,5.8449,1,3.4189627681223698,0.20631453634717342,-0.025582389502375125
2019-01-12,5.8594,6.1269784,5.94225,-0.007838369508110482,5.9595,1,2.8102759857267308,-1.3942530186377156,-0.024487344846291753
2019-01-13,5.4688,5.939108,5.910795,-0.04887686060762965,5.8594,1,1.3603422687896543,-7.477758913987041,-0.04103849109951917
2019-01-14,6.0583,6.176743,5.94121,-0.03547889145356689,5.4688,0,12.945125631730834,1.9708106597814274,0.013397969154062758
2019-01-15,5.8111,6.115358,5.95162,-0.04197892305017102,6.0583,0,0.9418133110604392,-2.3610378350768433,-0.0065000315966041305
2019-01-16,6.0911,5.816255,5.99722,-0.02686954281010631,5.8111,0,0.08871113250245047,1.5653919649437493,0.01510938024006471
2019-01-17,6.3266,5.756279,6.019495,-0.0017865054706160816,6.0911,0,-5.496889039759341,5.101839938400148,0.02508303733949023
2019-01-18,6.4867,5.764567,6.06083,0.023425152607344665,6.3266,0,-8.883651592546594,7.026595367301174,0.025211658077960747
2019-01-19,6.5199,5.8519545,6.09213,0.03924393869596983,6.4867,0,-9.78533830539345,7.021682071787697,0.015818786088625164
2019-01-20,6.4008,6.103407,6.106615,0.03853733261182915,6.5199,0,-6.388028863511252,4.817480715584667,-0.000706606084140679
2019-01-21,6.4724,6.50651,6.130685,0.0395921664360917,6.4008,1,1.6515088876982376,5.573846968160991,0.0010548338242625521
2019-01-22,6.4736,6.2954926,6.151815000000001,0.03711273844934007,6.4724,1,-2.733257383994055,5.2307327187179595,-0.002479427986751631
2019-01-23,6.4969,6.2916274,6.186764999999999,0.03387386227390837,6.4736,1,-2.8109953183086014,5.012878297462418,-0.0032388761754316986
2019-01-24,6.4588,6.1470547,6.211245,0.026333155985369894,6.4969,0,-5.384803948941636,3.985593870472026,-0.007540706288538479
2019-01-25,6.6899,6.133485,6.247615000000001,0.033611138716879374,6.4588,0,-5.0367740076629355,7.079261446167844,0.00727798273150948
2019-01-26,6.9463,6.50797,6.28149,0.05133364506997751,6.6899,0,-2.7194747864361606,10.58363541134349,0.017722506353098133
2019-01-27,7.0396,6.0921593,6.323425,0.06414787268745242,6.9463,0,-12.296340911848977,11.3257451460245,0.012814227617474916
2019-01-28,6.1648,6.2896814,6.306025,0.011285856976869124,7.0396,0,-10.652857624987961,-2.2395248988070993,-0.0528620157105833
2019-01-29,6.1661,5.935632,6.2867750000000004,-0.024084708957872097,6.1648,-1,-3.7173593814670594,-1.9195056288796766,-0.03537056593474122
2019-01-30,6.1388,6.2555146,6.30147,-0.04840808078705616,6.1661,-1,1.4501000913805973,-2.5814611511282335,-0.024323371829184065
2019-01-31,6.22,6.032462,6.314494999999999,-0.057497665694561384,6.1388,-1,-1.7322258412694251,-1.4964775488776116,-0.009089584907505222
2019-02-01,6.5229,5.8752527,6.34767,-0.042283092147299334,6.22,0,-5.542560712317559,2.7605404817830794,0.01521457354726205
2019-02-02,6.8655,6.0489383,6.417505,-0.010002783043066482,6.5229,0,-7.266119756802265,6.980828219066439,0.03228030910423285
2019-02-03,6.7887,6.1338997,6.454025,0.004539481506893456,6.8655,0,-10.656183981928438,5.18552376230338,0.014542264549959938
2019-02-04,7.1069,6.074483,6.518815000000001,0.032399184646982465,6.7887,0,-10.520675272354882,9.021348205156912,0.02785970314008901
2019-02-05,7.8665,7.3193727,6.607585,0.09524082113274909,7.1069,1,2.9896671398384833,19.05257367101596,0.06284163648576663
2019-02-06,8.1303,7.396004,6.69777,0.14485632248405705,7.8665,1,-5.981005530010942,21.388163523083055,0.04961550135130796
2019-02-07,7.81,7.7525644,6.763935000000001,0.1459749577030798,8.1303,1,-4.6460225300811,15.465331940652868,0.001118635219022751
2019-02-08,8.5972,7.6617675,6.8678,0.1869834122859334,7.81,0,-1.8979835754472631,25.181280759486313,0.0410084545828536
2019-02-09,8.9051,7.558585,6.993015,0.2198303226120617,8.5972,0,-12.080849963579404,27.34278419251209,0.0328469103261283
2019-02-10,9.1697,8.331577,7.12788,0.24257550318158055,8.9051,0,-6.440384711846117,28.64554397661016,0.022745180569518852
2019-02-11,9.5288,8.22135,7.28064,0.2632746658836397,9.1697,0,-10.342217126116198,30.87860407876231,0.020699162702059126
2019-02-12,9.2765,7.679846,7.41962,0.2419881640350815,9.5288,0,-19.403851377544672,25.026618613891284,-0.02128650184855818
2019-02-13,8.9103,7.161707,7.5421949999999995,0.18768136276102743,9.2765,0,-22.797316612531922,18.139348027994505,-0.05430680127405407
2019-02-14,8.7655,7.2023435,7.645975,0.12922639675655712,8.9103,0,-19.168339293876688,14.642017532100216,-0.05845496600447031
2019-02-15,9.2911,7.8554096,7.763215,0.11372457609791309,8.7655,0,-10.382640782700548,19.681085735742222,-0.015501820658644028
2019-02-16,9.1087,7.132639,7.866670000000001,0.08051547855984831,9.2911,0,-23.23149109067372,15.788510259105818,-0.03320909753806478
2019-02-17,9.22,6.6393676,8.01943,0.056508415490101105,9.1087,0,-27.109603122137983,14.97076475510106,-0.024007063069747203
2019-02-18,9.6127,7.1964264,8.191759999999999,0.05735699575688291,9.22,0,-21.947653019505836,17.34596716700687,0.0008485802667818065
2019-02-19,10.4728,6.6401563,8.40846,0.10343777562629075,9.6127,0,-30.923088527952746,24.55075007789773,0.04608077986940784
2019-02-20,10.9211,9.733654,8.643514999999999,0.14893772171358888,10.4728,0,-7.0577684839126364,26.350217475182262,0.045499946087298127
2019-02-21,10.4661,8.887348,8.840675000000001,0.13370247515860445,10.9211,0,-18.62222509592597,18.385756743687555,-0.015235246554984427
2019-02-22,10.7576,7.148572,9.03528,0.1285333943448812,10.4661,0,-31.697843818818733,19.06216520129979,-0.005169080813723248
2019-02-23,10.7265,6.719493,9.23217,0.10906403100857454,10.7576,0,-37.53724890038224,16.186118756478702,-0.019469363336306666
2019-02-24,9.9476,7.7375946,9.374205,0.033680715836411634,10.7265,0,-27.86468461760884,6.116732032209661,-0.0753833151721629
2019-02-25,9.6967,8.894912,9.465715,-0.039177701835441336,9.9476,0,-10.582333768424078,2.4402277059894626,-0.07285841767185297
2019-02-26,9.4168,9.620565,9.53004,-0.10839562236569944,9.6967,-1,-0.7851597509594908,-1.188242651657279,-0.0692179205302581
2019-02-27,9.8467,8.594933,9.631874999999999,-0.12615839871704204,9.4168,-1,-8.727672286208229,2.230354941275724,-0.017762776351342602
2019-02-28,10.2779,7.644953,9.71591,-0.11036842998804164,9.8467,-1,-22.360254968183742,5.784224020189582,0.015789968729000403
2019-03-01,11.3111,8.67734,9.83621,-0.035706201324420817,10.2779,0,-15.572835366825839,14.994494830834238,0.07466222866362082
2019-03-02,11.7566,10.806544,9.965554999999998,0.03451784255078438,11.3111,0,-4.460712893582028,17.972355779482452,0.0702240438752052
2019-03-03,11.4511,10.610148,10.061670000000001,0.05027311909038468,11.7566,0,-9.751557168989292,13.809139039543124,0.015755276539600294
2019-03-04,11.4006,9.801346,10.167875,0.04722143153473746,11.4511,0,-14.406949330672928,12.123723000135232,-0.00305168755564722
2019-03-05,13.6229,7.921959,10.403505,0.17747903687037347,11.4006,0,-30.51278947301157,30.94529199534196,0.13025760533563602
2019-03-06,14.5294,7.7173777,10.6917,0.30008821277127995,13.6229,0,-43.34996467228937,35.8941983033568,0.12260917590090648
2019-03-07,15.1,14.544004,10.982145,0.38935581065955605,14.5294,1,0.10051647217102169,37.49590813087973,0.0892675978882761
2019-03-08,14.2931,13.785595,11.241365,0.3642497458342948,15.1,1,-8.704669270294389,27.147370448339686,-0.02510606482526123
2019-03-09,14.4651,9.928576,11.50362,0.3304134986704015,14.2931,1,-30.53587766529734,25.7438962691744,-0.03383624716389333
2019-03-10,14.3711,8.675563,11.74154,0.2751505165617205,14.4651,0,-40.024176406789145,22.395358700817777,-0.05526298210868097
2019-03-11,14.4143,7.706935,11.938615,0.21748330872568222,14.3711,0,-46.37199011283727,20.736785632169227,-0.05766720783603829
2019-03-12,15.3333,14.05124,12.159225000000001,0.21672801062521008,14.4143,0,-2.518748969105745,26.104254177383822,-0.000755298100472146
2019-03-13,15.0244,12.67857,12.387139999999999,0.1728279125770804,15.3333,0,-17.313495505199974,21.290305914036665,-0.043900098048129665
2019-03-14,14.8901,10.835359,12.593765000000001,0.11493545978690212,15.0244,0,-27.881588484798453,18.233903840511545,-0.057892452790178295
2019-03-15,14.9432,10.66727,12.804599999999999,0.0630051571968886,14.8901,0,-28.359986120133012,16.70181028692814,-0.05193030259001352
2019-03-16,15.9589,9.704728,13.105165,0.07882136881182022,14.9432,0,-35.0558907963095,21.775651050559077,0.01581621161493163
2019-03-17,15.5693,16.049017,13.398795000000002,0.04640805830801353,15.9589,1,0.5646814787651315,16.19925523153387,-0.03241331050380669
2019-03-18,15.5388,11.403727,13.704895000000002,0.008275726723017574,15.5693,1,-26.755046291363204,13.38138672350279,-0.03813233158499596
2019-03-19,15.4953,10.696866,13.987324999999998,-0.03229070833228431,15.5388,1,-31.160282419096546,10.781010665012802,-0.040566435055301886
2019-03-20,15.1288,9.536987,14.22987,-0.09279574108497513,15.4953,0,-38.45238682253651,6.317204584441038,-0.06050503275269081
2019-03-21,14.3511,8.851296,14.381869999999997,-0.18865644990008268,15.1288,-1,-41.49373099739753,-0.21394992445347413,-0.09586070881510755
2019-03-22,15.1502,14.629429,14.55155,-0.20059455624115352,14.3511,-1,1.9394252951020479,4.113994729083838,-0.011938106341070842
2019-03-23,15.1397,13.768052,14.735980000000001,-0.21051537099830298,15.1502,-1,-9.122968006130256,2.739688843225887,-0.009920814757149454
2019-03-24,17.1096,12.891399,15.02143,-0.09178741243125743,15.1397,0,-14.85036438274918,13.901273047905557,0.11872795856704554
2019-03-25,16.7631,12.312199,15.178439999999998,-0.04626684524986935,17.1096,0,-28.039237393533366,10.440203341054834,0.04552056718138808
2019-03-26,16.1998,12.241022,15.261960000000002,-0.06274773409349876,16.7631,0,-26.976381993871357,6.144951238241993,-0.016480888843629415
2019-03-27,16.6,15.500373,15.33696,-0.055594645112361896,16.1998,0,-4.3175046194538504,8.235269571023213,0.007153088981136868
2019-03-28,16.6665,15.671809,15.455630000000003,-0.0551724564153111,16.6,0,-5.591510864625502,7.834491379516695,0.000422188697050796
2019-03-29,16.4753,15.48796,15.556140000000003,-0.07531126022365253,16.6665,0,-7.071311542583195,5.908663717348891,-0.020138803808341432
2019-03-30,16.9666,15.682655,15.685915,-0.06355438127681845,16.4753,0,-4.811109148406064,8.164553996371906,0.011756878946834082
2019-03-31,17.5376,15.727949,15.84208,-0.027191100225888,16.9666,0,-7.300524899178061,10.702635007524277,0.03636328105093045
2019-04-01,17.8888,17.364635,15.969855,0.008723625188987727,17.5376,0,-0.9862497289863168,12.016045230216548,0.035914725414875726
2019-04-02,19.7155,17.69953,16.204410000000003,0.1366175754251835,17.8888,0,-1.0580382819018121,21.667496687630067,0.12789395023619576
2019-04-03,18.5489,17.024014,16.38735,0.12412111744486598,19.7155,0,-13.651626794719329,13.190357196251975,-0.01249645798031751
2019-04-04,18.992,16.880283,16.58979,0.1267301526988751,18.5489,0,-8.995771416564374,14.480050681774756,0.002609035254009129
2019-04-05,19.3657,16.337856,16.76013,0.13395245900906816,18.992,0,-13.975061643193932,15.54623979646936,0.00722230631019305
2019-04-06,19.0745,19.970232,16.935389999999998,0.10094999959004403,19.3657,1,3.121663610856798,12.631005249952922,-0.03300245941902413
2019-04-07,18.9523,20.231932,17.106065,0.055020579467913944,19.0745,1,6.067952954999432,10.792867909715063,-0.04592942012213008
2019-04-08,17.9777,20.71284,17.230185,-0.05112709275680949,18.9523,1,9.289316476559113,4.33840379543226,-0.10614767222472343
2019-04-09,18.2984,20.77232,17.388665,-0.10667441346993622,17.9777,0,15.544923954127466,5.231770236530529,-0.055547320713126735
2019-04-10,18.24,14.170086,17.58311,-0.15154467559489215,18.2984,0,-22.561065956682434,3.7359147500072347,-0.04487026212495593
2019-04-11,17.5555,19.005772,17.703375,-0.22698142930681864,18.24,0,4.198309413173751,-0.8352927054869629,-0.07543675371192649
2019-04-12,18.3333,17.84522,17.863055,-0.22378424209962633,17.5555,0,1.6503122428634898,2.6325004317570655,0.003197187207192309
2019-04-13,18.6111,16.502144,17.938129999999997,-0.2028672083076064,18.3333,0,-9.988142561004947,3.751617364797797,0.020917033792019923
2019-04-14,19.3866,17.095306,18.069305000000004,-0.13971579675623036,18.6111,0,-8.144567508183963,7.290236121422476,0.06315141155137605
2019-04-15,19.2666,16.907833,18.222645,-0.11023347417374718,19.3866,0,-12.785980525903287,5.7288884242655245,0.029482322582483178
2019-04-16,19.6408,19.755074,18.374685000000003,-0.07160986250105239,19.2666,0,2.5353386034031993,6.8905398922484675,0.03862361167269479
2019-04-17,19.4888,20.054846,18.5158,-0.06269902280821515,19.6408,0,2.108090352411942,5.254971429805909,0.008910839692837236
2019-04-18,21.8888,22.177599,18.786475,0.09012688791690304,19.4888,1,13.796636802917927,16.513608859565196,0.1528259107251182
2019-04-19,24.3188,21.147358,19.154085000000002,0.3268537027999263,21.8888,1,-3.387312503774404,26.964039263687077,0.23672681488302327
2019-04-20,24.8888,16.23689,19.521645,0.48431254776457955,24.3188,1,-33.23317436367469,27.493354171741164,0.15745884496465323
2019-04-21,23.9999,26.216232,19.827199999999998,0.4896260760124207,24.8888,1,5.333452395473818,21.04533166559072,0.005313528247841148
2019-04-22,23.8,14.058599,20.031425,0.4421537368577817,23.9999,0,-41.422258125884284,18.813314579467026,-0.047472339154639
2019-04-23,22.546,17.490892,20.231279999999998,0.2958068598752637,23.8,0,-26.508855418998657,11.44129288903125,-0.14634687698251803
2019-04-24,22.9703,11.448682,20.430195,0.20159006473446106,22.546,0,-49.22078492255893,12.43309229304958,-0.09421679514080261
2019-04-25,22.4863,11.801007,20.586225000000002,0.08656134647110325,22.9703,0,-48.624931886771236,9.229836941935675,-0.11502871826335781
2019-04-26,23.0555,24.303955,20.785275000000002,0.03153358619038249,22.4863,1,8.083388899574407,10.922275505135227,-0.05502776028072076
2019-04-27,22.4324,20.480782,20.95928,-0.059163761906880996,23.0555,1,-11.16748040521445,7.0284857113412365,-0.09069734809726349
2019-04-28,23.0226,18.0167,21.211525,-0.08989879406432832,22.4324,1,-19.684470923178505,8.53816498342292,-0.03073503215744733
2019-04-29,21.6788,19.26952,21.380545,-0.20465789136790402,23.0226,0,-16.301721760755942,1.3949831494005296,-0.1147590973035757
2019-04-30,22.0391,15.511963,21.5705,-0.2568476457332134,21.6788,0,-28.44639513891451,2.172411395192518,-0.05218975436530937
2019-05-01,21.8788,22.133091,21.786665,-0.2997223429950284,22.0391,0,0.42647373486389817,0.42289629918116867,-0.04287469726181503
2019-05-02,23.6166,21.469227,22.050829999999998,-0.21269554490988551,21.8788,0,-1.872009263953211,7.100730448695132,0.08702679808514291
2019-05-03,23.6999,21.398098,22.30527,-0.15391264332761057,23.6166,0,-9.393824716752789,6.252468587020016,0.05878290158227495
2019-05-04,22.8888,22.652275,22.48038,-0.17264168620426612,23.6999,0,-4.420376940623297,1.8167842358536623,-0.018729042876655555
2019-05-05,22.9777,21.006317,22.665934999999998,-0.18114252407542386,22.8888,0,-8.22447162510977,1.3754782231573557,-0.00850083787115774
2019-05-06,22.1895,22.164507,22.79337,-0.23834850571496236,22.9777,-1,-3.5390534638739015,-2.6493230268275405,-0.057205981639538495
2019-05-07,20.6602,22.146292,22.85194,-0.3698351220049365,22.1895,-1,-0.19472393344560696,-9.591045661768757,-0.13148661628997416
2019-05-08,20.6673,22.606697,22.790865,-0.4420942675990607,20.6602,-1,9.421482282453857,-9.317614754859015,-0.07225914559412416
2019-05-09,18.8388,21.158314,22.516865,-0.5895789196145561,20.6673,0,2.37580018299779,-16.334711781591267,-0.14748465201549543
2019-05-10,19.6166,19.158426,22.253255,-0.6088103257039162,18.8388,0,1.6966382401747457,-11.84840150351039,-0.019231406089360137
2019-05-11,20.8059,20.069706,22.093555000000002,-0.5189983692965305,19.6166,0,2.309808851354299,-5.828192882494468,0.0898119564073857
2019-05-12,20.8934,20.698898,21.948225,-0.4346796366873644,20.8059,-1,-0.5142852968163534,-4.805969503228626,0.08431873260916611
2019-05-13,23.521,20.222208,21.996975,-0.19513010694505034,20.8934,-1,-3.2124593265275667,6.928339010250281,0.23954952974231408
2019-05-14,23.6553,19.83491,22.031225,-0.029514343277980637,23.521,-1,-15.671487440640647,7.3716963083078735,0.1656157636670697
2019-05-15,26.8116,17.634548,22.24749,0.2740035653651378,23.6553,0,-25.452020531314933,20.51516822796639,0.30351790864311845
2019-05-16,26.2888,28.435738,22.409155,0.41262888005784604,26.8116,1,6.0575930189294285,17.312767929000447,0.13862531469270822
2019-05-17,25.7795,29.657856,22.57651,0.44055681707681704,26.2888,1,12.815556387316384,14.187268094138552,0.027927937018971005
2019-05-18,28.8171,29.830315,22.866235,0.6229885074204782,25.7795,1,15.713317311159914,26.024682244365987,0.18243169034366113
2019-05-19,29.1122,30.726475,23.237904999999998,0.7162569266050907,28.8171,1,6.625839386901842,25.27893542898985,0.09326841918461248
2019-05-20,29.2666,27.809723,23.59928,0.7381386104356462,29.1122,0,-4.473990628016352,24.0148004515392,0.021881683830555554
2019-05-21,32.3907,29.246197,24.124875,0.9019663465490466,29.2666,0,-0.06971514686990808,34.26266457339159,0.1638277361134004
2019-05-22,30.8067,27.107254,24.484379999999998,0.8436592908689999,32.3907,0,-16.3116140487229,25.821850502238576,-0.05830705568004668
2019-05-23,31.3934,27.516125,24.869055,0.785785136035839,30.8067,0,-10.681362413560045,26.234792596662803,-0.05787415483316094
2019-05-24,33.9435,24.638535,25.421789999999998,0.8547248117622743,31.3934,0,-21.516833009809584,33.52128233299073,0.06893967572643533
2019-05-25,35.0168,22.179928,26.023745,0.9033409913073256,33.9435,0,-34.656332358396355,34.55711312879834,0.048616179545051263
2019-05-26,33.0919,34.958797,26.568865,0.7432732402068565,35.0168,0,-0.16564204943346936,24.55142513615092,-0.1600677511004691
2019-05-27,33.511,36.706135,27.211405000000003,0.6086919941948983,33.0919,1,10.92181106597861,23.150568667806752,-0.1345812460119582
2019-05-28,33.1068,20.713974,27.83338,0.44321175231609056,33.511,1,-38.187538423134384,18.946387395278624,-0.16548024187880772
2019-05-29,33.6066,17.500422,28.571769999999997,0.32372036501851564,33.1068,1,-47.13949543885893,17.621694420751684,-0.11949138729757491
2019-05-30,31.6666,17.140936,29.17427,0.08287767641646626,33.6066,0,-48.99532860263416,8.542904415431813,-0.24084268860204938
2019-05-31,32.8862,31.521114,29.778285,-0.019950889558344453,31.6666,0,-0.45942933764523064,10.436850208129856,-0.10282856597481072
2019-06-01,33.3521,32.28192,30.401220000000002,-0.07893833501014713,32.8862,0,-1.8374838481832874,9.706452569995538,-0.05898744545180268
2019-06-02,33.1527,32.75083,30.882804999999998,-0.14963277140387632,33.3521,0,-1.8027902170960564,7.350028600057558,-0.07069443639372919
2019-06-03,30.7564,27.354338,31.23786,-0.36381898603252694,33.1527,-1,-17.489864498937525,-1.5412707528620782,-0.21418621462865062
2019-06-04,29.2596,30.094475,31.360260000000004,-0.5984818663981826,30.7564,-1,-2.1521543728119368,-6.6984776274176445,-0.23466288036565564
2019-06-05,30.8886,29.061213,31.590250000000005,-0.6328323934028544,29.2596,-1,-0.6780251962677117,-2.2210966991397796,-0.03435052700467178
2019-06-06,31.0888,29.142942,31.855715000000004,-0.6295706316581722,30.8886,-1,-5.651462259251416,-2.4074644063082693,0.003261761744682179
2019-06-07,31.3098,30.70877,31.980350000000005,-0.6001428767109673,31.0888,-1,-1.222399217875486,-2.096756289408983,0.029427754947204843
2019-06-08,31.7333,30.884195,32.111405000000005,-0.5415665117498225,31.3098,-1,-1.3593337301458654,-1.1774788427974576,0.05857636496114482
2019-06-09,30.095,28.409464,32.152825,-0.5981359522098117,31.7333,-1,-10.47428448208573,-6.400137468480612,-0.05656944045998924
2019-06-10,32.0271,30.664276,32.134645,-0.49469322949720396,30.095,0,1.8915970195942056,-0.3346699488978384,0.10344272271260779
2019-06-11,31.8889,30.207893,32.188755,-0.4273748247798741,32.0271,-1,-5.680210285720425,-0.9315520280296671,0.06731840471732986
2019-06-12,34.8888,29.420017,32.363525,-0.18498710025039267,31.8889,-1,-7.742138353998912,7.802842860905914,0.24238772452948143
2019-06-13,35.251,29.39657,32.4289,-0.013485911596893718,34.8888,-1,-15.742100027262406,8.702422838887532,0.17150118865349895
2019-06-14,32.3803,28.797384,32.297075,-0.10169079426721805,35.251,0,-18.307610388116753,0.2576858740303844,-0.08820488267032434
2019-06-15,32.6743,30.623077,32.276194999999994,-0.14585503082556484,32.3803,0,-5.426826210448555,1.233432255567945,-0.04416423655834678
2019-06-16,32.1888,31.933851,32.210085,-0.2095137171788619,32.6743,-1,-2.2661503320180465,-0.06608178773821581,-0.06365868635329708
2019-06-17,33.8286,31.487682,32.246175,-0.14594484841035515,32.1888,-1,-2.1781416438969567,4.907326217760713,0.06356886876850676
2019-06-18,34.4333,31.808758,32.287510000000005,-0.0716896240287892,33.8286,-1,-5.9708123245348,6.645882571929509,0.07425522438156595
2019-06-19,35.1888,34.161587,32.463620000000006,0.015158118317094349,34.4333,0,-0.7891001981378296,8.394565978778688,0.08684774234588355
2019-06-20,36.8381,35.585674,32.661215,0.16235158430495011,35.1888,1,1.1278426257464629,12.788516899937735,0.14719346598785576
2019-06-21,38.6766,31.251513,32.927440000000004,0.35135672596122136,36.8381,1,-15.165243246894322,17.460087999552943,0.18900514165627125
2019-06-22,38.0001,31.660114,33.16981,0.39535841650582926,38.6766,1,-18.14142326799647,14.562308315905353,0.044001690544607897
2019-06-23,37.2836,31.934032,33.49616999999999,0.34271430339291564,38.0001,0,-15.963293675054688,11.307053910939693,-0.052644113112913615
2019-06-24,37.43,32.071228,33.90469,0.28654131117432247,37.2836,0,-13.980334443713188,10.397706040078813,-0.056172992218593176
2019-06-25,36.0941,35.70446,34.164965,0.13585115828517802,37.43,0,-4.610045033280874,5.6465300052261,-0.15069015288914445
2019-06-26,36.1189,36.431923,34.41647,0.020345969894629112,36.0941,1,0.9359505088024326,4.9465561110712395,-0.11550518839054891
2019-06-27,34.3999,33.29601,34.570975,-0.17838260630172043,36.1189,1,-7.815550684764191,-0.4948515336926273,-0.19872857619634954
2019-06-28,34.6289,31.538122,34.715755,-0.2941329301625242,34.3999,1,-8.319145761691106,-0.25018899920223514,-0.11575032386080375
2019-06-29,35.5,31.311155,34.986005,-0.3101585593880303,34.6289,0,-9.580854952903888,1.4691445908156742,-0.0160256292255061
2019-06-30,32.114,34.909767,34.99034999999999,-0.533809854582121,35.5,-1,-1.6626277440030808,-8.220409341432697,-0.22365129519409077
2019-07-01,33.2777,35.081097,35.05979000000001,-0.584304838658992,32.114,-1,9.239262157220915,-5.08300249373999,-0.05049498407687092
2019-07-02,31.9777,34.956367,34.914235,-0.6795176004460228,33.2777,-1,5.044421617707288,-8.410709843707014,-0.09521276178703086
2019-07-03,32.522,35.24555,34.777785,-0.6785197132273514,31.9777,0,10.219147244145192,-6.486281400612497,0.000997887218671445
2019-07-04,33.0888,36.50833,34.81321,-0.6142887849060791,32.522,0,12.257337491015702,-4.953320880206103,0.06423092832127231
2019-07-05,32.5566,35.025066,34.807325000000006,-0.5825272269854161,33.0888,0,5.851727399399262,-6.466239505621309,0.03176155792066293
2019-07-06,32.5888,34.41239,34.827325,-0.5354354479031742,32.5566,0,5.700201073200682,-6.427496226023682,0.047091779082241936
2019-07-07,32.9344,32.70392,34.782615,-0.45998279053387603,32.5888,0,0.3532454617268844,-5.313617161906898,0.07545265736929818
2019-07-08,33.3888,32.279884,34.73039,-0.3627176814267367,32.9344,-1,-1.9873313666594516,-3.8628705292396557,0.09726510910713931
2019-07-09,32.4811,32.956367,34.595005,-0.3429790808099195,33.3888,-1,-1.2951424050107285,-6.110434150826117,0.019738600616817203
2019-07-10,31.222,35.123447,34.3142,-0.3945111322004331,32.4811,-1,8.135030581516306,-9.011429670515408,-0.05153205139051359
2019-07-11,29.4181,35.694023,33.851275,-0.5218815448167773,31.222,0,14.323307707143096,-13.096035525988317,-0.1273704126163442
2019-07-12,31.8888,36.782856,33.54571,-0.4161245461558779,29.4181,0,25.034777866513576,-4.939260489642342,0.10575699866089938
2019-07-13,31.4888,35.057945,33.255970000000005,-0.3520446946671769,31.8888,0,9.938113856478902,-5.313842897981937,0.06407985148870099
2019-07-14,28.5447,34.396572,32.811705,-0.47900258075552704,31.4888,0,9.234305889831013,-13.00452079524671,-0.12695788608835012
2019-07-15,28.647,28.637508,32.43935,-0.5235380027365268,28.5447,0,0.32513353559149516,-11.690585662166471,-0.0445354219809998
2019-07-16,25.0601,30.370173,31.88641,-0.7483208769390166,28.647,0,6.015193565156397,-21.40821120972854,-0.22478287420248977
2019-07-17,27.6287,29.223284,31.54785,-0.6797606682407955,25.0601,0,16.61279790463804,-12.42287509291442,0.0685602086982211
2019-07-18,28.9555,29.103989,31.26418,-0.508632200475051,27.6287,0,5.339696212492586,-7.384425243201642,0.17112846776574453
2019-07-19,29.0096,29.972788,30.939659999999996,-0.3622482371299687,28.9555,0,3.513280230200354,-6.238142242028508,0.1463839633450823
2019-07-20,31.0932,28.120537,30.888620000000003,-0.10870375329598136,29.0096,0,-3.0647206297252643,0.6623151179949004,0.2535444838339873
2019-07-21,30.4388,27.482584,30.746675,0.024230642240723244,31.0932,0,-11.612236760340558,-1.0013277858500123,0.1329343955367046
2019-07-22,30.885,29.052479,30.692040000000002,0.14478282462337644,30.4388,0,-4.554454215398759,0.628697212697492,0.1205521823826532
2019-07-23,29.4929,28.224203,30.540585,0.1336085303409842,30.885,0,-8.615175296288783,-3.4304680149381594,-0.01117429428239225
2019-07-24,28.8261,28.52293,30.32745,0.08643883812188036,29.4929,0,-3.288824953586548,-4.950465667242049,-0.04716969221910383
2019-07-25,28.9227,27.643738,30.145754999999998,0.06770203399467345,28.8261,0,-4.101707157857811,-4.057138393117037,-0.018736804127206907
2019-07-26,28.9,26.747164,29.961315000000003,0.06000087359671169,28.9227,0,-7.521898811027294,-3.542284442455226,-0.007701160397961759
2019-07-27,27.7498,24.987322,29.702085,-0.012470821636357377,28.9,-1,-13.538678707135999,-6.5728887382821775,-0.07247169523306907
2019-07-28,27.7555,21.580221,29.420419999999996,-0.047945086140442794,27.7498,-1,-22.232876719300823,-5.659062651043035,-0.03547426450408542
2019-07-29,26.9525,20.89404,29.143989999999995,-0.10987052643893236,27.7555,-1,-24.72108535586556,-7.5195263242953185,-0.061925440298489565
2019-07-30,26.9867,25.98191,28.932225,-0.13145025207111027,26.9525,-1,-3.601110451474239,-6.724422335302591,-0.021579725632177915
2019-07-31,27.75,27.190914,28.84882,-0.07978176009680071,26.9867,0,0.7567214741066354,-3.808890623602629,0.05166849197430956
2019-08-01,28.7088,27.953272,28.689819999999997,0.027746939937841386,27.75,1,0.7325112282692849,0.0661558699218143,0.1075287000346421
2019-08-02,28.14,27.597336,28.52238,0.06709979991746007,28.7088,1,-3.8715104238780884,-1.3406314620308606,0.03935285997961868
2019-08-03,27.7333,29.273712,28.481809999999996,0.07185033147638009,28.14,1,4.028827854311031,-2.628028204668159,0.004750531558920024
2019-08-04,27.3834,26.408993,28.41863,0.058124845091086286,27.7333,0,-4.775152010997665,-3.6427864397404046,-0.013725486385293806
2019-08-05,28.0114,25.928635,28.566195,0.09581327644280013,27.3834,0,-5.312581185847317,-1.9421382511741663,0.03768843135171385
2019-08-06,27.6523,24.011753,28.567375,0.10053847173786845,28.0114,0,-14.278639831370826,-3.2032169564056834,0.0047251952950683185
2019-08-07,29.6694,22.830578,28.603069999999995,0.23576963198084822,27.6523,0,-17.436966001591923,3.7280263971664738,0.13523116024297976
2019-08-08,31.1074,22.653387,28.707960000000003,0.40821618605426757,29.6694,0,-23.64730304724009,8.358099983419214,0.17244655407341936
2019-08-09,29.8188,31.374197,28.644239999999996,0.4200130452527696,31.1074,1,0.8576641128014156,4.100510259654309,0.011796859198502041
2019-08-10,29.6661,31.346165,28.605604999999997,0.4020325667933322,29.8188,1,5.122153484946212,3.7072979229070775,-0.0179804784594374
2019-08-11,30.2439,31.225151,28.57355,0.41203328624122393,29.6661,1,5.255328681598588,5.845790950021958,0.010000719447891715
2019-08-12,30.1856,33.892002,28.608185000000002,0.3975143010531513,30.2439,1,12.062274064234078,5.513859058168137,-0.014518985188072653
2019-08-13,29.4512,33.52573,28.63944,0.3243348112118254,30.1856,1,11.065309727342308,2.8344129633819644,-0.07317948984132588
2019-08-14,27.0256,28.48419,28.544585,0.1095565855881448,29.4512,0,-3.283431618465064,-5.3214471326172745,-0.2147782256236806
2019-08-15,28.1058,28.38942,28.504875,0.04076830928323161,27.0256,0,5.0463988058139755,-1.4000236801599721,-0.06878827630491319
2019-08-16,27.5111,29.616056,28.492939999999997,-0.039891424324493274,28.1058,0,5.373468971745134,-3.445906249056778,-0.08065973360772488
2019-08-17,27.5038,29.720282,28.480355000000003,-0.08618622450992924,27.5111,0,8.030146380741408,-3.4288722875821054,-0.04629480018543597
2019-08-18,27.8977,28.819813,28.527615000000004,-0.08271481769843292,27.5038,0,4.78483982089095,-2.208088548587058,0.003471406811496325
2019-08-19,28.7931,29.160734,28.617935,-0.01603981114861186,27.8977,0,4.527377441996085,0.6120812001285201,0.06667500654982106
2019-08-20,28.0286,27.581743,28.631864999999998,-0.01913960895538719,28.7931,-1,-4.207107812786931,-2.106970677599929,-0.0030997978067753285
2019-08-21,26.925,26.56593,28.542675000000003,-0.08740735260729954,28.0286,-1,-5.218493207503064,-5.667566196931443,-0.06826774365191235
2019-08-22,26.9731,27.349237,28.48433,-0.11924437181661385,26.925,-1,1.5756265255955464,-5.305478485890316,-0.03183701920931431
2019-08-23,26.94,28.671753,28.444665000000004,-0.13148858182856366,26.9731,0,6.297581404019194,-5.289796874035966,-0.012244210011949808
2019-08-24,26.2814,25.826534,28.389564999999997,-0.17042879653252535,26.94,-1,-4.133131881068177,-7.425844672153294,-0.038940214703961695
2019-08-25,26.0888,25.649242,28.293435,-0.19393276634892143,26.2814,-1,-2.405342176889186,-7.7920372694231,-0.023503969816396075
2019-08-26,26.1257,27.091097,28.217105000000004,-0.19144131413407806,26.0888,-1,3.8418665406295376,-7.411834063062122,0.0024914522148433704
2019-08-27,25.6051,26.802208,28.013890000000004,-0.2079290551459394,26.1257,0,2.589434720514074,-8.59855593064727,-0.016487741011861345
2019-08-28,23.3565,26.97216,27.626344999999997,-0.3452512828561992,25.6051,0,5.339015818549697,-15.455699984923802,-0.13732222771025981
2019-08-29,21.7777,25.41438,27.224290000000003,-0.5075795990493555,23.3565,0,8.81073414198637,-20.00636196572988,-0.16232831619315624
2019-08-30,22.1448,26.3393,26.848225000000003,-0.5517320598836546,21.7777,0,20.94619797150135,-17.518569663357642,-0.044152460834299134
2019-08-31,21.0604,25.620344,26.389050000000005,-0.6108734691333237,22.1448,0,15.6946288157369,-20.19265566589173,-0.05914140924966915
2019-09-01,21.4248,25.548883,25.951010000000004,-0.5824580349239623,21.0604,0,21.312432043600076,-17.441363553865543,0.028415434209361434
2019-09-02,22.7449,26.77478,25.615695,-0.4383351705166738,21.4248,0,24.970969500006994,-11.20717200919201,0.1441228644072885
2019-09-03,22.3511,23.478794,25.38197,-0.33762232868811903,22.7449,0,3.226631455404901,-11.941035309710003,0.10071284182855478
2019-09-04,21.6764,23.82217,25.060499999999998,-0.28655445379408406,22.3511,0,6.5816459036394654,-13.503720995191623,0.05106787489403497
2019-09-05,22.6388,24.369701,24.816885,-0.1641511317792792,21.6764,0,12.42504006891387,-8.776625269448601,0.12240332201480486
2019-09-06,21.9906,25.15287,24.541225,-0.10586331361940138,22.6388,0,11.105138868768028,-10.39322609201456,0.058287818159877824
2019-09-07,22.3996,25.467438,24.26632,-0.02310807680234417,21.9906,0,15.810563350434387,-7.692637367347009,0.08275523681705721
2019-09-08,22.4111,23.96082,23.94722,0.04532984436966436,22.3996,0,6.969853231239692,-6.414606789431092,0.06843792117200853
2019-09-09,22.0978,24.007809,23.65068,0.08037502745912661,22.4111,0,7.124633263439693,-6.565900007949038,0.03504518308946225
2019-09-10,21.7679,24.48521,23.392825000000002,0.09141059867117751,22.0978,0,10.803837570713702,-6.946253819280061,0.011035571212050899
2019-09-11,20.7334,25.18053,23.080840000000002,0.041644638252833044,21.7679,0,15.677353112131634,-10.170513724803785,-0.04976596041834447
2019-09-12,20.82,24.460941,22.77484,0.02782933596100734,20.7334,0,17.97843727848431,-8.583331430648911,-0.013815302291825704
2019-09-13,20.788,20.468033,22.50017,0.029639227063008144,20.82,0,-1.690524318376262,-7.6095869497874915,0.0018098911020008046
2019-09-14,20.9555,21.302567,22.243505000000003,0.053811879329444645,20.788,0,2.4753056009251115,-5.790476815591795,0.0241726522664365
2019-09-15,20.2901,21.994478,21.951725000000003,0.037457526328097845,20.9555,0,4.958021644475232,-7.569450692371575,-0.0163543530013468
2019-09-16,20.2422,22.242523,21.68358,0.035880987900114736,20.2901,0,9.62254100945474,-6.647334065684721,-0.0015765384279831096
2019-09-17,21.0473,22.807146,21.56812,0.09800422930943609,20.2422,0,12.671281147245333,-2.41476772198968,0.06212324140932135
2019-09-18,22.2018,20.43482,21.589325,0.2188711759575892,21.0473,0,-2.910016129523034,2.8369344571912274,0.12086694664815312
2019-09-19,21.5376,20.682667,21.558965,0.2536574570600132,22.2018,0,-6.8423876507109584,-0.09910030467603344,0.03478628110242399
2019-09-20,21.2695,20.674274,21.56942,0.2573665303049111,21.5376,0,-4.008457559894896,-1.3904870877381041,0.003709073244897887
2019-09-21,20.9666,20.747953,21.54651,0.23859513089850903,21.2695,0,-2.452086720811531,-2.6914335546684898,-0.018771399406402045
2019-09-22,20.3602,21.50922,21.427275,0.18680496699373572,20.9666,0,2.588021535637709,-4.979984622403,-0.05179016390477331
2019-09-23,19.3228,20.002083,21.27586,0.0891030277402809,20.3602,0,-1.758907944386439,-9.17969943400643,-0.09770193925345483
2019-09-24,15.8249,20.245565,20.983285000000002,-0.18948027138963952,19.3228,0,4.77552639590903,-24.58330523557204,-0.2785832991299204
2019-09-25,16.0321,20.269749,20.65295,-0.3299500156811561,15.8249,0,28.0876889442849,-22.373801321360876,-0.1404697442915166
2019-09-26,15.2212,21.070198,20.314479999999996,-0.44070994409814546,16.0321,0,31.425066329938257,-25.072165273243506,-0.11075992841698934
2019-09-27,15.6666,20.77589,19.97783,-0.44586351886685516,15.2212,0,36.49311716777782,-21.580071509268024,-0.005153574768709701
2019-09-28,15.7346,16.931633,19.644005,-0.40762349137499765,15.6666,0,8.07471305583514,-19.90126249713335,0.03824002749185751
2019-09-29,15.1999,17.303722,19.29911,-0.38172364968207173,15.7346,0,9.972432610881729,-21.240409531838512,0.025899841692925918
2019-09-30,15.8349,18.09041,19.00246,-0.28939856309789236,15.1999,0,19.016639797261465,-16.669210196995547,0.09232508658417937
2019-10-01,15.8563,18.407993,18.758605,-0.1987781741393364,15.8349,0,16.24950783806902,-15.47185944797068,0.09062038895855595
2019-10-02,15.8742,17.317636,18.511315000000003,-0.1137470333151509,15.8563,0,9.216125387815348,-14.24596253696727,0.0850311408241855
2019-10-03,15.6377,16.780277,18.253800000000002,-0.052652559026789,15.8742,0,5.707860882420944,-14.331810362773783,0.0610944742883619
2019-10-04,15.6133,16.554823,17.98669,0.0038919354394497674,15.6377,0,5.864819773706677,-13.195257159599674,0.05654449446623877
2019-10-05,15.6869,16.586786,17.756529999999998,0.06086569541167974,15.6133,0,6.23498088259113,-11.655599376680009,0.056973759972229976
2019-10-06,15.0688,17.604406,17.49786,0.07084044875000317,15.6869,0,12.223615608001095,-13.882040432372872,0.009974753338323428
2019-10-07,16.0255,17.8036,17.24677,0.1511728394675731,15.0688,0,18.148759763745602,-7.08115200701349,0.08033239071756992
2019-10-08,16.0213,16.629227,16.937745,0.20972593093345582,16.0255,0,3.7672876638501855,-5.410667122453429,0.05855309146588272
2019-10-09,17.7177,16.827953,16.74675,0.3596090410230153,16.0213,1,5.034880681486813,5.79784137220656,0.14988311008955946
2019-10-10,17.5288,16.99641,16.559715,0.4377438537870477,17.7177,1,-4.071011644440045,5.852063275243564,0.07813481276403245
2019-10-11,16.5666,17.150686,16.339715,0.4164643615667447,17.5288,1,-2.1570999495796315,1.3885493106825872,-0.02127949222030301
2019-10-12,17.17,17.628454,16.180204999999997,0.4329531430531224,16.5666,1,6.409608539917801,6.117320516025629,0.01648878148637767
2019-10-13,18.256,18.503437,16.126865000000002,0.5020615944018316,17.17,1,7.766086442844067,13.202411007967127,0.06910845134870924
2019-10-14,18.4376,18.878613,16.2575,0.5416672611048863,18.256,1,3.4104541975818727,13.409810856527754,0.039605666703054654
2019-10-15,18.5643,17.987812,16.38411,0.5559668004624589,18.4376,0,-2.4395146752487937,13.306734390821347,0.014299539357572666
2019-10-16,17.7401,17.989721,16.510055,0.49170396665606,18.5643,0,-3.0950733492899056,7.4502780275414,-0.06426283380639897
2019-10-17,18.5188,18.364614,16.652665000000002,0.4827411638258374,17.7401,1,3.5203549399063934,11.206224349075635,-0.00896280283022255
2019-10-18,18.2188,18.045227,16.776875,0.43896881528556997,18.5188,1,-2.5572550555044,8.594717430987602,-0.04377234854026746
2019-10-19,18.2229,18.990492,16.928024999999998,0.3940795895507252,18.2188,1,4.235689875652776,7.649297540616824,-0.04488922573484477
2019-10-20,18.4997,18.225052,17.061265,0.36734838404115705,18.2229,0,0.011808657693414826,8.430998522090842,-0.026731205509568146
2019-10-21,18.2551,16.997677,17.181205,0.31928777660482355,18.4997,0,-8.119175719794193,6.250405603099435,-0.0480606074363335
2019-10-22,18.2286,17.051676,17.298925,0.2735686407686496,18.2551,0,-6.592263003167388,5.374177875214787,-0.04571913583617393
2019-10-23,16.6796,17.82859,17.35102,0.13392785518548034,18.2286,0,-2.194406629876095,-3.8696284137762373,-0.13964078558316928
2019-10-24,16.9194,17.700542,17.416325,0.056590788195601344,16.6796,0,6.1209048775220705,-2.853213866874906,-0.077337066989879
2019-10-25,18.6188,16.842377,17.562920000000002,0.11537790209626325,16.9194,0,-0.4552365392131196,6.011984339733929,0.05878711390066191
2019-10-26,18.9501,16.979906,17.756985,0.16883138231735315,18.6188,0,-8.802360613179582,6.7191305280710605,0.053453480221089894
2019-10-27,19.2888,17.655855,17.92015,0.21622717435773448,18.9501,0,-6.829751933588694,7.637491873672926,0.04739579204038133
2019-10-28,19.939,17.697878,18.116035,0.2767279358773643,19.2888,0,-8.247906122147908,10.062715158145807,0.0605007615196298
2019-10-29,20.7452,17.384834,18.26741,0.35159592510289317,19.939,0,-12.809898743413505,13.563991830259454,0.0748679892255289
2019-10-30,20.052,17.69074,18.39357,0.33505474724428097,20.7452,0,-14.723692298328539,9.016357346616232,-0.0165411778586122
2019-10-31,19.9099,17.637688,18.560735,0.2964934472098597,20.052,0,-12.040256916489781,7.268920115501887,-0.038561300034421264
2019-11-01,19.9999,17.577307,18.70223,0.26028811949506514,19.9099,0,-11.715745697183195,6.938584329248437,-0.036205327714794566
2019-11-02,20.1745,20.878855,18.798155,0.23226313777649044,19.9999,1,4.394795731913229,7.321702581982098,-0.028024981718574704
2019-11-03,20.1874,20.183609,18.885645,0.19998586338717111,20.1745,1,0.04515110059265002,6.892827859466806,-0.03227727438931932
2019-11-04,20.6139,19.69381,18.988125,0.1926745399109291,20.1874,1,-2.4450424062665643,8.562061814950138,-0.0073113234762420265
2019-11-05,20.6588,19.49705,19.134059999999998,0.17660269769084525,20.6139,0,-5.417949385293234,7.96872174541107,-0.016071842220083843
2019-11-06,20.7,19.097973,19.243119999999998,0.1552438059409913,20.6588,0,-7.555265214470117,7.570913656413316,-0.021358891749853948
2019-11-07,20.4208,20.04568,19.35322,0.1108897508489608,20.7,0,-3.160970568081028,5.5162913458328875,-0.0443540550920305
2019-11-08,19.646,19.681648,19.424375,0.022567111363016146,20.4208,0,-3.619602295725283,1.1409633514591822,-0.08832263948594465
2019-11-09,19.6999,18.609203,19.484385,-0.03584990330586568,19.646,0,-5.277393165921581,1.106090851725625,-0.05841701466888183
2019-11-10,20.4333,18.645977,19.593295,-0.029014523523732794,19.6999,0,-5.349889998103176,4.2872064142350625,0.006835379782132889
2019-11-11,20.0888,19.078747,19.686304999999997,-0.05036145881268361,20.4333,0,-6.6291455826797545,2.044543148142843,-0.02134693528895082
2019-11-12,20.9798,20.014637,19.901315,-0.009291973985593782,20.0888,0,-0.36917589199850653,5.419164512495786,0.04106948482708983
2019-11-13,21.3846,19.95647,20.124575,0.037739013644625063,20.9798,0,-4.877689541835707,6.261126011356756,0.047030987630218846
2019-11-14,21.3166,19.893778,20.259465,0.05578210735284006,21.3846,0,-6.971475513733995,5.217980830194689,0.018043093708214997
2019-11-15,20.2735,19.142302,20.325635,-0.0076454407422348325,21.3166,-1,-10.200024584369734,-0.2564987514535208,-0.06342754809507489
2019-11-16,20.1631,18.789364,20.369349999999997,-0.059272071342096666,20.2735,-1,-7.320571874200381,-1.012550719586031,-0.051626630599861834
2019-11-17,20.194,20.519701,20.3821,-0.09164323325518642,20.1631,-1,1.768582232039321,-0.9228685954833022,-0.03237116191308975
2019-11-18,19.0817,20.372665,20.298925,-0.18299597044777394,20.194,0,0.884744999868468,-5.996499814645352,-0.09135273719258752
2019-11-19,18.4997,20.313705,20.22131,-0.27226876297024505,19.0817,0,6.456476332485764,-8.513840102347466,-0.08927279252247111
2019-11-20,18.0826,20.893684,20.129945,-0.34441397081973224,18.4997,0,12.940665995702796,-10.170643784670052,-0.07214520784948719
2019-11-21,16.7985,21.66448,19.969875000000002,-0.4565868948255135,18.0826,0,19.808435785509754,-15.88079544814377,-0.11217292400578127
2019-11-22,15.485,15.9508915,19.7354,-0.5888037112438785,16.7985,-1,-5.045739234152002,-21.536933631950706,-0.13221681641836502
2019-11-23,16.232,15.629417,19.53763,-0.5938143280601808,15.485,-1,0.9326278297293789,-16.919298809528076,-0.005010616816302216
2019-11-24,14.9964,16.26008,19.256755000000002,-0.6440033758613203,16.232,-1,0.17299370086504895,-22.12395079025517,-0.05018904780113953
2019-11-25,15.1457,16.608751,18.981099999999998,-0.6300294995497324,14.9964,0,10.751589028013862,-20.206415855772313,0.013973876311587863
2019-11-26,15.3564,17.237183,18.713919999999998,-0.5712177099039428,15.1457,0,13.809085200337393,-17.941297173440933,0.05881178964578959
2019-11-27,16.0888,15.358973,18.49732,-0.45278980011010095,15.3564,0,0.01675229505923163,-13.020913299872628,0.11842790979384188
2019-11-28,15.5333,14.869816,18.291684999999998,-0.38436261757423495,16.0888,-1,-7.576600949629454,-15.079993997272517,0.068427182535866
2019-11-29,16.2281,15.555143,18.118095,-0.2701947229624482,15.5333,-1,0.14062276736586324,-10.431532674930773,0.11416789461178678
2019-11-30,15.7118,15.708763,17.88202,-0.21001605007655033,16.2281,-1,-3.2002321740771102,-12.136324643412772,0.060178672885897844
2019-12-01,15.4297,15.690395,17.649065,-0.17140667497052087,15.7118,-1,-0.13623292541523463,-12.574972101921544,0.038609375106029464
2019-12-02,15.1288,14.917131,17.356514999999998,-0.14914958668370937,15.4297,-1,-3.321960738379911,-12.835036296168893,0.0222570882868115
2019-12-03,15.2542,14.801769,17.049995000000003,-0.1107631361614525,15.1288,-1,-2.1616436426431913,-10.532525082851938,0.038386450522256865
2019-12-04,15.1,14.953234,16.739165000000003,-0.08187036224569522,15.2542,-1,-1.9730059991866538,-9.792394065056431,0.028892773915757286
2019-12-05,15.6555,15.01682,16.508265,-0.014964652727900374,15.1,-1,-0.5508612323280968,-5.165685188600992,0.06690570951779484
2019-12-06,15.6666,15.553989,16.283440000000002,0.03755129183121464,15.6555,0,-0.6484020925528367,-3.7881430459411622,0.05251594455911501
2019-12-07,15.6067,16.372694,16.054075,0.07367839677704835,15.6666,0,4.507002256411276,-2.7866756571151,0.03612710494583371
2019-12-08,15.6121,16.08154,15.880595,0.1016388174968218,15.6067,0,3.0425340017603615,-1.6907112107575297,0.02796042071977345
2019-12-09,15.3284,15.417887,15.722029999999998,0.10433344526795185,15.6121,0,-1.2439919420911396,-2.5036843206634143,0.0026946277711300537
2019-12-10,14.8088,15.545893,15.558340000000001,0.07575832273735805,15.3284,0,1.4188872645162007,-4.817609076546735,-0.0285751225305938
2019-12-11,14.78,15.903726,15.457415000000001,0.0602309225144374,14.8088,0,7.3937498249991425,-4.382459809741808,-0.015527400222920651
2019-12-12,14.7238,14.863217,15.419355000000001,0.05180967139060222,14.78,0,0.5630402829553547,-4.5109215009317865,-0.008421251123835183
2019-12-13,14.8555,15.086634,15.350530000000001,0.0601571270626764,14.7238,0,2.4642665769093295,-3.224839793805175,0.008347455672074178
2019-12-14,14.3888,15.053822,15.320150000000002,0.0402516955811445,14.8555,0,1.3350042995570925,-6.07924857132601,-0.0199054314815319
2019-12-15,14.3949,15.296128,15.282610000000002,0.03376262708822131,14.3888,0,6.305795292242953,-5.808628238239423,-0.006489068492923189
2019-12-16,13.4544,15.5133705,15.18751,-0.024463909734920297,14.3949,0,7.769908189122647,-11.411416354622975,-0.058226536823141606
2019-12-17,12.381,14.282671,15.002120000000001,-0.12049176743360235,13.4544,0,6.156134608242996,-17.47166400482066,-0.09602785769868205
2019-12-18,13.6158,14.3614235,14.906245000000002,-0.08760026500982143,12.381,0,15.995666686306764,-8.657076279103165,0.032891502423780916
2019-12-19,13.3441,14.401259,14.762045,-0.07157048396965349,13.6158,0,5.768735015953863,-9.60534262021286,0.016029781040167945
2019-12-20,13.5,14.438471,14.651455000000002,-0.039498054178371156,13.3441,0,8.201158867620165,-7.8589805585861745,0.03207242979128233
2019-12-21,13.2933,14.998377,14.544635,-0.02210195355965605,13.5,0,11.099087750470197,-8.60341287354409,0.017396100618715105
2019-12-22,13.7798,13.653085,14.477185,0.029472155302644354,13.2933,0,2.70651196425152,-4.817131230967902,0.051574108862300405
2019-12-23,13.2998,13.899805,14.379465,0.03801783250192492,13.7798,0,0.8708767106179097,-7.508380875088193,0.008545677199280566
2019-12-24,13.3369,13.841149,14.29131,0.05205960744384708,13.2998,0,4.070356923706829,-6.678254127858113,0.014041774941922158
2019-12-25,13.0666,14.406687,14.161865,0.04907393269487348,13.3369,0,8.02125518551473,-7.733903691357044,-0.002985674748973599
2019-12-26,13.1414,14.740887,14.035605,0.057483922724325454,13.0666,0,12.813483907308884,-6.370975814722625,0.008409990029451975
2019-12-27,13.2888,13.008089,13.91971,0.07709777399746032,13.1414,0,-1.014434797268503,-4.532493852242612,0.019613851273134864
2019-12-28,13.6779,12.591925,13.823000000000002,0.11795480587169627,13.2888,0,-5.244080222756018,-1.0496997757361128,0.04085703187423595
2019-12-29,14.104,12.431318,13.761780000000002,0.17207726937287948,13.6779,0,-9.113838505318395,2.486742267352025,0.054122463501183216
2019-12-30,13.8597,13.318754,13.714324999999999,0.18850149872593835,14.104,0,-5.567539732224951,1.0600230051424433,0.016424229353058872
2019-12-31,13.7161,13.344013,13.661129999999996,0.18643302570958364,13.8597,0,-3.7207644168969893,0.4023825261893007,-0.0020684730163547105
2020-01-01,13.7184,14.128583,13.610859999999999,0.18176819645864895,13.7161,1,3.0072903697606272,0.7901043725378263,-0.004664829250934699
2020-01-02,13.0105,13.759956,13.518609999999999,0.12998296814629717,13.7184,1,0.30292424672906776,-3.7585964829224197,-0.05178522831235177
2020-01-03,13.6474,14.102582,13.48154,0.13690399063998182,13.0105,1,8.393850949957633,1.2302748795760614,0.006921022493684648
2020-01-04,13.8092,14.225532,13.452255,0.14962633840697714,13.6474,1,4.236203072116048,2.6534213037145182,0.012722347766995323
2020-01-05,14.0532,13.878294,13.482195,0.17022270124659294,13.8092,1,0.5003475298269747,4.2352524941228005,0.0205963628396158
2020-01-06,14.9471,14.059071,13.610499999999998,0.23576177656122388,14.0532,0,0.04177402412406261,9.820359281437145,0.06553907531463093
2020-01-07,15.0226,14.070492,13.68084,0.2732686818971243,14.9471,0,-5.864737703156575,9.807584914376607,0.0375069053359004
2020-01-08,14.5334,14.060834,13.740304999999998,0.2545787228483539,15.0226,0,-6.402127920804403,5.772033444672465,-0.018689959048770355
2020-01-09,14.3978,14.133522,13.785194999999998,0.2236311059750576,14.5334,0,-2.7514412753285127,4.4439342352429705,-0.030947616873296335
2020-01-10,15.07,14.140934,13.87403,0.23766516016812197,14.3978,0,-1.7840642981669736,8.620206241445356,0.014034054193064388
2020-01-11,14.9177,15.316418,13.930925000000002,0.22599781524241952,15.07,1,1.6351539090364737,7.083341558439211,-0.011667344925702455
2020-01-12,15.3366,15.036766,14.032765000000001,0.23477050760535056,14.9177,1,0.7981528804446649,9.291362037346163,0.008772692362931045
2020-01-13,15.1736,14.750127,14.124600000000001,0.21822415227009467,15.3366,1,-3.8240102846518695,7.426758987865139,-0.01654635533525589
2020-01-14,16.6371,15.004479,14.303125,0.28997774885151145,15.1736,0,-1.114571306320453,16.317937513655238,0.07175359658141678
2020-01-15,17.6655,15.010319,14.529329999999998,0.38488661906679944,16.6371,0,-9.778033695154111,21.585097179291846,0.09490887021528799
2020-01-16,17.0333,17.053286,14.716555,0.3824806394024194,17.6655,0,-3.4655933952909264,15.742441080810018,-0.0024059796643800535
2020-01-17,18.0724,17.27189,14.93628,0.42499243335848236,17.0333,1,1.4007305704636712,20.99666048038734,0.04251179395606297
2020-01-18,17.8088,16.662153,15.12152,0.40932536475334824,18.0724,1,-7.803317522749849,17.7712293473143,-0.015667068605134116
2020-01-19,17.388,17.26833,15.297935,0.3470491337751893,17.8088,1,-3.0348500720917375,13.662399533008873,-0.06227623097815893
2020-01-20,17.3235,17.780535,15.478305000000002,0.28077104416715093,17.388,1,2.2575037052144786,11.921169662957258,-0.06627808960803838
2020-01-21,18.1166,17.52731,15.698215,0.2695491685616215,17.3235,1,1.176490996187896,15.405477629144453,-0.011221875605529452
2020-01-22,17.8344,17.889751,15.93941,0.22418623955679085,18.1166,0,-1.2521586041190202,11.888708553202397,-0.04536292900483063
2020-01-23,17.0524,18.129015,16.10966,0.1273953252362794,17.8344,1,1.6519477463333314,5.8520167402663805,-0.09679091432051146
2020-01-24,17.1148,17.816086,16.274939999999997,0.0570415613256221,17.0524,1,4.478465291863251,5.160449132224154,-0.07035376391065729
2020-01-25,16.9555,18.113783,16.420054999999998,-0.007332233647531661,17.1148,1,5.836953295921838,3.260920867804663,-0.06437379497315376
2020-01-26,17.499,16.790028,16.547649999999997,-0.01971555346206655,16.9555,0,-0.9759215687641034,5.749154713811336,-0.012383319814534888
2020-01-27,17.67,17.09725,16.68002,-0.02259024062060999,17.499,0,-2.2958455640824496,5.935124778027861,-0.002874687158543443
2020-01-28,18.0662,17.34182,16.85666,-0.00493117957250977,17.67,0,-1.8572735530074018,7.175442822006239,0.017659061048100222
2020-01-29,17.9134,16.68516,17.03244,-0.010352338393830207,18.0662,0,-7.644332049752907,5.172247781292628,-0.005421158821320438
2020-01-30,18.5555,16.712133,17.206715,0.020796710254242012,17.9134,0,-6.705966440805352,7.838712967582712,0.03114904864807222
2020-01-31,18.2644,18.174828,17.37405,0.013632328075922961,18.5555,0,-2.0515341775560065,5.124596740541198,-0.007164382178319051
2020-02-01,18.2752,17.972942,17.52098,0.00206488033582386,18.2644,0,-1.5957690792201034,4.304667889581519,-0.011567447740099102
2020-02-02,18.4333,18.047705,17.683965,-0.0022603032716338456,18.2752,0,-1.2448307178292342,4.237369843244988,-0.0043251836074577055
2020-02-03,18.46,18.848959,17.77511,-0.010199932092263553,18.4333,0,2.254935194003308,3.8530844534857973,-0.007939628820629707
2020-02-04,18.1778,18.98021,17.800725,-0.03967884533148602,18.46,0,2.818035485297598,2.1183125968183956,-0.02947891323922247
2020-02-05,19.262,18.533564,17.91216,0.006178060539767882,18.1778,1,1.9571324026647903,7.535886235942513,0.045856905871253906
2020-02-06,20.6675,18.731762,18.041915,0.11734063788636084,19.262,1,-2.752767457309488,14.552695764280015,0.11116257734659296
2020-02-07,22.0555,18.628647,18.25425,0.26222396677450466,20.6675,1,-9.865020681814746,20.823917717791744,0.14488332888814381
2020-02-08,21.7888,19.788538,18.47429,0.3144510361588957,22.0555,0,-10.278443113391319,17.94120369443155,0.052227069384391034
2020-02-09,24.38,19.908167,18.827115,0.4875329317642916,21.7888,0,-8.631191780290893,29.494083400457267,0.17308189560539589
2020-02-10,25.1465,23.550133,19.17861,0.6097317747886899,24.38,0,-3.40388535084149,31.11742717537924,0.12219884302439832
2020-02-11,25.6963,22.429363,19.571705,0.6784132511484229,25.1465,0,-10.805228358887232,31.293109108276457,0.06868147635973298
2020-02-12,26.4243,20.23757,20.040300000000002,0.7197767490689406,25.6963,0,-21.24325366313454,31.855810541758338,0.041363497920517744
2020-02-13,25.4579,18.796495,20.457455000000003,0.6320763580503659,26.4243,0,-28.866628680335634,24.443143098689426,-0.08770039101857474
2020-02-14,26.3547,19.182013,20.927415,0.5855430625921967,25.4579,0,-24.65202330913626,25.933852795483826,-0.0465332954581692
2020-02-15,24.2576,23.495941,21.265345000000003,0.3748535825461252,26.3547,0,-10.847244847752492,14.071039054386356,-0.21068948004607146
2020-02-16,23.3193,22.966549,21.547810000000002,0.1454164186182041,24.2576,0,-5.322253975340783,8.221206702676497,-0.22943716392792113
2020-02-17,23.4555,21.094955,21.817275,-0.015503308764494017,23.3193,0,-9.538642050422014,7.508843336301174,-0.1609197273826981
2020-02-18,24.0821,18.75342,22.12571,-0.09371043879447738,23.4555,0,-20.046812576587016,8.842156929653326,-0.07820713002998336
2020-02-19,22.3709,17.7659,22.316480000000002,-0.26495451765299816,24.0821,0,-26.22778055816094,0.24385566182478957,-0.17124407885852078
2020-02-20,22.1626,21.915667,22.51139,-0.38902000413875104,22.3709,-1,-2.034935652118617,-1.5493934403872773,-0.12406548648575288
2020-02-21,22.1888,20.71079,22.707069999999998,-0.46115924767106353,22.1626,-1,-6.5507177219492645,-2.282416886018309,-0.07213924353231249
2020-02-22,21.9689,20.983065,22.88385,-0.5116249216054038,22.1888,-1,-5.433981776890786,-3.9982345628030136,-0.050465673934340316
2020-02-23,22.8452,20.267511,23.103109999999997,-0.4747375082199974,21.9689,-1,-7.744532644794003,-1.1163432109356661,0.036887413385406465
2020-02-24,22.0965,20.855396,23.299045,-0.4876542520692728,22.8452,-1,-8.7099422602912,-5.161348887905065,-0.012916743849275436
2020-02-25,20.3193,21.815536,23.35191,-0.5956351643035787,22.0965,-1,-1.2715294321569544,-12.986560842346522,-0.10798091223430584
2020-02-26,18.7441,20.469868,23.25574,-0.7432911766180967,20.3193,0,0.7410083334506099,-19.400113692361543,-0.14765601231451808
2020-02-27,19.2,20.091331,23.112965,-0.7767602329490355,18.7441,0,7.187496235794699,-16.9297405157668,-0.03346905633093877
2020-02-28,18.9838,20.918242,22.972715,-0.7780260723590757,19.2,0,8.949174483617151,-17.363707337160637,-0.0012658394100402148
2020-02-29,19.23,22.218878,22.715215,-0.7277586353428205,18.9838,0,17.041255135212126,-15.343086120910588,0.050267437016255245
2020-03-01,18.902,19.734022,22.40299,-0.6828116345631463,19.23,0,2.6210199714140887,-15.627333672871336,0.04494700077967417
2020-03-02,19.9289,21.311666,22.11462,-0.5555327576545368,18.902,0,12.748209124153314,-9.88359736680983,0.1272788769086095
2020-03-03,19.6882,21.292334,21.777814999999997,-0.4629511239955811,19.9289,0,6.841489509733477,-9.595154518485893,0.09258163365895572
2020-03-04,19.95,21.08446,21.502419999999997,-0.3638467971031537,19.6882,0,7.091858599615872,-7.219745498413658,0.09910432689242737
2020-03-05,20.7462,21.62912,21.221995,-0.23091594504199678,19.95,0,8.416640967653514,-2.241989973138708,0.13293085206115693
2020-03-06,21.3389,21.110256,21.07606,-0.09621232769528706,20.7462,0,1.7548090496975717,1.2471021623586223,0.13470361734670971
2020-03-07,20.25,20.702515,20.922594999999998,-0.0745554577394612,21.3389,-1,-2.9822781472451667,-3.2146824999480113,0.021656869955825858
2020-03-08,16.894,22.316114,20.59452,-0.26940048654998955,20.25,-1,10.203034200786073,-17.968469282119713,-0.19484502881052834
2020-03-09,16.5888,22.746042,20.219855,-0.3944216658142059,16.894,-1,34.63976708646215,-17.957868639512995,-0.12502117926421635
2020-03-10,16.8671,23.604095,19.944664999999997,-0.4309882184935212,16.5888,0,42.28934859052117,-15.43051738397209,-0.0365665526793153
2020-03-11,16.5705,17.037401,19.66506,-0.4459027113643629,16.8671,0,1.0096649651737386,-15.736336426128378,-0.014914492870841678
2020-03-12,9.2566,16.982155,19.01845,-0.893275660087691,16.5705,0,2.4842632762524195,-51.32831539899414,-0.4473729487233281
2020-03-13,10.9204,17.139202,18.466025,-1.0132813652297263,9.2566,0,85.15655983752049,-40.86220504954368,-0.12000570514203535
2020-03-14,10.1487,16.92767,17.8312,-1.0749271739196768,10.9204,0,55.00961068410024,-43.084593297142085,-0.06164580868995051
2020-03-15,10.3898,16.61506,17.245865,-1.0296780485968406,10.1487,0,63.71614892818208,-39.754833984842165,0.0452491253228362
2020-03-16,9.4285,11.851276,16.701325,-0.9941887978730004,10.3898,0,14.06645361513291,-43.54639527103389,0.03548925072384024
2020-03-17,10.2576,12.507486,16.276999999999997,-0.8501521499605582,9.4285,0,32.656163158336845,-36.98101615776862,0.1440366479124422
2020-03-18,10.3866,12.418949,15.836329999999998,-0.6883718132165733,10.2576,0,21.07070978783795,-34.41283428673184,0.16178033674398495
2020-03-19,12.2597,13.459583,15.500125,-0.4110775425767912,10.3866,0,29.58603664789925,-20.905799146781074,0.27729427063978207
2020-03-20,11.9147,13.157987,15.134359999999997,-0.2165346311638925,12.2597,0,7.327150264118823,-21.27384309610712,0.1945429114128987
2020-03-21,12.1,12.556673,14.79426,-0.04972089608996866,11.9147,0,5.388075653828951,-18.21152257699946,0.16681373507392383
2020-03-22,11.167,12.150452,14.356165,0.019714107351297194,12.1,0,0.4169558690599203,-22.21460257666306,0.06943500344126585
2020-03-23,12.1887,11.906874,13.981190000000002,0.14917356575442753,11.167,0,6.625536876537385,-12.820725560556722,0.12945945840313033
2020-03-24,12.426,12.006263,13.60499,0.2590701386999781,12.1887,0,-1.496773411144428,-8.665864510006994,0.10989657294555055
2020-03-25,12.3251,11.829201,13.183935,0.3287705069337754,12.426,0,-4.802826777491501,-6.514253900675322,0.06970036823379733
2020-03-26,13.199,11.962434,12.77694,0.43108298850764326,12.3251,0,-2.9425009533193194,3.303294842113997,0.10231248157386785
2020-03-27,12.3354,12.217337,12.38121,0.4366070053608593,13.199,0,-7.437406965201257,-0.36999614738785197,0.005524016853216018
2020-03-28,12.1888,12.503504,12.145950000000001,0.42593845881540826,12.3354,1,1.3627754222682413,0.3527924946175442,-0.010668546545451019
2020-03-29,11.3008,13.302732,11.88155,0.35739477421205756,12.1888,1,9.138983883986665,-4.887830291502373,-0.0685436846033507
2020-03-30,12.1365,13.415239,11.645019999999999,0.36535717965028636,11.3008,1,18.710527875074725,4.220516581336924,0.007962405438228792
2020-03-31,12.5451,11.676886,11.44375,0.39276547057388145,12.1365,0,-3.7870423527508046,9.62403058438012,0.02740829092359509
2020-04-01,12.72,11.612957,11.616919999999999,0.4151158979001215,12.5451,0,-7.4303353442186815,9.495460070311253,0.02235042732624004
2020-04-02,13.0166,13.150822,11.721729999999999,0.43994498456384923,12.72,1,3.3869629386086086,11.046748218906266,0.02482908666372774
2020-04-03,13.3615,13.400372,11.88237,0.46710573468051964,13.0166,1,2.9483240747481787,12.448105891333123,0.027160750116670407
2020-04-04,13.7606,12.846019,12.050909999999998,0.4966984037993474,13.3615,1,-3.8579591273529847,14.187227354614732,0.02959266911882774
2020-04-05,13.6888,13.071117,12.263925,0.49508024199409806,13.7606,0,-5.01055621758465,11.618425585609828,-0.0016181618052493185
2020-04-06,15.1989,13.074154,12.510990000000001,0.5738093371128477,13.6888,0,-4.49013865242765,21.484390923500047,0.07872909511874959
2020-04-07,14.7266,13.727219,12.72799,0.5709514627256276,15.1989,0,-9.682815019970608,15.70247933884297,-0.002857874387220072
2020-04-08,15.0888,13.215109,12.869445000000002,0.5690607975327979,14.7266,0,-10.263680201404524,17.24514926634364,-0.0018906651928296547
2020-04-09,15.0096,13.768166,13.024189999999999,0.5384093506427821,15.0888,0,-8.752415113336346,15.244019013850396,-0.030651446890015865
2020-04-10,13.72,13.377004,13.105190000000002,0.4128659583649622,15.0096,0,-10.877014245957461,4.691347473787091,-0.12554339227781985
2020-04-11,13.807,12.730129,13.237190000000002,0.32133771613245277,13.72,0,-7.214801443561525,4.304614498998643,-0.09152824223250944
2020-04-12,14.2808,12.363744,13.341795,0.27987985137612426,13.807,0,-10.453076106008135,7.038070964214335,-0.04145786475632851
2020-04-13,15.0277,12.962055,13.471880000000002,0.28876912016730627,14.2808,0,-9.234390186132229,11.548647998646047,0.008889268791182015
2020-04-14,15.6148,13.035336,13.636365000000001,0.31789278080623873,15.0277,0,-13.257946719913994,14.508521882481137,0.029123660638932458
2020-04-15,14.5755,14.834194,13.705190000000002,0.25365466545116594,15.6148,0,-4.9991406655890005,6.350222069157728,-0.06423811535507279
2020-04-16,15.7394,14.156832,13.87539,0.27429161240803146,14.5755,0,-2.872410954457769,13.43392870398598,0.02063694695686552
2020-04-17,15.64,13.30677,14.04795,0.2657987604893817,15.7394,0,-15.455669690667806,11.332970291038908,-0.008492851918649735
2020-04-18,16.6137,14.359728,14.313594999999998,0.30737005020691,15.64,0,-8.185883251297508,16.069373207779066,0.04157128971752827
2020-04-19,16.0683,13.866448,14.510185000000002,0.28049536667370106,16.6137,0,-16.536061188026846,10.738078115475433,-0.026874683533208932
2020-04-20,14.9892,15.571747,14.632389999999997,0.17743009558638767,16.0683,0,-3.090265764443816,2.438494326627455,-0.10306527108731339
2020-04-21,15.1283,15.931844,14.752805,0.10935117107922976,14.9892,1,6.288819667690032,2.54524478565262,-0.06807892450715791
2020-04-22,15.7104,16.008125,14.887494999999998,0.09479181216096932,15.1283,1,5.815757918442798,5.527491361038256,-0.014559358918260434
2020-04-23,16.034,17.192787,15.02112,0.09782778994904423,15.7104,1,9.435706095390037,6.743039134232329,0.003035977788074906
2020-04-24,15.9319,17.332968,15.129685,0.08434288412496804,16.034,1,8.101333155661171,5.302258440939123,-0.013484905824076188
2020-04-25,16.2283,16.138895,15.256660000000002,0.08644901409915046,15.9319,1,1.2992488955494226,6.368628520265895,0.0021061299741824135
2020-04-26,16.3588,16.81415,15.314654999999998,0.08743251123234624,16.2283,1,3.6100506927243274,6.817946600821243,0.0009834971331957876
2020-04-27,16.4229,16.142174,15.399470000000003,0.08322403804857947,16.3588,0,-1.3242183589881589,6.6458780724271405,-0.00420847318376677
2020-04-28,16.34,15.323868,15.462029999999999,0.06641107257538337,16.4229,0,-6.692071449917105,5.67823241838233,-0.016812965473196106
2020-04-29,17.3667,15.899142,15.579885,0.11323993446108238,16.34,0,-2.698027752020659,11.46873035327283,0.046828861885699014
2020-04-30,16.9542,17.16554,15.741594999999998,0.10539893598407946,17.3667,0,-1.1583047142495229,7.703190178631846,-0.007840998477002925
2020-05-01,17.466,16.841148,15.924545,0.12244940743127497,16.9542,0,-0.6668060040294229,9.679742812118027,0.017050471447195514
2020-05-02,17.5333,16.623184,16.08717,0.12556151757576894,17.466,0,-4.8254654522984,8.989337465819034,0.0031121101444939736
2020-05-03,17.1071,17.059816,16.191139999999997,0.0879939937393095,17.5333,0,-2.7004821655157203,5.657168056109712,-0.03756752383645945
2020-05-04,17.0074,17.777346,16.26077,0.047534526221340134,17.1071,1,3.91793850125757,4.591602980670655,-0.04045946751796936
2020-05-05,16.8886,16.97058,16.376425,0.006056138394031851,17.0074,1,-0.21649901020222567,3.127514094193325,-0.04147838782730828
2020-05-06,16.3743,15.73238,16.408170000000002,-0.059140212518029145,16.8886,1,-6.846157092180063,-0.20642155706578055,-0.065196350912061
2020-05-07,17.0003,15.60758,16.476185,-0.06287874819319239,16.3743,0,-4.682458578769646,3.181045854971878,-0.003738535675163246
2020-05-08,17.1371,16.015215,16.502355,-0.05897702344928191,17.0003,0,-5.794515861226296,3.8463904091264474,0.003901724743910484
2020-05-09,16.7751,15.403507,16.537695,-0.08218889649549066,17.1371,0,-10.116021773427153,1.435538628569453,-0.023211873046208753
2020-05-10,15.3506,16.619425,16.555765,-0.18879718530403622,16.7751,-1,-0.9280134249793401,-7.2794280421351765,-0.10660828880854556
2020-05-11,15.0811,17.108986,16.553405,-0.26794844050971284,15.3506,-1,11.4548349958888,-8.894272809733115,-0.07915125520567662
2020-05-12,15.7892,17.783552,16.557345,-0.26274206255064886,15.0811,-1,17.919463234112936,-4.63930056419071,0.005206377959063979
2020-05-13,16.2164,17.526672,16.566465,-0.22226242079718367,15.7892,0,11.004182373275725,-2.113094133238447,0.04047964175346519
2020-05-14,16.3777,18.22882,16.588755,-0.17825872615726812,16.2164,0,12.409787627224599,-1.2722775157026447,0.04400369463991555
2020-05-15,15.7222,15.802779,16.56345,-0.1860729499373811,16.3777,-1,-3.510387919592676,-5.0789539618859525,-0.007814223780112983
2020-05-16,16.058,16.575823,16.54841,-0.1622694585462779,15.7222,-1,5.42941083436284,-2.9634871265577822,0.023803491391103215
2020-05-17,16.2959,16.346973,16.54206,-0.12577431854289878,16.058,-1,1.7995604632547846,-1.4880855226011738,0.03649514000337911
2020-05-18,16.6299,16.71364,16.556555,-0.07681789200541136,16.2959,0,2.5634681914634707,0.4429967466057992,0.04895642653748741
2020-05-19,17.2098,17.583569,16.548710000000003,-0.006749502212027941,16.6299,0,5.734662102586592,3.994812888738747,0.07006838979338342
2020-05-20,16.8998,16.461454,16.54599,0.016102400817444823,17.2098,0,-4.348369002083168,2.1383428854967232,0.022851903029472764
2020-05-21,16.0888,16.923176,16.47713,-0.023847360040417903,16.8998,0,0.1383200497495774,-2.3567817939167797,-0.039949760857862726
2020-05-22,16.5864,16.558046,16.429785000000003,-0.017499606845283483,16.0888,0,2.916602487086568,0.9532382803548469,0.00634775319513442
2020-05-23,16.48,16.64626,16.39843,-0.02097221228734386,16.5864,0,0.36089391224935474,0.4974256681889623,-0.003472605442060378
2020-05-24,15.9624,16.797667,16.346179999999997,-0.0566120120035295,16.48,0,1.9275882869090821,-2.3478268317123407,-0.03563979971618564
2020-05-25,16.3807,15.937575,16.320785,-0.050689306921787664,15.9624,0,-0.15551959435300763,0.3671085673881505,0.005922705081741836
2020-05-26,16.2159,13.724855,16.312865,-0.05612305560763242,16.3807,-1,-16.213254482570147,-0.5944081557715172,-0.005433748685844758
2020-05-27,16.47,13.436961,16.286350000000002,-0.04152882824949754,16.2159,-1,-17.13712360084097,1.1276314214050203,0.014594227358134884
2020-05-28,17.0772,12.847472,16.283355,0.007482162666718306,16.47,-1,-21.994704366381697,4.875193103632519,0.049010990916215844
2020-05-29,17.0031,13.379429,16.294755000000002,0.03199964936579783,17.0772,0,-21.653263629134813,4.347073644249316,0.02451748669907952
2020-05-30,17.7277,17.32004,16.41361,0.09077806939101576,17.0031,1,1.8640115575719012,8.006099815945428,0.05877842002521794
2020-05-31,17.0916,17.78499,16.514135,0.0809057200366694,17.7277,1,0.3231683222806491,3.4967922933898756,-0.00987234935434636
2020-06-01,17.9477,18.400211,16.622059999999998,0.12356624073527878,17.0916,1,7.656458928529313,7.9751847845574115,0.04266052069860937
2020-06-02,17.2669,17.855873,16.674585,0.0985540116851891,17.9477,0,-0.5116359872844144,3.552202348664145,-0.02501222905008968
2020-06-03,17.5779,17.869623,16.734595000000002,0.09550673095549858,17.2669,1,3.490627641349066,5.039291360203204,-0.0030472807296905158
2020-06-04,17.517,18.442621,16.824334999999998,0.08243492945985575,17.5779,1,4.919365971356657,4.117042367499231,-0.013071801495642826
2020-06-05,17.6914,18.37024,16.906005,0.07859360840706547,17.517,1,4.870921149811615,4.645656972182376,-0.003841321052790281
2020-06-06,17.5511,18.115368,16.968765,0.060476592533971085,17.6914,1,2.396463193440289,3.4318054378147167,-0.01811701587309439
2020-06-07,17.4135,17.907417,17.007945,0.034396040927459626,17.5511,1,2.030170743504849,2.384503242455215,-0.02608055160651146
2020-06-08,17.4489,18.131035,17.0199,0.015653345319428413,17.4135,1,4.120566520654777,2.5205788518146317,-0.018742695608031212
2020-06-09,17.3733,18.366938,17.043575,-0.004627039056129045,17.4489,0,5.261292329769231,1.9345999885587373,-0.02028038437555746
2020-06-10,17.406,18.585249,17.109435,-0.017886086751062846,17.3733,0,6.975928275822983,1.733341866636727,-0.013259047694933801
2020-06-11,16.2298,19.283142,17.091604999999998,-0.10315764323025345,17.406,0,10.784454152842418,-5.04227075222015,-0.0852715564791906
2020-06-12,16.6377,18.911652,17.099489999999996,-0.1277664908169548,16.2298,0,16.524243128862487,-2.700606860204586,-0.024608847586701343
2020-06-13,16.8101,18.157946,17.141875000000002,-0.1278009453991092,16.6377,0,9.137354519762777,-1.9354650526853325,-3.445458215439734e-05
2020-06-14,16.5729,16.672726,17.151485,-0.13827927125866804,16.8101,-1,-0.8172129999807505,-3.3733813719336854,-0.010478325859558851
2020-06-15,16.377,16.26444,17.15954,-0.15180348620143058,16.5729,-1,-1.8612280500152487,-4.560378658169164,-0.013524214942762541
2020-06-16,16.4329,17.654352,17.157684999999997,-0.15011256511683674,16.377,-1,7.799671417905311,-4.224258692241974,0.0016909210845938438
2020-06-17,16.3983,18.077314,17.12374,-0.14440709408877822,16.4329,0,10.006842230105791,-4.236457689733682,0.0057054710280585175
2020-06-18,16.1608,18.572641,17.081625,-0.1491039421606739,16.3983,0,13.25955356762997,-5.3907341953707615,-0.004696848071895687
2020-06-19,15.9512,16.421522,16.9928,-0.15795419491558302,16.1608,0,1.6132997159975464,-6.129654912668889,-0.00885025275490911
2020-06-20,16.059,16.463596,16.94117,-0.14832804033043528,15.9512,0,3.212274587455117,-5.207255461104508,0.009626154585147734
2020-06-21,15.9775,16.416899,16.842660000000002,-0.13936846465494884,16.059,0,2.228648903524448,-5.136718309340703,0.008959575675486442
2020-06-22,16.5051,16.439234,16.80457,-0.09210737553452933,15.9775,0,2.8899000463603657,-1.782074757045253,0.047261089120419514
2020-06-23,16.3898,16.423613,16.745165,-0.06413558892551886,16.5051,-1,-0.4937104615876704,-2.1221946752988043,0.027971786609010466
2020-06-24,15.9968,16.471285,16.669155,-0.06729627797170573,16.3898,-1,0.4971681553954702,-4.0335277943003085,-0.003160689046186868
2020-06-25,15.906,16.411234,16.579885,-0.07036543124386496,15.9968,-1,2.59073003336629,-4.0644733060573115,-0.0030691532721592307
2020-06-26,15.7694,16.671482,16.4908,-0.0759787935317296,15.906,0,4.812536691698981,-4.374560360928523,-0.005613362287864632
2020-06-27,15.1242,17.393665,16.376335,-0.11517704779261728,15.7694,0,10.300108524869076,-7.646002600704009,-0.03919825426088769
2020-06-28,15.3782,17.049217,16.2728,-0.11572346933963631,15.1242,0,12.728059825452545,-5.497517329531491,-0.0005464215470190326
2020-06-29,15.4656,14.916157,16.177415,-0.10238329222856901,15.3782,-1,-3.00453389344118,-4.400054025936774,0.013340177111067303
2020-06-30,15.3838,14.893685,16.076304999999998,-0.09160317471944451,15.4656,-1,-3.6979791221721277,-4.307612974498786,0.010780117509124498
2020-07-01,15.8144,14.854263,16.055535,-0.05008381144057322,15.3838,-1,-3.442170948243856,-1.5018808155567527,0.04151936327887129
2020-07-02,15.3634,14.762924,15.99182,-0.04762169934641697,15.8144,-1,-6.648850450627666,-3.929634025395484,0.0024621120941562546
2020-07-03,15.2863,14.758007,15.915629999999998,-0.04579901962745386,15.3634,-1,-3.9404881109614633,-3.954163297337258,0.001822679718963105
2020-07-04,15.5548,14.68294,15.864724999999998,-0.022312901770797422,15.2863,-1,-3.9470667890925557,-1.9535478869000127,0.02348611785665644
2020-07-05,15.4885,14.240156,15.820299999999998,-0.0077950399165711,15.5548,-1,-8.451692251227566,-2.0973053608338508,0.014517861854226322
2020-07-06,16.311,14.892172,15.814205000000001,0.05707954858517905,15.4885,0,-3.850134875932396,3.141447831237794,0.06487458850175015
2020-07-07,16.8048,14.304708,15.83453,0.1290089627141513,16.311,0,-12.30024200134483,6.127557938252662,0.07192941412897225
2020-07-08,17.2819,14.821742,15.890585000000002,0.20022975361761047,16.8048,0,-11.80054473840633,8.755593327747208,0.07122079090345917
2020-07-09,16.8274,16.794313,15.934395,0.2073639819423485,17.2819,0,-2.8213713145769126,5.604260469255347,0.0071342283247380345
2020-07-10,17.3123,17.039217,15.997060000000001,0.23343369529828645,16.8274,1,1.2587624662113992,8.22176074853754,0.02606971335593794
2020-07-11,17.6205,16.956985,16.07921,0.2581965625712557,17.3123,1,-2.052381984873113,9.58560775062954,0.02476286727296928
2020-07-12,18.2994,16.574986,16.168925,0.30391093939940006,17.6205,1,-5.9335120788264195,13.176355261713422,0.04571437682814433
2020-07-13,18.4046,16.734182,16.269665,0.32305602510783077,18.2994,0,-8.553382308774674,13.122181679831751,0.01914508570843071
2020-07-14,18.079,16.976883,16.373775,0.29631541724515603,18.4046,0,-7.75739252920295,10.414366876300685,-0.026740607862674737
2020-07-15,17.6351,16.51516,16.46023,0.2339913400526672,18.079,0,-8.650038127476115,7.137628089036436,-0.062324077192488836
2020-07-16,17.1647,16.633144,16.529995,0.1504068830759584,17.6351,0,-5.6815987510016495,3.8397168299203983,-0.0835844569767088
2020-07-17,17.0676,16.52961,16.627164999999998,0.08135879347640795,17.1647,0,-3.699979142217566,2.6488881297563407,-0.06904808959955044
2020-07-18,17.1507,16.991955,16.71579,0.0363559421584142,17.0676,0,-0.4432093354261988,2.6017914797924724,-0.04500285131799375
2020-07-19,18.0154,17.367851,16.84328,0.058580327685054334,17.1507,1,1.2661364103168864,6.958977111346481,0.022224385526640134
2020-07-20,17.4645,17.416689,16.947315,0.0313026025278767,18.0154,1,-3.323329378934783,3.0517223524788517,-0.027277725157177635
2020-07-21,17.7285,17.180595,17.043020000000002,0.026361526118367395,17.4645,1,-1.6256096770636563,4.022057123678775,-0.004941076409509304
2020-07-22,18.09,17.588432,17.17935,0.04184178677303635,17.7285,0,-0.79007072221723,5.300840835072342,0.015480260654668954
2020-07-23,18.75,17.641705,17.352535,0.08826445178284426,18.09,0,-2.4781395283240903,8.053376639205743,0.046422665009807906
2020-07-24,19.1853,18.808887,17.53406,0.13710666197933652,18.75,1,0.31406656901041663,9.417328331259283,0.048842210196492264
2020-07-25,19.8242,18.34821,17.750845,0.19758578939483162,19.1853,1,-4.363187538878651,11.680317190533742,0.060479127415495104
2020-07-26,19.5557,17.410315,17.91308,0.20382980915283266,19.8242,1,-12.17645826849748,9.169947323408374,0.00624401975800104
2020-07-27,19.7474,16.676497,18.06021,0.2046573118295869,19.5557,0,-14.7230909364671,9.34202869180368,0.0008275026767542437
2020-07-28,20.1732,16.644007,18.204775,0.21651972716562518,19.7474,0,-15.715452519693846,10.812685133433398,0.011862415336038268
2020-07-29,19.899,19.20631,18.358355,0.18951090763308387,20.1732,0,-4.792941763246309,8.392064539551617,-0.027008819532541306
2020-07-30,19.97,18.51034,18.491239999999998,0.16115212195297635,19.899,0,-6.978542957241691,7.997084024651681,-0.028358785680107523
2020-07-31,20.6615,18.46988,18.64329,0.17266538016599442,19.97,0,-7.511872056131066,10.825396161299855,0.011513258213018074
2020-08-01,21.6168,17.769478,18.80916,0.225007679408173,20.6615,0,-13.997154881115693,14.926982385178302,0.05234229924217859
2020-08-02,20.9898,17.347656,18.93842,0.19870543328519896,21.6168,0,-19.749193913992823,10.831843416715852,-0.02630224612297405
2020-08-03,22.0504,19.569174,19.136990000000004,0.23173491651180078,20.9898,0,-6.768174004201032,15.223972003956707,0.03302948322660182
2020-08-04,22.2818,19.28545,19.369325,0.24677514057125316,22.0504,0,-12.539228396358101,15.036533281361125,0.015040224059452378
2020-08-05,23.2728,19.284544,19.674730000000004,0.2976650590696617,22.2818,0,-13.45158833178259,18.287773199428887,0.050889918498408515
2020-08-06,22.7487,18.382355,19.958785,0.27098855656791176,23.2728,0,-21.013566324945323,13.978380948539707,-0.02667650250174991
2020-08-07,22.3323,17.133856,20.217865,0.20334887509392052,22.7487,0,-24.68204416207454,10.458250660987204,-0.06763968147399124
2020-08-08,22.9234,21.065022,20.463265,0.1774128735776297,22.3323,0,-5.674643834747974,12.022201735646785,-0.02593600151629083
2020-08-09,22.422,20.463392,20.71114,0.10885038123436708,22.9234,0,-10.73142615104902,8.26057860648907,-0.06856249234326262
2020-08-10,22.6369,19.65367,20.95656,0.0626290899514843,22.422,0,-12.346492920792953,8.018205277965473,-0.04622129128288277
2020-08-11,21.2902,19.479969,21.116570000000003,-0.06696658104385556,22.6369,0,-13.945950970944773,0.8222452794179913,-0.12959567099533986
2020-08-12,21.4919,19.87394,21.253665,-0.14305817775313168,21.2902,0,-6.652170885383146,1.1209125579047166,-0.07609159670927612
2020-08-13,21.7667,21.687841,21.382735000000004,-0.1766344802613009,21.4919,0,0.9116988977487906,1.795677681082407,-0.03357630250816923
2020-08-14,23.1047,20.780014,21.54676,-0.1135493688817164,21.7667,0,-4.5330066657511825,7.230507046070973,0.0630851113795845
2020-08-15,23.0881,20.436314,21.72338,-0.07937438712883371,23.1047,0,-11.549106332692528,6.282263625642059,0.034174981752882694
2020-08-16,23.529,20.799994,21.91246,-0.035733732078012004,23.0881,0,-9.910328199311994,7.377263894606085,0.04364065505082171
2020-08-17,23.4961,19.785604,22.078605000000003,-0.018603256348351582,23.529,0,-15.909709392967356,6.4202199369026935,0.01713047572966042
2020-08-18,22.9705,23.683846,22.23218,-0.05038741765288712,23.4961,0,0.7990497147166246,3.320951881461924,-0.03178416130453554
2020-08-19,22.3761,23.699593,22.352485,-0.11543995971353382,22.9705,0,3.1740388338609518,0.10564820868909876,-0.0650525420606467
2020-08-20,23.0888,23.061235,22.473850000000002,-0.11425513717207414,22.3761,0,3.0619072486109924,2.7362912896544063,0.0011848225414596847
2020-08-21,22.0988,21.223274,22.49795,-0.18001805369774038,23.0888,-1,-8.079786602348186,-1.7741616458388378,-0.06576291652566624
2020-08-22,22.2044,20.768394,22.558680000000003,-0.21396618528818045,22.0988,-1,-6.020261415937322,-1.5704819608239613,-0.03394813159044008
2020-08-23,21.8555,21.582724,22.548935,-0.25471126486937834,22.2044,-1,-2.7997891519081297,-3.075245017115003,-0.040745079581197885
2020-08-24,22.5953,21.80608,22.56461,-0.2275217862790072,21.8555,0,-0.22612219120151056,0.1360094413331471,0.02718947859037113
2020-08-25,21.3882,20.713644,22.47038,-0.2829056016467332,22.5953,-1,-8.327643236823768,-4.816028923409384,-0.055383815367725964
2020-08-26,22.1999,21.513624,22.44294,-0.25766154803069796,21.3882,-1,0.5864177036131066,-1.0829240732274852,0.02524405361603521
2020-08-27,23.1127,20.314005,22.48196,-0.1761656145618995,22.1999,-1,-8.495061247702514,2.8055383071582702,0.08149593346879846
2020-08-28,23.0811,23.314682,22.489845,-0.12355212871866306,23.1127,0,0.8739005258404999,2.6289865492625686,0.05261348584323644
2020-08-29,22.9398,23.914547,22.515735,-0.09851888479611448,23.0811,0,3.610949939789417,1.8834161976058181,0.025033243922548576
2020-08-30,23.6208,23.416357,22.56493,-0.0393828767792318,22.9398,0,2.0774245651891983,4.679252273328562,0.05913600801688268
2020-08-31,23.1477,23.467106,22.657805,-0.03553412843567094,23.6208,0,-0.6506728583345336,2.162146774588274,0.0038487483435608594
2020-09-01,24.7028,22.881575,22.818350000000002,0.06297585411044526,23.1477,0,-1.1496838530942415,8.25848494742169,0.0985099825461162
2020-09-02,24.7652,24.151873,22.968275,0.12024944680592353,24.7028,0,-2.230222343670776,7.823508731064923,0.05727359269547827
2020-09-03,20.3592,23.918564,22.831,-0.13676242896065793,24.7652,-1,-3.4186526142593743,-10.826507818317193,-0.25701187576658147
2020-09-04,20.9712,22.534271,22.725155,-0.2567406141414237,20.3592,-1,10.68348088448649,-7.718121174531048,-0.11997818518076575
2020-09-05,19.4698,22.46716,22.522195,-0.41882636904436127,20.9712,-1,7.133398523881489,-13.552830885266737,-0.16208575490293758
2020-09-06,23.142,21.410572,22.50449,-0.26768587424196316,19.4698,0,9.968114988350953,2.832812474310677,0.1511404948023981
2020-09-07,22.4426,22.955812,22.478095,-0.2065194577010947,23.142,-1,-0.8045438846096563,-0.15790928902116014,0.06116641654086846
2020-09-08,23.2837,22.740484,22.523474999999998,-0.10617168422498352,22.4426,-1,1.327316075993422,3.375256260412756,0.10034777347611118
2020-09-09,24.4716,22.9071,22.592615,0.03584776116331234,23.2837,-1,-1.617437617345032,8.316810603818993,0.14201944538829586
2020-09-10,24.5489,21.975853,22.71512,0.12558370745360747,24.4716,0,-10.198544572857537,8.072948767164782,0.08973594629029513
2020-09-11,25.399,21.658396,22.87485,0.22687732274885092,24.5489,0,-11.774475568306872,11.034607877210135,0.10129361529524344
2020-09-12,28.505,25.851933,23.207324999999997,0.47355425086876374,25.399,1,1.7832691272678638,22.82759861379975,0.24667692811991282
2020-09-13,31.1656,25.784302,23.63584,0.768919697345724,28.505,1,-9.544635124320292,31.857382686631823,0.2953654464769602
2020-09-14,31.2523,24.733454,24.129044999999998,0.9133058106759543,31.1656,1,-20.63860875256581,29.52149577407645,0.14438611333023033
2020-09-15,27.1181,23.42483,24.374955,0.6840424584047697,31.2523,0,-25.046062264114237,11.253948981649394,-0.22926335227118455
2020-09-16,27.8695,22.601135,24.612795,0.5428297308707766,27.1181,0,-16.656641675094306,13.231756084589339,-0.14121272753399317
2020-09-17,27.095,26.911613,24.81349,0.36559144163909263,27.8695,0,-3.4370424142683937,9.194635659876935,-0.17723828923168394
2020-09-18,27.629,25.93752,25.04795,0.25773630851869234,27.095,0,-4.271935510292197,10.30443609157636,-0.10785513312040029
2020-09-19,27.2035,25.669132,25.227085,0.13720265615920746,27.629,0,-7.093516838589835,7.834496137782068,-0.12053365235948488
2020-09-20,26.316,25.052612,25.3855,-0.014755546496882932,27.2035,0,-7.906657949574497,3.66547832424021,-0.1519582026560904
2020-09-21,23.1232,24.683409,25.30652,-0.3255293779255799,26.316,-1,-6.2037971683287045,-8.627499948629833,-0.31077383142869697
2020-09-22,24.0468,22.224144,25.270599999999998,-0.45611351228688735,23.1232,-1,-3.88811245012112,-4.8427817305485314,-0.13058413436130745
2020-09-23,22.8331,22.211115,25.394295,-0.6022707171983259,24.0468,-1,-7.633802071698311,-10.085710195931794,-0.14615720491143858
2020-09-24,24.5745,23.173182,25.57446,-0.5605667436963725,22.8331,0,1.4894233976703768,-3.909994580530725,0.04170397350195343
2020-09-25,24.6924,24.709402,25.835590000000003,-0.5056315464523485,24.5745,0,0.5489514917926529,-4.424865079527907,0.05493519724402396
2020-09-26,26.1998,26.566753,25.98848,-0.3554559878660791,24.6924,0,7.59081088695782,0.8131295096904498,0.1501755585862694
2020-09-27,26.251,25.983463,26.1789,-0.24557919279092133,26.1998,0,-0.8257189468869386,0.27541264147845207,0.1098767950751578
2020-09-28,26.9855,26.209923,26.36399,-0.12255447078583837,26.251,0,-0.15647864642359327,2.3574201021924113,0.12302472200508296
2020-09-29,28.8946,25.316256,26.585140000000003,0.07750151223440405,26.9855,0,-6.185708734475887,8.687033432962917,0.2000559830202424
2020-09-30,29.2656,24.917309,26.820974999999997,0.2170173417673893,28.8946,0,-13.7648252359505,9.114601538534682,0.13951582953298525
2020-10-01,27.4673,23.633427,26.92439,0.17233984108949973,29.2656,0,-19.245029432986964,2.01642451323875,-0.04467750067788956
2020-10-02,27.3369,27.812778,26.865985000000002,0.12060428198770723,27.4673,1,1.257780971920753,1.7528298329653573,-0.051735559101792505
2020-10-03,28.1867,28.448557,26.717039999999997,0.12943612461988685,27.3369,1,4.066506809566608,5.500833924716216,0.00883184263217962
2020-10-04,28.9668,26.06043,26.602764999999998,0.171024359210316,28.1867,1,-7.543520430793955,8.886425903472821,0.04158823459042915
2020-10-05,28.6158,24.384792,26.67765,0.1583895830514067,28.9668,0,-15.81813549345851,7.265070199211701,-0.012634776158909289
2020-10-06,27.6812,24.403461,26.668235,0.07482621957064228,28.6158,0,-14.7203242394103,3.7983953568730784,-0.08356336348076443
2020-10-07,27.6898,27.958817,26.697974999999996,0.011208997689823197,27.6812,1,1.002906406948803,3.7149821287944342,-0.06361722188081909
2020-10-08,27.7424,27.770582,26.703645,-0.03378901952876345,27.6898,1,0.2917399154081212,3.8899371228159985,-0.04499801721858665
2020-10-09,28.4076,27.770876,26.76385,-0.025586296695680133,27.7424,1,0.10264407832823715,6.141679915258818,0.00820272283308332
2020-10-10,28.4414,27.436459,26.870120000000004,-0.024704537541812566,28.4076,0,-3.4185971794643484,5.847685086631536,0.0008817591538675673
2020-10-11,28.5271,26.189014,27.140315000000005,-0.025089196472916964,28.4414,0,-7.919390624883263,5.109686457213175,-0.00038465893110439797
2020-10-12,30.6503,29.44448,27.470489999999995,0.10383821611397814,28.5271,1,3.2158224845711376,11.575366875508983,0.1289274125868951
2020-10-13,30.7256,28.24811,27.865115000000003,0.1761284798959396,30.6503,1,-7.837411648483436,10.265469925388777,0.07229026378196146
2020-10-14,30.838,28.048859,28.178289999999997,0.21109630386425748,30.7256,1,-8.711762691117098,9.438862329829115,0.03496782396831788
2020-10-15,31.3256,27.98382,28.509950000000003,0.24430133078667327,30.838,0,-9.255399307517184,9.876025738382555,0.03320502692241578
2020-10-16,30.0516,27.081842,28.70254,0.16168279956066023,31.3256,0,-13.547250739058947,4.700141520576233,-0.08261853122601304
2020-10-17,30.2414,30.485989,28.90206,0.10384709438095707,30.0516,1,1.44547583803644,4.634064146292687,-0.057835705179703156
2020-10-18,30.6593,29.63855,29.085749999999997,0.07889674826105075,30.2414,1,-1.9934599433640596,5.410037561348786,-0.02495034611990632
2020-10-19,29.9107,29.771233,29.136554999999998,0.0012431199848910168,30.6593,1,-2.8965677462288215,2.656954468364571,-0.07765362827615974
2020-10-20,28.8227,29.359463,29.114410000000003,-0.12703572142540986,29.9107,-1,-1.842943367968283,-1.001943711035195,-0.12827884141030088
2020-10-21,29.7329,28.989971,29.227690000000003,-0.15251088087109577,28.8227,-1,0.5803452170985742,1.728532087209075,-0.025475159445685902
2020-10-22,30.6396,29.294592,29.392825,-0.11209099282188029,29.7329,-1,-1.4741518530431854,4.241766485528366,0.04041988804921548
2020-10-23,30.6377,28.535347,29.515375,-0.09021749422271363,30.6396,0,-6.86775615587906,3.8025097089228925,0.021873498599166652
2020-10-24,30.6639,27.846718,29.60023,-0.07911625789664944,30.6377,0,-9.109633443526578,3.5934518076379875,0.01110123632606419
2020-10-25,30.128,28.648582,29.67584,-0.111040398898688,30.6639,0,-6.572280569346717,1.5236636941026747,-0.03192414100203855
2020-10-26,31.0467,29.98244,29.844115,-0.07517623932701323,30.128,0,-0.48313546041447153,4.029554905548389,0.03586415957167477
2020-10-27,31.4826,31.222141,30.033755000000003,-0.029343570975964295,31.0467,0,0.5650882891551737,4.824055466923795,0.04583266835104893
2020-10-28,30.3338,31.77018,30.163325000000004,-0.08073043057196982,31.4826,0,0.9134561584340389,0.5651731034294003,-0.05138685959600553
2020-10-29,29.8702,24.973103,30.236455,-0.1464469585079412,30.3338,-1,-17.672357009078723,-1.2113027138928785,-0.06571652793597138
2020-10-30,28.4909,22.829992,30.23893,-0.2758041284780012,29.8702,-1,-23.56933567799505,-5.78072702969318,-0.12935716997005997
2020-10-31,28.5058,22.601048,30.237865,-0.348665703055659,28.4909,-1,-20.672749839881714,-5.728132591371774,-0.07286157457765785
2020-11-01,28.5318,29.844545,30.131940000000004,-0.38079435307205967,28.5058,0,4.696396397855461,-5.310444664366128,-0.03212865001640064
2020-11-02,27.7983,29.548656,29.985575,-0.43330976648949593,28.5318,0,3.5639408085821658,-7.294424068906465,-0.05251541341743626
2020-11-03,26.8638,29.161673,29.786865,-0.5076900133204836,27.7983,0,4.904517873981808,-9.813268365099844,-0.07438024683098765
2020-11-04,26.96,30.37207,29.568585000000002,-0.5249415843640995,26.8638,0,13.05947152859982,-8.82215026522237,-0.017251571043615965
2020-11-05,27.6875,30.423489,29.450380000000003,-0.4639971131059718,26.96,0,12.846767867000588,-5.985932948912722,0.06094447125812774
2020-11-06,29.0435,27.157219,29.390485,-0.31606874234435917,27.6875,-1,-1.9152363589870203,-1.1806031782054636,0.14792837076161264
2020-11-07,27.7651,27.243849,29.245775,-0.2887760671308224,29.0435,-1,-6.196399192042357,-5.062868055300289,0.027292675213536788
2020-11-08,28.4101,28.627424,29.170745000000004,-0.21512116226144562,27.7651,-1,3.1057847445617135,-2.6075611027418177,0.07365490486937676
2020-11-09,28.0941,28.720749,29.134314999999997,-0.17710689213708875,28.4101,0,1.0934452936356702,-3.5704117292615134,0.038014270124356875
2020-11-10,28.2188,28.875303,29.058609999999998,-0.13489614537593217,28.0941,0,2.780666646849752,-2.8900556495991943,0.042210746761156576
2020-11-11,28.016,28.135927,28.927430000000005,-0.11286071475155315,28.2188,-1,-0.29367938991955306,-3.1507465405672272,0.022035430624379015
2020-11-12,27.6874,28.405964,28.779915000000006,-0.11239694481600515,28.016,-1,1.3919328159090516,-3.7961022470010963,0.00046376993554800294
2020-11-13,28.1974,26.828978,28.65659,-0.07170451722376733,27.6874,-1,-3.1004081826431267,-1.6023888397049442,0.04069242759223782
2020-11-14,27.9311,26.93116,28.546744999999998,-0.057308933988925725,28.1974,-1,-4.490626890619231,-2.1566206585023866,0.014395583234841608
2020-11-15,27.6786,26.122585,28.37834,-0.05913904118986402,27.9311,-1,-6.474913996831995,-2.4657538108289705,-0.0018301072009382913
2020-11-16,27.9451,28.174889,28.201464999999995,-0.03778700220966724,27.6786,0,1.7930408721533762,-0.9090485192878998,0.021352038980196775
2020-11-17,28.5552,28.904505,28.112534999999998,0.018989721227457068,27.9451,1,3.433177107975912,1.5746178706402738,0.05677672343712431
2020-11-18,28.0931,29.098688,28.023680000000002,0.026525040369134945,28.5552,1,1.9032895080768208,0.24771907187063716,0.007535319141677876
2020-11-19,28.1387,29.469313,28.00607,0.03514155936978647,28.0931,1,4.898756875697876,0.47357590693731366,0.008616519000651524
2020-11-20,28.9715,29.82628,28.029355,0.09414123156664339,28.1387,1,5.997365172776533,3.361279629873752,0.05899967219685692
2020-11-21,30.5161,28.388012,28.128570000000003,0.22683807398996242,28.9715,0,-2.0140071022451447,8.487918155810972,0.13269684242331903
2020-11-22,30.0226,28.363182,28.239785,0.2681868967267853,30.5161,0,-7.055023191459288,6.313132341482058,0.04134882273682289
2020-11-23,30.995,27.864403,28.446345,0.34305203801983164,30.0226,0,-7.188575369901031,8.959516591674607,0.07486514129304633
2020-11-24,33.9407,28.134945,28.79538,0.5601495150740169,30.995,0,-9.22747244467984,17.868560859415634,0.21709747705418525
2020-11-25,31.2953,28.2109,28.97577,0.49692722197889666,33.9407,0,-16.881798687041385,8.005067682411891,-0.06322229309512023
2020-11-26,28.2356,31.326391,28.935375,0.23374788894793685,31.2953,0,0.09934788959611324,-2.418406535253125,-0.2631793330309598
2020-11-27,28.4606,31.341679,28.97015,0.06812477423813879,28.2356,0,11.00057593741505,-1.7588793982771953,-0.16562311470979807
2020-11-28,29.1766,31.834606,29.008474999999997,0.0035094473400869575,28.4606,1,11.85500717010287,0.5795720043883845,-0.06461532689805183
2020-11-29,30.1045,31.927258,29.108995000000004,0.019106051426758308,29.1766,1,9.427615067697388,3.4199222611429825,0.01559660408667135
2020-11-30,31.4935,31.861238,29.272730000000003,0.11354311836329428,30.1045,1,5.8354680516675455,7.586480659644653,0.09443706693653597
2020-12-01,30.1996,30.95888,29.381909999999998,0.08097011493130568,31.4935,0,-1.6975583189382113,2.7829708824239217,-0.0325730034319886
2020-12-02,30.2875,30.788246,29.511915,0.05849589124327226,30.1996,1,1.9491852699544232,2.6280402339190903,-0.022474223688033423
2020-12-03,30.7065,32.66758,29.637370000000004,0.06452622751687931,30.2875,1,7.858290221638975,3.6073713693218865,0.006030336273607051
2020-12-04,29.0231,31.260893,29.691970000000005,-0.0462107751778601,30.7065,1,1.805457698018315,-2.2526966045028516,-0.1107370026947394
2020-12-05,29.728,30.912634,29.794439999999998,-0.07180921691336417,29.0231,0,6.510448214952999,-0.22299462584293078,-0.025598441735504074
2020-12-06,29.5026,29.878086,29.872315000000004,-0.10190845035115964,29.728,0,0.5048644042246,-1.2376509821887016,-0.03009923343779547
2020-12-07,29.37,30.13302,29.913055000000004,-0.12709629210510714,29.5026,0,2.136829977700187,-1.8154447949231614,-0.025187841753947504
2020-12-08,27.6705,30.68343,29.891924999999997,-0.2475915996926596,29.37,0,4.472011297301931,-7.431522058214707,-0.12049530758755245
2020-12-09,28.1452,31.229053,29.89225,-0.2821905413087803,27.6705,0,12.860459685637963,-5.8444914651791064,-0.034598941616120704
2020-12-10,27.6926,31.004532,29.828305,-0.31967252146479364,28.1452,0,10.159216706051346,-7.1599945085716445,-0.03748198015601334
2020-12-11,27.3419,27.107065,29.669594999999997,-0.34976504870551955,27.6926,-1,-2.114408900552258,-7.845388519796104,-0.03009252724072592
2020-12-12,28.1603,26.840122,29.576479999999997,-0.2982420939475065,27.3419,-1,-1.8351971775904685,-4.788196567001879,0.05152295475801305
2020-12-13,29.1571,27.253302,29.484585,-0.18620022936803385,28.1603,-1,-3.220840614327976,-1.1106990313752063,0.11204186457947266
2020-12-14,30.0338,27.705517,29.289239999999996,-0.04933981767757738,29.1571,0,-4.978489578231213,2.5420939566885434,0.13686041169045648
2020-12-15,29.5053,26.786798,29.19974,0.006337803823285235,30.0338,0,-10.811157838259387,1.0464476738491502,0.05567762150086261
2020-12-16,30.5577,29.76672,29.315845000000003,0.10908781187575846,29.5053,1,0.8860096935643293,4.2361221380451335,0.10275000805247322
2020-12-17,30.2255,28.88021,29.404089999999997,0.14734498415526087,30.5577,1,-5.489579135652083,2.7935229418764664,0.03825717227950241
2020-12-18,30.9882,28.227251,29.494669999999996,0.21271192330849836,30.2255,1,-6.61113611732992,5.063728463481719,0.06536693915323749
2020-12-19,33.3167,28.302752,29.655279999999998,0.39108498067584896,30.9882,0,-8.66603564860916,12.346604044878347,0.1783730573673506
2020-12-20,34.3148,28.888079,29.796345000000002,0.5451430915104507,33.3167,0,-13.29249688722113,15.16446060750067,0.15405811083460175
2020-12-21,32.05,32.017323,29.888865,0.46641193753089893,34.3148,0,-6.695296081331656,7.2305689761053085,-0.07873115397955177
2020-12-22,33.5151,32.433342,30.050244999999997,0.4828706565544329,32.05,1,1.1960748205318927,11.530205494164857,0.016458719023533963
2020-12-23,31.1843,31.837357,30.074134999999995,0.3147837206076024,33.5151,1,-5.005932945499744,3.6914278665039104,-0.1680869359468305
2020-12-24,32.4895,30.764284,30.247454999999995,0.2711621081691945,31.1843,1,-1.3468824571623141,7.412342625189475,-0.0436216124384079
2020-12-25,33.1996,31.37213,30.421035,0.26924374118430705,32.4895,0,-3.439174378468066,9.133696470221993,-0.001918366984887454
2020-12-26,33.6361,32.73788,30.627709999999997,0.27549055072177764,33.1996,0,-1.3907375185631372,9.822445099552015,0.006246809537470588
2020-12-27,33.674,32.7918,30.84291,0.2604620471505601,33.6361,0,-2.5100964361601976,9.179062546303186,-0.015028503571217544
2020-12-28,35.951,32.82651,31.256935,0.375186893847381,33.674,0,-2.5167447197937842,15.017675277502423,0.11472484669682093
2020-12-29,39.0667,31.49597,31.80301,0.6178933085347038,35.951,0,-12.391950787630757,22.839630588425425,0.2427064146873228
2020-12-30,38.1558,30.33216,32.326170000000005,0.6697165103469214,39.0667,0,-22.358016034865926,18.033778823782693,0.051823201812217556
2020-12-31,37.3588,37.39574,32.827015,0.6049235669906337,38.1558,0,-1.9919893986413497,13.805047458625156,-0.06479294335628771
2021-01-01,37.7762,34.79407,33.30781,0.5465558639964274,37.3588,0,-6.8651262955186905,13.415442204095672,-0.05836770299420624
2021-01-02,38.2331,33.130966,33.76161,0.4965501949724649,37.7762,0,-12.2967207222446,13.24430321895195,-0.05000566902396253
2021-01-03,41.2575,32.00575,34.322795,0.6171271801579457,38.2331,0,-16.287853329237503,20.204371467999625,0.12057698518548077
2021-01-04,41.1333,30.007174,34.904195,0.6359583694874189,41.2575,0,-27.268560775112384,17.84629326073842,0.018831189329473252
2021-01-05,41.8219,38.67602,35.467405,0.6404516224420318,41.1333,0,-5.9739394215204324,17.91643623208408,0.004493252954612892
2021-01-06,42.2417,36.532097,36.068214999999995,0.6171086840724591,41.8219,0,-12.648404632996183,17.11613674255853,-0.023342938369572686
2021-01-07,43.5728,35.81987,36.697445,0.6342927571770272,42.2417,0,-15.20258418785895,18.735241649657077,0.017184073104568043
2021-01-08,42.356,33.47043,37.14941,0.5119308512885579,43.5728,0,-23.1850409732749,14.015269690689564,-0.12236190588846929
2021-01-09,43.8479,33.563736,37.626065,0.4802147545421098,42.356,0,-20.758013122310746,16.535970476848977,-0.03171609674644804
2021-01-10,42.4031,42.136368,38.14372,0.31846846516815974,43.8479,0,-3.9033390473624507,11.166661248562017,-0.16174628937395008
2021-01-11,38.1674,40.105473,38.376335,-0.09513379407959466,42.4031,-1,-5.4185364638498985,-0.5444370860323081,-0.4136022592477544
2021-01-12,38.2541,38.40972,38.729825000000005,-0.36885048286243416,38.1674,-1,0.6348909658811396,-1.2283169366244338,-0.2737166887828395
2021-01-13,40.1114,37.059277,39.11092,-0.42670468457354227,38.2541,-1,-3.1233865629813646,2.5580579541468293,-0.05785420171110811
2021-01-14,41.8723,35.325565,39.544555,-0.3514071249885822,40.1114,0,-11.931357823125687,5.886385622495942,0.0752975595849601
2021-01-15,40.8668,40.86039,39.90609,-0.37234410076326796,41.8723,0,-2.416658006671108,2.407427036825705,-0.020936975774685784
2021-01-16,43.142,40.18883,40.37949,-0.24228621085207758,40.8668,0,-1.6589717586263049,6.841369219868815,0.13005788991119038
2021-01-17,45.8675,39.34061,40.875315,0.00488379941583128,43.142,0,-8.811342765401726,12.21320251599284,0.24717001026790886
2021-01-18,45.3412,35.02235,41.18904,0.10496694714818355,45.8675,0,-23.64451886133036,10.080739924989759,0.10008314773235227
2021-01-19,42.5241,32.8934,41.407455,-0.03882037017307427,45.3412,0,-27.453622125325072,2.696724539095673,-0.14378731732125782
2021-01-20,42.6069,43.0234,41.66986,-0.1427700788816515,42.5241,0,1.17415619149458,2.2487236578188723,-0.10394970870857723
2021-01-21,38.6343,43.088676,41.712765000000005,-0.4747818827522323,42.6069,0,1.1307474907508306,-7.380150896254422,-0.3320118038705808
2021-01-22,40.8936,40.303265,41.84579000000001,-0.5335465590963793,38.6343,0,4.319903862422558,-2.2754738290279826,-0.05876467634414695
2021-01-23,40.9109,36.662964,41.82846,-0.5598278298911681,40.8936,-1,-10.345472476897362,-2.1936260622552246,-0.026281270794788814
2021-01-24,41.8263,35.616333,41.86311,-0.5057808190124651,40.9109,-1,-12.941702558945167,-0.08792944432459884,0.054047010878703006
2021-01-25,41.8347,41.945522,41.863749999999996,-0.4609486753040988,41.8263,-1,0.28504148908606786,-0.06939177689528057,0.0448321437083663
2021-01-26,41.8396,42.45206,41.843644999999995,-0.42341517342327095,41.8347,0,1.4757144176076142,-0.009666939866251749,0.037533501880827824
2021-01-27,40.8826,41.822296,41.709134999999996,-0.4528450490294109,41.8396,0,-0.041357607199572266,-1.9816642085720548,-0.029429875606139966
2021-01-28,42.5254,42.771976,41.717605,-0.3557582217773112,40.8826,0,4.62146847545721,1.9363407846639296,0.09708682725209972
2021-01-29,42.8618,40.401196,41.6683,-0.26702317918392016,42.5254,0,-4.995142841400553,2.8642877199213794,0.08873504259339104
2021-01-30,44.7849,46.467827,41.78739,-0.08630642395600407,42.8618,0,8.413148405483941,7.1732405397896315,0.18071675522791608
2021-01-31,44.3292,44.134308,42.09548,-0.009023533051260468,44.7849,0,-1.452704234400156,5.306317922969398,0.0772828909047436
2021-02-01,51.4781,42.123165,42.75668,0.4847060914223975,44.3292,0,-4.9764824751738495,20.39779515154122,0.493729624473658
2021-02-02,51.0071,41.11317,43.301465,0.7261853780661807,51.4781,0,-20.134638567120195,17.795321705628204,0.24147928664378315
2021-02-03,52.12,41.740067,43.813849999999995,0.8963259709798397,51.0071,0,-18.168124578107143,18.957818132850694,0.17014059291365902
2021-02-04,55.9599,50.83829,44.568505,1.184821662733897,52.12,0,-2.459149715631441,25.559293496607065,0.2884956917540573
2021-02-05,67.7005,50.274433,45.79643,2.033880384933611,55.9599,0,-10.159894610272122,47.829208521275575,0.8490587221997141
2021-02-06,72.8356,49.715225,47.144835,2.7635968903288246,67.7005,0,-26.565940842790585,54.493275880592215,0.7297165053952135
2021-02-07,68.3542,43.836006,48.295485,2.760257700827956,72.8356,0,-39.81513687736384,41.533313103699044,-0.0033391895008687555
2021-02-08,79.8374,40.25536,50.16115,3.310160739386969,68.3542,0,-41.1077012829377,59.16182144946836,0.5499030385590133
2021-02-09,107.3469,62.735085,53.39815,5.193214962197212,79.8374,0,-21.42143339626365,101.0311218647088,1.8830542228102427
2021-02-10,128.9711,60.006973,57.91499,7.425727221662141,107.3469,0,-44.09994767748155,122.69036047489605,2.2325122594649294
2021-02-11,124.085,54.79241,62.07456,8.051490879168538,128.9711,0,-57.51574437668655,99.89670486589031,0.625763657506397
2021-02-12,136.6139,53.960274,66.85971,8.730405714930395,124.085,0,-56.51345952961616,104.32918419777768,0.6789148357618568
2021-02-13,133.3496,47.974113,71.435875,8.379261353160164,136.6139,0,-64.88343172667241,86.67035295641024,-0.35114436177023123
2021-02-14,135.8623,126.053375,76.13725500000001,7.750480021922648,133.3496,0,-5.471501043767199,78.44391684465113,-0.6287813312375157
2021-02-15,130.303,57.25844,80.560425,6.447841879273263,135.8623,0,-57.85553600200235,61.74567102892022,-1.3026381426493856
2021-02-16,130.183,45.366096,85.02544499999999,5.123557268848145,130.303,0,-65.18415040591388,53.110636468882944,-1.3242846104251171
2021-02-17,165.3233,45.316383,91.16533999999999,6.093678607443209,130.183,0,-65.19024499219069,81.34446709681555,0.9701213385950638
2021-02-18,195.6,40.44428,98.80225,8.126761465321284,165.3233,0,-75.53625005244812,97.97120004858189,2.0330828578780746
2021-02-19,333.111,177.6703,113.218555,17.544430421447366,195.6,0,-9.16651158245063,194.21944132743965,9.417668956126082
2021-02-20,253.0,180.45654,123.652095,17.168810170977093,333.111,0,-45.826903654112286,104.6063190437655,-0.3756202504702735
2021-02-21,295.2597,132.68968,135.841175,18.444917610024397,253.0,0,-47.55348537279212,117.35655628714935,1.2761074390473048
2021-02-22,267.5147,93.28253,146.66655500000002,16.179824196443164,295.2597,0,-68.40661568839865,82.39652523371805,-2.2650934135812335
2021-02-23,231.3646,72.498695,155.628785,11.240643694185167,267.5147,0,-72.89917325158761,48.66440035498575,-4.939180502257997
2021-02-24,254.5056,170.28319,165.55607,8.642517000409569,231.3646,0,-26.40050039365964,53.72773707421297,-2.5981266937755976
2021-02-25,234.9146,142.07008,173.916775,4.901161119828458,254.5056,0,-44.178012736001065,35.072996840011555,-3.7413558805811107
2021-02-26,221.717,104.33624,181.360845,1.036220504801797,234.9146,0,-55.585458427964355,22.251856512909388,-3.8649406150266614
2021-02-27,225.3853,97.22721,189.2124,-1.6295934739438422,221.717,0,-56.148057659748616,19.11761597020068,-2.665813978745639
2021-02-28,210.2138,83.090294,195.73122,-4.602669583829396,225.3853,0,-63.13411128220103,7.399218172757512,-2.973076109885554
2021-03-01,254.9637,218.72159,203.11205999999999,-3.7779439067115845,210.2138,0,4.047207240802285,25.528587519618483,0.8247256771178115
2021-03-02,239.6841,201.24521,208.64771000000002,-4.438394879715908,254.9637,0,-21.069074248516795,14.87502067480155,-0.6604509730043233
2021-03-03,240.5701,204.48499,214.471965,-4.953337047078676,239.6841,0,-14.685627727678849,12.168553125346701,-0.5149421673627685
2021-03-04,229.6369,142.75223,219.123115,-6.0930670698309015,240.5701,0,-40.66086027182799,4.798117715696029,-1.1397300227522251
2021-03-05,225.4714,128.40205,223.729205,-7.118869349310174,229.6369,0,-44.08474690565505,0.7787070087698121,-1.0258022794792723
2021-03-06,226.3814,222.89307,228.25516000000002,-7.6793577799520705,225.4714,-1,-1.1435302187993637,-0.8209058669254199,-0.5604884306418967
2021-03-07,240.11,197.59013,233.74551000000002,-7.083258859904539,226.3814,-1,-12.718035286029606,2.722828772197587,0.5960989200475311
2021-03-08,240.5509,181.32083,239.26390500000002,-6.625327677433262,240.11,-1,-24.484265004028106,0.537897682477426,0.4579311824712775
2021-03-09,293.2052,139.1973,245.658,-2.9307651954813565,240.5509,0,-42.1339532952992,19.35503830528621,3.6945624819519054
2021-03-10,278.4499,113.43266,249.800495,-1.6964633734320316,293.2052,0,-61.3128747498792,11.468914423087913,1.234301822049325
2021-03-11,290.0301,300.839,247.64645000000002,-0.3843727422816272,278.4499,0,8.040616734935973,17.114580079787125,1.3120906311504044
2021-03-12,263.2201,294.0576,248.15745499999997,-1.5414043658807834,290.0301,0,1.3886443751603266,6.06979347043998,-1.1570316235991562
2021-03-13,276.2822,320.11624,247.20858000000004,-1.637323028448595,263.2201,0,21.615424298933906,11.760764937851244,-0.09591866256781145
2021-03-14,263.238,320.42722,246.99474499999997,-2.7254397159710315,276.2822,0,15.978233695899297,6.576356513171985,-1.0881166875224366
2021-03-15,254.5144,120.87748,248.15223499999996,-4.0964636019744916,263.238,0,-54.0805356547221,2.5638153128058807,-1.37102388600346
2021-03-16,258.5352,244.56706,248.35371500000002,-4.750282397612651,254.5144,0,-3.908359457095672,4.099590376572363,-0.6538187956381591
2021-03-17,269.7896,249.9363,250.097465,-4.447838368070769,258.5352,0,-3.3260095508603524,7.873784326442496,0.3024440295418813
2021-03-18,261.4816,245.4688,252.085695,-4.800171084709778,269.7896,0,-9.014730079896637,3.7272662377768113,-0.3523327166390082
2021-03-19,262.935,237.13358,253.96318000000002,-4.910545013046434,261.4816,0,-9.311563245959519,3.5327247044236803,-0.11037392833665649
2021-03-20,264.3023,236.27661,256.667605,-4.857780452157073,262.935,0,-10.138775237939035,2.9745456190312844,0.052764560889361434
2021-03-21,264.6513,274.09726,257.151985,-4.7594435149967715,264.3023,0,3.7059683254683646,2.9162967573437037,0.09833693716030112
2021-03-22,254.7976,277.21463,257.90765999999996,-5.277962424138899,264.6513,0,4.747125794187723,-1.2058812056997361,-0.5185189091421272
2021-03-23,255.4646,263.877,258.652385,-5.472496969517458,254.7976,0,3.5633829204656022,-1.2324591555573674,-0.1945345453785592
2021-03-24,248.5236,252.05182,259.59672,-5.926818428746305,255.4646,-1,-1.3359115714442393,-4.265508439397854,-0.45432145922884715
2021-03-25,233.9466,255.63528,260.02048,-6.993956273884731,248.5236,-1,2.861573075485844,-10.027625516267037,-1.0671378451384257
2021-03-26,255.2105,242.44836,261.461935,-6.086031280078565,233.9466,-1,3.634061900370645,-2.3909541555255402,0.9079249938061658
2021-03-27,269.2234,216.17018,262.917605,-4.436640674574841,255.2105,0,-15.297301139877057,2.398392074201363,1.649390605503724
2021-03-28,268.4263,204.1135,264.311375,-3.344005168866417,269.2234,0,-24.18434100711645,1.5568474871730467,1.092635505708424
2021-03-29,275.2991,200.98279,263.41607000000005,-2.160513968357135,268.4263,0,-25.12552306315086,4.511125687965795,1.1834912005092821
2021-03-30,311.2962,190.8118,265.058385,0.8814522918145151,275.2991,0,-30.68927646486926,17.44438871458453,3.04196626017165
2021-03-31,302.3724,320.44528,265.6755,2.06005391410903,311.2962,1,2.93902783985859,13.812677495666717,1.178601622294515
2021-04-01,334.7991,317.17892,269.25445,4.643147464282512,302.3724,1,4.896784415689675,24.3430145722754,2.5830935501734817
2021-04-02,338.2932,317.01752,272.35499999999996,6.1141457006062545,334.7991,1,-5.311120283822824,24.210387178498674,1.4709982363237426
2021-04-03,321.9497,350.24088,275.29058499999996,5.531067318252617,338.2932,1,3.5317515232764394,16.949041319375326,-0.5830783823536372
2021-04-04,348.8617,396.1548,280.00795000000005,6.438957973709972,321.9497,1,23.048657960001204,24.58992682172057,0.9078906554573543
2021-04-05,368.0263,340.989,285.482505,7.724669352469466,348.8617,0,-2.256678313533697,28.913784051320405,1.285711378759494
2021-04-06,403.3648,331.02908,292.161265,10.194366754805344,368.0263,0,-10.052873055009076,38.06238140432476,2.4696974023358784
2021-04-07,375.5538,324.84167,297.864875,9.223409455089904,403.3648,0,-19.467024687159736,26.081935642797777,-0.9709572997154403
2021-04-08,418.7048,321.4646,305.653365,10.654422674746009,375.5538,0,-14.40251713353054,36.986811841577456,1.431013219656105
2021-04-09,453.9937,328.92957,315.137935,12.989903965286068,418.7048,0,-21.441176353916287,44.06190102121471,2.3354812905400593
2021-04-10,471.2975,480.3969,325.470245,14.592484847496443,453.9937,1,5.815766082457479,44.80509577764937,1.6025808822103755
2021-04-11,525.9275,499.4594,339.02673999999996,18.000499672888594,471.2975,1,5.975400171037134,55.12861905818994,3.4080148253921507
2021-04-12,596.7104,189.36157,356.08903,23.35128531017388,525.9275,1,-63.99473838777683,67.5733734341662,5.350785637285284
2021-04-13,551.6442,158.98593,371.24506,22.192823809687894,596.7104,0,-73.35626605527834,48.59300754062557,-1.1584615004859842
2021-04-14,550.0182,178.79196,387.04864,19.736890919605067,551.6442,0,-67.58926103638507,42.10570537077717,-2.4559328900828277
2021-04-15,541.8824,476.91632,401.382235,16.136047564367033,550.0182,0,-13.290810958477142,35.004081583232,-3.600843355238034
2021-04-16,508.2743,302.73505,413.33477999999997,10.34399867451586,541.8824,0,-44.132703629658614,22.969158317623315,-5.7920488898511735
2021-04-17,514.6861,243.68834,425.6477699999999,6.012573838849065,508.2743,0,-52.05574249309901,20.91831234074129,-4.331424835666795
2021-04-18,481.4367,238.52275,435.95464999999996,0.2789113103781915,514.6861,0,-53.656655803509715,10.432747993397943,-5.733662528470873
2021-04-19,504.0322,210.1677,445.59145000000007,-2.4698232150765804,481.4367,0,-56.345726428459464,13.11532122081784,-2.748734525454772
2021-04-20,586.3635,456.45303,459.79100500000004,0.6142589389672111,504.0322,0,-9.43970773151683,27.528266891606545,3.0840821540437915
2021-04-21,543.6327,441.85083,470.23268500000006,-0.7900061699403267,586.3635,0,-24.645577346112955,15.609296703822265,-1.4042651089075378
2021-04-22,505.2411,420.58093,478.58008,-4.6551483013818995,543.6327,0,-22.635093029321542,5.570858695163411,-3.865142131441573
2021-04-23,526.5357,388.62375,488.80938,-6.040459467290226,505.2411,0,-23.081525081926856,7.7180024655009785,-1.3853111659083268
2021-04-24,496.992,382.597,496.215895,-9.029454435352847,526.5357,0,-27.336933684974973,0.15640470364215753,-2.98899496806262
2021-04-25,505.0,479.78442,503.06458000000003,-10.449877567271074,496.992,0,-3.4623447000907497,0.3847259530774289,-1.420423131918227
2021-04-26,535.33,475.4931,509.66283999999996,-9.364334056360576,505.0,0,-5.8429498955754955,5.036105830277931,1.0855435109104974
2021-04-27,568.78,476.60675,519.32415,-6.544550864348501,535.33,0,-10.969542060358805,9.523117690559921,2.819783192012075
2021-04-28,562.78,471.8625,526.52791,-5.288288014784229,568.78,0,-17.03954291765379,6.885122196086424,1.2562628495642727
2021-04-29,599.7,458.87726,533.8132250000001,-2.3267575907432985,562.78,0,-18.462408347705804,12.342664421624235,2.96153042404093
2021-04-30,622.65,605.8667,541.38085,0.662123581602863,599.7,1,1.0282973518008929,15.011456352769029,2.9888811723461615
2021-05-01,620.0,518.9253,546.084475,1.8762242758598262,622.65,1,-16.658589421223798,13.535547773995956,1.2141006942569632
2021-05-02,621.78,485.58392,547.3379550000001,2.1927177411291154,620.0,1,-21.68001236454133,13.600745996136862,0.31649346526928923
2021-05-03,676.15,238.0044,553.563245,5.281190567278415,621.78,0,-61.72208907792949,22.145031504033458,3.0884728261492995
2021-05-04,609.3,189.22806,556.527335,2.197169396101927,676.15,0,-72.01389368315786,9.482492894980615,-3.084021171176488
2021-05-05,651.1,648.65015,561.9882150000001,2.334799434672007,609.3,1,6.458254798026432,15.856522009095855,0.13763003857008016
2021-05-06,633.99,675.1809,568.274,0.7196631880193891,651.1,1,3.698496114748115,11.564139833953341,-1.615136246652618
2021-05-07,624.3,654.0327,573.7546950000001,-1.4375180910007401,633.99,1,3.1613613532942146,8.809567126940872,-2.1571812790201292
2021-05-08,646.1,350.29807,581.98786,-1.8084650598046608,624.3,0,-43.88946577197711,11.01606140031857,-0.37094696880392064
2021-05-09,661.74,270.78537,589.87325,-1.429384266439122,646.1,0,-58.08924781410821,12.183422455586863,0.3790807933655387
2021-05-10,631.1,674.3999,592.1100749999999,-3.55029626939141,661.74,0,1.9131233329933193,6.584911597729542,-2.120912002952288
2021-05-11,671.91,388.85217,598.5239399999999,-2.5591096892099685,631.1,0,-38.38501460124188,12.261173713452473,0.9911865801814415
2021-05-12,594.65,292.30258,602.9943850000001,-7.1983984851953835,671.91,-1,-56.49676566993952,-1.3838246603241755,-4.639288795985415
2021-05-13,571.1,284.26453,605.2225999999999,-11.679507651899968,594.65,-1,-52.196329543901875,-5.638024753206493,-4.481109166704584
2021-05-14,602.61,273.66327,610.5035,-12.28614521395859,571.1,-1,-52.081374707937535,-1.2929491804715316,-0.6066375620586228
2021-05-15,563.41,610.4249,613.424,-14.917082490162322,602.61,0,1.2968465106474314,-8.153251258509615,-2.6309372762037313
2021-05-16,564.32,620.0207,614.8734999999999,-16.085167986416216,563.41,0,10.047867612922879,-8.221772445877058,-1.1680854962538945
2021-05-17,512.07,628.57947,612.0379999999999,-19.631019012273573,564.32,0,11.387061910518401,-16.333626343462313,-3.545851025857356
2021-05-18,507.88,599.9703,609.293,-21.36950805074395,512.07,0,17.16567576286566,-16.644373068458034,-1.7384890384703766
2021-05-19,334.8,580.7522,596.048,-32.613502952537466,507.88,0,14.34831008616701,-43.83002711191045,-11.243994901793517
2021-05-20,391.17,301.38742,584.4739999999999,-34.5086402514138,334.8,-1,-9.979862409110853,-33.073156376502624,-1.8951372988763353
2021-05-21,326.01,267.2016,569.7745,-38.12185700572532,391.17,-1,-31.691694373010776,-42.78262716214924,-3.613216754311516
2021-05-22,299.76,220.8959,553.6735,-40.052489162634686,326.01,-1,-32.242598527340995,-45.8597892078996,-1.9306321569093683
2021-05-23,260.72,238.42026,532.9019999999999,-41.552243158730015,299.76,-1,-20.462951171484058,-51.075432255836894,-1.499753996095329
2021-05-24,345.64,234.88214,519.719,-34.69776791427204,260.72,-1,-9.910194418041876,-33.49483086052272,6.854475244457973
2021-05-25,343.18,298.24182,504.32300000000004,-28.46365078162284,345.64,-1,-13.713163612700349,-31.952340067774028,6.234117132649203
2021-05-26,379.16,342.13953,491.58150000000006,-20.427139401718243,343.18,-1,-0.30318597610947806,-22.86935126728732,8.036511379904596
2021-05-27,369.67,379.5951,478.85,-14.537441023160355,379.16,0,0.114751760058412,-22.80045943406077,5.889698378557888
2021-05-28,328.82,392.15103,462.98600000000005,-12.270259333044677,369.67,0,6.0813783899533655,-28.978414034117673,2.2671816901156774
2021-05-29,305.04,392.79242,445.15099999999995,-11.275116409564212,328.82,0,19.455148541327706,-31.474937717763176,0.995142923480465
2021-05-30,325.57,339.61383,429.87450000000007,-8.275970823189674,305.04,0,11.334195701024859,-24.26394215055791,2.9991455863745387
2021-05-31,353.33,360.60944,413.9455,-3.6977110382225575,325.57,0,10.762489183633708,-14.643352808521895,4.578259784967116
2021-06-01,362.39,362.43423,402.33250000000004,0.44534450878882836,353.33,0,2.5766944836670085,-9.927733901685807,4.143055547011386
2021-06-02,401.54,325.3752,393.85450000000003,6.0176951269617405,362.39,0,-10.214074995709902,1.9513551324156484,5.572350618172912
2021-06-03,428.48,352.12576,385.148,11.400859158751729,401.54,0,-12.306180470325968,11.250739975282228,5.383164031789988
2021-06-04,390.7,439.89374,376.5125,12.226986283088195,428.48,1,2.663773756760813,3.768135188074765,0.8261271243364661
2021-06-05,390.08,422.50107,367.8005,12.497140621800604,390.7,1,8.139510651454923,6.057495843534738,0.270154338712409
2021-06-06,393.73,419.09802,361.8835,12.648677965735168,390.08,1,7.438992632520898,8.800207801682031,0.15153734393456375
2021-06-07,357.96,435.94415,354.3875,10.173403434022632,393.73,1,10.721599276669604,1.00807731649677,-2.475274531712536
2021-06-08,352.5,460.20242,355.2725,8.092578235626192,357.96,0,28.56252740409631,-0.7803868861226184,-2.0808251983964396
2021-06-09,375.54,371.54678,354.491,8.168425328943513,352.5,1,5.403342821919326,5.937809422524136,0.07584709331732142
2021-06-10,351.94,372.33948,355.7875,6.596983468975452,375.54,1,-0.8522454228411143,-1.0814039279064118,-1.5714418599680613
2021-06-11,345.75,342.61136,358.087,5.171460052669637,351.94,1,-2.650634016429469,-3.4452521314652556,-1.4255234163058148
2021-06-12,343.7,318.966,362.236,4.16454210765604,345.75,0,-7.746636755468185,-5.1171059751101495,-1.0069179450135977
2021-06-13,365.8,353.69553,363.24399999999997,5.00448701217644,343.7,1,2.908212430330779,0.703659248328958,0.8399449045204008
2021-06-14,370.19,328.48605,364.59450000000004,5.816361406852344,365.8,1,-10.200641479825897,1.5347187080441307,0.8118743946759039
2021-06-15,366.48,306.62537,363.9605,6.037902211347802,370.19,1,-17.17081330912842,0.692245449712261,0.22154080449545788
2021-06-16,347.22,300.98218,362.838,4.871693550283467,366.48,0,-17.872140980578756,-4.304400310882541,-1.166208661064335
2021-06-17,352.85,293.83932,364.0395,4.474123071840829,347.22,0,-15.373732805952464,-3.073704913889826,-0.3975704784426384
2021-06-18,337.16,290.01672,365.64549999999997,3.20837139260793,352.85,0,-17.807361872520197,-7.790469183950013,-1.265751679232899
2021-06-19,334.01,312.1885,366.0675,2.2577743276484306,337.16,0,-7.406422149698036,-8.757264712109107,-0.9505970649594992
2021-06-20,339.08,289.60822,365.355,2.073977210476073,334.01,0,-13.293549494915943,-7.191635532564228,-0.18379711717235736
2021-06-21,270.76,256.90073,360.77349999999996,-2.3078749673779377,339.08,-1,-24.235954253167574,-24.95014184800158,-4.381852177854011
2021-06-22,262.1,231.33693,353.8015,-5.278660858347401,270.76,-1,-14.560153153608704,-25.918912158371278,-2.970785890969463
2021-06-23,296.25,249.4064,347.19,-4.465218908305182,262.1,-1,-4.84303602140763,-14.672081569169618,0.8134419500422183
2021-06-24,308.62,282.52496,343.086,-2.7023098121990543,296.25,-1,-4.632923753955696,-10.045877709961935,1.762909096106128
2021-06-25,280.81,303.9585,337.6225,-2.99474233257304,308.62,-1,-1.5104348085833725,-16.82722567364438,-0.2924325203739855
2021-06-26,279.65,288.93872,331.9185,-2.852526999342139,280.81,0,2.8947404661960037,-15.747389795989081,0.14221533323090085
2021-06-27,290.87,305.03674,328.56399999999996,-1.6487738106665155,279.65,0,9.07804153908905,-11.47234633130835,1.2037531886756234
2021-06-28,290.0,280.9509,325.43899999999996,-0.6105696573904424,290.87,-1,-3.41014982060822,-10.889598357910382,1.038204153276073
2021-06-29,300.79,294.71472,321.7015,1.0149527623178543,290.0,-1,1.6257660964439657,-6.500280539568509,1.6255224197082967
2021-06-30,303.71,313.20142,319.29,2.4188240249964856,300.79,-1,4.126272820115355,-4.879576560493608,1.4038712626786314
2021-07-01,287.43,309.1889,316.374,2.379363250638715,303.71,0,1.8039919029975209,-9.148665819567984,-0.039460774357770845
2021-07-02,287.17,304.4529,313.5475,2.4542544406673983,287.43,0,5.922454641809525,-8.412600961576794,0.0748911900286835
2021-07-03,298.13,296.08994,310.16400000000004,3.3073337523939728,287.17,0,3.10615151399323,-3.8798829006590214,0.8530793117265745
2021-07-04,307.62,305.8628,307.0355,4.502096427185613,298.13,1,2.593765460956631,0.19036886614088316,1.1947626747916402
2021-07-05,302.02,297.03625,303.8125,4.875118445328912,307.62,1,-3.440525686622295,-0.5900020571898845,0.37302201814329905
2021-07-06,319.92,289.778,302.4475,6.202138627709353,302.02,1,-4.053368936918493,5.777035683879029,1.3270201823804406
2021-07-07,327.51,325.4425,301.1805,7.385445744204386,319.92,1,1.7262143294612664,8.74209983714085,1.1833071164950333
2021-07-08,310.14,316.63196,299.8295,6.806923567156172,327.51,0,-3.3214381216413216,3.4387877110157574,-0.5785221770482138
2021-07-09,317.09,332.9406,298.9835,6.690979238040937,310.14,1,7.351716254907063,6.056019813802428,-0.11594432911523533
2021-07-10,316.12,322.52185,297.8355,6.350361743143685,317.09,1,1.7130311854481457,6.139127135616802,-0.340617494897252
2021-07-11,322.16,298.58228,300.4055,6.319667256906159,316.12,1,-5.54780608926199,7.241711619793914,-0.030694486237525354
2021-07-12,316.12,300.33154,303.1065,5.699514385045781,322.16,0,-6.775657136593625,4.293375430747946,-0.6201528718603786
2021-07-13,308.94,304.3216,303.741,4.656667372151725,316.12,0,-3.7322553972285064,1.7116556539946906,-1.0428470128940557
2021-07-14,309.4,335.24716,303.78000000000003,3.880505088921833,308.94,1,8.515298072517115,1.8500230429916213,-0.7761622832298922
2021-07-15,316.11,342.51328,305.54499999999996,3.702199279955172,309.4,1,10.702416013731222,3.4577558133826622,-0.1783058089666607
2021-07-16,302.88,340.3853,306.7065,2.6270031342333526,316.11,1,7.679388485465894,-1.2476096854810739,-1.0751961457218195
2021-07-17,300.52,355.05194,307.189,1.733727593889812,302.88,0,17.225284243914672,-2.170976174277086,-0.8932755403435406
2021-07-18,302.1,362.86868,307.794,1.248793424060218,300.52,0,20.746932936685795,-1.8499385952942422,-0.4849341698295939
2021-07-19,280.54,321.31293,306.7815,-0.4343662286789982,302.1,0,6.359790548193884,-8.553807840433656,-1.6831596527392163
2021-07-20,264.44,307.10974,304.81800000000004,-2.4308819373919626,280.54,0,9.47092792861534,-13.246593048966936,-1.9965157087129644
2021-07-21,293.26,305.7025,305.10949999999997,-1.646912568395547,264.44,0,15.603734173512896,-3.8836876596762737,0.7839693689964156
2021-07-22,293.36,304.8726,305.419,-0.9903756473727494,293.26,0,3.9598271538321406,-3.94834637006865,0.6565369210227976
2021-07-23,299.27,320.2986,305.476,-0.07508977302547137,293.36,0,9.18278378168568,-2.0315834959211254,0.915285874347278
2021-07-24,301.56,286.1729,305.173,0.7235453362557092,299.27,0,-4.376344906720932,-1.183918629760824,0.7986351092811805
2021-07-25,302.56,301.55142,305.2,1.323226341279586,301.56,0,-0.0028445022083092167,-0.8650065530799431,0.5996810050238768
2021-07-26,304.0,306.40454,304.404,1.7918343705140796,302.56,0,1.270670615952207,-0.13271836112534538,0.46860802923449363
2021-07-27,313.48,311.18753,303.7025,2.6627332547115987,304.0,1,2.3643192492033305,3.219433491657142,0.8708988841975192
2021-07-28,313.8,312.10165,303.8855,3.1494875862562264,313.48,1,-0.43969182954754465,3.262577516860802,0.48675433154462766
2021-07-29,317.03,324.67932,303.8825,3.548482170356248,313.8,1,3.466960257827434,4.3265077784999075,0.39899458410002175
2021-07-30,322.58,327.35077,304.2055,4.011523960947679,317.03,1,3.2554550178118093,6.04016035213039,0.463041790591431
2021-07-31,332.38,311.0021,304.7165,4.752517880634384,322.58,0,-3.589154407312716,9.078438482983362,0.740993919686705
2021-08-01,332.59,275.64523,305.54,5.00603933870933,332.38,0,-17.069248103286334,8.853177979969875,0.2535214580749461
2021-08-02,330.55,284.22208,306.62050000000005,4.785732968139873,332.59,0,-14.542807536000588,7.804272708445768,-0.22030637056945768
2021-08-03,323.43,319.04605,307.322,3.9448879324484922,330.55,0,-3.480244735927813,5.241408034569606,-0.8408450356913804
2021-08-04,334.77,327.44727,308.255,3.9282626459991414,323.43,1,1.2420819419967204,8.601644742177738,-0.016625286449350796
2021-08-05,337.91,328.7058,310.0065,3.896855707091425,334.77,1,-1.8114494886414498,9.00094030286462,-0.03140693890771651
2021-08-06,342.39,331.09705,312.1,3.9344642655323065,337.91,1,-2.0162037529408794,9.705222685036835,0.03760855844088162
2021-08-07,356.18,332.81497,314.804,4.5985339081013485,342.39,0,-2.7965267899681243,13.143416220886659,0.664069642569042
2021-08-08,341.79,339.67538,317.8665,3.8115828383012884,356.18,0,-4.633785018393967,7.526272822080983,-0.7869510698000601
2021-08-09,354.32,333.93903,322.3605,3.865697514063843,341.79,0,-2.297016917140282,9.914210953265053,0.054114675762554576
2021-08-10,371.92,331.86676,326.29350000000005,4.758883973240861,354.32,0,-6.336994735294012,13.98326966366169,0.8931864591770182
2021-08-11,390.96,331.0553,331.1735,6.212213037328812,371.92,0,-10.987497888910926,18.052923920543158,1.453329064087951
2021-08-12,385.66,334.8062,335.49300000000005,6.372961895921984,390.96,0,-14.36305162192903,14.95321809993054,0.16074885859317156
2021-08-13,410.76,375.9021,340.953,7.640651513137058,385.66,0,-2.53018212690583,20.474082938117576,1.2676896172150744
2021-08-14,408.67,369.5796,346.2585,7.783078898812423,410.76,0,-10.025418774040801,18.024539469789186,0.14242738567536506
2021-08-15,414.05,351.53107,351.761,7.671726176356085,408.67,0,-13.981680354679513,17.707761804179537,-0.11135272245633843
2021-08-16,415.72,378.03625,356.873,7.152897343823241,414.05,0,-8.697921776883833,16.48961955653693,-0.5188288325328436
2021-08-17,401.8,365.1233,361.273,5.394647965497576,415.72,0,-12.170862355521752,11.217832497861725,-1.7582493783256652
2021-08-18,396.15,403.78864,365.229,3.4672007242498495,401.8,1,0.49493162118124406,8.466195181653152,-1.9274472412477266
2021-08-19,431.27,415.00644,370.6635,4.128687211824683,396.15,1,4.759924071433649,16.350814148142447,0.6614864875748339
2021-08-20,454.93,412.81897,376.791,5.637430449257451,431.27,1,-4.278301359574624,20.73802187419551,1.5087432374327676
2021-08-21,448.74,399.87503,382.5985,5.6803208805379555,454.93,0,-12.101855116704083,17.287443625628434,0.042890431280504515
2021-08-22,448.68,397.28174,388.505,5.180450462834166,448.74,0,-11.46727764824843,15.488861147218186,-0.49987041770378937
2021-08-23,499.06,447.89087,397.28650000000005,7.5737477617655955,448.68,0,-0.17587832294174172,25.6171553777941,2.3932972989314294
2021-08-24,471.62,423.62372,404.129,6.671413234913487,499.06,0,-15.115673814427375,16.70036052844512,-0.9023345268521084
2021-08-25,503.19,393.478,412.39300000000003,7.501417235223162,471.62,0,-16.568848474158884,22.017105043005085,0.8300040003096747
2021-08-26,478.1,393.5978,419.1785,5.740701203002047,503.19,0,-21.779485117373035,14.056422264023569,-1.760716032221115
2021-08-27,494.5,350.47937,426.0945,5.083182341361301,478.1,0,-26.6932921737738,16.054067818289138,-0.6575188616407459
2021-08-28,486.2,485.44095,433.31500000000005,3.563712421910715,494.5,0,-1.8319618834523508,12.204747123916764,-1.5194699194505858
2021-08-29,479.7,476.8591,439.584,1.6903907755719274,486.2,0,-1.9212051950232651,9.125900851714345,-1.8733216463387876
2021-08-30,460.3,456.8727,444.00300000000004,-1.1336162674712824,479.7,0,-4.7586593325743936,3.670470695017819,-2.82400704304321
2021-08-31,463.9,399.1822,447.65,-2.935065375098489,460.3,0,-13.277820999042747,3.6300681335865073,-1.8014491076272066
2021-09-01,489.4,396.37802,452.837,-2.59686359477147,463.9,0,-14.55528751018875,8.074207717125585,0.33820178032701875
2021-09-02,483.7,461.0735,456.48400000000004,-2.9204915196646084,489.4,0,-5.788008514890678,5.962092866343607,-0.3236279248931382
2021-09-03,488.5,464.55276,460.4755,-2.9652345104114843,483.7,0,-3.958493923386782,6.085991545695697,-0.04474299074687593
2021-09-04,497.7,437.9143,464.658,-2.545276235773084,488.5,0,-10.355310820752303,7.111036504267648,0.4199582746384003
2021-09-05,504.8,419.61554,469.1120000000001,-1.9842830120746804,497.7,0,-15.689061774004168,7.607564931189124,0.5609932236984037
2021-09-06,496.1,416.0355,473.82699999999994,-2.3680965123455735,504.8,0,-17.584094305990618,4.700660789697523,-0.3838135002708931
2021-09-07,418.7,493.049,474.9545,-7.702852558651742,496.1,-1,-0.6149947126650419,-11.844187180035142,-5.334756046306168
2021-09-08,415.0,471.46344,474.14099999999996,-11.140188567433064,418.7,-1,12.601729147696744,-12.473293809225519,-3.4373360087813225
2021-09-09,421.3,424.59836,472.45949999999993,-12.544500240969441,415.0,-1,2.3128573865775603,-10.828335550454575,-1.4043116735363768
2021-09-10,401.4,421.78412,470.09250000000003,-14.244366647441062,421.3,0,0.11491066991306399,-14.612549657780127,-1.699866406471621
2021-09-11,405.1,404.47098,467.91349999999994,-14.501808569720987,401.4,0,0.76506671230771,-13.42416921076223,-0.25744192227992535
2021-09-12,416.3,409.59534,463.7755,-13.32998620496987,405.1,0,1.1096857353894045,-10.236741699378257,1.171822364751117
2021-09-13,399.1,406.93607,460.1495000000001,-13.105797456744712,416.3,-1,-2.2493236430871693,-13.267318556251842,0.2241887482251581
2021-09-14,414.3,420.65668,455.70500000000004,-11.389756374153878,399.1,-1,5.401322286668435,-9.085921813453885,1.7160410825908343
2021-09-15,431.3,424.91904,453.36499999999995,-8.687777505978787,414.3,-1,2.5631274113527307,-4.86693944173016,2.7019788681750914
2021-09-16,424.3,417.41183,449.855,-7.021296860997666,431.3,-1,-3.2200707821013532,-5.68071934289938,1.666480644981121
2021-09-17,406.6,446.47693,445.875,-6.758052157559359,424.3,0,5.226709571279163,-8.808522567984294,0.26324470343830697
2021-09-18,410.7,451.54437,442.425,-5.981500240322347,406.6,0,11.053706974568058,-7.170706899474492,0.7765519172370112
2021-09-19,408.6,445.56073,439.84,-5.305961907271001,410.7,0,8.48812514742361,-7.102582757366305,0.675538333051346
2021-09-20,364.1,452.42477,434.85,-7.422925352918164,408.6,0,10.725593286813963,-16.269978153386226,-2.116963445647163
2021-09-21,344.4,457.0585,427.6,-9.579603680706196,364.1,0,25.531036033305575,-19.457436856875592,-2.1566783277880317
2021-09-22,379.0,346.11194,422.36500000000007,-8.160984885688308,344.4,0,0.4970785355872598,-10.267185964746146,1.4186187950178883
2021-09-23,383.5,331.71646,417.11500000000007,-6.4781166060620645,379.0,-1,-12.475867762100098,-8.058928592834125,1.682868279626243
2021-09-24,355.0,315.33362,409.98,-6.809058572721986,383.5,-1,-17.77480621536832,-13.410410263915317,-0.33094196665992115
2021-09-25,349.6,326.8696,402.22,-6.895162007012132,355.0,-1,-7.924056791923416,-13.08239272040177,-0.08610343429014655
2021-09-26,344.0,327.3971,394.615,-6.820339772020599,349.6,-1,-6.350945444347117,-12.82642575675025,0.07482223499153307
2021-09-27,335.5,326.19208,390.45500000000004,-6.818101041485633,344.0,-1,-5.176721617232922,-14.074605268212736,0.002238730534966038
2021-09-28,333.0,331.7368,386.355,-6.463027788982288,335.5,-1,-1.1216733565806631,-13.809838102263466,0.3550732525033453
2021-09-29,367.7,338.9275,383.675,-3.5166705785924,333.0,0,1.78002709740991,-4.163680198084322,2.9463572103898876
2021-09-30,387.5,325.3562,382.98,-0.04346768579014437,367.7,0,-11.515854998130266,1.1802182881612568,3.473202892802256
2021-10-01,421.5,322.50928,383.8,4.484190737074211,387.5,0,-16.771799395161292,9.822824387701925,4.527658422864356
2021-10-02,427.1,433.2827,384.34,7.61277209168577,421.5,1,2.7954246367141162,11.125565905188129,3.1285813546115584
2021-10-03,430.5,432.78528,385.91,9.542683732297883,427.1,1,1.3311351721640077,11.554507527661881,1.9299116406121133
2021-10-04,426.3,464.00165,386.51,10.113359309511244,430.5,1,7.782032043953252,10.294688365113457,0.5706755772133612
2021-10-05,442.1,476.58136,387.05,11.05547918297513,426.3,1,11.794829899901767,14.222968608706887,0.942119873463886
2021-10-06,434.9,448.41525,387.58,10.688021723552932,442.1,1,1.4284670177667613,12.209092316424995,-0.367457459422198
2021-10-07,438.5,419.72992,389.175,10.183879895582594,434.9,0,-3.4881767225583413,12.674246804136954,-0.5041418279703382
2021-10-08,419.2,425.63574,389.6,8.135859277405952,438.5,0,-2.9336961944127706,7.597535934291572,-2.0480206181766416
2021-10-09,421.9,418.06516,390.265,6.6129713034091955,419.2,0,-0.27071683461429236,8.106030517725134,-1.522887973996757
2021-10-10,404.1,415.40683,392.265,4.175724193795338,421.9,0,-1.5390306153153834,3.0170930365951683,-2.4372471096138577
2021-10-11,413.1,414.58328,395.7,2.9939350831162113,404.1,1,2.5942297626090327,4.397270659590608,-1.1817891106791265
2021-10-12,444.2,424.63345,398.96,4.064540648607066,413.1,1,2.7919277097895425,11.33948265490275,1.0706055654908546
2021-10-13,470.8,427.96298,403.325,6.1943372506604994,444.2,1,-3.655339446705451,16.729684497613594,2.1297966020534336
2021-10-14,472.7,450.61423,409.21,7.285952373413139,470.8,0,-4.287547303542509,15.515261112876033,1.0916151227526392
2021-10-15,474.5,451.8521,415.45500000000004,7.646643263677117,472.7,0,-4.410384637950865,14.212128870756146,0.36069089026397805
2021-10-16,465.8,429.64536,421.54499999999996,6.842783276051303,474.5,0,-9.45303367236894,10.49828606673073,-0.8038599876258132
2021-10-17,470.9,467.0572,428.31499999999994,6.216232701575697,465.8,1,0.26989908574629423,9.942448898591,-0.6265505744756066
2021-10-18,484.9,476.7053,435.90999999999997,6.287470204884054,470.9,1,1.2328077613180926,11.238558418022071,0.07123750330835676
2021-10-19,488.1,477.0897,441.93,6.088772183655813,484.9,1,-1.610705060402269,10.447355916095313,-0.19869802122824076
2021-10-20,501.3,489.51782,447.62000000000006,6.355598978511949,488.1,1,0.2904778253687722,11.992314909968265,0.2668267948561365
2021-10-21,470.9,479.11115,450.09000000000003,4.10328436975103,501.3,0,-4.426262713039848,4.623519740496333,-2.252314608760919
2021-10-22,479.3,484.2793,452.7,2.8568639276842696,470.9,1,2.8412182788277818,5.875855975259559,-1.2464204420667606
2021-10-23,485.5,473.34665,455.45,2.159347649904099,479.3,1,-1.2420928082783511,6.5978702382259335,-0.6975162777801707
2021-10-24,475.8,480.00894,457.925,0.8228163793440828,485.5,1,-1.1310109885910145,3.9034776437189493,-1.336531270560016
2021-10-25,485.1,484.99396,460.075,0.3664863163717591,475.8,1,1.9323155778754182,5.439330543933061,-0.4563300629723237
2021-10-26,478.1,494.68924,462.23499999999996,-0.5552923227404953,485.1,0,1.9767552055149664,3.432236849221731,-0.9217786391122544
2021-10-27,448.7,477.0361,462.745,-3.148733998698784,478.1,-1,-0.22252618805232122,-3.0351489481247804,-2.593441675958289
2021-10-28,491.9,470.152,466.38,-2.0136501876756014,448.7,-1,4.780924461029783,5.4719327586946225,1.1350838110231827
2021-10-29,530.3,467.09247,471.8,1.0971629258069058,491.9,-1,-5.043206289546905,12.399321746502743,3.110813113482507
2021-10-30,528.3,459.9546,478.01000000000005,2.702516651575337,530.3,0,-13.26521028780878,10.520700403757223,1.6053537257684312
2021-10-31,524.6,436.18054,483.58500000000004,3.165472693091555,528.3,0,-17.436959683477657,8.481445867841224,0.46295604151621816
2021-11-01,551.3,526.4916,488.93999999999994,4.820969304824722,524.6,1,0.36057513313714773,12.754121160060544,1.6554966117331666
2021-11-02,554.4,507.3682,493.12,5.620058544329886,551.3,1,-7.968765721008858,12.426995457495128,0.7990892395051645
2021-11-03,568.4,488.6521,497.9049999999999,6.523281941292275,554.4,1,-11.859289392248373,14.158323374941018,0.9032233969623888
2021-11-04,558.7,464.5944,502.11499999999995,5.917079636213241,568.4,0,-18.262774301699395,11.269330731007857,-0.6062023050790337
2021-11-05,607.3,442.45795,509.18999999999994,8.10366024924068,558.7,0,-20.80580870282017,19.267856792160103,2.186580613027438
2021-11-06,637.7,545.86914,517.53,10.74612755886153,607.3,0,-10.115405792030291,23.219909956910726,2.6424673096208515
2021-11-07,649.6,569.5624,525.7650000000001,12.330693936022179,637.7,0,-10.684902316185124,23.55329852690839,1.5845663771606482
2021-11-08,653.5,539.8893,534.0350000000001,12.63047745953665,649.6,0,-16.888965174482376,22.370256631119663,0.2997835235144706
2021-11-09,635.0,532.11816,540.72,10.650965750565383,653.5,0,-18.574114144988524,17.436011244266897,-1.9795117089712662
2021-11-10,614.1,522.7653,547.88,7.1691671233541925,635.0,0,-17.6747527835876,12.086588304008181,-3.481798627211191
2021-11-11,628.4,562.1222,555.335,5.158327581696248,614.1,0,-8.46406246819533,13.156923298549513,-2.010839541657944
2021-11-12,626.9,591.56476,562.405,3.154792268878495,628.4,0,-5.861750747806927,11.467714547345775,-2.0035353128177533
2021-11-13,649.5,529.7435,571.0899999999999,2.791679025250403,626.9,0,-15.4979214749661,13.729884956836944,-0.36311324362809216
2021-11-14,650.8,508.3272,579.375,2.110106510067588,649.5,0,-21.73561055078426,12.327939590075504,-0.6815725151828147
2021-11-15,633.8,490.41803,587.1600000000001,0.0919864431161983,650.8,0,-24.643818410393934,7.943320389672298,-2.01812006695139
2021-11-16,588.7,625.1667,594.16,-4.451548556346999,633.8,-1,-1.3621509921554442,-0.9189443920829276,-4.543534999463198
2021-11-17,578.0,626.89734,598.4649999999999,-8.134311482640442,588.7,-1,6.488421754236021,-3.419581763344543,-3.6827629262934423
2021-11-18,531.8,610.1023,598.5400000000001,-13.331489955579762,578.0,-1,5.554030263300173,-11.150466134260052,-5.197178472939321
2021-11-19,581.0,571.7996,601.175,-13.086839780073497,531.8,0,7.521553512980687,-3.3559279743834916,0.24465017550626555
2021-11-20,604.3,556.8855,605.16,-11.067231737750223,581.0,-1,-4.150516687284854,-0.14211117720933533,2.0196080423232736
2021-11-21,584.0,593.76636,606.795,-10.798211364625665,604.3,-1,-1.7431147738085313,-3.756622912186152,0.2690203731245582
2021-11-22,559.3,593.51654,607.04,-11.896714333374437,584.0,-1,1.6295446108465326,-7.8643911439114405,-1.0985029687487717
2021-11-23,591.1,610.4959,608.175,-10.161956074545998,559.3,0,9.15356886188652,-2.8075800550828185,1.734758258828439
2021-11-24,590.3,638.5481,609.755,-8.799598149153304,591.1,0,8.027084368655892,-3.1906257431263443,1.3623579253926934
2021-11-25,639.1,613.4257,611.345,-4.55665840228956,590.3,0,3.9176215847609344,4.53998969485315,4.242939746863744
2021-11-26,587.3,645.4839,608.825,-5.140319122368389,639.1,0,0.9988869846268154,-3.535498706524878,-0.5836607200788286
2021-11-27,599.9,643.4133,606.3399999999999,-4.597029672020103,587.3,0,9.554457701025889,-1.0621103671207477,0.5432894503482864
2021-11-28,611.3,624.21387,604.2299999999999,-3.4419734543064955,599.9,0,4.052986695699287,1.1700842394452526,1.1550562177136072
2021-11-29,623.4,628.9059,603.65,-1.9115063158581993,611.3,0,2.880072597589162,3.2717634390789367,1.5304671384482962
2021-11-30,622.5,636.0298,604.0699999999999,-1.0512414216638568,623.4,0,2.025952062279439,3.050970913966935,0.8602648941943425
2021-12-01,627.5,642.1398,604.025,-0.2772226090983594,622.5,0,3.1549832141064256,3.8864285418649933,0.7740188125654974
2021-12-02,619.9,639.59875,603.675,-0.4013072324937088,627.5,0,1.9280884275398407,2.687704476746598,-0.12408462339534942
2021-12-03,595.0,636.95465,600.95,-2.184931893082423,619.9,0,2.7511938827079003,-0.9900990099009975,-1.783624660588714
2021-12-04,568.6,611.86426,596.84,-5.005970140318734,595.0,0,2.834329044117647,-4.731586354801958,-2.821038247236311
2021-12-05,557.8,574.6215,593.04,-7.322390465050942,568.6,0,1.0590082652292871,-5.942263590988805,-2.316420324732208
2021-12-06,587.5,609.6048,592.98,-6.5997908772531435,557.8,0,9.287342661040032,-0.924145839657327,0.7225995877977986
2021-12-07,578.7,618.8376,593.0150000000001,-6.452210146882898,587.5,0,5.334057097739361,-2.413935566553975,0.14758073037024566
2021-12-08,607.2,611.3333,596.785,-4.27767176966184,578.7,0,5.639072574439468,1.7451846142245664,2.174538377221058
2021-12-09,570.2,620.7823,596.245,-5.116975803888059,607.2,0,2.2368721340013513,-4.368170802270872,-0.8393040342262195
2021-12-10,552.4,637.6526,593.65,-6.564338401206982,570.2,0,11.829636599548394,-6.948538701254948,-1.4473625973189224
2021-12-11,564.5,565.73126,592.675,-6.3938375836218935,552.4,0,2.4133349397232573,-4.753870164930182,0.17050081758508817
2021-12-12,570.3,546.3412,593.225,-5.605707688252806,564.5,-1,-3.216796010019929,-3.864469636310012,0.7881298953690878
2021-12-13,521.0,503.40555,589.72,-7.975351658444219,570.3,-1,-11.729695231333832,-11.652987858644785,-2.3696439701914134
2021-12-14,528.1,524.8656,586.6099999999999,-8.582512779760982,521.0,-1,0.7419578859764875,-9.9742588772779,-0.6071611213167634
2021-12-15,541.1,561.29315,581.7099999999999,-7.657069907891269,528.1,0,6.2853913757751805,-6.981141806054547,0.9254428718697136
2021-12-16,526.2,568.40265,578.655,-7.582594598457603,541.1,0,5.045767681718948,-9.064986909298273,0.07447530943366587
2021-12-17,525.5,577.0309,574.9350000000001,-7.121900296860893,526.2,0,9.659993118407915,-8.598363293241853,0.46069430159670954
2021-12-18,533.9,582.1663,571.065,-5.846308777703069,525.5,0,10.783315090538773,-6.508015725005048,1.2755915191578246
2021-12-19,529.8,592.83453,566.385,-4.911219962439404,533.9,0,11.038496664432715,-6.4593871659736815,0.9350888152636649
2021-12-20,524.0,596.59973,561.4599999999999,-4.335866910958146,529.8,0,12.608480831504822,-6.671891140953928,0.5753530514812581
2021-12-21,528.3,531.03076,556.5,-3.361709502356142,524.0,0,1.3417484196087788,-5.067385444743944,0.9741574086020037
2021-12-22,533.6,557.8147,552.185,-2.1171765101354314,528.3,0,5.586730506459407,-3.3657198221610374,1.2445329922207105
2021-12-23,549.0,571.53906,549.885,-0.11903393800766437,533.6,0,7.110019209145422,-0.1609427425734455,1.998142572127767
2021-12-24,542.1,584.85455,548.56,0.8238479828460044,549.0,0,6.530884011412796,-1.1776287005979151,0.9428819208536687
2021-12-25,547.4,619.8745,548.04,1.8325833253228563,542.1,0,14.346893879127462,-0.11677979709510007,1.008735342476852
2021-12-26,546.4,570.5646,545.985,2.42348663302829,547.4,1,4.231745559976712,0.07600941417803851,0.5909033077054335
2021-12-27,563.7,589.5784,545.2349999999999,3.883864419885004,546.4,1,7.9023481288033075,3.386613111777518,1.4603777868567143
2021-12-28,534.2,590.2026,541.585,2.8171377697024944,563.7,1,4.701539060421093,-1.3635902028305789,-1.0667266501825097
2021-12-29,514.5,597.71606,538.8,0.8413828688046774,534.2,0,11.889940930948137,-4.510022271714914,-1.975754900897817
2021-12-30,518.5,601.84467,537.105,-0.09000004142606777,514.5,0,16.976611375577015,-3.4639409426462273,-0.9313829102307452
2021-12-31,511.4,553.45026,534.45,-1.0261371296393254,518.5,0,6.740647318737945,-4.312844980821417,-0.9361370882132576
2022-01-01,527.3,571.2548,532.3,-0.44603514956006585,511.4,0,11.704110633035544,-0.9393199323689649,0.5801019800792595
2022-01-02,531.0,580.2526,532.8,0.27644730547801544,527.3,0,10.042219706375649,-0.33783783783782934,0.7224824550380813
2022-01-03,511.9,606.0504,531.99,-0.4053754546580972,531.0,0,14.133788142949625,-3.776386774187491,-0.6818227601361126
2022-01-04,506.9,603.79565,530.28,-1.0308942495180862,511.9,0,17.951876205679827,-4.408991476201251,-0.625518794859989
2022-01-05,474.1,519.02496,527.675,-3.360113518492689,506.9,0,2.391983306156298,-10.153029800540093,-2.3292192689746027
2022-01-06,472.6,534.5208,525.03,-4.629926459664722,474.1,0,12.744318284809369,-9.986096032607652,-1.2698129411720327
2022-01-07,448.1,523.3642,520.74,-6.6264120749054225,472.6,0,10.741472022290251,-13.949379728847406,-1.996485615240701
2022-01-08,429.9,506.05524,515.745,-8.556548753721053,448.1,0,12.933549836287932,-16.644853561353,-1.9301366788156304
2022-01-09,438.7,489.77988,511.48,-8.601339221976176,429.9,0,13.92879197696776,-14.229295378118406,-0.04479046825512256
2022-01-10,424.7,457.9609,506.3,-8.897521763402857,438.7,0,4.390450645639819,-16.116926723286593,-0.2961825414266812
2022-01-11,463.6,443.08722,502.8,-5.939511939942911,424.7,0,4.329460616501357,-7.796340493237866,2.958009823459946
2022-01-12,487.8,485.67163,499.74000000000007,-2.021483458148573,463.6,0,4.7609212380015045,-2.389242406051157,3.9180284817943374
2022-01-13,475.2,482.92087,496.395,-0.05100606599799562,487.8,-1,-1.0002320787368053,-4.269785150938263,1.9704773921505776
2022-01-14,490.0,487.54065,493.525,2.3442085942883075,475.2,-1,2.5969380080097877,-0.7142495314320404,2.395214660286303
2022-01-15,494.5,513.6291,490.92999999999995,4.217414372424031,490.0,-1,4.822263133769133,0.7271912492616158,1.8732057781357234
2022-01-16,498.6,515.91345,487.675,5.630099148027629,494.5,1,4.330323993617291,2.2402214589634513,1.4126847756035978
2022-01-17,475.2,492.64166,484.725,4.9122651209344,498.6,1,-1.1950135183200505,-1.9650317190159436,-0.7178340270932289
2022-01-18,471.4,496.67258,482.57,4.136323394150196,475.2,1,4.518639920937897,-2.3146900967735284,-0.7759417267842039
2022-01-19,461.9,497.6145,479.73999999999995,2.9914488329656947,471.4,0,5.560988959084646,-3.718680952182427,-1.1448745611845013
2022-01-20,440.2,460.39154,476.18,0.8899569193348995,461.9,0,-0.32657706703966816,-7.555966231257091,-2.1014919136307952
2022-01-21,383.9,424.0692,469.01000000000005,-3.91108009931823,440.2,-1,-3.664422111043273,-18.146734611202334,-4.80103701865313
2022-01-22,358.3,430.93842,460.375,-8.184344975185756,383.9,-1,12.252778204569882,-22.172142275319032,-4.273264875867525
2022-01-23,383.9,424.46835,453.975,-8.616682725386728,358.3,-1,18.467304848307105,-15.435872019384336,-0.432337750200972
2022-01-24,371.3,460.78882,447.195,-9.037133500001836,383.9,0,20.02834549606018,-16.97134359731213,-0.4204507746151087
2022-01-25,385.1,411.46442,442.745,-7.722709244184468,371.3,0,10.817241180691148,-13.019909880405194,1.314424255817368
2022-01-26,375.1,397.0089,437.87000000000006,-6.891062003229006,385.1,0,3.0924204447708323,-14.335304999200682,0.831647240955462
2022-01-27,389.9,417.48322,434.96000000000004,-4.807222177944851,375.1,0,11.299177641170681,-10.359573294096021,2.083839825284155
2022-01-28,385.9,428.3883,432.76000000000005,-3.2365860748560173,389.9,0,9.871327433716985,-10.828172659210663,1.5706361030888338
2022-01-29,389.3,474.28317,430.28999999999996,-1.5903239156985443,385.9,0,22.903128428976913,-9.526133537846558,1.646262159157473
2022-01-30,377.2,380.32767,427.91499999999996,-0.9685097117001931,389.3,-1,-2.3047348481047742,-11.85165278151034,0.6218142039983512
2022-01-31,374.3,371.62317,423.45,-0.4320662305485925,377.2,-1,-1.4784811915926535,-11.60703743062935,0.5364434811516006
2022-02-01,384.2,393.09192,418.27,0.8405981449191451,374.3,-1,5.020550078897272,-8.145456284218326,1.2726643754677376
2022-02-02,366.9,382.75748,412.855,0.7702399953869019,384.2,0,-0.3754615287244569,-11.131026631626126,-0.07035814953224317
2022-02-03,372.3,431.7267,406.96999999999997,1.3086950722224415,366.9,0,17.66876944341528,-8.519055458633305,0.5384550768355396
2022-02-04,399.5,367.00183,402.21999999999997,3.588758070224216,372.3,0,-1.4230913095118214,-0.6762468300929766,2.2800629980017746
2022-02-05,413.7,393.79816,397.97499999999997,6.003093367477177,399.5,0,-1.4272448715190864,3.9512532194233367,2.4143352972529613
2022-02-06,419.9,408.1712,395.21,7.850800920205405,413.7,0,-1.3364264894171474,6.247311555881683,1.8477075527282274
2022-02-07,433.5,404.37704,393.315,9.700854445863062,419.9,0,-3.696821939096357,10.217001639906947,1.850053525657657
2022-02-08,407.8,413.4494,390.61,8.925251121422846,433.5,0,-4.625282155601211,4.400808991065256,-0.7756033244402154
2022-02-09,422.9,407.2552,389.745,9.128013589720663,407.8,0,-0.1335978449531048,8.50684421865578,0.2027624682978164
2022-02-10,414.7,402.17807,391.28499999999997,8.425611482844374,422.9,0,-4.899959785207048,5.984129215277872,-0.7024021068762885
2022-02-11,400.0,404.4968,393.37,6.758672347597576,414.7,0,-2.4603820462269383,1.6854361034140872,-1.666939135246798
2022-02-12,403.6,396.38666,394.355,5.727022659555834,400.0,0,-0.9033355712890625,2.344334419495126,-1.0316496880417425
2022-02-13,397.9,392.47223,395.685,4.54108355418477,403.6,0,-2.7571285916981596,0.5597887208259031,-1.1859391053710642
2022-02-14,403.4,394.59943,396.6,4.0250155054605035,397.9,0,-0.8294982986852795,1.7145738779626711,-0.5160680487242661
2022-02-15,432.4,408.1588,399.46500000000003,5.446404072560986,403.4,1,1.1796761221027572,8.244777389758788,1.4213885671004824
2022-02-16,427.3,411.6528,401.335,5.819045581509675,432.4,1,-4.798149511176712,6.469657518033571,0.3726415089486892
2022-02-17,402.4,414.95444,402.15999999999997,4.237965742813735,427.3,1,-2.889202608036657,0.05967774020290658,-1.5810798386959402
2022-02-18,399.2,433.9444,402.655,2.890398154704548,402.4,0,7.83906485403983,-0.8580546621797778,-1.3475675881091869
2022-02-19,399.8,377.2373,403.78499999999997,1.9957525615427638,399.2,0,-5.501677182489977,-0.9869113513379539,-0.8946455931617843
2022-02-20,380.6,386.7977,404.1,0.16375003320536496,399.8,0,-3.252201357026172,-5.815392229646127,-1.8320025283373989
2022-02-21,356.6,380.79974,402.71999999999997,-2.466431068476136,380.6,0,0.05248125390008598,-11.452125546285249,-2.630181101681501
2022-02-22,374.3,385.12347,403.09000000000003,-2.7921985206134607,356.6,0,7.998730824759878,-7.142325535240274,-0.32576745213732483
2022-02-23,365.6,389.18616,402.755,-3.3349492125355997,374.3,0,3.9770657832119922,-9.22521135678017,-0.542750691922139
2022-02-24,361.2,367.11005,400.84000000000003,-3.7032319291051365,365.6,0,0.41303238148761684,-9.889232611515828,-0.3682827165695368
2022-02-25,375.0,368.45966,398.90500000000003,-2.7729336140344962,361.2,0,2.0098714733440644,-5.992654892768963,0.9302983150706403
2022-02-26,373.7,345.80475,396.59499999999997,-2.0348042879815083,375.0,-1,-7.785400390625,-5.772891740944789,0.738129326052988
2022-02-27,360.1,353.76123,392.925,-2.236136254671832,373.7,-1,-5.335501613928282,-8.354011579818028,-0.20133196669032394
2022-02-28,395.6,376.42123,392.31499999999994,0.12279369541081664,360.1,-1,4.53241714269907,0.8373373437161675,2.358929950082649
2022-03-01,408.7,394.18008,391.605,2.532991667294638,395.6,0,-0.35892714142679416,4.365368164349273,2.4101979718838216
2022-03-02,409.3,400.0113,391.335,4.0454828835652155,408.7,0,-2.1259379731083285,4.590695951039399,1.5124912162705773
2022-03-03,402.6,393.9065,391.46500000000003,4.440932188379556,409.3,0,-3.760934732317374,2.8444433091080916,0.39544930481434015
2022-03-04,374.2,392.8241,389.995,2.7205460701749704,402.6,0,-2.4281925783190568,-4.0500519237426165,-1.7203861182045852
2022-03-05,384.7,386.9309,389.335,2.240487230188724,374.2,0,3.402166810028063,-1.190491479060447,-0.48005883998624643
2022-03-06,375.0,382.75674,387.91499999999996,1.2687836439905977,384.7,0,-0.5051353301882932,-3.329337612621312,-0.9717035861981262
2022-03-07,380.6,361.53046,385.325,1.0133834050980424,375.0,0,-3.5918782552083335,-1.2262375916434092,-0.25540023889255536
2022-03-08,381.4,355.27048,383.03,0.9117022376550068,380.6,0,-6.655155729132462,-0.42555413414092774,-0.10168116744303557
2022-03-09,393.2,366.9892,382.57000000000005,1.611615849156954,381.4,0,-3.7783962303765675,2.7785764696656656,0.6999136115019473
2022-03-10,372.0,380.921,381.21000000000004,0.6676068060633327,393.2,0,-3.1228407959729436,-2.4159911859605034,-0.9440090430936214
2022-03-11,371.9,379.4259,379.815,0.08773650068208116,372.0,0,1.9962105699764785,-2.083909271619083,-0.5798703053812515
2022-03-12,372.4,374.09476,379.405,-0.19541030978406493,371.9,0,0.5901471040812444,-1.8463119885083212,-0.2831468104661461
2022-03-13,361.4,374.51407,379.64500000000004,-1.011191312723951,372.4,0,0.5676875949290139,-4.805805423487747,-0.815781002939886
2022-03-14,373.4,366.5017,379.6,-0.6479415431281712,361.4,0,1.4116516282166638,-1.6332982086406864,0.3632497695957797
2022-03-15,371.7,371.34332,379.905,-0.4375654845527963,373.4,-1,-0.5507973342511322,-2.1597504639317684,0.2103760585753749
2022-03-16,385.4,372.68774,381.115,0.6497533560321322,371.7,-1,0.2657369224172751,1.1243325505424788,1.0873188405849286
2022-03-17,391.8,369.46622,381.955,1.7623740276440882,385.4,-1,-4.134349496363351,2.5775287664777338,1.112620671611956
2022-03-18,397.2,363.20636,383.13,2.7646935119232943,391.8,0,-7.298019432546901,3.672382742150182,1.002319484279206
2022-03-19,399.9,357.3775,385.12,3.466726117189702,397.2,0,-10.02580502482219,3.837764852513495,0.7020326052664076
2022-03-20,390.8,356.64517,384.88,3.182793211876385,399.9,0,-10.816411072983085,1.5381417584701769,-0.28393290531331683
2022-03-21,396.0,381.9061,384.245,3.2010988209811204,390.8,0,-2.2758194953660786,3.059246053949953,0.018305609104735332
2022-03-22,404.3,380.80862,383.995,3.598420871418174,396.0,0,-3.8362059930358274,5.28782926861027,0.3973220504370536
2022-03-23,408.4,373.4057,384.28499999999997,3.9362390890004493,404.3,0,-7.6414294623809695,6.275290474517615,0.33781821758227526
2022-03-24,414.2,365.6827,386.28499999999997,4.318571011133165,408.4,0,-10.459669750187464,7.2265296348551,0.3823319221327157
2022-03-25,410.3,367.79535,387.565,4.079886553849809,414.2,0,-11.20344057916616,5.8661127810818865,-0.2386844572833562
2022-03-26,415.8,405.4469,389.605,4.055060447846749,410.3,0,-1.182817593452964,6.723476341422721,-0.024826106003059678
2022-03-27,430.5,389.15024,392.1,4.7434582429087575,415.8,0,-6.40927416134936,9.79342004590665,0.6883977950620084
2022-03-28,430.2,414.1884,394.54,4.874727753671208,430.5,0,-3.788993029090447,9.03837380240279,0.13126951076245064
2022-03-29,434.2,403.57178,396.59,4.913224148345761,430.2,0,-6.189730975418407,9.483345520562803,0.0384963946745529
2022-03-30,442.1,395.52502,400.09499999999997,5.129244763760971,434.2,0,-8.907180005973627,10.4987565453205,0.21602061541520978
2022-03-31,428.9,442.79025,402.945,4.086966670994688,442.1,1,0.15613044233133958,6.441325739244806,-1.0422780927662831
2022-04-01,447.7,463.968,406.71,4.343499483556435,428.9,1,8.176261846711798,10.07843426520125,0.25653281256174765
2022-04-02,437.2,460.10684,410.5,3.52089667171429,447.7,1,2.771240125310618,6.504263093788061,-0.8226028118421453
2022-04-03,450.4,482.9278,414.35,3.5694885522700073,437.2,1,10.459239572313875,8.700374079884146,0.04859188055571728
2022-04-04,447.6,482.98703,418.145,3.1323629139752516,450.4,1,7.235131001176043,7.044207153021091,-0.4371256382947557
2022-04-05,444.7,443.28915,421.10999999999996,2.400192737977733,447.6,0,-0.9631023117215478,5.60186174633707,-0.7321701759975188
2022-04-06,420.1,443.45352,422.525,0.13116210258819905,444.7,0,-0.2802964406306192,-0.5739305366546251,-2.2690306353895338
2022-04-07,436.0,447.04623,424.465,-0.3978801198588666,420.1,0,6.414242830483063,2.7175385485257975,-0.5290422224470657
2022-04-08,421.5,449.4956,425.54499999999996,-1.7477481775301715,436.0,0,3.0953223552178897,-0.9505457707175409,-1.349868057671305
2022-04-09,426.6,454.61737,427.33500000000004,-2.2865219700909076,421.5,0,7.857027427157473,-0.17199620906315036,-0.5387737925607361
2022-04-10,418.1,440.07828,428.43999999999994,-3.1513829601343737,426.6,0,3.1594649760643696,-2.413406778078592,-0.8648609900434661
2022-04-11,394.6,432.61676,427.95500000000004,-5.125373964027826,418.1,0,3.4720785108601353,-7.794043766283842,-1.9739910038934525
2022-04-12,413.6,433.02832,428.215,-4.967133826622396,394.6,0,9.73855051001013,-3.4130051492824753,0.1582401374054303
2022-04-13,423.4,439.80807,428.675,-4.056549131898608,413.6,0,6.3365751816179525,-1.2305359538111702,0.9105846947237879
2022-04-14,414.7,439.534,428.895,-3.893524882950648,423.4,0,3.8105802035973717,-3.3096678674267577,0.16302424894796008
2022-04-15,417.3,415.98865,428.96999999999997,-3.47758930735021,414.7,0,0.31074209330540425,-2.7204699629344615,0.4159355756004377
2022-04-16,417.3,407.7333,428.31000000000006,-3.082937638535017,417.3,-1,-2.2925217146499848,-2.570568046508381,0.3946516688151931
2022-04-17,406.6,407.539,427.13,-3.3981369671218338,417.3,-1,-2.3390842403921064,-4.806499192283374,-0.31519932858681665
2022-04-18,416.8,389.90912,426.26000000000005,-2.8001996638248254,406.6,-1,-4.104988034347337,-2.2193027729554813,0.5979373032970083
2022-04-19,422.3,405.83047,425.27,-1.9548316700296926,416.8,-1,-2.6318438451258124,-0.6983798527993911,0.8453679937951328
2022-04-20,418.4,424.4956,424.745,-1.5941250831867722,422.3,0,0.519916047537293,-1.4938374789579694,0.36070658684292045
2022-04-21,404.9,416.6703,422.605,-2.165119951217995,418.4,-1,-0.41341106932659594,-4.189491369008895,-0.5709948680312227
2022-04-22,406.6,440.62296,421.075,-2.315191510245125,404.9,-1,8.822661230492875,-3.437629875912834,-0.15007155902712999
2022-04-23,401.1,425.68768,418.61,-2.647779884442693,406.6,-1,4.694462150877699,-4.182890996392821,-0.33258837419756837
2022-04-24,398.8,415.44714,416.16999999999996,-2.867080080135072,401.1,0,3.576949278156938,-4.173775139966828,-0.2193001956923788
2022-04-25,404.3,414.30515,414.15,-2.499564928431588,398.8,0,3.8879501664172174,-2.37836532657249,0.36751515170348403
2022-04-26,385.9,412.06003,412.44000000000005,-3.3030561881853306,404.3,0,1.9193737512173792,-6.434875375812258,-0.8034912597537427
2022-04-27,391.3,407.3302,410.20500000000004,-3.2720025088808544,385.9,0,5.55330401536992,-4.608671274119045,0.031053679304476223
2022-04-28,407.1,407.87274,409.485,-2.0483388555002833,391.3,0,4.235303270947799,-0.582438917176451,1.2236636533805711
2022-04-29,393.0,399.17633,407.805,-2.0447964153421307,407.1,-1,-1.9463693032654807,-3.630411593776439,0.0035424401581525267
2022-04-30,377.1,381.38177,405.755,-2.9163993047440133,393.0,-1,-2.9562913734494276,-7.0621434116646675,-0.8716028894018826
2022-05-01,389.9,384.42313,405.52000000000004,-2.4526214531043546,377.1,-1,1.9419586901891015,-3.851844545275217,0.4637778516396587
2022-05-02,389.5,392.9315,404.315,-2.012967966930624,389.9,0,0.7775039848959728,-3.6642222029852958,0.43965348617373046
2022-05-03,383.9,375.48297,402.34000000000003,-1.9387464185761187,389.5,-1,-3.598723699253851,-4.583188348163258,0.07422154835450545
2022-05-04,402.6,356.3346,401.735,-0.542273319438495,383.9,-1,-7.180360842260349,0.21531606656129265,1.3964730991376237
2022-05-05,378.4,407.55988,399.79,-1.1267858191506104,402.6,-1,1.231961124759371,-5.350308912178905,-0.5845124997121154
2022-05-06,379.1,384.57123,397.88,-1.3306726011901535,378.4,0,1.6308742144143165,-4.720016085251828,-0.20388678203954314
2022-05-07,365.5,373.04083,395.825,-2.1948621958837133,379.1,-1,-1.598303212996247,-7.661213920293056,-0.8641895946935598
2022-05-08,355.9,381.85626,392.78000000000003,-3.167341364608033,365.5,-1,4.475037539543433,-9.389480116095537,-0.9724791687243197
2022-05-09,296.1,371.688,386.47,-7.353143087436544,355.9,-1,4.4360742571649405,-23.38344502807462,-4.185801722828511
2022-05-10,319.1,334.7935,381.505,-8.032704627167966,296.1,0,13.067709405210435,-16.35758378002909,-0.6795615397314219
2022-05-11,271.5,352.89496,374.835,-10.966217915292152,319.1,0,10.590710904448049,-27.568129977189958,-2.9335132881241854
2022-05-12,269.0,353.80066,367.955,-12.25551401199947,271.5,0,30.313318298227436,-26.893234227011455,-1.289296096707318
2022-05-13,290.6,371.93585,362.43,-10.880721101582267,269.0,0,38.2661160040079,-19.818999530943902,1.3747929104172023
2022-05-14,296.9,358.7258,357.335,-8.85980862165794,290.6,0,23.443151947882605,-16.91270096687982,2.020912479924327
2022-05-15,312.4,312.09412,352.74,-5.932544681453571,296.9,0,5.1175871373989645,-11.436185292283277,2.9272639402043694
2022-05-16,297.2,341.3882,348.305,-4.53633002755404,312.4,0,9.27919785893987,-14.672485321772587,1.3962146538995306
2022-05-17,306.2,354.003,344.05,-2.6182126061238904,297.2,0,19.1127155863581,-11.001307949425962,1.91811742143015
2022-05-18,287.7,359.1743,338.08,-2.2225458445590327,306.2,0,17.300550584151498,-14.901798390913394,0.3956667615648577
2022-05-19,307.1,362.32422,333.78499999999997,-0.3781080770326355,287.7,0,25.938206030587423,-7.994667225908877,1.8444377675263972
2022-05-20,302.2,316.7708,330.04,0.7277953681310265,307.1,0,3.149076192862659,-8.435341170767188,1.105903445163662
2022-05-21,312.4,306.9453,326.16499999999996,2.2748144525958764,302.2,0,1.570255625413637,-4.220256618582615,1.54701908446485
2022-05-22,319.4,319.6153,322.65999999999997,3.8078176907073633,312.4,0,2.3096336140064895,-1.0103514535424258,1.5330032381114869
2022-05-23,317.2,313.407,319.325,4.655872211065272,319.4,0,-1.8763265687372739,-0.6654662178031786,0.8480545203579091
2022-05-24,328.3,321.80032,315.61,5.868320979715911,317.2,1,1.4502911369256422,4.02078514622477,1.2124487686506384
2022-05-25,325.7,319.54834,312.975,6.357929350923445,328.3,1,-2.6657508852421596,4.06581995367041,0.48960837120753453
2022-05-26,303.0,314.45822,309.16999999999996,5.071583235098402,325.7,1,-3.451574628324567,-1.9956658149238151,-1.2863461158250438
2022-05-27,301.6,312.47375,305.975,4.087292716982539,303.0,0,3.1266517765057755,-1.429855380341531,-0.9842905181158628
2022-05-28,307.5,321.17575,303.555,3.800476110136671,301.6,1,6.49063353197011,1.2995997430449153,-0.28681660684586774
2022-05-29,305.8,333.9186,304.03999999999996,3.4721817402060786,307.5,1,8.591417762322154,0.5788712011577581,-0.32829436993059247
2022-05-30,321.8,307.4466,304.175,4.256758490320838,305.8,1,0.5384546233751597,5.794361798306896,0.7845767501147591
2022-05-31,320.9,317.94955,306.64500000000004,4.609511956719352,321.8,0,-1.19653373419535,4.648698005837348,0.35275346639851435
2022-06-01,300.4,309.5078,308.21500000000003,3.411782814101656,320.9,0,-3.5500740105951945,-2.535567704362232,-1.1977291426176961
2022-06-02,308.3,320.4461,309.1,3.109673660057547,300.4,0,6.67313780194117,-0.25881591717891017,-0.30210915404410876
2022-06-03,298.6,331.61557,309.18500000000006,2.254480366391064,308.3,0,7.562624089639755,-3.423516664779997,-0.855193293666483
2022-06-04,301.3,305.17474,308.63,1.8836559091731377,298.6,0,2.2018565480052668,-2.375012150471433,-0.37082445721792645
2022-06-05,299.1,297.76056,308.725,1.5188639001152033,301.3,0,-1.1747231722431999,-3.1176613490970926,-0.3647920090579344
2022-06-06,295.1,311.76727,308.17,1.058642319666248,299.1,0,4.2351297055228105,-4.241165590420869,-0.46022158044895534
2022-06-07,290.3,319.8572,308.3,0.5092659173326748,295.1,0,8.389430109099662,-5.838469023678235,-0.5493764023335732
2022-06-08,288.5,318.5038,307.37,0.12310049008308965,290.3,0,9.715402927063593,-6.139180791879495,-0.38616542724958514
2022-06-09,289.9,287.20184,306.755,0.06341192319762357,288.5,0,-0.4499676735810225,-5.494612964743857,-0.05968856688546609
2022-06-10,286.4,292.17398,305.45500000000004,-0.101369380519154,289.9,0,0.784401763673904,-6.2382347645316205,-0.16478130371677757
2022-06-11,269.9,290.35413,302.98,-1.1527812557745687,286.4,0,1.3806305784087023,-10.918212423262275,-1.0514118752554147
2022-06-12,254.8,287.0144,299.86,-2.6128270974949253,269.9,0,6.341016782836245,-15.027012605882744,-1.4600458417203566
2022-06-13,223.0,294.05884,294.59499999999997,-5.312258601484844,254.8,0,15.407707178424248,-24.302856463958985,-2.699431503989919
2022-06-14,223.0,252.7222,289.46,-6.605494946342901,223.0,0,13.328340128398262,-22.959994472465965,-1.293236344858057
2022-06-15,233.6,240.87317,285.99,-6.258039326211019,223.0,0,8.014873966507848,-18.318822336445333,0.3474556201318819
2022-06-16,210.2,261.14703,281.41999999999996,-7.055981197964204,233.6,0,11.792394559677335,-25.30736976760713,-0.797941871753185
2022-06-17,215.8,260.72617,276.835,-6.663212336999688,210.2,0,24.037186380344618,-22.04742897393753,0.3927688609645159
2022-06-18,197.0,283.7541,271.395,-7.086682837785197,215.8,0,31.489383389929905,-27.412074651338454,-0.4234705007855091
2022-06-19,215.1,202.96529,266.06000000000006,-5.628533555380734,197.0,0,3.028064088773001,-19.15357438171843,1.458149282404463
2022-06-20,216.5,205.68034,260.84,-4.1203864600137265,215.1,-1,-4.379198685295354,-16.998926545008427,1.5081470953670078
2022-06-21,220.1,234.1438,256.825,-2.5101712123247175,216.5,-1,8.149560659642033,-14.29962036406113,1.610215247689009
2022-06-22,214.4,240.34692,252.13000000000002,-1.508174853743352,220.1,-1,9.198965846490234,-14.964502439217869,1.0019963585813656
2022-06-23,228.9,256.26062,248.64499999999998,0.3526296281469321,214.4,0,19.524542965106107,-7.941040439180348,1.860804481890284
2022-06-24,240.2,229.0828,245.59,2.4491517196059966,228.9,0,0.07985766249590184,-2.194714768516639,2.0965220914590645
2022-06-25,239.7,231.36237,242.61999999999998,3.824883344531173,240.2,0,-3.679281547603555,-1.203528151018048,1.3757316249251765
2022-06-26,233.9,217.09781,239.56,4.329768042927277,239.7,0,-9.429366358827435,-2.362664885623642,0.5048846983961042
2022-06-27,233.8,208.00159,236.73500000000004,4.616248135280042,233.9,0,-11.072429707540618,-1.2397828795911165,0.2864800923527646
2022-06-28,226.9,242.2201,233.65500000000003,4.306337214706716,233.8,0,3.6014083718723215,-2.891014529969409,-0.30991092057332637
2022-06-29,219.7,225.34177,230.14499999999998,3.6099056910651264,226.9,0,-0.6867490712111638,-4.538443155402026,-0.6964315236415892
2022-06-30,219.6,213.94614,226.805,3.152596340663255,219.7,0,-2.618963825849164,-3.1767377262406082,-0.4573093504018715
2022-07-01,216.9,222.73438,224.15500000000003,2.6960257170066626,219.6,0,1.4273110200364325,-3.2365996743325036,-0.4565706236565923
2022-07-02,218.3,230.6128,222.33,2.519359933195222,216.9,0,6.322172876325492,-1.8126208788737466,-0.1766657838114405
2022-07-03,219.2,242.18958,222.14000000000001,2.4897432298438993,218.3,0,10.943460923184832,-1.3234896911857503,-0.029616703351322826
2022-07-04,231.5,215.07948,222.565,3.2756933369171115,219.2,0,-1.8797978867579501,4.014557544986859,0.7859501070732122
2022-07-05,230.8,213.41722,222.425,3.6945285199268803,231.5,0,-7.8111356071983,3.765314150837361,0.41883518300976874
2022-07-06,238.6,228.39111,223.84499999999997,4.3953367129728615,230.8,0,-1.043711749891686,6.5916147334092905,0.7008081930459813
2022-07-07,241.4,248.24268,225.125,4.907036421932094,238.6,1,4.041356153080472,7.2293170460855105,0.5116997089592328
2022-07-08,240.7,243.61522,227.31,5.038836500459698,241.4,1,0.9176549777178673,5.890633936034485,0.13180007852760411
2022-07-09,243.3,231.34366,228.72000000000003,5.124727435567891,240.7,1,-3.887138160670695,6.374606505771241,0.08589093510819268
2022-07-10,234.7,227.60968,229.62999999999997,4.4509027390330065,243.3,0,-6.4489600592761045,2.20789966467797,-0.6738246965348846
2022-07-11,225.6,235.37254,229.90500000000003,3.2941726671805514,234.7,0,0.2865544673885594,-1.8725125595354755,-1.1567300718524551
2022-07-12,220.6,241.8283,230.215,2.149548899084463,225.6,0,7.193392219272914,-4.176530634406971,-1.1446237680960882
2022-07-13,230.5,259.7878,230.295,2.018500131102609,220.6,1,17.76419368961781,0.08901626175123756,-0.13104876798185394
2022-07-14,238.5,241.77927,230.20999999999998,2.403756198594019,230.5,1,4.893391044434653,3.6010599018287746,0.38525606749140984
2022-07-15,238.5,243.12137,230.15,2.5764064176620725,238.5,1,1.937680674299004,3.6280686508798587,0.17265021906805345
2022-07-16,249.8,231.0847,230.945,3.322016249783907,238.5,0,-3.1091398163161688,8.16428153889455,0.7456098321218345
2022-07-17,247.8,222.95352,231.64500000000004,3.5313134920509186,249.8,0,-10.747189059841627,6.97403354270542,0.20929724226701163
2022-07-18,264.1,232.32028,233.50500000000002,4.55330335591505,247.8,0,-6.2468595712583275,13.102503158390611,1.0219898638641314
2022-07-19,268.6,268.21094,235.95,5.267672480666751,264.1,1,1.5565836804240731,13.837677474041127,0.714369124751701
2022-07-20,258.2,272.01028,237.87999999999997,4.788893193781124,268.6,1,1.2696516842249075,8.542122078358846,-0.47877928688562665
2022-07-21,265.6,274.26532,240.315,4.712409558643256,258.2,1,6.222044858334145,10.521607057403836,-0.07648363513786816
2022-07-22,262.4,257.92883,242.51999999999998,4.204878671722279,265.6,0,-2.8882405844079524,8.197262081477815,-0.5075308869209776
2022-07-23,259.2,249.34486,244.51999999999998,3.444197556851698,262.4,0,-4.97528052911525,6.003598887616558,-0.7606811148705805
2022-07-24,261.4,250.90906,246.01500000000001,2.9014883061384182,259.2,0,-3.198666042751732,6.253683718472436,-0.5427092507132798
2022-07-25,244.6,255.46771,246.70499999999998,1.3047006214730574,261.4,0,-2.2694290733191385,-0.8532457793721205,-1.5967876846653608
2022-07-26,249.4,246.51506,247.24500000000003,0.5064311061273976,244.6,1,0.7829355784156555,0.8716050880705262,-0.7982695153456598
2022-07-27,271.6,244.20544,248.75500000000002,1.3597770080119087,249.4,1,-2.08282103611167,9.1837350003015,0.8533459018845111
2022-07-28,277.2,238.15991,250.58,2.14111722781535,271.6,1,-12.312256218934102,10.623353819139586,0.7813402198034414
2022-07-29,293.6,294.92017,253.09499999999997,3.520717265611773,277.2,1,6.392556282693006,16.003872063849563,1.3796000377964228
2022-07-30,287.8,296.97696,255.75,3.778197489876942,293.6,1,1.1501904729276573,12.53176930596286,0.25748022426516926
2022-07-31,283.4,297.42477,258.64,3.399590668286633,287.8,1,3.344257876970765,9.573151871326937,-0.3786068215903091
2022-08-01,283.2,300.04007,261.77000000000004,2.9024298378485103,283.4,1,5.871584184925246,8.18657600183365,-0.49716083043812276
2022-08-02,283.8,291.99445,264.43500000000006,2.4014625500407476,283.2,1,3.105383404230672,7.323160701117456,-0.5009672878077627
2022-08-03,297.5,288.5756,267.38500000000005,2.754908958627105,283.8,1,1.6827315155093776,11.262785870561157,0.35344640858635756
2022-08-04,311.8,281.2507,271.05,3.6573686781018004,297.5,0,-5.461948939732142,15.03412654491791,0.9024597194746953
2022-08-05,315.9,270.97797,274.355,4.197354820979976,311.8,0,-13.092377707314387,15.142789451622882,0.5399861428781758
2022-08-06,315.2,275.44272,277.725,4.165951175433708,315.9,0,-12.806990026635203,13.49356377711764,-0.031403645546268066
2022-08-07,322.8,275.0631,280.65999999999997,4.298249275426784,315.2,0,-12.733784786940827,15.01460842300294,0.13229809999307562
2022-08-08,324.9,328.0301,283.475,4.165423442537996,322.8,1,1.6202262490803094,14.613281594496852,-0.1328258328887877
2022-08-09,324.4,327.2594,286.78499999999997,3.6979662459372395,324.9,1,0.7261924943251841,13.116097424900191,-0.4674571966007566
2022-08-10,328.8,327.96738,289.945,3.3495516117412762,324.4,1,1.099684558873119,13.400817396402772,-0.3484146341959633
2022-08-11,323.6,323.17947,293.005,2.473731141958023,328.8,0,-1.709405755184576,10.441801334448227,-0.8758204697832532
2022-08-12,327.9,315.6162,296.43999999999994,1.9138845408392235,323.6,0,-2.4671783258652726,10.612602887599529,-0.5598466011187995
2022-08-13,324.3,331.74326,299.585,1.0729106489344424,327.9,1,1.1720816148930766,8.249745481249073,-0.8409738919047811
2022-08-14,317.6,334.82922,303.235,-0.10046327966839286,324.3,1,3.246754126676685,4.737249987633357,-1.1733739286028353
2022-08-15,319.5,316.64932,306.74,-0.8716080264010344,317.6,1,-0.2993317034743066,4.159874812544824,-0.7711447467326416
2022-08-16,316.1,308.33258,308.96500000000003,-1.686465679764808,319.5,0,-3.4952799479166665,2.309323062482802,-0.8148576533637737
2022-08-17,306.9,316.4499,310.45,-2.852304205188922,316.1,0,0.11068969842414654,-1.1435013689805158,-1.165838525424114
2022-08-18,298.1,308.89362,310.675,-4.144987515858867,306.9,0,0.6495978242607601,-4.0476382071296335,-1.2926833106699451
2022-08-19,279.1,307.35715,310.24,-6.090902991272694,298.1,0,3.1053831656480546,-10.037390407426503,-1.9459154754138268
2022-08-20,283.7,313.53366,310.255,-6.824264361566891,279.1,0,12.337391934314528,-8.559088491724552,-0.7333613702941975
2022-08-21,301.9,312.60297,311.18999999999994,-5.875702188188713,283.7,0,10.187862639617117,-2.9853144381246075,0.9485621733781784
2022-08-22,300.0,325.88382,312.0,-5.192011247379517,301.9,0,7.94429267309644,-3.8461538461538463,0.6836909408091962
2022-08-23,299.3,295.9619,312.09000000000003,-4.621761832149053,300.0,-1,-1.3460286458333333,-4.098176807972066,0.5702494152304638
2022-08-24,296.4,299.53085,311.32000000000005,-4.282373714359806,299.3,-1,0.07713106297506302,-4.792496466658124,0.33938811778924727
2022-08-25,301.2,320.0802,310.585,-3.6043198639006953,296.4,-1,7.989271320955643,-3.0217170822802104,0.6780538504591105
2022-08-26,279.6,318.62952,308.805,-4.426112947259171,301.2,0,5.786692098792335,-9.457424588332437,-0.8217930833584761
2022-08-27,277.9,320.86224,306.56,-4.864841763803533,279.6,0,14.757597872798184,-9.348903966597085,-0.43872881654436124
2022-08-28,276.5,272.33047,304.14,-5.010241171987382,277.9,-1,-2.0041472279540673,-9.087920036825142,-0.14539940818384967
2022-08-29,285.9,270.59195,302.21500000000003,-4.263515190178345,276.5,-1,-2.1367271381950723,-5.398474595900287,0.7467259818090373
2022-08-30,281.6,275.09778,299.855,-3.8613514878984057,285.9,-1,-3.7783216787993976,-6.087942505544344,0.40216370227993936
2022-08-31,279.2,274.07132,297.635,-3.5661804705986144,281.6,-1,-2.6735370809381735,-6.1938280108186206,0.2951710172997912
2022-09-01,278.3,266.57224,295.15500000000003,-3.249689205542328,279.2,-1,-4.522838428573823,-5.710558858904649,0.31649126505628633
2022-09-02,277.5,278.96222,292.815,-2.922637351899678,278.3,0,0.23795157681683024,-5.2302648429896,0.3270518536426499
2022-09-03,277.8,284.77762,290.825,-2.529250212606005,277.5,0,2.62256519214527,-4.478638356399889,0.3933871392936732
2022-09-04,279.1,292.70163,288.80499999999995,-2.0453250686106257,277.8,0,5.364157537318885,-3.3603988850608295,0.48392514399537934
2022-09-05,276.9,290.0868,286.845,-1.748720726781177,279.1,0,3.9365073422384365,-3.4670292318151086,0.2966043418294486
2022-09-06,262.5,288.71823,284.625,-2.3596637347658462,276.9,0,4.268050271279126,-7.7733860342556,-0.6109430079846692
2022-09-07,278.9,263.19827,283.665,-1.5364510009395982,262.5,0,0.26600864955357145,-1.67979835369187,0.823212733826248
2022-09-08,280.5,262.48557,283.735,-0.7984909460399923,278.9,-1,-5.885419438670887,-1.1401483778878225,0.7379600548996059
2022-09-09,293.4,257.43552,284.21999999999997,0.5703088193519639,280.5,-1,-8.222632314644608,3.2298923369221058,1.3687997653919561
2022-09-10,296.7,261.05954,283.96000000000004,1.648802526537747,293.4,-1,-11.022651739972087,4.486547401042383,1.0784937071857832
2022-09-11,295.3,261.21854,283.725,2.1851006239263007,296.7,0,-11.958700243696281,4.079654595118509,0.5362980973885536
2022-09-12,294.1,294.47504,283.46500000000003,2.3612306311540565,295.3,0,-0.2793645035239625,3.751785934771485,0.17613000722775585
2022-09-13,277.4,296.26385,282.515,1.3078257196544194,294.1,0,0.7357548386496862,-1.81052333504416,-1.053404911499637
2022-09-14,279.3,297.46814,281.41999999999996,0.7230211149235304,277.4,0,7.234369015298315,-0.753322436216313,-0.584804604730889
2022-09-15,271.1,289.6085,280.995,-0.1836237880288616,279.3,0,3.6908306445522245,-3.5214149717966445,-0.906644902952392
2022-09-16,274.9,294.67227,280.84499999999997,-0.47823364928322665,271.1,0,8.695046746040427,-2.116826007228184,-0.29460986125436506
2022-09-17,279.1,279.94894,280.975,-0.34717081099322566,274.9,0,1.8366475415776276,-0.6673191565085861,0.13106283829000098
2022-09-18,266.2,274.9394,279.99,-1.0466658806119815,279.1,-1,-1.4907230061469985,-4.925175899139262,-0.6994950696187558
2022-09-19,271.9,269.50488,279.505,-1.0406757586479891,266.2,-1,1.2415036861382462,-2.7208815584694435,0.005990121963992401
2022-09-20,266.3,273.52084,278.86,-1.3115828887894705,271.9,-1,0.5961175085911725,-4.50405221257979,-0.2709071301414814
2022-09-21,264.0,286.23032,278.145,-1.5282547994367608,266.3,0,7.484159279800736,-5.085476999406778,-0.2166719106472903
2022-09-22,275.3,264.15164,278.03499999999997,-0.8281713958842438,264.0,0,0.057440093069365525,-0.9836891038897826,0.700083403552517
2022-09-23,276.7,258.11472,277.97999999999996,-0.22009035240199903,275.3,-1,-6.242384461978982,-0.46046478163895704,0.6080810434822448
2022-09-24,274.4,253.07922,277.745,0.06282505537192051,276.7,-1,-8.536601506030896,-1.2043421123692695,0.28291540777391955
2022-09-25,274.3,243.88516,277.61499999999995,0.26735771840742784,274.4,-1,-11.120567655424328,-1.194099742449054,0.20453266303550732
2022-09-26,276.1,240.65494,278.29499999999996,0.5326838543289365,274.3,0,-12.26579010421414,-0.7887313821663834,0.26532613592150867
2022-09-27,272.3,271.6677,277.96500000000003,0.46361231518068236,276.1,0,-1.6053262977917955,-2.0380263702264747,-0.06907153914825415
2022-09-28,281.6,268.89267,278.02,1.0235223656415657,272.3,0,-1.2513148447541815,1.2876771455291136,0.5599100504608834
2022-09-29,284.1,269.18143,277.555,1.5120215525498777,281.6,0,-4.410004615783699,2.358091189133691,0.48849918690831196
2022-09-30,284.8,272.73444,276.96,1.8118358612167493,284.1,0,-4.000550498009072,2.8307336799537954,0.29981430866687164
2022-10-01,282.9,279.86197,276.34000000000003,1.80761391580512,284.8,0,-1.733859201495571,2.373887240356063,-0.004221945411629235
2022-10-02,284.7,293.54355,275.87,1.8450546962215864,282.9,1,3.762300665954188,3.2007829774893914,0.03744078041646626
2022-10-03,286.9,290.20044,276.345,1.9279679711268087,284.7,1,1.9320124528011982,3.819500986086214,0.08291327490522238
2022-10-04,296.2,287.8718,277.19,2.483747257862118,286.9,1,0.3387227794691174,6.858111764493666,0.5557792867353093
2022-10-05,294.2,276.47134,278.34499999999997,2.5799743677324143,296.2,0,-6.660586092457583,5.69616842407804,0.09622710987029626
2022-10-06,287.0,288.06424,278.95,2.0453865567306897,294.2,0,-2.085574608445569,2.885821831869515,-0.5345878110017246
2022-10-07,282.3,285.03598,279.11,1.2983224605016281,287.0,0,-0.6843274478712978,1.1429185625738947,-0.7470640962290616
2022-10-08,276.4,291.84915,279.62,0.37770434333863634,282.3,0,3.382625437948322,-1.1515628352764564,-0.9206181171629918
2022-10-09,278.2,295.8802,279.93500000000006,-0.1128986020988002,276.4,0,7.047824887221879,-0.6197867362066445,-0.49060294543743654
2022-10-10,271.5,291.4449,280.19500000000005,-0.850450975293124,278.2,0,4.760922089829713,-3.1031959885080207,-0.7375523731943238
2022-10-11,271.4,292.26227,280.565,-1.2809878204518403,271.5,0,7.647244223354052,-3.26662270775044,-0.4305368451587164
2022-10-12,270.9,274.29654,280.34499999999997,-1.5191312628323765,271.4,0,1.0672584033311157,-3.3690631186573663,-0.2381434423805362
2022-10-13,271.6,266.95972,280.09000000000003,-1.5441587708503353,270.9,-1,-1.4545157634274557,-3.0311685529651213,-0.02502750801795872
2022-10-14,269.4,267.19418,279.84,-1.6158491315066308,271.6,-1,-1.6221710789361736,-3.7307032590051454,-0.07169036065629553
2022-10-15,268.2,263.92267,279.535,-1.645528226177551,269.4,-1,-2.0331594443091046,-4.054948396444107,-0.029679094670920225
2022-10-16,272.5,265.2214,279.355,-1.2925720033565233,268.2,-1,-1.1105872373986256,-2.453866943494843,0.3529562228210277
2022-10-17,275.6,273.20013,279.52,-0.7919250883673818,272.5,0,0.25693001003440363,-1.4024041213508727,0.5006469149891415
2022-10-18,273.1,266.89008,279.09499999999997,-0.5805272072475671,275.6,-1,-3.1603498970995183,-2.148014117056898,0.21139788111981472
2022-10-19,272.0,269.82162,278.49,-0.47083897484014603,273.1,-1,-1.2004303347274432,-2.330424790836299,0.1096882324074211
2022-10-20,269.0,272.89362,277.7,-0.5508308421853121,272.0,-1,0.3285351921530331,-3.132877205617569,-0.07999186734516606
2022-10-21,270.1,265.0219,277.06,-0.48260933891130486,269.0,-1,-1.478843263533922,-2.5120912437739045,0.06822150327400722
2022-10-22,270.4,267.27353,276.345,-0.3750210169845687,270.1,-1,-1.0464535162034978,-2.151296386762941,0.10758832192673617
2022-10-23,276.0,263.05045,275.8,0.09069007358531866,270.4,0,-2.718030489408045,0.07251631617113438,0.46571109056988735
2022-10-24,274.1,263.59613,274.695,0.27761305297611694,276.0,0,-4.494155662647192,-0.2166038697464353,0.18692297939079827
2022-10-25,284.2,266.29904,274.19500000000005,1.0451774633567386,274.1,0,-2.8460263597056357,3.648863035430966,0.7675644103806216
2022-10-26,290.2,269.39578,274.355,1.8724050865466568,284.2,0,-5.209084281948228,5.775364035647234,0.8272276231899183
2022-10-27,286.7,284.45648,274.575,2.0831284205118044,290.2,0,-1.9791585342543896,4.415915505781663,0.21072333396514753
2022-10-28,297.9,286.22955,275.65,2.829764131369216,286.7,0,-0.1640902606709936,8.071830219481226,0.7466357108574115
2022-10-29,304.4,294.1336,276.96,3.5667668351936976,297.9,0,-1.264314885185877,9.907567879838245,0.7370027038244817
2022-10-30,313.5,295.90363,279.06,4.416893400084354,304.4,0,-2.7911874217210015,12.341431950118253,0.8501265648906564
2022-10-31,325.7,291.30655,281.775,5.481126534549098,313.5,0,-7.079250694652113,15.588678910478224,1.064233134464744
2022-11-01,323.9,323.42538,284.425,5.717828769881356,325.7,0,-0.6983774880305844,13.878878438955775,0.23670223533225787
2022-11-02,320.2,313.43637,286.855,5.289156697649018,323.9,0,-3.2305122415531344,11.62433982325564,-0.42867207223233805
2022-11-03,329.5,304.29782,289.86,5.283487169880411,320.2,0,-4.966326969106219,13.675567515352233,-0.005669527768606741
2022-11-04,354.6,297.51306,294.17999999999995,6.539521600393989,329.5,0,-9.7077203267261,20.53844584947994,1.2560344305135782
2022-11-05,349.2,303.92435,298.015,6.559180589370003,354.6,0,-14.290934313641257,17.175309967619082,0.019658988976013703
2022-11-06,337.9,360.99042,301.13,5.411398931602674,349.2,1,3.3764082131926583,12.210673131205786,-1.1477816577673288
2022-11-07,337.0,347.09003,304.325,4.243426735584862,337.9,1,2.7197475156758726,10.736876694323506,-1.1679721960178124
2022-11-08,327.4,319.9984,307.09499999999997,2.5591412307442507,337.0,1,-5.0449812801372405,6.611960468259011,-1.6842855048406111
2022-11-09,267.3,297.20425,307.01,-2.589091247419967,327.4,-1,-9.222891218573412,-12.934432103188815,-5.148232478164218
2022-11-10,304.0,285.67685,308.70500000000004,-3.4551288068805732,267.3,-1,6.874990409739754,-1.5241087769877522,-0.8660375594606062
2022-11-11,290.4,295.83105,309.705,-4.79392398385008,304.0,-1,-2.687153063322368,-6.233351092168356,-1.3387951769695068
2022-11-12,282.8,272.90204,310.04499999999996,-5.965020315829886,290.4,-1,-6.025468810530726,-8.78743408214935,-1.1710963319798058
2022-11-13,276.4,261.43414,310.15999999999997,-6.879438771288889,282.8,-1,-7.555112069870495,-10.884704668558163,-0.9144184554590034
2022-11-14,279.0,263.06775,309.9,-6.995002573095315,276.4,-1,-4.823535085587004,-9.97095837366892,-0.11556380180642556
2022-11-15,277.0,267.95215,309.23999999999995,-6.881419936681523,279.0,-1,-3.9598034274193545,-10.425559436036721,0.11358263641379196
2022-11-16,271.8,270.3093,308.495,-6.818699317795414,277.0,-1,-2.415416731300767,-11.894844324867499,0.06272061888610914
2022-11-17,267.9,271.1331,306.995,-6.692641786628309,271.8,-1,-0.24536896313351228,-12.734735093405439,0.1260575311671044
2022-11-18,274.1,270.75482,305.47999999999996,-5.873681760995027,267.9,0,1.065629629467627,-10.272358255859611,0.8189600256332819
2022-11-19,272.6,264.22824,303.435,-5.141363815932278,274.1,-1,-3.6015173415553257,-10.161978677476222,0.732317945062749
2022-11-20,264.2,266.1027,300.36,-4.930364437427816,272.6,-1,-2.383458675572046,-12.038886669330145,0.2109993785044626
2022-11-21,253.9,264.38638,296.86,-5.167194636294724,264.2,-1,0.0705461985770766,-14.47146803206899,-0.23683019886690815
2022-11-22,266.7,263.75006,294.18500000000006,-4.18633559200922,253.9,0,3.8795041493329046,-9.342760507843725,0.9808590442855039
2022-11-23,298.8,264.26102,292.65,-1.2524483552670782,266.7,0,-0.914504369815097,2.1014864172219494,2.933887236742142
2022-11-24,300.2,266.667,289.93,0.7954122030379835,298.8,0,-10.754018678882199,3.5422343324250614,2.0478605583050618
2022-11-25,300.8,270.3687,287.51,2.127709133732333,300.2,0,-9.937137448732091,4.622447914855143,1.3322969306943495
2022-11-26,311.4,298.40134,286.185,3.5749905974576643,300.8,0,-0.7974279687759761,8.810734315215674,1.4472814637253313
2022-11-27,307.6,298.22244,284.715,4.091350767326283,311.4,0,-4.2317139926290475,8.037862423827354,0.5163601698686184
2022-11-28,293.5,292.13605,283.02,3.3305120984828194,307.6,0,-5.027292794772032,3.7029185216592535,-0.7608386688434634
2022-11-29,295.4,296.13992,284.425,2.8225260715519243,293.5,1,0.8994627242600086,3.858662213237221,-0.5079860269308951
2022-11-30,300.6,291.7467,284.255,2.7038178316838675,295.4,1,-1.2367284693424094,5.750118731420741,-0.11870823986805679
2022-12-01,292.3,295.62973,284.35,1.9676232399697287,300.6,1,-1.6534496924120585,2.795850184631612,-0.7361945917141388
2022-12-02,293.4,292.02975,284.88,1.4783941311314746,292.3,0,-0.09245479347524337,2.990732940185335,-0.4892291088382541
2022-12-03,290.4,303.82077,285.58000000000004,0.9045824198157627,293.4,1,3.551728106227641,1.687793262833509,-0.5738117113157118
2022-12-04,291.8,313.48083,286.22,0.5865721244753292,290.4,1,7.947945923187853,1.9495492977429891,-0.31801029534043346
2022-12-05,288.4,313.94757,286.79,0.13790212329223922,291.8,1,7.589983139404126,0.5613863802782373,-0.44867000118309003
2022-12-06,290.2,286.7539,287.71,-0.03760528234169827,288.4,0,-0.5707675970873708,0.8654547982343365,-0.1755074056339375
2022-12-07,284.2,285.80072,288.525,-0.5303913446412456,290.2,-1,-1.5159475482964295,-1.4990035525517682,-0.49278606229954736
2022-12-08,290.4,288.2151,289.34000000000003,-0.416424494816636,284.2,-1,1.4127684344211864,0.3663510057371761,0.11396684982460958
2022-12-09,286.0,284.74448,290.01,-0.6036491258285062,290.4,-1,-1.9474943807302352,-1.3827109410020313,-0.18722463101187015
2022-12-10,288.2,282.29535,291.21,-0.547267697788364,286.0,-1,-1.2953324751420454,-1.0336183510181625,0.05638142804014212
2022-12-11,284.4,287.78775,292.735,-0.7228129681136639,288.2,-1,-0.1430429409643871,-2.8472850871949156,-0.17554527032529987
2022-12-12,276.1,290.8581,293.205,-1.3200550768775021,284.4,0,2.270778221420103,-5.833802288501206,-0.5972421087638382
2022-12-13,272.2,290.42914,291.875,-1.866493782774427,276.1,0,5.189836357694214,-6.740899357601717,-0.5464387058969249
2022-12-14,267.7,290.8843,290.25,-2.3864811614763086,272.2,0,6.864183637519522,-7.769164513350564,-0.5199873787018816
2022-12-15,258.8,293.03683,288.15,-3.137989210605074,267.7,0,9.464637548299173,-10.185667187228862,-0.7515080491287653
2022-12-16,231.2,256.93884,284.14,-5.181452838142448,258.8,-1,-0.719148851067431,-18.6316604490744,-2.043463627537374
2022-12-17,242.1,253.06592,280.865,-5.458777816770145,231.2,-1,9.457576976102947,-13.802004521745328,-0.2773249786276972
2022-12-18,251.0,255.17316,278.74,-4.729777141208996,242.1,-1,5.3998995201492175,-9.951926526512164,0.7290006755611493
2022-12-19,240.4,256.6715,275.98999999999995,-4.641910787003402,251.0,0,2.259565254606574,-12.895394760679718,0.08786635420559374
2022-12-20,251.4,258.97348,273.53000000000003,-3.5714597119602036,240.4,0,7.726073304745993,-8.090520235440362,1.0704510750431986
2022-12-21,246.2,253.00842,271.225,-2.9669644586462827,251.4,0,0.6397863371370304,-9.226656834731324,0.604495253313921
2022-12-22,245.8,254.72758,268.84499999999997,-2.3731228289063164,246.2,0,3.4636819004334685,-8.571853670330473,0.5938416297399662
2022-12-23,246.2,254.94043,266.635,-1.760625885520776,245.8,0,3.718645112896659,-7.6640351041686205,0.6124969433855405
2022-12-24,244.5,253.5092,264.27,-1.2985485263170915,246.2,0,2.968806275306539,-7.480985355886019,0.4620773592036844
2022-12-25,243.2,254.526,262.01,-0.9264873867951557,244.5,0,4.100613896344581,-7.179115300942714,0.37206113952193576
2022-12-26,244.3,244.18773,259.71500000000003,-0.4750766842754359,243.2,0,0.4061385204917553,-5.935352213002722,0.4514107025197198
2022-12-27,246.7,244.1801,257.84,0.08645085095250948,244.3,0,-0.04907921109100445,-4.320508842693139,0.5615275352279454
2022-12-28,244.5,246.28397,255.545,0.3938029897897479,246.7,0,-0.1686396171653278,-4.322135044708364,0.30735213883723844
2022-12-29,246.3,251.96335,253.56,0.7801041059705547,244.5,0,3.052494228495654,-2.863227638428771,0.38630111618080676
2022-12-30,245.8,254.23734,251.44,1.047079726974962,246.3,0,3.222628991099518,-2.243079860006358,0.2669756210044074
2022-12-31,246.3,249.41531,249.535,1.2867002934299006,245.8,0,1.4708355251029754,-1.2964113250646143,0.23962056645493846
2023-01-01,244.4,256.12366,247.95,1.3405188921970872,246.3,0,3.9884925808211484,-1.4317402702157624,0.05381859876718664
2023-01-02,245.2,270.38538,246.6,1.4443115359147711,244.4,0,10.632314229362724,-0.5677210056772124,0.10379264371768393
2023-01-03,246.1,273.06454,245.51999999999998,1.577075849193598,245.2,1,11.364006801686129,0.23623330074943488,0.13276431327882676
2023-01-04,258.9,281.74402,245.525,2.476875043554406,246.1,1,14.483550814582488,5.44751043681905,0.8997991943608081
2023-01-05,256.7,255.98975,246.79999999999995,2.8473576243168104,258.9,1,-1.124084166183846,4.011345218800663,0.37048258076240437
2023-01-06,259.9,262.30893,247.69,3.204779177793907,256.7,1,2.1850134177481055,4.929549033065517,0.3574215534770966
2023-01-07,261.3,269.58017,248.205,3.413101569080207,259.9,1,3.7245747124795683,5.275880824318606,0.20832239128630015
2023-01-08,274.9,267.4282,249.93,4.287847239748507,261.3,1,2.345270623295776,9.990797423278506,0.8747456706682994
2023-01-09,272.6,264.46014,250.99,4.509964771761377,274.9,0,-3.797692236097209,8.609904777082757,0.2221175320128701
2023-01-10,277.1,271.46252,252.535,4.735064853886401,272.6,0,-0.41726910709373544,9.727364523729394,0.22510008212502441
2023-01-11,284.8,264.8648,254.48499999999999,5.143658575984274,277.1,0,-4.415443114793855,11.912293455409957,0.4085937220978728
2023-01-12,287.7,273.59338,256.56,5.3277951739984575,284.8,0,-3.9349073774359233,12.137511693171183,0.18413659801418358
2023-01-13,293.7,275.95285,259.02,5.547285285285924,287.7,0,-4.083124663956592,13.388927495946263,0.21949011128746676
2023-01-14,305.1,273.15604,262.115,6.109400258807648,293.7,0,-6.994880361949902,16.399290387806882,0.5621149735217239
2023-01-15,302.2,302.7259,265.01,5.930281710881191,305.1,0,-0.7781412280297517,14.033432700652806,-0.17911854792645698
2023-01-16,299.0,309.02167,267.625,5.263300431315225,302.2,1,2.257335367461536,11.723493694535264,-0.6669812795659658
2023-01-17,299.4,308.78046,270.37,4.543247967242924,299.0,1,3.2710556999895486,10.737137996079436,-0.7200524640723014
2023-01-18,286.7,313.23685,272.39,2.981311475745329,299.4,1,4.621525358660036,5.2534968244061835,-1.5619364914975948
2023-01-19,294.6,308.87076,274.83,2.281426540456879,286.7,1,7.733086172528998,7.1935378233817415,-0.6998849352884502
2023-01-20,305.1,291.86237,277.77,2.319274038054335,294.6,0,-0.9292716487928624,9.839075494113851,0.03784749759745587
2023-01-21,299.0,288.72278,280.5,1.7528745899215572,305.1,0,-5.367820937295156,6.59536541889483,-0.5663994481327776
2023-01-22,303.0,293.8093,283.39,1.4779997062133319,299.0,0,-1.7360215203020484,6.919792512085824,-0.2748748837082253
2023-01-23,305.1,294.25104,286.34000000000003,1.2756339457776509,303.0,0,-2.8874463374071784,6.551651882377589,-0.202365760435681
2023-01-24,300.3,290.36087,288.41,0.6860745384911713,305.1,0,-4.830917613461782,4.122603238445264,-0.5895594072864796
2023-01-25,306.9,315.71866,290.92,0.6106929977462876,300.3,1,5.134418397357846,5.492919015536904,-0.07538154074488368
2023-01-26,304.7,318.45593,293.15999999999997,0.29855247292920595,306.9,1,3.7653739384775244,3.9364169736662644,-0.31214052481708165
2023-01-27,308.0,318.01334,295.495,0.20469561529848868,304.7,1,4.369325953935227,4.231882096143757,-0.09385685763071727
2023-01-28,306.1,273.1838,297.055,-0.07974353159387704,308.0,0,-11.303958645114651,3.044890676810697,-0.2844391468923657
2023-01-29,317.2,256.94058,299.28499999999997,0.3610861861591612,306.1,0,-16.05992085090147,5.985933140651895,0.44082971775303825
2023-01-30,307.2,312.1398,300.79,-0.11398433977330669,317.2,0,-1.5952707990571764,2.1310548887928347,-0.4750705259324679
2023-01-31,312.0,310.9216,302.15,-0.19345819465679348,307.2,0,1.2114584445953407,3.2599702134701385,-0.0794738548834868
2023-02-01,317.0,310.7446,303.615,-0.007609106188926518,312.0,0,-0.402372311323117,4.408543714902093,0.18584908846786696
2023-02-02,323.5,310.62796,305.105,0.4305405851121442,317.0,0,-2.0101071908270898,6.029071958833838,0.43814969130107073
2023-02-03,332.2,307.62027,306.46,1.1432764468841725,323.5,0,-4.908726499106453,8.399138549892323,0.7127358617720283
2023-02-04,330.4,324.97656,307.87,1.3180635807059495,332.2,0,-2.174424292594819,7.31802384123168,0.17478713382177702
2023-02-05,327.8,322.2506,309.31,1.0924539786988667,330.4,0,-2.4665222906893094,5.977821602922638,-0.2256096020070828
2023-02-06,324.3,327.1931,310.55499999999995,0.5677844667533876,327.8,0,-0.18513873264948486,4.425947094717542,-0.5246695119454792
2023-02-07,333.0,324.1229,312.87,0.6604554427279314,324.3,0,-0.05461169068474757,6.4339821651165,0.09267097597454388
2023-02-08,328.2,331.14404,314.55,0.2721617378771448,333.0,0,-0.5573444538288288,4.339532665712916,-0.3882937048507866
2023-02-09,306.2,323.0469,314.605,-1.4955204427645512,328.2,-1,-1.5701080080505376,-2.6716040749511385,-1.767682180641696
2023-02-10,305.8,323.92737,314.945,-2.6532416439076947,306.2,-1,5.789473600281682,-2.903681595199156,-1.1577212011431435
2023-02-11,310.4,325.3848,315.315,-3.0428258681110645,305.8,-1,6.404446089790096,-1.558758701615851,-0.3895842242033698
2023-02-12,312.6,319.6955,315.68999999999994,-3.076761245173177,310.4,0,2.9946828625865893,-0.9788083246222302,-0.03393537706211269
2023-02-13,294.3,316.84787,315.39,-4.1872534133887065,312.6,0,1.3588835166496647,-6.686959003138964,-1.1104921682155293
2023-02-14,296.2,286.62885,314.85499999999996,-4.6156362808289515,294.3,-1,-2.6065765494924436,-5.924949579965373,-0.428382867440245
2023-02-15,317.4,284.85776,315.49,-3.351828835003892,296.2,-1,-3.8292513273600988,0.6054074614092264,1.2638074458250594
2023-02-16,304.4,287.85986,315.31,-3.268564765295042,317.4,-1,-9.306911379568362,-3.4600868986077273,0.08326406970885003
2023-02-17,313.0,281.7271,315.655,-2.54369599420726,304.4,-1,-7.448386394084667,-0.8411081718965241,0.7248687710877819
2023-02-18,316.5,284.60678,315.62,-1.7743531327755973,313.0,0,-9.07131597256889,0.2788162980799681,0.7693428614316629
2023-02-19,311.5,314.78152,315.835,-1.5558710299434861,316.5,-1,-0.5429621933007504,-1.3725521237354885,0.2184821028321111
2023-02-20,315.4,309.184,316.005,-1.1225876187354493,311.5,-1,-0.7435022540880819,-0.1914526668881879,0.4332834112080368
2023-02-21,311.5,301.37573,315.73,-1.0726035147312798,315.4,-1,-4.446502085645205,-1.339752320020276,0.04998410400416953
2023-02-22,312.4,313.994,315.175,-0.9567147733673287,311.5,0,0.800638214160313,-0.8804632347108857,0.11588874136395111
2023-02-23,308.3,317.8994,313.98,-1.1225011340069768,312.4,0,1.7603758202624915,-1.8090324224472918,-0.16578636063964813
2023-02-24,302.3,311.83267,312.575,-1.574840350765847,308.3,0,1.1458553743563455,-3.2872110693433503,-0.45233921675887023
2023-02-25,302.4,311.76492,311.305,-1.790195848086575,302.3,0,3.130970259908407,-2.8605386999887665,-0.2153554973207279
2023-02-26,308.7,311.77377,310.525,-1.4459755160467973,302.4,0,3.0997927226717588,-0.5877143547218384,0.34422033203977764
2023-02-27,304.6,322.6431,309.105,-1.4294765265636076,308.7,0,4.516714261039241,-1.4574335581760227,0.01649898948318973
2023-02-28,301.4,323.62195,307.765,-1.558557866276149,304.6,0,6.2448943671002874,-2.0681364027748472,-0.12908133971254143
2023-03-01,302.7,308.14746,307.59,-1.4813877230237742,301.4,0,2.2387063495355086,-1.5897786013849562,0.07717014325237481
2023-03-02,299.8,305.65796,307.29,-1.5436463381906393,302.7,0,0.9771916036917778,-2.4374369488105727,-0.06225861516686515
2023-03-03,290.4,299.535,306.28999999999996,-2.101329031028819,299.8,-1,-0.08839103999020559,-5.187893826112504,-0.5576826928381795
2023-03-04,289.6,285.9344,305.14,-2.3866780267576533,290.4,-1,-1.5377454521242175,-5.092744314085326,-0.28534899572883443
2023-03-05,288.7,295.5126,304.86,-2.4873171156293346,289.6,-1,2.0416449446704426,-5.300793806993382,-0.10063908887168127
2023-03-06,287.8,286.6175,304.44,-2.461238847132583,288.7,-1,-0.7213395650220779,-5.465773222966754,0.026078268496751544
2023-03-07,289.3,287.04044,303.03499999999997,-2.1983316055349107,287.8,-1,-0.2639208509327263,-4.532479746563914,0.2629072415976723
2023-03-08,287.1,292.3731,302.17,-2.031881497494936,289.3,0,1.062256450105855,-4.987258827812156,0.1664501080399745
2023-03-09,277.1,285.19086,300.375,-2.4277611506306354,287.1,-1,-0.6649749447601089,-7.7486475239284145,-0.39587965313569917
2023-03-10,277.4,290.13828,298.42,-2.4924902422860935,277.1,-1,4.7052598868583,-7.043763822800093,-0.06472909165545815
2023-03-11,276.0,264.4326,296.64500000000004,-2.449076510562757,277.4,-1,-4.67462629058331,-6.959497041918803,0.04341373172333629
2023-03-12,288.1,268.2236,295.28,-1.4730363694717727,276.0,-1,-2.817535400390625,-2.4315903549173497,0.9760401410909845
2023-03-13,307.9,264.40967,295.1,0.5311436592556884,288.1,0,-8.222954540524132,4.337512707556745,2.004180028727461
2023-03-14,308.4,265.986,294.9,1.8417879267980872,307.9,0,-13.612863776667538,4.577822990844354,1.3106442675423988
2023-03-15,306.3,267.62625,294.8,2.4789075438421238,308.4,0,-13.221059915465908,3.900949796472184,0.6371196170440365
2023-03-16,329.4,299.50433,296.155,4.263031291660125,306.3,0,-2.218630918676546,11.22554067971164,1.7841237478180014
2023-03-17,338.9,306.05188,297.98,5.794911753942731,329.4,0,-7.088075323979198,13.73246526612523,1.531880462282606
2023-03-18,331.0,315.6405,299.09499999999997,5.964752179966289,338.9,0,-6.863233127858506,10.667179324294967,0.16984042602355753
2023-03-19,336.7,312.90897,300.7,6.126314333739758,331.0,0,-5.465569164817787,11.972065181243766,0.1615621537734695
2023-03-20,332.5,314.53775,302.255,5.628460490386546,336.7,0,-6.582194759684991,10.00645150617856,-0.49785384335321226
2023-03-21,334.4,339.31345,303.84000000000003,5.119855145487828,332.5,1,2.0491567052396618,10.057925223801982,-0.5086053448987178
2023-03-22,321.1,328.2863,304.90500000000003,3.6494752247764346,334.4,1,-1.8282639352898782,5.311490464242958,-1.4703799207113937
2023-03-23,329.4,325.3296,306.855,3.0234970239580408,321.1,1,1.3172188862503822,7.347118345798491,-0.6259782008183938
2023-03-24,322.1,324.52722,308.48,1.9571415571920143,329.4,0,-1.4792891075629866,4.415197095435685,-1.0663554667660264
2023-03-25,322.4,333.37445,310.165,1.1512197908084971,322.1,1,3.5002951516900733,3.944674608676013,-0.8059217663835172
2023-03-26,328.6,326.12006,312.20500000000004,0.9246809268550233,322.4,1,1.1538635708262324,5.251357281273516,-0.22653886395347378
2023-03-27,310.6,326.66064,313.27,-0.47333141604460316,328.6,1,-0.5901873002891121,-0.8522999329651608,-1.3980123428996265
2023-03-28,313.2,327.6728,314.575,-1.2165918305282748,310.6,0,5.496712983690832,-0.4370976714614957,-0.7432604144836716
2023-03-29,313.7,325.01337,316.40500000000003,-1.641747716970805,313.2,0,3.771828448026424,-0.8549169576966359,-0.4251558864425302
2023-03-30,316.4,324.8465,318.35499999999996,-1.701093738304536,313.7,0,3.553234485824438,-0.614094328658254,-0.0593460213337309
2023-03-31,316.9,322.4703,320.4,-1.6645679302733019,316.4,0,1.9185544868787603,-1.0923845193508115,0.036525808031234064
2023-04-01,314.9,323.2826,321.74,-1.7256165326786874,316.9,0,2.014071559936107,-2.125940200161631,-0.061048602405385566
2023-04-02,313.7,316.85062,322.03,-1.7896354564107484,314.9,0,0.6194399666808981,-2.5867155233984365,-0.06401892373206097
2023-04-03,308.8,315.09653,322.05,-2.0842065571515485,313.7,0,0.4451791838091764,-4.114267970811985,-0.29457110074080006
2023-04-04,310.8,309.465,322.275,-2.062749183369751,308.8,0,0.2153485550163904,-3.5606236909471622,0.02145737378179735
2023-04-05,313.9,312.55566,321.5,-1.7694352623967844,310.8,0,0.5648854769948484,-2.363919129082433,0.2933139209729667
2023-04-06,312.3,322.20953,320.17,-1.6170130438567538,313.9,0,2.6471913639395583,-2.458069150763658,0.15242221854003057
2023-04-07,310.3,332.43246,319.135,-1.582730805149432,312.3,0,6.446514441117311,-2.7684208877120904,0.03428223870732183
2023-04-08,310.5,336.3214,317.825,-1.4802873245939345,310.3,0,8.38588821553738,-2.3047274443483015,0.10244348055549746
2023-04-09,312.8,337.96475,316.84,-1.2031009864200912,310.5,0,8.845330820375402,-1.2750915288473563,0.2771863381738433
2023-04-10,318.5,307.48303,316.04499999999996,-0.6111976088081361,312.8,0,-1.6997978815337311,0.7767881156164601,0.5919033776119551
2023-04-11,322.3,308.0906,316.10499999999996,0.027075240642537968,318.5,0,-3.2682553565296315,1.959791841318565,0.6382728494506741
2023-04-12,319.9,308.50418,315.63,0.26522103363194494,322.3,0,-4.280427890721962,1.352849855843862,0.23814579298940697
2023-04-13,324.7,317.08627,315.76,0.6989736304977436,319.9,0,-0.8795644909786191,2.8312642513301234,0.4337525968657987
2023-04-14,328.9,312.91333,316.085,1.1927070540475684,324.7,0,-3.630018454534952,4.054289194362275,0.49373342354982475
2023-04-15,333.0,330.2899,316.30499999999995,1.6890527888050724,328.9,1,0.42258634071431983,5.278133447147548,0.496345734757504
2023-04-16,347.7,327.5321,318.15999999999997,2.8336341495316226,333.0,1,-1.6420106630067568,9.284636660799606,1.1445813607265503
2023-04-17,340.0,321.86212,319.5,2.888542101016574,347.7,1,-7.431083813048242,6.416275430359937,0.05490795148495131
2023-04-18,343.1,318.06577,320.96999999999997,2.940232702013456,340.0,0,-6.451245476217831,6.894725363741176,0.051690600996882274
2023-04-19,322.4,315.21042,321.27,1.461635239399751,343.1,0,-8.128703380596953,0.35172907523266894,-1.4785974626137053
2023-04-20,318.1,333.16257,321.33000000000004,0.1446717116186358,322.4,0,3.3382652415235414,-1.0051971493480276,-1.3169635277811151
2023-04-21,321.2,330.57358,321.645,-0.530024416717918,318.1,0,3.921275662011742,-0.13835128791058254,-0.6746961283365538
2023-04-22,332.2,333.78024,322.57,-0.26142351892166005,321.2,0,3.9166385180329657,2.9853985181510976,0.26860089779625795
2023-04-23,330.7,336.03885,323.665,-0.21278778339072968,332.2,0,1.155583647487398,2.1735436330774003,0.04863573553093037
2023-04-24,331.2,338.5482,324.685,-0.17645120172149387,330.7,0,2.373204492246564,2.0065602045059014,0.03633658166923581
2023-04-25,338.4,328.04193,325.90999999999997,0.2782522004866088,331.2,0,-0.9535232027947581,3.832346353287721,0.4547034022081027
2023-04-26,330.6,341.17123,326.825,0.013444366676210961,338.4,1,0.818922615502186,1.1550523980723733,-0.26480783381039785
2023-04-27,330.9,332.48785,327.85499999999996,-0.17156507190719594,330.6,1,0.5710387186649205,0.9287642402891572,-0.1850094385834069
2023-04-28,324.1,328.1792,328.53499999999997,-0.7495743034323823,330.9,1,-0.8222426053943721,-1.349932275100049,-0.5780092315251864
2023-04-29,321.9,330.5321,328.99,-1.2483383074486936,324.1,0,1.9846049034827142,-2.15508070154109,-0.49876400401631127
2023-04-30,337.5,317.2229,329.94,-0.5324872733687611,321.9,0,-1.4529666385135067,2.2913256955810155,0.7158510340799324
2023-05-01,328.5,315.24826,330.25,-0.6615660422151928,337.5,-1,-6.593108000578704,-0.5299015897047691,-0.12907876884643166
2023-05-02,321.5,314.28995,330.33,-1.1843207497034944,328.5,-1,-4.325738962019597,-2.6730844912663048,-0.5227547074883017
2023-05-03,325.9,301.89682,330.39,-1.1961995691110183,321.5,-1,-6.097412109375,-1.3589999697327428,-0.011878819407523888
2023-05-04,323.8,296.9263,330.135,-1.2993370058684968,325.9,-1,-8.89036512769925,-1.918911960258676,-0.10313743675747844
2023-05-05,326.5,326.2021,329.81,-1.1449807029563566,323.8,0,0.7418429284569915,-1.00360813801886,0.1543563029121402
2023-05-06,321.9,320.10934,328.52000000000004,-1.3005832282034788,326.5,-1,-1.9573217511724732,-2.0150980153415503,-0.15560252524712226
2023-05-07,321.0,314.8853,327.57000000000005,-1.403215352162613,321.9,-1,-2.179150375456268,-2.0056781756571262,-0.10263212395913413
2023-05-08,313.8,310.67072,326.105,-1.8661195796946868,321.0,-1,-3.217845690955997,-3.7733245427086386,-0.46290422753207383
2023-05-09,312.1,311.73303,325.59000000000003,-2.175318762599014,313.8,-1,-0.65868953901769,-4.143247642740873,-0.30919918290432724
2023-05-10,314.3,310.24142,325.4,-2.1181229888264013,312.1,-1,-0.5955063888026747,-3.4111862323294306,0.05719577377261276
2023-05-11,307.5,303.29767,324.71500000000003,-2.403807595046443,314.3,-1,-3.5005827371838243,-5.301572147883538,-0.28568460622004155
2023-05-12,308.5,308.1631,323.53000000000003,-2.386170380092436,307.5,0,0.21563770325203252,-4.6456279170401595,0.01763721495400672
2023-05-13,310.7,301.9687,322.53,-2.0973217343486783,308.5,-1,-2.117118649969611,-3.6678758565094673,0.2888486457437578
2023-05-14,312.1,304.64804,321.575,-1.6998988519109925,310.7,-1,-1.9478465492486687,-2.946435512710866,0.39742288243768575
2023-05-15,313.4,306.71655,320.325,-1.257764658597777,312.1,-1,-1.7249110110942076,-2.161866853976434,0.44213419331321546
2023-05-16,311.4,306.46106,319.36499999999995,-1.018515277357095,313.4,-1,-2.2140843745014287,-2.4940115541778143,0.23924938124068218
2023-05-17,314.3,305.16592,318.53499999999997,-0.6039440586488571,311.4,-1,-2.0019511649757074,-1.329524228106788,0.41457121870823777
2023-05-18,309.3,301.56528,317.79499999999996,-0.6040000505801064,314.3,-1,-4.051773114982703,-2.6731068770748276,-5.599193124927737e-05
2023-05-19,308.9,301.5826,317.145,-0.5689955184335256,309.3,-1,-2.495114424835317,-2.5997572088476897,0.035004532146580836
2023-05-20,310.6,309.6945,315.8,-0.3785367745480248,308.9,0,0.25719926364216505,-1.6466117796073427,0.19045874388550077
2023-05-21,306.4,306.88483,314.695,-0.47628795911064126,310.6,-1,-1.1961279265433908,-2.635885539967275,-0.09775118456261644
2023-05-22,309.0,305.2412,314.07,-0.3145135940873205,306.4,-1,-0.37819486374020145,-1.6142898080045827,0.16177436502332077
2023-05-23,313.5,307.83167,313.45,0.12341627939108246,309.0,-1,-0.37810192910598706,0.015951507417454575,0.43792987347840295
2023-05-24,306.0,308.11325,312.56000000000006,-0.0546151885419226,313.5,-1,-1.718261329371013,-2.098797030970072,-0.17803146793300506
2023-05-25,304.5,307.82907,311.46000000000004,-0.22635612641703862,306.0,0,0.597735635595384,-2.2346368715083913,-0.17174093787511602
2023-05-26,306.8,303.2075,310.705,-0.14212830426153644,304.5,-1,-0.4244699462489738,-1.2568191693084994,0.08422782215550217
2023-05-27,307.4,303.63873,310.025,-0.010045673210029804,306.8,-1,-1.0303999640950983,-0.8467059108136441,0.13208263105150664
2023-05-28,314.1,311.25015,310.04,0.5344180805888645,307.4,-1,1.2524894560477058,1.3095084505225139,0.5444637537988943
2023-05-29,311.6,307.0816,310.015,0.7204720892882057,314.1,0,-2.2344463534204944,0.5112655839233703,0.1860540086993412
2023-05-30,311.5,311.94592,309.875,0.8236488462684619,311.6,1,0.11101503580310566,0.5244050020169424,0.10317675698025619
2023-05-31,306.8,305.98782,309.84000000000003,0.5740325354890219,311.5,1,-1.7695590734099116,-0.9811515620965725,-0.24961631077944002
2023-06-01,304.9,302.2999,309.65999999999997,0.29375878648400944,306.8,1,-1.4667874053994903,-1.537169799134532,-0.28027374900501245
2023-06-02,307.2,309.47495,309.485,0.27632661452428575,304.9,0,1.500473948297605,-0.7383233436192465,-0.017432171959723686
2023-06-03,306.6,311.352,309.21,0.238851244907476,307.2,0,1.3515591621398964,-0.8440865431260168,-0.03747536961680975
2023-06-04,305.0,304.7007,308.79,0.12641565398147048,306.6,0,-0.6194670217455635,-1.227371352699252,-0.11243559092600552
2023-06-05,276.9,299.96033,307.06499999999994,-1.7185657099876814,305.0,-1,-1.6523517546106556,-9.823652972497669,-1.844981363969152
2023-06-06,281.2,300.93518,305.41,-2.4811469611490864,276.9,-1,8.680094136533956,-7.92704888510528,-0.762581251161405
2023-06-07,259.3,299.45752,302.90999999999997,-4.191692778099656,281.2,-1,6.492716760757472,-14.397015615199221,-1.7105458169505692
2023-06-08,262.0,299.02478,300.56499999999994,-4.827266535845824,259.3,0,15.320007818525832,-12.830835260259827,-0.6355737577461689
2023-06-09,260.5,254.83806,298.06,-5.012782677078725,262.0,-1,-2.7335654688245468,-12.601489632959808,-0.18551614123290072
2023-06-10,238.7,277.00372,294.675,-6.190559790467507,260.5,-1,6.335402358745201,-18.995503520828038,-1.1777771133887818
2023-06-11,235.4,287.9749,290.995,-6.733789516835136,238.7,-1,20.64303081306295,-19.10513926356123,-0.5432297263676293
2023-06-12,231.3,294.7065,286.885,-6.88652669698253,235.4,0,25.193930523012686,-19.37535946459382,-0.152737180147394
2023-06-13,244.2,306.08438,283.795,-5.685907906643489,231.3,0,32.33220108236732,-13.951972374425209,1.2006187903390408
2023-06-14,237.9,246.71324,280.465,-4.912310044822705,244.2,0,1.029173455015745,-15.17658174816821,0.7735978618207842
2023-06-15,236.4,260.28796,276.94500000000005,-4.129392971878474,237.9,0,9.410661566703444,-14.640090992796416,0.7829170729442314
2023-06-16,239.3,255.79512,273.54,-3.0914671619470937,236.4,0,8.204365583442389,-12.51736491920743,1.0379258099313802
2023-06-17,244.5,273.4729,270.06000000000006,-1.794289896277789,239.3,0,14.280359544765977,-9.46456343034883,1.2971772656693048
2023-06-18,244.1,289.47366,266.685,-0.7559083841952656,244.5,0,18.394136331320297,-8.468792770497032,1.0383815120825233
2023-06-19,243.1,245.56085,263.265,0.029263558360050013,244.1,0,0.5984645845068642,-7.659582549902187,0.7851719425553156
2023-06-20,247.7,252.95198,260.31,0.9718808573663473,243.1,0,4.052645245092686,-4.8442241942299615,0.9426172990062973
2023-06-21,248.8,260.9203,257.505,1.738191362730518,247.7,0,5.33721763663202,-3.380516883167311,0.7663105053641708
2023-06-22,240.8,266.60736,254.18500000000003,1.7691224920543966,248.8,0,7.157299372927548,-5.26584967641679,0.030931129323878537
2023-06-23,244.3,273.8706,251.07,2.0673815601188306,240.8,0,13.733640144829728,-2.6964591548173744,0.2982590680644339
2023-06-24,236.4,241.94182,247.64000000000001,1.7853280197001133,244.3,0,-0.9652811144884665,-4.538846712970444,-0.2820535404187172
2023-06-25,238.8,247.64127,245.73500000000004,1.8075843050981444,236.4,0,4.755188607927504,-2.8221458074755446,0.02225628539803104
2023-06-26,236.1,246.13034,243.47999999999996,1.6898194468616108,238.8,0,3.0696568576934102,-3.031049778215857,-0.1177648582365336
2023-06-27,237.5,253.67249,242.39000000000001,1.7482664582389411,236.1,0,7.442814634291617,-2.017409959156737,0.05844701137733033
2023-06-28,230.6,257.12424,240.82000000000002,1.3804245042006507,237.5,0,8.262836657072368,-4.243833568640489,-0.36784195403829045
2023-06-29,233.1,235.48297,239.45,1.361415541499996,230.6,0,2.117507021425089,-2.651910628523698,-0.019008962700654664
2023-06-30,240.3,238.82474,239.52999999999997,1.8588848995251421,233.1,1,2.4559148643621325,0.32146286477687086,0.49746935802514614
2023-07-01,247.9,240.89874,240.15500000000003,2.6752849881839147,240.3,1,0.24916465908499316,3.2250005204971686,0.8164000886587726
2023-07-02,246.5,245.71957,240.91500000000002,3.0683311484026117,247.9,1,-0.879558703263667,2.3182450241786436,0.393046160218697
2023-07-03,246.5,244.46608,241.03000000000003,3.257774520804894,246.5,0,-0.8251197923269523,2.2694270422768827,0.18944337240228215
2023-07-04,242.5,249.90236,241.26000000000005,3.0469768932400427,246.5,1,1.3802673463647313,0.5139683329188228,-0.2107976275648511
2023-07-05,238.9,258.1484,241.385,2.614948709663281,242.5,1,6.452951332957474,-1.029475733786269,-0.43202818357676165
2023-07-06,232.2,254.9673,241.02999999999997,1.8631103759084002,238.9,1,6.725533869836357,-3.663444384516444,-0.7518383337548808
2023-07-07,235.6,251.7782,240.58499999999998,1.5905458427266659,232.2,0,8.431609923422702,-2.0720327534966794,-0.27256453318173435
2023-07-08,236.3,251.01709,240.19500000000002,1.4567362578710092,235.6,0,6.543756300403228,-1.6215991173837965,-0.13380958485565664
2023-07-09,234.1,247.61728,239.74499999999998,1.2285186843737241,236.3,0,4.789369044745816,-2.3545850799808057,-0.2282175734972851
2023-07-10,246.2,247.75433,239.67,1.8628841049040492,234.1,1,5.832692651043894,2.724579630325031,0.6343654205303251
2023-07-11,248.6,253.38303,239.66,2.3813681227688184,246.2,1,2.917557320490206,3.730284569807226,0.5184840178647692
2023-07-12,243.9,245.00696,239.81499999999997,2.34150710070952,248.6,1,-1.4453105358759029,1.703396368033708,-0.039861022059298534
2023-07-13,256.1,254.44646,240.40500000000003,3.026957555408103,243.9,1,4.324090573669406,6.528566377571178,0.6854504546985831
2023-07-14,248.1,254.8932,240.99,2.8350708889556246,256.1,0,-0.4712207202844436,2.9503298892070147,-0.19188666645247832
2023-07-15,251.1,257.05594,241.60499999999996,2.7988779299057205,248.1,1,3.6098100446203674,3.929968336748012,-0.03619295904990416
2023-07-16,242.3,253.80817,241.91500000000002,2.102740423081371,251.1,1,1.0785211086842914,0.1591468077630535,-0.6961375068243494
2023-07-17,244.1,247.70557,242.24500000000003,1.7011298030852915,242.3,1,2.2309394990713947,0.7657536791264882,-0.4016106199960796
2023-07-18,240.2,240.3755,242.725,1.137538119464407,244.1,0,-1.5258076443920245,-1.0402719126583606,-0.5635916836208845
2023-07-19,240.8,234.28003,243.11000000000004,0.7865510583095539,240.2,0,-2.464600625780595,-0.9501871580766033,-0.3509870611548531
2023-07-20,242.8,235.61584,243.23499999999999,0.6747717977847274,240.8,0,-2.1528884025903285,-0.17883939400167487,-0.11177926052482645
2023-07-21,243.7,238.19951,243.025,0.647045634393884,242.8,0,-1.894765787894491,0.277749202756911,-0.02772616339084344
2023-07-22,241.1,242.0398,242.75499999999997,0.4486192039613064,243.7,0,-0.6812495191321251,-0.6817573273464905,-0.19842643043257757
2023-07-23,242.5,242.13005,242.55499999999998,0.40785115588660625,241.1,0,0.42722963881364295,-0.02267526952649024,-0.040768048074700136
2023-07-24,238.9,240.1304,242.375,0.14801956159707474,242.5,0,-0.9771539747100516,-1.4337287261474965,-0.2598315942895315
2023-07-25,237.7,241.71469,242.315,-0.08267099132951272,238.9,0,1.178188012603336,-1.904545735922254,-0.23069055292658747
2023-07-26,239.0,237.86685,242.65500000000003,-0.12327074064708499,237.7,0,0.07019428129601867,-1.5062537347262694,-0.040599749317572265
2023-07-27,240.6,239.76947,242.90499999999997,-0.023170692887923394,239.0,0,0.32195406478817995,-0.9489306519009401,0.10010004775916159
2023-07-28,241.9,238.32188,243.185,0.14077736351064818,240.6,0,-0.9468478157633237,-0.5284043012521318,0.16394805639857157
2023-07-29,242.4,238.21844,243.6,0.28477469561326907,241.9,0,-1.521932689450705,-0.492610837438419,0.1439973321026209
2023-07-30,242.5,235.26266,243.41500000000002,0.3825425974814185,242.4,0,-2.9444452166163906,-0.3759012386254012,0.09776790186814943
2023-07-31,241.0,233.02646,243.035,0.34322947905349155,242.5,0,-3.90661495248067,-0.8373279568786375,-0.03931311842792695
2023-08-01,247.7,232.61282,243.225,0.7425800453283733,241.0,0,-3.480156229739367,1.8398602117381004,0.39935056627488175
2023-08-02,240.7,230.4874,242.455,0.5199474098337356,247.7,0,-6.94897204673622,-0.7238456620816333,-0.22263263549463774
2023-08-03,241.1,241.587,242.10499999999996,0.39020417085174763,240.7,0,0.3685108497026948,-0.41510914685775474,-0.12974323898198792
2023-08-04,241.7,239.53558,241.635,0.3373577395431553,241.1,0,-0.6488662396956634,0.02690007656175543,-0.052846431308592345
2023-08-05,243.2,233.17102,241.68,0.3921460257063848,241.7,0,-3.528746169709346,0.6289308176100554,0.054788286163229505
2023-08-06,243.2,231.38142,241.635,0.4149052992138451,243.2,0,-4.85961186258416,0.6476710741407485,0.02275927350746032
2023-08-07,242.1,229.8136,241.72999999999996,0.34525124606548396,243.2,0,-5.504276877955382,0.15306333512598067,-0.06965405314836115
2023-08-08,245.2,243.15619,241.95,0.48857298128409377,242.1,1,0.43626144768432706,1.3432527381690433,0.1433217352186098
2023-08-09,243.8,243.67514,242.0,0.46957760860440223,245.2,1,-0.621884020856694,0.7438016528925667,-0.018995372679691536
2023-08-10,241.5,240.42908,241.88999999999996,0.29133462633147267,243.8,1,-1.3826590859567314,-0.16123031129850676,-0.17824298227292956
2023-08-11,239.7,245.84195,241.82,0.05386694053221086,241.5,0,1.7979086802859732,-0.8766851377057334,-0.2374676857992618
2023-08-12,240.3,238.39929,241.70999999999998,-0.05523357406906837,239.7,-1,-0.5426399698842256,-0.5833436763063043,-0.10910051460127923
2023-08-13,240.2,242.10596,241.775,-0.12270327957785776,240.3,-1,0.7515426680191379,-0.6514321166373764,-0.06746970550878939
2023-08-14,240.4,241.32178,241.91,-0.14111776227931216,240.2,-1,0.46701804485845605,-0.6241990823033322,-0.018414482701454404
2023-08-15,236.7,243.14375,241.795,-0.3763873170344745,240.4,0,1.141328224524878,-2.1071568891002705,-0.2352695547551623
2023-08-16,232.0,238.17668,241.365,-0.7982040119340836,236.7,0,0.6238620695203628,-3.8800157437905285,-0.42181669489960916
2023-08-17,218.1,241.87634,240.175,-1.9001357508110752,232.0,0,4.257044298895474,-9.191214739252635,-1.1019317388769916
2023-08-18,216.1,218.71805,238.85999999999999,-2.606824347463158,218.1,0,0.2833783107304588,-9.528594155572298,-0.7066885966520826
2023-08-19,216.8,218.31494,237.575,-2.8504872434147823,216.1,0,1.024961317098568,-8.744606966221184,-0.2436628959516245
2023-08-20,216.5,220.32832,236.35,-2.8484822156218734,216.8,0,1.627455426318174,-8.398561455468583,0.0020050277929088978
2023-08-21,210.4,217.69821,234.48500000000004,-3.056252582458855,216.5,0,0.5534464988091802,-10.271445934707991,-0.2077703668369817
2023-08-22,210.9,221.00998,232.99499999999998,-2.956452037622922,210.4,0,5.042765802303645,-9.483036116654853,0.09980054483593293
2023-08-23,216.6,207.22307,231.76999999999998,-2.3305135093876386,210.9,-1,-1.743447967138605,-6.545281960564347,0.6259385282352836
2023-08-24,219.0,207.41273,230.63500000000005,-1.6129011970047102,216.6,-1,-4.241581262533902,-5.0447677065493295,0.7176123123829283
2023-08-25,218.4,208.55922,229.39499999999998,-1.0632248193162521,219.0,-1,-4.767479744131706,-4.79304256849538,0.5496763776884581
2023-08-26,216.5,207.82758,228.06,-0.7281620345816506,218.4,-1,-4.8408536247281395,-5.068841532929932,0.3350627847346015
2023-08-27,218.4,210.08102,226.875,-0.30101268591908514,216.5,-1,-2.9648849099668015,-3.735537190082642,0.4271493486625655
2023-08-28,218.8,216.29797,225.55499999999998,0.06642243538590709,218.4,0,-0.9624662853422644,-2.9948349626476767,0.36743512130499223
2023-08-29,226.9,214.07079,224.71000000000004,0.8684129008533361,218.8,0,-2.1614325765717886,0.9745894708735565,0.801990465467429
2023-08-30,223.8,215.62569,223.825,1.183995448458786,226.9,0,-4.968846784703478,-0.01116944041102525,0.3155825476054499
2023-08-31,216.7,217.47066,222.675,0.9201943574193461,223.8,0,-2.8281245091006246,-2.6832828112720435,-0.26380109103943994
2023-09-01,213.7,223.56602,221.34500000000003,0.5666308278822942,216.7,0,3.1684470605784263,-3.453884207910744,-0.35356352953705183
2023-09-02,214.4,212.85808,220.055,0.41017421518769304,213.7,0,-0.3939737936688354,-2.569812092431438,-0.1564566126946012
2023-09-03,214.4,215.90948,218.75500000000002,0.33985487886562726,214.4,0,0.7040507757841624,-1.990811638591126,-0.07031933632206577
2023-09-04,215.2,217.9813,217.68,0.37749050746431667,214.4,0,1.6703790693140714,-1.1392870268283803,0.03763562859868941
2023-09-05,214.6,217.64284,216.81,0.3906121882293636,215.2,0,1.1351475485195512,-1.019325676859927,0.01312168076504694
2023-09-06,215.2,223.78125,216.66499999999996,0.4633720536096195,214.6,0,4.278308480894691,-0.6761590473772761,0.07275986538025592
2023-09-07,217.1,217.16966,216.715,0.6516046296720805,215.2,1,0.9152706670938424,0.17765267747963495,0.18823257606246102
2023-09-08,214.7,221.79132,216.60999999999999,0.6264447078621984,217.1,1,2.1609031786187267,-0.8817690780665697,-0.025159921809882135
2023-09-09,214.1,217.2189,216.49,0.5822974278274904,214.7,1,1.1732196496928908,-1.1039770890110465,-0.044147280034708025
2023-09-10,212.4,219.92152,216.58999999999997,0.45703690904900274,214.1,0,2.7190677477120824,-1.934530680086786,-0.12526051877848765
2023-09-11,206.1,219.17729,216.35,-0.007100386098072953,212.4,0,3.1908153814111024,-4.73769355211463,-0.4641372951470757
2023-09-12,210.7,209.92104,216.05499999999998,0.03632048325205339,206.1,0,1.853971745075967,-2.4785355580754858,0.043420869350126345
2023-09-13,212.5,216.80759,215.73000000000002,0.21682054293472497,210.7,0,2.8987122306226327,-1.4972419227738458,0.18050005968267158
2023-09-14,212.2,222.33443,215.42,0.3392658001691409,212.5,0,4.627965590533088,-1.4947544332002596,0.1224452572344159
2023-09-15,214.1,221.78166,215.3,0.5585302542358335,212.2,0,4.515392076957917,-0.557361820715289,0.2192644540666926
2023-09-16,214.9,221.4959,215.125,0.7555124665501012,214.1,0,3.454411670127134,-0.10459035444508744,0.1969822123142677
2023-09-17,216.5,218.70941,215.01,0.977534633663868,214.9,1,1.7726438441571635,0.6929910236733218,0.22202216711376677
2023-09-18,216.0,219.61226,214.465,1.0673674972849683,216.5,1,1.4375329843569573,0.7157345021332137,0.08983286362110032
2023-09-19,217.2,223.305,214.135,1.175694761313951,216.0,1,3.3819410536024304,1.431340042496555,0.10832726402898274
2023-09-20,214.4,221.01283,214.01999999999998,1.0319849615894916,217.2,1,1.755447809208828,0.17755349967293893,-0.1437097997244594
2023-09-21,210.8,217.97293,213.875,0.6844304847137366,214.4,0,1.6664789683783205,-1.4377556984219702,-0.347554476875755
2023-09-22,211.1,210.72864,213.70999999999998,0.4746584266797469,210.8,0,-0.03385308571513822,-1.2212811754246342,-0.20977205803398968
2023-09-23,210.5,207.97311,213.51500000000001,0.30372457739699277,211.1,0,-1.4812344795490855,-1.4120787766667515,-0.17093384928275412
2023-09-24,208.3,212.04793,213.17000000000002,0.06329388791521184,210.5,0,0.7353576515179632,-2.2845616174883916,-0.24043068948178092
2023-09-25,209.9,213.86371,212.935,0.0342705623432642,208.3,0,2.671007439315285,-1.425317585178574,-0.029023325571947645
2023-09-26,212.6,216.34367,212.805,0.20939604816962687,209.9,0,3.0698778971199054,-0.09633232301873194,0.17512548582636267
2023-09-27,212.0,213.14081,212.55,0.29222214006408986,212.6,0,0.25437822458549186,-0.2587626440837503,0.082826091894463
2023-09-28,215.0,213.89793,212.565,0.5419324357536137,212.0,1,0.8952518679061026,1.1455319549314338,0.24971029568952385
2023-09-29,215.2,216.68182,212.61999999999998,0.7032276586385975,215.0,1,0.7822435955668604,1.2134324146364466,0.16129522288498377
2023-09-30,214.6,215.55287,212.72999999999996,0.7479937355264963,215.2,1,0.16397384019589864,0.8790485592065215,0.0447660768878988
2023-10-01,218.2,214.19305,213.33499999999998,0.9837042485325731,214.6,0,-0.18962991648706634,2.280450933977083,0.23571051300607682
2023-10-02,214.6,218.2094,213.53000000000003,0.8650094598516245,218.2,0,0.0043063071973872,0.5011005479323583,-0.11869478868094863
2023-10-03,213.5,217.8956,213.58,0.6879750990131501,214.6,0,1.5356940192145296,-0.037456690701382384,-0.17703436083847435
2023-10-04,213.4,217.7471,213.64000000000001,0.5459046877062455,213.5,0,1.9892743934792154,-0.11233851338701042,-0.14207041130690468
2023-10-05,210.6,214.07788,213.465,0.2596446488061741,213.4,0,0.31765738489924755,-1.3421403977232844,-0.28626003890007135
2023-10-06,213.4,213.80037,213.39000000000001,0.2548027037130518,210.6,1,1.5196435245466848,0.004686255213454662,-0.004841945093122302
2023-10-07,212.3,214.16232,213.18,0.17713235481438527,213.4,1,0.35722727181202873,-0.41279669762641685,-0.07767034889866653
2023-10-08,211.4,208.57509,212.95,0.07024599366121365,212.3,1,-1.754550870948398,-0.7278703921108162,-0.10688636115317163
2023-10-09,205.8,209.6715,212.38000000000002,-0.34945236306373584,211.4,-1,-0.8176473366729272,-3.0982201713909086,-0.4196983567249495
2023-10-10,208.6,209.72003,212.09,-0.4063490883687586,205.8,-1,1.9047773266672685,-1.6455278419538917,-0.056896725305022766
2023-10-11,206.6,208.90376,211.88000000000002,-0.5382647939339011,208.6,-1,0.14561975905216595,-2.491976590522951,-0.13191570556514254
2023-10-12,205.1,206.23747,211.57999999999998,-0.677150057446894,206.6,-1,-0.1754731199517458,-3.0626713299933788,-0.1388852635129929
2023-10-13,206.1,206.52315,211.35999999999999,-0.6520355883499742,205.1,0,0.6938798551964008,-2.4886449659348937,0.025114469096919834
2023-10-14,206.5,204.50612,211.26999999999998,-0.5622502833172345,206.1,-1,-0.7733533360436351,-2.25777441188999,0.08978530503273974
2023-10-15,209.7,207.01392,211.26,-0.2566663044384945,206.5,-1,0.2488697412227603,-0.738426583357002,0.30558397887874
2023-10-16,214.6,208.62096,211.35999999999999,0.27723190828152333,209.7,-1,-0.5145653691471394,1.5329295987888008,0.5338982127200178
2023-10-17,211.4,215.99974,211.33,0.4086902885354917,214.6,1,0.6522556386700574,0.03312355084464732,0.1314583802539684
2023-10-18,210.2,216.61636,211.09,0.40771975263546345,211.4,1,2.4675324150381357,-0.421621109479376,-0.0009705359000282687
2023-10-19,211.2,216.16046,210.89000000000001,0.4632657993695988,210.2,1,2.835614379534378,0.1469960642989112,0.055546046734135324
2023-10-20,212.1,216.70442,210.76500000000001,0.5438858867878062,211.2,1,2.6062604152795097,0.6334068749555094,0.08062008741820748
2023-10-21,214.2,216.00826,210.565,0.7113372295694609,212.1,1,1.842647338464318,1.72630779094341,0.16745134278165463
2023-10-22,217.8,209.81113,210.725,1.0185398592147026,214.2,0,-2.0489604533219485,3.357456400522016,0.3072026296452417
2023-10-23,228.5,208.19865,211.475,1.8480157732962577,217.8,0,-4.408331416526778,8.050596997281005,0.8294759140815551
2023-10-24,225.2,208.02638,212.065,2.0637006706776706,228.5,0,-8.960007682149207,6.1938556574635095,0.21568489738141294
2023-10-25,222.1,205.3451,212.64000000000001,1.891426632667692,225.2,0,-8.816566264015314,4.448833709556047,-0.17227403800997854
2023-10-26,223.2,205.57695,213.13000000000002,1.7487415838517935,222.1,0,-7.439464172335798,4.724815840097576,-0.1426850488158986
2023-10-27,224.1,222.36691,213.71999999999997,1.6153328576964192,223.2,0,-0.37324693467881437,4.8568220101066935,-0.13340872615537425
2023-10-28,225.7,225.41931,214.435,1.5357225510863628,224.1,1,0.5887155392402971,5.253340173012795,-0.07961030661005641
2023-10-29,227.1,225.94041,215.5,1.4777416003188568,225.7,1,0.10651946331898489,5.382830626450113,-0.05798095076750598
2023-10-30,228.0,223.36285,216.46999999999997,1.4010800640790584,227.1,1,-1.64559489039795,5.326373169492323,-0.07666153623979843
2023-10-31,226.2,221.47127,217.45,1.1412275859920364,228.0,0,-2.863479078861705,4.023913543343297,-0.25985247808702194
2023-11-01,227.9,225.97804,218.59,1.0009372056875083,226.2,0,-0.09812440206053322,4.259115238574501,-0.14029038030452812
2023-11-02,231.9,230.10007,219.88000000000002,1.0874395739447222,227.9,1,0.9653651332478583,5.466618155357459,0.08650236825721391
2023-11-03,230.2,231.36777,221.065,0.9453174676962601,231.9,1,-0.22950955843709817,4.132268789722476,-0.1421221062484621
2023-11-04,237.1,229.91937,222.435,1.2140255847799066,230.2,1,-0.12190592589324006,6.592937262571084,0.2687081170836465
2023-11-05,244.0,226.89032,223.90500000000003,1.7233809933475888,237.1,0,-4.306065025635278,8.974788414729447,0.5093554085676821
2023-11-06,255.1,238.45581,226.08999999999997,2.6209744640638624,244.0,0,-2.2722087922643444,12.831173426511578,0.8975934707162736
2023-11-07,246.2,231.42,227.88999999999996,2.43252769045041,255.1,0,-9.282634978853267,8.03457808591866,-0.1884467736134523
2023-11-08,246.7,227.59074,229.66500000000002,2.1675924402830873,246.2,0,-7.558593006273477,7.417325234580788,-0.2649352501673228
2023-11-09,251.6,227.98811,231.63999999999996,2.1444613776058192,246.7,0,-7.584874988520339,8.616819202210344,-0.023131062677268055
2023-11-10,251.0,221.13037,233.47999999999996,1.9182162513928542,251.6,0,-12.110345352245625,7.503854719890373,-0.226245126212965
2023-11-11,251.5,245.08916,235.16499999999996,1.6423507358447447,251.0,0,-2.3549174882501243,6.946186719962596,-0.27586551554810956
2023-11-12,247.4,244.31543,236.10999999999999,1.0525409446375429,251.5,0,-2.8566879970178927,4.781669560797942,-0.5898097912072018
2023-11-13,241.1,236.197,236.90499999999997,0.1540779533092973,247.4,0,-4.52829174390221,1.7707519891939902,-0.8984629913282456
2023-11-14,242.3,229.5395,237.91500000000002,-0.412462665793373,241.1,0,-4.794896306560424,1.8430952230838706,-0.5665406191026703
2023-11-15,253.7,229.35532,239.43999999999997,-0.08938152018453316,242.3,0,-5.342420073417514,5.955562980287346,0.3230811456088398
2023-11-16,242.7,244.45871,240.36999999999998,-0.654951085762379,253.7,0,-3.6426055511246016,0.9693389358073025,-0.5655695655778459
2023-11-17,244.9,237.21713,241.33,-0.9039756814992659,242.7,0,-2.2591130744295898,1.4793022003066312,-0.24902459573688684
2023-11-18,244.8,241.88774,242.215,-1.0862620251798418,244.9,0,-1.2299954720836332,1.067233656049381,-0.18228634368057595
2023-11-19,246.4,240.4416,243.135,-1.106196534683062,244.8,0,-1.7803902719535125,1.3428753573117875,-0.019934509503220177
2023-11-20,253.1,238.87015,244.48000000000002,-0.6953357287400745,246.4,0,-3.05594654826375,3.5258507853403045,0.41086080594298746
2023-11-21,225.5,256.85687,244.35999999999999,-2.223359825498436,253.1,0,1.4843431681524124,-7.7181208053691215,-1.5280240967583616
2023-11-22,236.1,256.6949,244.57,-2.443635624118783,225.5,0,13.833651997297672,-3.463221163675021,-0.22027579862034674
2023-11-23,233.8,244.9912,244.75,-2.6503712267725517,236.1,0,3.765860092634876,-4.473953013278852,-0.20673560265376878
2023-11-24,232.7,228.2754,244.52999999999997,-2.755160746284141,233.8,-1,-2.362957278105624,-4.8378522062732525,-0.10478951951158955
2023-11-25,234.4,211.71275,244.05,-2.605590168794863,232.7,-1,-9.019014483928471,-3.954107764802297,0.14957057748927838
2023-11-26,231.7,232.99055,242.88000000000002,-2.5792914008513215,234.4,-1,-0.6012991426747838,-4.60309617918315,0.026298767943541357
2023-11-27,227.2,230.7283,241.92999999999998,-2.7406287078637805,231.7,-1,-0.4193776426615726,-6.088538006861485,-0.16133730701245907
2023-11-28,229.6,236.52695,241.075,-2.5645267757737,227.2,0,4.105170343963199,-4.759929482526182,0.17610193209008074
2023-11-29,227.3,238.5677,239.85999999999999,-2.480253964843916,229.6,0,3.905794097156062,-5.236387892937536,0.08427281092978367
2023-11-30,227.6,237.01308,238.69,-2.286376661619265,227.3,0,4.273240995260251,-4.646193807867947,0.19387730322465124
2023-12-01,228.5,228.94443,237.54000000000002,-1.9904630414292739,227.6,0,0.590697491315633,-3.8056748337122257,0.295913620189991
2023-12-02,229.0,230.57361,236.61999999999998,-1.6670977131081781,228.5,0,0.9074872640864333,-3.220353309103194,0.32336532832109577
2023-12-03,228.1,229.82393,235.97000000000003,-1.4290226072422918,229.0,0,0.35979425022175215,-3.3351697249650516,0.23807510586588632
2023-12-04,233.5,230.76288,235.53000000000003,-0.8515777372803457,228.1,0,1.1674171056417166,-0.8618859593257884,0.5774448699619461
2023-12-05,231.2,233.17471,234.40500000000003,-0.58114818160994,233.5,-1,-0.13930914999330835,-1.367291653335057,0.2704295556704057
2023-12-06,229.4,229.66478,233.74,-0.4840928550654833,231.2,-1,-0.6640226370735516,-1.8567639257294444,0.0970553265444567
2023-12-07,232.6,231.80669,233.125,-0.1806012724870012,229.4,-1,1.0491222325053102,-0.22520107238606143,0.3034915825784821
2023-12-08,238.9,232.59319,232.82999999999998,0.4346174104505238,232.6,0,-0.0029297399807853893,2.607052355796084,0.615218682937525
2023-12-09,237.7,229.70308,232.39499999999998,0.7333467611503659,238.9,0,-3.8496947577928813,2.2827513500720786,0.2987293506998421
2023-12-10,239.8,230.33937,231.72999999999996,1.0269736886192113,237.7,0,-3.096604658166145,3.482501186725953,0.29362692746884544
2023-12-11,246.4,238.65921,232.775,1.5868489137315152,239.8,0,-0.4757255191500777,5.853291805391472,0.5598752251123038
2023-12-12,254.6,243.7947,233.7,2.382745341717066,246.4,0,-1.0573486229041977,8.943089430894311,0.7958964279855509
2023-12-13,252.0,245.60822,234.60999999999999,2.5901915534171938,254.6,0,-3.531730034551746,7.4123012659307,0.20744621170012767
2023-12-14,253.3,249.77454,235.64000000000001,2.660919214915528,252.0,0,-0.883120582217262,7.49448310982855,0.0707276614983341
2023-12-15,244.9,244.6203,236.16499999999996,2.017150564767477,253.3,0,-3.4266481275291203,3.698685241250839,-0.6437686501480511
2023-12-16,244.4,249.75523,236.8,1.4588589349860857,244.9,1,1.9825372660875589,3.209459459459457,-0.5582916297813911
2023-12-17,238.8,250.14511,237.38000000000002,0.6546140952920405,244.4,1,2.3507001161965504,0.5981969837391471,-0.8042448396940451
2023-12-18,241.7,248.73729,237.98499999999999,0.279328536490727,238.8,1,4.161343981872247,1.5610227535348882,-0.37528555880131353
2023-12-19,252.9,250.20671,239.26500000000001,0.7216293972026877,241.7,1,3.5195328156515098,5.698702275719386,0.44230086071196073
2023-12-20,260.3,249.13297,240.9,1.4090395825244948,252.9,0,-1.4895353547288972,8.053134080531343,0.6874101853218071
2023-12-21,272.1,261.60193,243.08,2.49163060071872,260.3,1,0.5001646987850513,11.938456475234496,1.082591018194225
2023-12-22,271.1,262.35095,245.185,2.9426170719516547,272.1,1,-3.582891529423933,10.5695699165936,0.4509864712329348
2023-12-23,271.0,256.6266,247.32999999999998,3.024813671219575,271.1,1,-5.338772809272417,9.570209841102987,0.08219659926792033
2023-12-24,264.5,256.3639,248.87999999999997,2.4562238311831486,271.0,0,-5.400778006803505,6.276117004178734,-0.5685898400364264
2023-12-25,266.9,249.75615,250.66500000000002,2.071919054807071,264.5,0,-5.574234672214674,6.476771787046438,-0.3843047763760774
2023-12-26,297.7,255.7484,254.08,3.630965807339045,266.9,0,-4.178194894286827,17.167821158690167,1.559046752531974
2023-12-27,324.1,246.96918,258.65500000000003,6.03726641590336,297.7,0,-17.040921314714893,25.302043262260536,2.4063006085643153
2023-12-28,322.6,249.86044,262.84000000000003,7.0541941013815865,324.1,0,-22.906373614552805,22.736265408613598,1.016927685478226
2023-12-29,313.7,245.27881,266.64,6.658652078105288,322.6,0,-23.968131248062623,17.64926492649265,-0.39554202327629895
2023-12-30,317.1,251.28635,270.505,6.168317221893922,313.7,0,-19.8959686211199,17.22518992255227,-0.49033485621136563
2023-12-31,311.8,309.79968,273.775,5.074999699959113,317.1,0,-2.30221298732656,13.889142544059919,-1.093317521934809
2024-01-01,313.5,287.9474,276.72,4.09621453182622,311.8,0,-7.649971874498881,13.291413703382467,-0.9787851681328927
2024-01-02,312.2,279.3561,279.73,3.039736467125259,313.5,0,-10.891193103942385,11.607621635148167,-1.0564780647009613
2024-01-03,315.8,261.93842,282.855,2.2957227043383384,312.2,0,-16.099162226987907,11.64731045942267,-0.7440137627869206
2024-01-04,323.7,254.58951,286.795,2.0557414814172184,315.8,0,-19.382676359518488,12.868076500636333,-0.23998122292112
2024-01-05,317.5,320.15372,290.45,1.2397437915077276,323.7,0,-1.0955461720680764,9.3131347908418,-0.8159976899094907
2024-01-06,307.5,318.31726,293.885,-0.1398466627217374,317.5,0,0.2574049581692914,4.632764516732739,-1.379590454229465
2024-01-07,302.4,312.50763,296.91999999999996,-1.4873404402058696,307.5,0,1.6284973640752032,1.8456149804661253,-1.3474937774841322
2024-01-08,303.7,275.07254,299.46000000000004,-2.332255793924073,302.4,0,-9.036858371956631,1.4158819207907407,-0.8449153537182035
2024-01-09,301.1,271.0677,301.5,-3.061446075357228,303.7,-1,-10.744916697964682,-0.13266998341624453,-0.729190281433155
2024-01-10,305.8,300.99377,303.185,-3.207030163225207,301.1,-1,-0.035279171683003235,0.8625096888038687,-0.14558408786797905
2024-01-11,308.2,301.22067,305.04,-3.118660593168155,305.8,-1,-1.4974909720661007,1.0359297141358406,0.08836957005705237
2024-01-12,296.6,282.33835,306.32000000000005,-3.774625116760669,308.2,-1,-8.3911913080234,-3.1731522590754855,-0.6559645235925142
2024-01-13,302.2,271.3172,308.20500000000004,-3.7564701340153626,296.6,-1,-8.524207785896417,-1.9483785143005634,0.01815498274530647
2024-01-14,299.5,275.13974,309.835,-3.837866673153055,302.2,-1,-8.954420916533955,-3.335646392434677,-0.08139653913769251
2024-01-15,317.5,304.71985,310.825,-2.6476203209962677,299.5,0,1.7428543014398996,2.1475106571221785,1.1902463521567874
2024-01-16,315.2,305.6761,310.38,-2.0121916341901755,317.5,0,-3.7240672674704727,1.5529351117984385,0.6354286868060921
2024-01-17,309.4,302.90863,309.72,-1.9765977647830386,315.2,-1,-3.8995462020641622,-0.10331912695339339,0.035593869407136935
2024-01-18,313.0,289.48773,309.68500000000006,-1.7144435216238918,309.4,-1,-6.4357686058197245,1.0704425464584788,0.2621542431591468
2024-01-19,314.7,287.38376,309.565,-1.441374181688083,313.0,-1,-8.184102701302916,1.6587792547607096,0.27306933993580884
2024-01-20,317.2,301.89062,309.835,-1.1214389022040745,314.7,0,-4.070344772799488,2.3770716671776944,0.31993527948400846
2024-01-21,318.6,301.5501,310.09000000000003,-0.8565439398715053,317.2,0,-4.933761077149666,2.744364539327289,0.26489496233256915
2024-01-22,305.9,302.3763,309.775,-1.537910236593989,318.6,-1,-5.092180710653059,-1.250907917036559,-0.6813662967224836
2024-01-23,298.8,299.11697,308.925,-2.4157722852912364,305.9,-1,-2.2173998440820046,-3.2774945375091042,-0.8778620486972475
2024-01-24,293.1,296.08917,307.395,-3.275924322336616,298.8,-1,-0.9072381648991839,-4.650368418484348,-0.8601520370453795
2024-01-25,292.1,299.42206,306.125,-3.772475961937797,293.1,0,2.1569628473110636,-4.581461821151483,-0.4965516396011811
2024-01-26,302.2,297.95935,305.86,-3.29812555488388,292.1,0,2.0059399472569246,-1.1966259072778476,0.47435040705391707
2024-01-27,305.6,295.33176,306.02000000000004,-2.6601600389461044,302.2,-1,-2.2727476532770066,-0.1372459316384602,0.6379655159377755
2024-01-28,305.3,294.36646,306.1,-2.1831492623463777,305.6,-1,-3.6758982074198374,-0.26135249918327713,0.4770107765997267
2024-01-29,310.7,304.33124,306.58000000000004,-1.4632909687492446,305.3,-1,-0.317314840167462,1.3438580468393069,0.7198582935971332
2024-01-30,307.6,310.08942,306.66999999999996,-1.168071723835257,310.7,0,-0.1965186662676983,0.30325757328726766,0.29521924491398766
2024-01-31,300.5,310.46143,306.28499999999997,-1.4070922721907912,307.6,0,0.930242451641735,-1.8887637331243674,-0.23902054835553432
2024-02-01,300.2,311.23138,306.46500000000003,-1.5312669590415884,300.5,0,3.5711761322275373,-2.044279118333266,-0.12417468685079713
2024-02-02,301.4,323.1636,306.425,-1.4777324796919293,300.2,0,7.649435288583657,-1.6398792526719534,0.05353447934965905
2024-02-03,299.7,322.6706,306.435,-1.497322877471043,301.4,0,7.0572638559120024,-2.1978559890351996,-0.019590397779113644
2024-02-04,304.7,296.3391,305.79499999999996,-1.130728521253645,299.7,-1,-1.1214176415999295,-0.35808302948052473,0.3665943562173979
2024-02-05,301.2,301.35342,305.095,-1.0811715082218833,304.7,-1,-1.0983183221970343,-1.2766515347678717,0.04955701303176174
2024-02-06,302.7,302.30078,304.76,-0.9113726927229988,301.2,-1,0.3654652224435629,-0.6759417246357797,0.16979881549888454
2024-02-07,307.3,304.407,304.475,-0.4751978188430426,302.7,0,0.5639289525778449,0.9278265867476767,0.43617487387995624
2024-02-08,319.2,315.65662,304.7,0.5720234180555281,307.3,1,2.7193674620688215,4.7587791270101745,1.0472212368985707
2024-02-09,324.0,319.5622,305.04,1.4929304394860354,319.2,1,0.11346955645951172,6.215578284815099,0.9209070214305073
2024-02-10,323.0,328.00638,305.26,1.912845549381203,324.0,1,1.2365364734037423,5.811439428683748,0.41991510989516767
2024-02-11,320.7,321.04105,306.0,1.9094132661159282,323.0,0,-0.6064872623597136,4.803921568627447,-0.0034322832652748936
2024-02-12,327.8,321.1974,307.45,2.2363490651978006,320.7,1,0.1550943858161869,6.618962432915929,0.3269357990818724
2024-02-13,324.7,330.56775,309.03000000000003,2.0971774003512795,327.8,1,0.8443407637088128,5.070705109536277,-0.1391716648465211
2024-02-14,333.9,333.50098,311.12,2.4533315892046357,324.7,1,2.7104947836464466,7.321933659038304,0.35615418885335615
2024-02-15,354.2,336.1049,313.71999999999997,3.8040606654303115,333.9,1,0.660344089851946,12.903225806451621,1.3507290762256758
2024-02-16,360.4,334.5881,316.46,4.798863279225905,354.2,0,-5.536955322403476,13.884851166024143,0.9948026137955939
2024-02-17,352.9,329.16098,318.84,4.633189310537608,360.4,0,-8.66787452147353,10.682473968134488,-0.16567396868829753
2024-02-18,349.8,328.48523,320.79499999999996,4.01907375047886,352.9,0,-6.918325448515862,9.041599775557616,-0.6141155600587478
2024-02-19,351.6,357.977,322.995,3.459622911796753,349.8,1,2.337618566636289,8.856174244183352,-0.5594508386821069
2024-02-20,354.6,352.55237,325.7,3.032458215009715,351.6,1,0.27086694085963514,8.873196192815486,-0.42716469678703817
2024-02-21,379.2,342.4967,329.65,4.082150541202125,354.6,1,-3.4132250136597637,15.031093584104358,1.0496923261924103
2024-02-22,382.6,343.73193,333.71,4.640243111897654,379.2,0,-9.353393039622887,14.650444997153231,0.5580925706955284
2024-02-23,375.5,336.33035,337.5,4.180292822195286,382.6,0,-12.093478101619679,11.25925925925926,-0.45995028970236795
2024-02-24,381.7,386.2844,341.35,3.945611540428139,375.5,1,2.8720088709845206,11.820711879302758,-0.23468128176714664
2024-02-25,388.5,348.898,345.715,3.893724640706278,381.7,1,-8.593657255984736,12.37580087644448,-0.05188689972186111
2024-02-26,401.6,335.2794,350.65999999999997,4.352306411332876,388.5,1,-13.69899911770029,14.526892146238538,0.4585817706265978
2024-02-27,394.6,328.47052,355.025,3.8141456114980627,401.6,0,-18.209531867646607,11.147102316738271,-0.538160799834813
2024-02-28,414.6,312.30234,359.79499999999996,4.3938408707124275,394.6,0,-20.855971199573148,15.232285051209738,0.5796952592143647
2024-02-29,399.4,408.104,363.565,3.387401849370363,414.6,0,-1.5668104422937825,9.856559349772386,-1.0064390213420644
2024-03-01,407.4,382.16974,367.78499999999997,2.912413012617492,399.4,0,-4.314036362160422,10.771238631265552,-0.4749888367528712
2024-03-02,410.9,360.8866,372.29499999999996,2.5016090898126073,407.4,0,-11.417133853783131,10.369465074739125,-0.41080392280488454
2024-03-03,414.5,324.74326,376.63,2.1532501412993312,410.9,0,-20.967813186849746,10.0549611024082,-0.3483589485132761
2024-03-04,418.4,306.89267,381.315,1.8765296511442493,414.5,0,-25.960755204406667,9.725554987346415,-0.27672049015508193
2024-03-05,394.1,397.24826,384.325,-0.14471820614254938,418.4,0,-5.055387070256478,2.5434202823131558,-2.0212478572867987
2024-03-06,429.4,391.5021,388.085,0.6504177381945766,394.1,0,-0.6591967234482106,10.645863663888065,0.795135944337126
2024-03-07,474.6,377.19492,393.79499999999996,3.799438585069911,429.4,0,-12.157681469146624,20.519559669371137,3.1490208468753345
2024-03-08,485.8,369.76358,400.44,6.080291751340816,474.6,0,-22.089426817895998,21.316551793027674,2.280853166270905
2024-03-09,488.3,366.2824,407.365,7.128356252673193,485.8,0,-24.6022211469805,19.86793170743682,1.0480645013323766
2024-03-10,528.9,468.71198,416.23,9.76399745453795,488.3,0,-4.01147345941916,27.069168488576018,2.6356412018647575
2024-03-11,523.0,419.97894,424.65,10.266760816058415,528.9,0,-20.593884879732695,23.160249617331928,0.502763361520465
2024-03-12,537.5,389.86975,432.56499999999994,10.684802299001824,523.0,0,-25.455114536030116,24.258781917168534,0.4180414829434085
2024-03-13,630.5,366.51874,444.9599999999999,16.013161108405882,537.5,0,-31.810467387354652,41.698130169003974,5.328358809404058
2024-03-14,603.2,353.669,456.34499999999997,16.42612812533575,630.5,0,-43.90658107095064,32.18069662207323,0.41296701692986915
2024-03-15,632.7,610.9953,468.895,17.32397921646492,603.2,1,1.2923243191261113,34.934260335469574,0.8978510911291693
2024-03-16,576.4,359.5005,478.2900000000001,12.963639005240474,632.7,1,-43.179944953176864,20.51265968345562,-4.360340211224447
2024-03-17,571.7,358.31973,486.79499999999996,8.7995872902112,576.4,1,-37.83488329874815,17.441633541840012,-4.164051715029274
2024-03-18,555.4,361.69388,494.8349999999999,4.216510933835288,571.7,0,-36.73362284872694,12.239433346469038,-4.583076356375912
2024-03-19,507.7,364.195,499.48999999999995,-2.402434439309829,555.4,0,-34.42653811231207,1.6436765500810901,-6.618945373145117
2024-03-20,556.8,483.10077,507.35999999999996,-3.7674215254804437,507.7,0,-4.845229654723506,9.744560075685904,-1.3649870861706148
2024-03-21,553.8,491.69995,514.6800000000001,-5.084088034043248,556.8,0,-11.69181911424658,7.600839356493333,-1.316666508562804
2024-03-22,553.8,480.4231,521.825,-6.098405650131653,553.8,0,-13.249711862924334,6.127533176831295,-1.0143176160884053
2024-03-23,551.9,484.3876,528.6949999999999,-6.9773986935691426,553.8,0,-12.533838252118876,4.389109032618058,-0.8789930434374895
2024-03-24,567.7,455.7997,536.1600000000001,-6.580019096159532,551.9,0,-17.41262671955687,5.882572366457766,0.3973795974096106
2024-03-25,587.0,553.42834,545.8050000000001,-5.165106132165988,567.7,0,-2.513943151917834,7.547567354641298,1.4149129639935438
2024-03-26,580.4,513.745,553.355,-4.8277002137089795,587.0,0,-12.479557901671635,4.887459225994156,0.3374059184570086
2024-03-27,574.3,492.44342,558.3399999999999,-5.140430075156985,580.4,0,-15.154476152626417,2.8584733316617186,-0.3127298614480054
2024-03-28,583.4,490.03534,563.22,-4.862514062155739,574.3,0,-14.672585868802232,3.5829693547814263,0.2779160130012457
2024-03-29,612.5,507.22705,569.4300000000001,-2.9415255449114213,583.4,0,-13.056727668623584,7.5637040549321135,1.920988517244318
2024-03-30,600.7,656.7009,573.02,-2.69483052438472,612.5,0,7.21647799744898,4.830546926808848,0.24669502052670111
2024-03-31,606.7,665.5061,577.205,-2.3683859119379633,600.7,0,10.78843075006242,5.10996959485798,0.3264446124467568
2024-04-01,575.8,436.0051,579.12,-4.358542330593927,606.7,-1,-28.134976687729218,-0.5732836027075648,-1.990156418655964
2024-04-02,551.4,417.95233,575.165,-7.2716232930529685,575.8,-1,-27.413627727862316,-4.131857814714037,-2.9130809624590412
2024-04-03,561.5,389.72476,573.0799999999999,-8.392184059765476,551.4,-1,-29.320862901180515,-2.02066029175681,-1.120560766712508
2024-04-04,585.5,552.5112,570.72,-7.424293235539093,561.5,0,-1.6008494267586821,2.589711241940001,0.9678908242263837
2024-04-05,577.8,555.677,570.79,-7.204238327468694,585.5,0,-5.093594884180188,1.2281224268119608,0.22005490807039862
2024-04-06,585.4,554.5547,571.475,-6.471617952734036,577.8,0,-4.023072429906534,2.4366770199921177,0.7326203747346582
2024-04-07,583.9,538.4979,572.9,-6.02212725853159,585.4,0,-8.011970480921162,1.9200558561703613,0.4494906942024457
2024-04-08,586.4,537.5012,576.8349999999999,-5.504663506447681,583.9,0,-7.9463571325355336,1.658186483136435,0.5174637520839092
2024-04-09,580.5,607.57697,578.02,-5.495243997951317,586.4,0,3.6113515231976936,0.4290508978928097,0.009419508496364415
2024-04-10,609.7,615.6932,580.8149999999999,-3.552225792438545,580.5,0,6.062562664863265,4.973184232500901,1.9430182055127716
2024-04-11,604.6,620.7496,583.355,-2.679971236509388,609.7,0,1.8122966629336075,3.641864730738573,0.8722545559291568
2024-04-12,595.6,658.59406,585.5400000000001,-2.7673563094929143,604.6,0,8.930541709523855,1.7180722068517853,-0.08738507298352616
2024-04-13,553.1,639.51294,584.8100000000001,-5.58322841373073,595.6,0,7.372891110329915,-5.422273900925092,-2.8158721042378154
2024-04-14,566.4,555.62,583.78,-6.3878997129172,553.1,0,0.4556129302454307,-2.97714892596526,-0.8046712991864702
2024-04-15,552.7,579.92413,582.395,-7.598324719264152,566.4,0,2.387735399149236,-5.098773169412501,-1.2104250063469522
2024-04-16,537.6,580.4339,580.56,-9.071642419865109,552.7,0,5.017893780673277,-7.399751963621319,-1.4733177006009566
2024-04-17,534.1,566.0954,578.095,-9.871541411374672,537.6,0,5.30048324948265,-7.610340860931163,-0.7998989915095631
2024-04-18,552.1,604.90063,575.075,-8.812843563644861,534.1,0,13.256063427377827,-3.9951310698604567,1.0586978477298103
2024-04-19,554.0,572.65015,572.74,-7.65209004900537,552.1,0,3.722178316314975,-3.2719907811572453,1.1607535146394916
2024-04-20,570.9,577.26794,570.95,-5.513513018439918,554.0,0,4.199989952335289,-0.008757334267460934,2.138577030565452
2024-04-21,579.6,571.4139,571.1400000000001,-3.3849013253216373,570.9,0,0.09001215528661284,1.481248030255265,2.1286116931182804
2024-04-22,604.5,560.3124,573.7950000000001,-0.33256002631026327,579.6,0,-3.3277470790739336,5.351214283847005,3.052341299011374
2024-04-23,606.2,567.82556,576.03,1.658936490409813,604.5,0,-6.066904628050041,5.237574431887241,1.9914965167200762
2024-04-24,608.8,605.7767,577.1949999999999,2.9347733569758914,606.2,0,-0.0698329984689534,5.47561915817012,1.2758368665660784
2024-04-25,613.2,627.9424,578.9649999999999,3.803349995438528,608.8,1,3.144281013879771,5.913138099885162,0.8685766384626366
2024-04-26,598.0,639.5355,579.595,3.1116367754202354,613.2,1,4.29476882924616,3.175493232343269,-0.6917132200182925
2024-04-27,596.2,651.12646,580.21,2.3262894954651276,598.0,1,8.884024221362877,2.755898726323229,-0.7853472799551078
2024-04-28,600.2,629.4103,580.9000000000001,1.88826376869725,596.2,1,5.570325112430804,3.322430710965735,-0.43802572676787754
2024-04-29,592.8,605.40063,581.5150000000001,0.9590693925241851,600.2,1,0.8664836330598058,1.9406206202763219,-0.929194376173065
2024-04-30,578.4,612.4354,579.95,-0.6781796328272094,592.8,0,3.312318624272528,-0.26726441934650713,-1.6372490253513945
2024-05-01,561.8,641.00964,577.8100000000001,-2.81224944748492,578.4,0,10.82462717058913,-2.770807012685849,-2.1340698146577104
2024-05-02,560.5,655.8544,576.0550000000001,-4.163025500033419,561.8,0,16.741610914415727,-2.7002629957209057,-1.3507760525484995
2024-05-03,587.0,666.8536,577.75,-3.168418853348606,560.5,0,18.974768360420384,1.6010385114668975,0.9946066466848134
2024-05-04,585.7,601.5754,578.7149999999999,-2.5228202789855416,587.0,0,2.4830286913064312,1.20698443966376,0.6455985743630643
2024-05-05,592.0,597.4675,580.6800000000001,-1.6390522842689794,585.7,0,2.009139371158435,1.9494385892401898,0.8837679947165622
2024-05-06,588.2,590.477,583.21,-1.2931555624799742,592.0,0,-0.257265245592272,0.8556094717168788,0.3458967217890052
2024-05-07,576.5,607.6312,585.33,-1.8037307930414102,588.2,0,3.3035065600029676,-1.5085507320656792,-0.5105752305614359
2024-05-08,588.6,615.7211,587.155,-1.3013893872506062,576.5,0,6.803318364456852,0.2461019662610469,0.502341405790804
2024-05-09,596.8,607.6472,589.295,-0.436427783052987,588.6,0,3.236020522744645,1.2735556894254993,0.8649616041976191
2024-05-10,585.6,676.48145,590.03,-0.6265935510528005,596.8,0,13.35144861134384,-0.7508092808840144,-0.19016576799981344
2024-05-11,592.2,686.689,590.66,-0.33074136153528144,585.6,0,17.262470266206662,0.2607252903531774,0.295852189517519
2024-05-12,594.8,744.5258,590.175,-0.00028842143102014717,592.2,0,25.722022605723353,0.7836658618206465,0.3304529401042613
2024-05-13,591.7,782.03564,589.45,-0.029231316744777303,594.8,0,31.47875664614157,0.38171176520485195,-0.028942895313757155
2024-05-14,567.1,592.1002,587.365,-1.6539324726419808,591.7,0,0.06763896004097592,-3.4501545035880565,-1.6247011558972035
2024-05-15,581.0,602.1537,585.755,-1.7329047683731327,567.1,0,6.181217866943657,-0.8117728401806208,-0.07897229573115183
2024-05-16,569.2,608.8675,584.315,-2.475068621675099,581.0,0,4.7964703400656195,-2.5867896596869855,-0.7421638533019661
2024-05-17,580.9,602.37714,583.55,-2.088646357790304,569.2,0,5.828730890806167,-0.4541170422414493,0.38642226388479495
2024-05-18,580.3,599.5994,582.555,-1.7953018910228316,580.9,0,3.219043943799496,-0.38708791444584556,0.2933444667674723
2024-05-19,574.5,602.2275,581.64,-1.9034343816385224,580.3,0,3.7786451882377734,-1.227563441303897,-0.10813249061569086
2024-05-20,599.6,605.54395,582.7,-0.28123224345557984,574.5,0,5.403645833333334,2.90029174532349,1.6222021381829426
2024-05-21,618.5,605.93475,585.535,1.9454430707613457,599.6,1,1.0564965673730367,5.6298940285380095,2.2266753142169255
2024-05-22,614.8,626.46136,588.25,2.987551201186923,618.5,1,1.2872052944371464,4.513387165320859,1.0421081304255773
2024-05-23,599.3,625.8662,588.865,2.472708872937748,614.8,1,1.7999692481294804,1.77205301724503,-0.5148423282491748
2024-05-24,600.3,610.8776,589.595,2.056344695209694,599.3,1,1.9318579195259131,1.8156531178181508,-0.41636417772805423
2024-05-25,602.4,620.20215,590.115,1.789043817278655,600.3,1,3.3153670560553135,2.0817976157189646,-0.26730087793103907
2024-05-26,600.2,621.7656,590.7149999999999,1.3506917343773361,602.4,1,3.2147451859229785,1.6056812506877478,-0.4383520829013188
2024-05-27,603.9,638.6786,592.0849999999999,1.2015529273860466,600.2,1,6.4109611574787495,1.9954905123419873,-0.14913880699128956
2024-05-28,601.7,643.9024,592.74,0.8622427027507005,603.9,1,6.624011390156694,1.511623983534102,-0.3393102246353461
2024-05-29,595.7,595.91754,592.6850000000001,0.17705157238717195,601.7,0,-0.9610201921379085,0.5087019242936781,-0.6851911303635285
2024-05-30,595.1,586.03864,593.16,-0.3448003093138361,595.7,0,-1.6218507211841187,0.3270618382898467,-0.521851881701008
2024-05-31,593.7,589.89594,593.235,-0.7871862378053809,595.1,0,-0.8744857908597333,0.07838377708665736,-0.4423859284915448
2024-06-01,601.9,595.22925,593.5899999999999,-0.5421301156400737,593.7,0,0.25757925667423853,1.3999561987230345,0.24505612216530714
2024-06-02,602.9,587.878,594.15,-0.33729643624050976,601.9,0,-2.3296244022833905,1.4726920811242952,0.20483367939956398
2024-06-03,626.4,590.26215,597.115,1.2682550780296173,602.9,0,-2.096177476182821,4.904415397369011,1.605551514270127
2024-06-04,685.7,587.1507,602.35,5.949365486164531,626.4,0,-6.2658531607948165,13.837469909521047,4.681110408134914
2024-06-05,698.8,593.67,608.83,9.350849206981996,685.7,0,-13.421323769847424,14.777524103608544,3.401483720817465
2024-06-06,711.2,584.76825,615.345,11.705991471849533,698.8,0,-16.318224168328737,15.577440297719166,2.3551422648675366
2024-06-07,684.0,578.8803,620.53,10.72798692429542,711.2,0,-18.605130756665673,10.228353181957365,-0.9780045475541126
2024-06-08,682.7,660.0555,625.94,9.340525383586701,684.0,0,-3.5006606787966006,9.067961785474644,-1.3874615407087187
2024-06-09,673.0,634.59064,629.61,7.211799835892787,682.7,0,-7.0469258521999105,6.891567795937164,-2.1287255476939144
2024-06-10,625.1,629.1698,629.94,2.27578377159519,673.0,0,-6.512659761562036,-0.7683271422675225,-4.936016064297597
2024-06-11,602.5,620.39966,629.325,-2.5516335607566702,625.1,-1,-0.7519343779995237,-4.262503475946457,-4.82741733235186
2024-06-12,619.4,592.0446,630.33,-4.531308708516054,602.5,-1,-1.735333327930498,-1.734012342741114,-1.9796751477593837
2024-06-13,599.8,625.21545,630.3050000000001,-6.941313342611775,619.4,-1,0.938885066445354,-4.839720452796679,-2.4100046340957206
2024-06-14,603.3,642.765,630.35,-8.004695045233232,599.8,0,7.163223515911563,-4.291266756563824,-1.0633817026214576
2024-06-15,608.2,661.31683,630.75,-8.060706308285626,603.3,0,9.616581053554416,-3.575108997225518,-0.0560112630523939
2024-06-16,610.8,659.4802,631.095,-7.610789739451885,608.2,0,8.431473957476973,-3.2158391367385373,0.449916568833741
2024-06-17,604.3,641.6112,631.225,-7.4307469884533,610.8,0,5.044401777126318,-4.265515465959059,0.18004275099858535
2024-06-18,588.6,599.4057,630.87,-7.999480388313003,604.3,-1,-0.8099121820960127,-6.700271054258403,-0.5687333998597035
2024-06-19,599.3,599.0167,631.08,-7.304699469998173,588.6,-1,1.7697457751974985,-5.0358116245167155,0.6947809183148301
2024-06-20,587.7,603.3916,630.78,-7.260878834653832,599.3,-1,0.6827301122142576,-6.8296394939598475,0.043820635344340886
2024-06-21,586.1,545.1284,629.99,-6.972638993828271,587.7,-1,-7.243760767611033,-6.9667772504325445,0.2882398408255611
2024-06-22,591.1,549.99854,629.4,-6.109223303060504,586.1,-1,-6.159608401936533,-6.085160470289157,0.8634156907677673
2024-06-23,577.5,584.4699,626.9549999999999,-6.10364460112578,591.1,-1,-1.1216529067892527,-7.888125942053247,0.00557870193472354
2024-06-24,568.1,584.7164,621.075,-6.354088320780648,577.5,0,1.2495878145292207,-8.52956567242282,-0.2504437196548679
2024-06-25,578.2,567.52606,615.045,-5.492946563658917,568.1,-1,-0.10102763391678803,-5.990618572624753,0.8611417571217315
2024-06-26,573.0,594.0492,608.135,-4.944117758643515,578.2,-1,2.741126657893022,-5.777500061663939,0.5488288050154013
2024-06-27,581.7,556.6138,603.0200000000001,-3.7214770028267488,573.0,-1,-2.859726085296684,-3.5355377931080305,1.2226407558167667
2024-06-28,567.4,569.826,597.255,-3.5999210878318895,581.7,-1,-2.041260311237544,-4.9987023967986906,0.1215559149948593
2024-06-29,570.0,571.60425,592.105,-3.088152514564765,567.4,0,0.7409672271545686,-3.733290548129135,0.5117685732671244
2024-06-30,582.2,564.22614,589.9599999999999,-1.7389458641369142,570.0,-1,-1.0129587273848684,-1.3153434131127328,1.3492066504278508
2024-07-01,576.9,553.8402,588.68,-1.048422600322116,582.2,-1,-4.871142225878143,-2.001087178093357,0.6905232638147982
2024-07-02,580.1,550.40155,586.7149999999999,-0.26210798331299223,576.9,-1,-4.593248345819246,-1.127463930528433,0.7863146170091238
2024-07-03,556.7,568.7067,584.5600000000001,-1.1539255738925398,580.1,-1,-1.9640189494537619,-4.765977829478584,-0.8918175905795476
2024-07-04,513.6,558.39764,580.075,-4.305391317018305,556.7,0,0.3049477353994439,-11.45972503555575,-3.1514657431257653
2024-07-05,497.7,568.82855,574.55,-6.962302390152548,513.6,0,10.753222789348467,-13.375685318945257,-2.6569110731342427
2024-07-06,526.0,568.95166,570.31,-6.333347272244364,497.7,0,14.316186489099861,-7.769458715435457,0.628955117908184
2024-07-07,490.7,567.35034,564.63,-7.722214189442795,526.0,0,7.861281710432509,-13.093530276464236,-1.3888669171984311
2024-07-08,510.6,495.77356,560.73,-6.762670636827476,490.7,0,1.0339432586738357,-8.940131614145844,0.9595435526153189
2024-07-09,516.9,514.11456,556.61,-5.233996490194212,510.6,0,0.6883202092207652,-7.134259176083798,1.5286741466332643
2024-07-10,524.7,520.8577,553.46,-3.321082105446699,516.9,0,0.765665902646793,-5.196400823907778,1.9129143847475127
2024-07-11,524.8,542.6567,550.395,-1.7514381099011693,524.7,0,3.4222750611956747,-4.650296605165386,1.5696439955455297
2024-07-12,533.8,568.0044,547.53,0.09273641369410868,524.8,0,8.232544689643683,-2.5076251529596587,1.844174523595278
2024-07-13,532.4,532.9776,545.2750000000001,1.3483916091009078,533.8,0,-0.1540651746616157,-2.3611938929897964,1.2556551954067992
2024-07-14,544.8,545.8296,544.11,3.046961274353116,532.4,1,2.522462404911725,0.12681259304183728,1.698569665252208
2024-07-15,585.3,534.5931,544.4649999999999,6.720431032214712,544.8,1,-1.8735171414681913,7.500022958316888,3.6734697578615965
2024-07-16,576.2,542.4972,544.625,8.258487206041075,585.3,1,-7.312969010283181,5.797567133348642,1.5380561738263623
2024-07-17,568.9,548.5802,543.9849999999999,8.473529101089657,576.2,0,-4.7934397439582686,4.580089524527345,0.21504189504858218
2024-07-18,571.9,582.6838,544.2099999999999,8.486067476249733,568.9,1,2.422882203457334,5.088109369544855,0.012538375160076498
2024-07-19,593.4,594.4133,545.3799999999999,9.532308602237713,571.9,1,3.9365850809800707,8.80486999889987,1.0462411259879794
2024-07-20,593.1,603.6886,545.925,9.758657766921392,593.4,1,1.7338386641072672,8.641296881439771,0.22634916468367905
2024-07-21,602.5,587.44196,547.2049999999999,10.056038320976146,593.1,0,-0.9539781543742661,10.104988075766865,0.2973805540547545
2024-07-22,587.2,585.8047,547.5600000000001,8.783134751983336,602.5,0,-2.7710062240663897,7.239389290671339,-1.2729035689928097
2024-07-23,581.9,608.04504,548.8199999999999,7.210893322014565,587.2,1,3.5499053040382242,6.027477132757561,-1.5722414299687717
2024-07-24,574.9,618.2662,551.885,5.4085271007040845,581.9,1,6.249557366627647,4.170252860650314,-1.8023662213104803
2024-07-25,570.6,645.49634,555.53,3.71638669904151,574.9,1,12.279759591341977,2.712724785340135,-1.6921404016625745
2024-07-26,580.9,642.19226,558.275,3.1053059963928398,570.6,1,12.54683854577418,4.052662218440733,-0.6110807026486702
2024-07-27,581.6,639.2323,562.8199999999999,2.5841192365209933,580.9,1,10.04171110426709,3.336768416189917,-0.5211867598718465
2024-07-28,583.9,585.3031,566.4849999999999,2.2428162612740175,581.6,1,0.6367091791501852,3.074220853155879,-0.34130297524697584
2024-07-29,574.3,596.4122,569.355,1.26761059187602,583.9,1,2.1428618616469044,0.8685266661397434,-0.9752056693979974
2024-07-30,588.2,594.9144,572.53,1.443034845925978,574.3,1,3.5894878479779813,2.736974481686562,0.17542425404995798
2024-07-31,576.5,596.5132,575.115,0.6934344532729932,588.2,1,1.413326010498122,0.24082140093720228,-0.7496003926529848
2024-08-01,575.1,620.7433,577.1800000000001,0.05908328394636442,576.5,0,7.6744642034366874,-0.360372847292013,-0.6343511693266288
2024-08-02,542.9,574.3867,577.7049999999999,-2.4354968767755283,575.1,-1,-0.12402734307077426,-6.024701188322752,-2.4945801607218927
2024-08-03,529.6,564.61115,576.9449999999999,-4.753557680369941,542.9,-1,3.9991057320927013,-8.206154832783007,-2.3180608035944124
2024-08-04,496.9,556.3988,572.525,-8.06669135149007,529.6,-1,5.060197075328073,-13.209030173354877,-3.313133671120129
2024-08-05,464.2,544.6196,566.925,-11.811451855162561,496.9,0,9.603467278375936,-18.119680733783124,-3.7447605036724916
2024-08-06,484.8,545.31915,562.72,-12.202038992481278,464.2,0,17.475043694965805,-13.847028717657095,-0.3905871373187164
2024-08-07,475.0,499.16968,557.875,-12.38206608672731,484.8,0,2.964042436958537,-14.8554783777728,-0.18002709424603225
2024-08-08,517.1,510.22058,554.06,-9.080322922057384,475.0,0,7.414859169407895,-6.6707576796736685,3.301743164669926
2024-08-09,508.7,507.44135,549.84,-6.9714525748540215,517.1,-1,-1.867850470925599,-7.482176633202394,2.1088703472033625
2024-08-10,523.1,512.5467,545.8700000000001,-4.249870182554645,508.7,-1,0.7561808324221075,-4.171322842435029,2.7215823922993767
2024-08-11,503.4,515.5325,541.6800000000001,-3.453417619175955,523.1,-1,-1.44666971838559,-7.066902968542328,0.7964525633786899
2024-08-12,518.2,505.98615,538.495,-1.6957700570320213,503.4,0,0.51373560181392,-3.7688372222583233,1.7576475621439336
2024-08-13,524.2,517.90967,535.96,0.014466680697513112,518.2,0,-0.05602702262640784,-2.1941935965370534,1.7102367377295344
2024-08-14,523.4,528.7987,533.6,1.1713407099086837,524.2,0,0.8772808192841385,-1.9115442278860653,1.1568740292111706
2024-08-15,519.2,534.06934,530.5150000000001,1.7010826861870516,523.4,0,2.0384669349445974,-2.1328331903904796,0.5297419762783679
2024-08-16,519.7,530.1054,527.42,2.1060463999076795,519.2,0,2.1004252147233635,-1.4637290963558292,0.4049637137206279
2024-08-17,541.6,521.9968,525.3050000000001,3.7724705489130645,519.7,1,0.44195231323358747,3.10200740522172,1.666424149005385
2024-08-18,531.2,522.92664,523.15,4.072288187895211,541.6,1,-3.4478146709402737,1.5387556150243846,0.2998176389821463
2024-08-19,558.4,515.76807,521.6600000000001,5.890088996926638,531.2,1,-2.9051079807511377,7.0429015067285,1.8178008090314268
2024-08-20,569.4,527.20984,521.3050000000001,7.516769268428426,558.4,0,-5.585630575360401,9.225885038509109,1.6266802715017885
2024-08-21,570.1,524.80005,521.0550000000001,8.263931446862154,569.4,0,-7.8327978875790265,9.412633982976836,0.7471621784337277
2024-08-22,582.9,575.7083,523.0550000000001,9.174019808442196,570.1,1,0.9837419730365246,11.441435413101855,0.9100883615800424
2024-08-23,591.7,553.36884,526.1600000000001,9.86233870732243,582.9,1,-5.066248850708737,12.456287060970038,0.6883188988802331
2024-08-24,580.5,577.51184,530.34,9.076742448085287,591.7,1,-2.3978636436855743,9.458083493607868,-0.7855962592371419
2024-08-25,573.9,580.8247,535.825,7.681380497753085,580.5,1,0.05593575043066322,7.105864787943812,-1.3953619503322026
2024-08-26,548.2,613.4011,538.9950000000001,4.740551605674456,573.9,1,6.882927870164666,1.7078080501674273,-2.9408288920786285
2024-08-27,533.3,561.04456,541.9100000000001,1.6636431783978898,548.2,0,2.34304189421059,-1.5888247125906747,-3.0769084272765665
2024-08-28,537.0,557.26404,542.905,-0.15404387344964388,533.3,0,4.4935379872374925,-1.0876672714379076,-1.8176870518475337
2024-08-29,536.4,547.6144,544.29,-1.3612540607752917,537.0,0,1.9766070545274672,-1.4495948850796425,-1.2072101873256478
2024-08-30,535.2,559.8207,544.8950000000001,-2.157733248413829,536.4,0,4.36627119890707,-1.7792418722873304,-0.7964791876385373
2024-08-31,532.9,560.6243,546.37,-2.720302967156484,535.2,0,4.750435092167639,-2.465362300272714,-0.562569718742655
2024-09-01,512.4,537.09326,546.08,-4.262053288874255,532.9,0,0.7868759089416444,-6.167594491649586,-1.541750321717771
2024-09-02,526.3,536.8391,546.1850000000001,-4.131672226272576,512.4,0,4.7695377299229165,-3.64070781877937,0.13038106260167925
2024-09-03,518.7,546.0378,545.95,-4.32272925261821,526.3,0,3.750290853452175,-4.991299569557651,-0.19105702634563393
2024-09-04,507.6,545.18945,545.37,-4.9187513697946486,518.7,0,5.10689283304414,-6.925573463886899,-0.5960221171764388
2024-09-05,502.4,548.08765,544.505,-5.349618250306934,507.6,0,7.976289693533289,-7.732711361695488,-0.4308668805122853
2024-09-06,487.2,510.3907,541.7850000000001,-6.280366050284227,502.4,0,1.5905027936218694,-10.075029762728773,-0.9307477999772935
2024-09-07,493.5,507.5883,539.9,-6.089244191920999,487.2,0,4.184788044646067,-8.594184108168175,0.19112185836322837
2024-09-08,503.1,490.42123,537.135,-4.980498179727227,493.5,-1,-0.623863398002153,-6.33639587813119,1.1087460121937722
2024-09-09,518.7,494.66754,534.6,-2.9604678776126363,503.1,-1,-1.676099879962984,-2.9741863075196364,2.0200303021145904
2024-09-10,517.0,487.56442,531.9449999999999,-1.5724536423762796,518.7,-1,-6.00261758098673,-2.8095009822443933,1.3880142352363567
2024-09-11,530.1,515.51263,529.3050000000001,0.29474853095775444,517.0,0,-0.2876916291404739,0.15019695638619682,1.867202173334034
2024-09-12,544.5,521.6133,526.9449999999999,2.446705768586396,530.1,0,-1.6009656196944013,3.331467230925441,2.1519572376286416
2024-09-13,556.4,524.6872,525.74,4.499212112646989,544.5,0,-3.638715367452938,5.831779967284203,2.0525063440605926
2024-09-14,553.3,526.36127,524.71,5.414269217374648,556.4,0,-5.398765799812407,5.4487240570981905,0.9150571047276594
2024-09-15,553.4,511.80765,524.97,5.760302678928266,553.3,0,-7.499069635807308,5.415547555098376,0.3460334615536178
2024-09-16,533.7,543.80023,524.99,4.454824860327969,553.4,0,-1.734688844670442,1.6590792205565892,-1.3054778186002967
2024-09-17,546.2,522.466,525.45,4.227422398821962,533.7,0,-2.1049272216659722,3.948996098582167,-0.2274024615060073
2024-09-18,559.5,524.987,526.605,4.729076478436824,546.2,0,-3.883742308363474,6.246617483692707,0.5016540796148625
2024-09-19,567.0,513.1036,528.1949999999999,5.280470566025827,559.5,0,-8.29247959603999,7.346718541447774,0.5513940875890029
2024-09-20,569.0,499.48953,530.0,5.471103326235471,567.0,0,-11.906608029858354,7.3584905660377355,0.1906327602096436
2024-09-21,588.6,554.83685,533.8100000000001,6.536345723276172,569.0,0,-2.489129520677724,10.263951593263512,1.0652423970407012
2024-09-22,588.7,548.73047,536.93,6.834592631481122,588.6,0,-6.773620667686038,9.64185275548025,0.29824690820495015
2024-09-23,604.5,558.7589,541.22,7.6228269335321155,588.7,0,-5.085967193339144,11.69210302649569,0.7882343020509932
2024-09-24,605.9,534.6373,546.135,7.740506973308497,604.5,0,-11.557100231337882,10.943264943649462,0.1176800397763813
2024-09-25,587.4,528.59814,550.385,6.144113919036521,605.9,0,-12.758187071917803,6.7252922953932215,-1.5963930542719762
2024-09-26,596.3,584.9246,555.8399999999999,5.291658928504528,587.4,0,-0.42141273714142446,7.2790731145653504,-0.8524549905319923
2024-09-27,606.8,582.37616,561.505,5.040224504085959,596.3,0,-2.3350394653750133,8.066713564438421,-0.25143442441856934
2024-09-28,601.1,580.7893,566.405,4.1333448897841,606.8,0,-4.286534831802069,6.125475587256478,-0.9068796143018591
2024-09-29,595.6,586.93585,570.25,2.8665278601460162,601.1,0,-2.3563713107999953,4.445418676019294,-1.2668170296380836
2024-09-30,567.4,582.4757,572.77,-0.014676691761978944,595.6,-1,-2.2035413015761454,-0.9375491034795825,-2.881204551907995
2024-10-01,547.3,578.4286,573.63,-3.2397540350968175,567.4,-1,1.943706180329137,-4.590066767777145,-3.2250773433348385
2024-10-02,542.5,588.1123,573.53,-5.52750598745882,547.3,-1,7.457026253882707,-5.410353425278534,-2.2877519523620027
2024-10-03,544.8,587.1433,572.95,-6.6421290887452855,542.5,0,8.229181667626728,-4.913168688367238,-1.1146231012864654
2024-10-04,555.3,601.7108,573.05,-6.424583769600867,544.8,0,10.44618491734353,-3.097460954541489,0.21754531914441877
2024-10-05,563.0,602.41156,573.53,-5.547511710746399,555.3,0,8.483983442930631,-1.8359981169250035,0.877072058854468
2024-10-06,570.3,575.8044,575.36,-4.3159217994078585,563.0,0,2.27431302383992,-0.8794493882091315,1.2315899113385402
2024-10-07,564.3,577.8443,576.265,-3.7656270145154727,570.3,0,1.3228650388227767,-2.0763017014741534,0.5502947848923858
2024-10-08,580.8,586.67694,577.33,-2.2267221163712287,564.3,0,3.9654334428440183,0.6010427311935831,1.538904898144244
2024-10-09,570.7,591.1297,577.515,-1.8413221969088411,580.8,0,1.778529563882799,-1.1800559292832118,0.3853999194623876
2024-10-10,563.9,595.09344,577.26,-1.9843251152543928,570.7,0,4.2743025800278085,-2.314381734400446,-0.14300291834555168
2024-10-11,573.6,576.4952,576.51,-1.3935101148763582,563.9,0,2.2335836536010416,-0.5047614091689595,0.5908150003780346
2024-10-12,576.6,583.119,575.905,-0.7981260142014621,573.6,0,1.6595220632300345,0.12067962597998803,0.5953841006748961
2024-10-13,572.2,594.90234,574.29,-0.701520729981818,576.6,0,3.1741837929240333,-0.3639276323808387,0.0966052842196441
2024-10-14,589.1,586.3245,573.45,0.43831059336650124,572.2,1,2.468459267001259,2.7290958235242786,1.1398313233483193
2024-10-15,594.5,586.0461,573.8050000000001,1.4373618135356017,589.1,1,-0.5184040836922887,3.606625944353907,0.9990512201691004
2024-10-16,600.9,588.88007,574.0350000000001,2.3563445020767846,594.5,1,-0.9453211239749789,4.680028221275688,0.9189826885411829
2024-10-17,592.9,583.39343,573.3399999999999,2.2526222503642916,600.9,0,-2.913391143753117,3.411588237346088,-0.10372225171249294
2024-10-18,599.2,570.4567,573.2450000000001,2.4207840578413045,592.9,0,-3.785338830457283,4.5277324704096715,0.16816180747701281
2024-10-19,597.7,589.3366,573.35,2.247246972206563,599.2,0,-1.6460933099601627,4.246969564838235,-0.17353708563474157
2024-10-20,605.9,596.7196,575.275,2.48254614957279,597.7,0,-0.1640280253994555,5.323540915214463,0.23529917736622696
2024-10-21,598.8,604.76874,577.85,1.9796927231698245,605.9,0,-0.18670774171170612,3.6255083499177867,-0.5028534264029654
2024-10-22,593.8,606.23975,580.415,1.1700449265050388,598.8,1,1.2424425674265274,2.3061085602542994,-0.8096477966647857
2024-10-23,584.9,597.11176,582.42,-0.04100822041674945,593.8,1,0.5577223595644655,0.4258095532433671,-1.2110531469217882
2024-10-24,594.5,584.76404,584.3799999999999,-0.2594488105774815,584.9,1,-0.023245326391259577,1.7317498887710256,-0.21844059016073203
2024-10-25,575.3,597.3897,584.995,-1.681645445197205,594.5,0,0.48607392307085784,-1.6572791220437866,-1.4221966346197235
2024-10-26,583.4,569.98254,585.65,-2.0377241178449372,575.3,-1,-0.9242927263492882,-0.3841885084948348,-0.3560786726477323
2024-10-27,589.2,569.02216,586.8950000000001,-1.8490507149804039,583.4,-1,-2.464491641803433,0.39274486918442814,0.18867340286453338
2024-10-28,601.1,553.50226,587.91,-0.9353257264406096,589.2,-1,-6.058679853906788,2.2435406779949405,0.9137249885397942
2024-10-29,606.3,573.4303,589.69,-0.0404979753921797,601.1,0,-4.603177865319834,2.8167342162831144,0.8948277510484299
2024-10-30,595.6,588.9454,591.275,-0.2190315476685738,606.3,0,-2.8623827255226297,0.7314701281129838,-0.1785335722763941
2024-10-31,576.6,602.042,591.425,-1.5901555705531765,595.6,0,1.0815970764774978,-2.506657648898835,-1.3711240228846027
2024-11-01,573.1,600.8323,591.25,-2.6440975212334683,576.6,0,4.202614531846163,-3.0697674418604612,-1.0539419506802918
2024-11-02,568.6,595.7952,591.0699999999999,-3.501777746003625,573.1,0,3.960081495512341,-3.8015801850880466,-0.8576802247701565
2024-11-03,557.7,594.7603,589.5,-4.5919356971761545,568.6,0,4.600829219382031,-5.3944020356234015,-1.0901579511725297
2024-11-04,552.5,585.54443,587.4,-5.396431668146851,557.7,0,4.992726124036212,-5.941436840313241,-0.8044959709706969
2024-11-05,563.21,565.81274,585.5155,-4.9520686452577865,552.5,0,2.409546450791855,-3.8095490213324736,0.44436302288906493
2024-11-06,592.22,556.792,585.4815,-2.569089229365367,563.21,0,-1.1395408129294644,1.1509330354588565,2.3829794158924194
2024-11-07,598.26,559.69116,585.4345,-0.555978598111545,592.22,0,-5.492694925977681,2.190766003711779,2.013110631253822
2024-11-08,597.82,583.32513,585.4405,0.7075035848313794,598.26,0,-2.49638380012975,2.1145615993427183,1.2634821829429246
2024-11-09,624.66,590.0137,586.3785,3.174232680417066,597.82,0,-1.305799090863479,6.52846241804567,2.466729095585687
2024-11-10,627.33,630.98303,587.8050000000001,4.716115961980736,624.66,1,1.0122358125320225,6.724168729425569,1.54188328156367
2024-11-11,659.63,630.1975,591.0965,7.477664131763278,627.33,1,0.4570975030087767,11.594299746318919,2.761548169782542
2024-11-12,625.33,616.16864,593.118,6.591610186955405,659.63,1,-6.588748216921797,5.430959775289232,-0.8860539448078733
2024-11-13,620.68,629.32965,594.427,5.342928433671714,625.33,1,0.639606428430782,4.4165221297148225,-1.248681753283691
2024-11-14,622.3,613.8601,596.7769999999999,4.320375693632512,620.68,0,-1.0987775630155556,4.276806914475596,-1.0225527400392025
2024-11-15,619.37,622.03186,598.5755,3.192942762070741,622.3,0,-0.043088486009554,3.4739978498952877,-1.1274329315617706
2024-11-16,622.69,620.8884,600.2500000000001,2.4504578920363187,619.37,1,0.24515681004488357,3.7384423157017803,-0.7424848700344224
2024-11-17,618.9,610.54456,601.1400000000001,1.5288446141132397,622.69,1,-1.950480068081638,2.954386665335841,-0.921613277923079
2024-11-18,618.93,590.8385,601.7715000000001,0.7835685409962707,618.9,1,-4.534092587403051,2.851331443911832,-0.745276073116969
2024-11-19,615.5,602.439,602.7665000000001,-0.03470921311809505,618.93,0,-2.664432831029955,2.112509570455547,-0.8182777541143658
2024-11-20,605.39,597.14557,604.206,-1.2820704195778863,615.5,0,-2.982035930518887,0.1959596561437604,-1.2473612064597912
2024-11-21,621.86,597.4406,606.644,-1.0337884835347104,605.39,0,-1.3131018363420666,2.5082255820547155,0.24828193604317583
2024-11-22,633.0,590.2593,609.864,-0.19887368562755547,621.86,0,-5.0816458135673646,3.7936326787611607,0.834914797907155
2024-11-23,650.42,592.7772,614.5,1.3611918139238401,633.0,0,-6.3543093712973935,5.845402766476804,1.5600654995513956
2024-11-24,659.65,587.2594,619.8575,2.768217415238281,650.42,0,-9.71074084221541,6.419620638614523,1.4070256013144409
2024-11-25,636.2,662.93164,623.507,1.9136913851894946,659.65,1,0.49748209277647587,2.0357429828374176,-0.8545260300487865
2024-11-26,613.51,648.9217,624.5715,-0.26939599259486613,636.2,1,1.9996372044217547,-1.7710542347833713,-2.1830873777843607
2024-11-27,644.14,636.0548,626.8655000000001,0.23261300581293654,613.51,1,3.674725688303778,2.7556948021545087,0.5020089984078027
2024-11-28,653.83,615.61835,629.666,1.0544002001950492,644.14,0,-4.427865500051423,3.8375900874431816,0.8217871943821127
2024-11-29,654.67,595.904,631.1665,1.4663492138864402,653.83,0,-8.859490739302462,3.723819309168011,0.41194901369139103
2024-11-30,653.43,662.5474,632.4714999999999,1.4637417005834958,654.67,1,1.203266426811415,3.313746152988724,-0.0026075133029443975
2024-12-01,655.99,650.82275,632.2895000000001,1.440605836698193,653.43,1,-0.3990092425737952,3.7483621031188905,-0.023135863885302754
2024-12-02,647.82,653.2498,633.414,0.7177690557131502,655.99,1,-0.4177172068886354,2.274341899610691,-0.7228367809850429
2024-12-03,734.64,639.8271,639.112,5.654669539011888,647.82,0,-1.2338168932197677,14.946988947164193,4.9369004832987375
2024-12-04,739.53,608.40283,644.9735000000001,8.638713878773668,734.64,0,-17.183541322110145,14.660524812259714,2.9840443397617804
2024-12-05,717.1,737.73663,649.8599999999999,8.47912933382672,739.53,0,-0.24250087206992588,10.346843935616922,-0.15958454494694863
2024-12-06,730.22,689.07806,655.2365,8.606937089517977,717.1,0,-3.907674806185507,11.443730622454648,0.1278077556912578
2024-12-07,749.72,650.37573,661.7774999999999,9.295716622314949,730.22,0,-10.934275639961248,13.28883197147079,0.6887795327969712
2024-12-08,742.0,631.0106,667.9309999999999,8.541691808279886,749.72,0,-15.833828613724126,11.089319106314885,-0.7540248140350627
2024-12-09,689.19,605.5246,671.6155,4.025865703157972,742.0,0,-18.392911432888308,2.6167502090109678,-4.5158261051219135
2024-12-10,676.8,694.62555,675.1859999999999,-0.04072329731249624,689.19,0,0.7886866200040911,0.23904524086696596,-4.066589000470469
2024-12-11,711.21,688.83466,679.6535,-0.6258023853333512,676.8,0,1.7781701775589238,4.643027660418143,-0.585079088020855
2024-12-12,705.77,650.79584,683.292,-1.539775268605517,711.21,0,-8.494560340498063,3.2896623990914504,-0.9139728832721659
2024-12-13,725.72,655.14685,687.057,-0.9881404985678692,705.77,0,-7.1727544970829715,5.627335141043612,0.5516347700376478
2024-12-14,715.79,617.4139,689.8639999999999,-1.4514284739480914,725.72,0,-14.923954225523447,3.7581320376190157,-0.46328797538022215
2024-12-15,718.87,701.57983,693.9975000000001,-1.692988137264713,715.79,0,-1.9852423218576627,3.5839466280498047,-0.2415596633166217
2024-12-16,720.58,676.4912,699.351,-1.8664813704710568,718.87,0,-5.895195106556123,3.0355286544238935,-0.1734932332063437
2024-12-17,717.69,679.5353,703.0285,-2.277524246948971,720.58,0,-5.696067290195057,2.085477331288852,-0.4110428764779144
2024-12-18,686.38,701.35876,704.656,-4.624418158170407,717.69,-1,-2.275527783801161,-2.5936059580845057,-2.3468939112214358
2024-12-19,665.62,691.69037,705.2035,-7.377821599735462,686.38,-1,0.7736776497485001,-5.613060627180659,-2.7534034415650552
2024-12-20,678.6,661.6045,706.4620000000001,-8.07165585631752,665.62,-1,-0.6032733109732287,-3.9438780854455127,-0.6938342565820577
2024-12-21,663.49,665.2476,706.837,-9.212461350214642,678.6,-1,-1.967636364735304,-6.132531262511722,-1.1408054938971226
2024-12-22,649.77,673.9031,706.9345,-10.46391323169418,663.49,0,1.5694398064590258,-8.086251272218286,-1.2514518814795377
2024-12-23,694.16,676.7624,704.9105000000001,-7.986819130448762,649.77,0,4.154145333997994,-1.5250872273856186,2.4770941012454184
2024-12-24,696.9,663.8082,702.779,-5.9424001288019745,694.16,-1,-4.372446188333737,-0.8365360945617356,2.044419001646787
2024-12-25,702.72,698.3562,702.0600000000001,-4.066242983106438,696.9,-1,0.20895410702755382,0.0940090590547771,1.8761571456955366
2024-12-26,689.4,713.6229,700.019,-3.6061026619226855,702.72,-1,1.5515318768054804,-1.5169588254033144,0.4601403211837525
2024-12-27,691.85,713.203,697.1255,-3.0429919737099977,689.4,0,3.452712928588268,-0.7567503986011078,0.5631106882126877
2024-12-28,722.13,691.0463,696.1320000000001,-0.6618794687956742,691.85,0,-0.11616308685499352,3.734636534450353,2.3811125049143236
2024-12-29,694.71,670.0542,696.408,-0.9468711429157679,722.13,-1,-7.21141633518203,-0.24382258675948282,-0.28499167412009374
2024-12-30,705.36,696.83075,697.836,-0.45628895854420115,694.71,-1,0.3052711939829157,1.0781902911285748,0.49058218437156675
2024-12-31,702.3,714.8992,697.3905,-0.3792094298917803,705.36,-1,1.352383169144123,0.7039814852654259,0.07707952865242085
2025-01-01,707.84,716.57056,697.4939999999999,-0.015649787397484793,702.3,0,2.0319744611455284,1.483310250697514,0.3635596424942955
2025-01-02,706.25,707.9277,696.5205,0.0534273692087428,707.84,0,0.012386039195823656,1.3968720231493588,0.0690771566062276
2025-01-03,714.88,708.6105,696.475,0.5864022224749483,706.25,1,0.3342263550884956,2.6425930578987002,0.5329748532662055
2025-01-04,713.41,703.33765,696.202,0.7363048084678807,714.88,1,-1.614586156505287,2.471696432931817,0.14990258599293238
2025-01-05,709.29,709.579,695.6375,0.4674519807026192,713.41,1,-0.5370012346073743,1.962588273346379,-0.26885282776526154
2025-01-06,729.42,724.2535,696.2239999999999,1.496738011682429,709.29,1,2.1096418959672754,4.768005699315167,1.0292860309798098
2025-01-07,698.01,721.5799,696.8055,-0.006858306213754162,729.42,0,-1.074840966859794,0.17286028884673543,-1.503596317896183
2025-01-08,696.03,711.3836,698.326,-1.1410257291197894,698.01,0,1.9159619428133206,-0.32878626887729356,-1.1341674229060352
2025-01-09,685.48,702.87726,698.67,-2.528504097716394,696.03,0,0.9837590765888363,-1.8878726723631962,-1.3874783685966046
2025-01-10,693.21,741.19934,700.156,-2.829669083952786,685.48,0,8.128514445397746,-0.9920646255977116,-0.3011649862363921
2025-01-11,696.7,731.98926,702.5024999999999,-2.69830382764465,693.21,0,5.594157299014723,-0.825975708271486,0.13136525630813622
2025-01-12,693.34,727.12463,702.4615,-2.733724395536342,696.7,0,4.366963368603768,-1.2985053273382199,-0.03542056789169212
2025-01-13,688.64,731.76306,702.0485,-2.9511112408020383,693.34,0,5.54173443381854,-1.909910782517163,-0.2173868452656964
2025-01-14,698.89,683.723,701.857,-2.310354992269586,688.64,-1,-0.7140127699614438,-0.42273568547438933,0.6407562485324525
2025-01-15,714.59,674.65936,703.1165,-0.8122487447159004,698.89,-1,-3.4670172998656783,1.6318063933928528,1.4981062475536855
2025-01-16,708.1,667.0381,703.929,-0.26956801332896596,714.59,-1,-6.654433180215233,0.592531349042311,0.5426807313869344
2025-01-17,721.76,693.87805,703.9105,0.9323626194722792,708.1,0,-2.008466070073086,2.535762714151875,1.2019306328012451
2025-01-18,709.52,699.5548,704.6510000000001,0.8294885929346205,721.76,0,-3.0765338103645936,0.6909803576522157,-0.10287402653765865
2025-01-19,683.19,731.44855,703.5425,-0.9869003448296692,709.52,0,3.090617229011341,-2.892860061758879,-1.8163889377642897
2025-01-20,682.51,754.15765,702.553,-2.1428967006543576,683.19,0,10.387689194600872,-2.8528808502703717,-1.1559963558246884
2025-01-21,692.21,745.29395,701.7715000000001,-2.1570610954123675,682.51,0,9.198978082738716,-1.3624805225062606,-0.014164394758009902
2025-01-22,695.52,749.538,701.235,-1.8576833101858095,692.21,0,8.281883373881294,-0.8149906949881327,0.299377785226558
2025-01-23,689.74,750.9892,699.978,-1.9533457671343657,695.52,0,7.975212327085313,-1.4626173965467404,-0.09566245694855624
2025-01-24,680.45,691.4745,698.3299999999999,-2.5111449404843484,689.74,0,0.2514697284030926,-2.5603940830266327,-0.5577991733499827
2025-01-25,686.4,694.8243,697.1855,-2.351057096359482,680.45,0,2.112466718371108,-1.5470057825356478,0.16008784412486632
2025-01-26,667.37,695.0693,694.083,-3.3382103542582846,686.4,0,1.2630062503414587,-3.8486751584464636,-0.9871532578988025
2025-01-27,679.74,678.51044,693.1695,-2.981200803657047,667.37,0,1.669304435578277,-1.9374049204415316,0.3570095506012376
2025-01-28,661.29,682.02216,691.4325000000001,-3.760476715215794,679.74,0,0.33573951241926925,-4.35942770986324,-0.7792759115587469
2025-01-29,667.97,670.5125,690.557,-3.5987946311345063,661.29,0,1.394624477465452,-3.2708378888346634,0.1616820840812876
2025-01-30,677.53,693.43787,689.773,-2.663816694065539,667.97,0,3.812726052208553,-1.774931752910023,0.9349779370689673
2025-01-31,677.47,710.5286,688.8115,-1.9010195348585572,677.53,0,4.870430163724304,-1.6465317434450493,0.7627971592069818
2025-02-01,652.94,707.15283,686.7915,-2.8434144646291726,677.47,0,4.381423831498069,-4.928934036021119,-0.9423949297706153
2025-02-02,617.8,721.50726,683.2495,-5.475813557635226,652.94,0,10.501311480931431,-9.579150808013772,-2.632399093006053
2025-02-03,617.21,627.36536,679.1655000000001,-6.812099037405748,617.8,0,1.5482933708825748,-9.122297878793905,-1.3362854797705221
2025-02-04,572.69,637.34296,672.0705,-10.053939141194725,617.21,0,3.2619297391436803,-14.787213543817202,-3.2418401037889772
2025-02-05,569.55,630.9364,665.143,-11.656511461682914,572.69,0,10.170668488569286,-14.3717967414526,-1.6025723204881892
2025-02-06,571.72,646.2726,657.641,-11.782173661964464,569.55,0,13.470737074499613,-13.06503092112565,-0.12566220028154973
2025-02-07,577.71,655.7606,651.0505,-10.704912358370755,571.72,0,14.699611718531354,-11.26494795718612,1.0772613035937084
2025-02-08,612.39,593.50244,647.5105,-7.0748262890987625,577.71,0,2.7336278420401174,-5.42392748843455,3.630086069271993
2025-02-09,615.81,591.6926,644.1755,-4.013789434054917,612.39,-1,-3.3797699255172335,-4.403380755710224,3.061036855043845
2025-02-10,618.65,615.60974,640.4975000000001,-1.4977522192267898,615.81,-1,-0.03251957406707352,-3.4110203396578567,2.5160372148281276
2025-02-11,642.11,610.6637,637.827,1.8641288593479395,618.65,-1,-1.290924385506745,0.6714986979227934,3.3618810785747293
2025-02-12,696.93,614.73236,638.1865,7.5770063341933565,642.11,0,-4.263699235357846,9.204754409565217,5.712877474845417
2025-02-13,664.72,675.97754,637.4,8.89264351438069,696.93,0,-3.0063938899889444,4.286162535299662,1.315637180187334
2025-02-14,659.71,704.2941,636.0654999999999,9.098780114078838,664.72,1,5.95350349289456,3.7173058435019835,0.2061365996981479
2025-02-15,662.21,704.7843,635.8075,9.0572299182403,659.71,1,6.8324417937900686,4.152593355693355,-0.04155019583853914
2025-02-16,673.1,700.9078,635.4755,9.377399507731756,662.21,1,5.843731728440557,5.920684589728481,0.32016958949145646
2025-02-17,667.51,649.34106,635.7864999999999,8.834416142008834,673.1,0,-3.5297779745765894,4.989646681708414,-0.5429833657229217
2025-02-18,648.18,642.3092,634.797,6.881899189016769,667.51,0,-3.7753435751430677,2.1082330256759128,-1.952516952992065
2025-02-19,653.38,641.0853,633.5894999999999,5.6980301089154,648.18,0,-1.0945528790710066,3.123552394728774,-1.1838690801013687
2025-02-20,656.36,627.00146,632.534,4.90333282090131,653.38,0,-4.037242516797269,3.7667540400990336,-0.7946972880140901
2025-02-21,647.47,610.5548,632.2605,3.625528860813164,656.36,0,-6.97866878385147,2.405574917300709,-1.2778039600881463
2025-02-22,668.57,606.7246,634.7990000000001,4.017536017308101,647.47,0,-6.293015989157803,5.3199516697411235,0.39200715649493745
2025-02-23,658.42,660.5192,636.8595,3.4321399976062015,668.57,0,-1.2041781602197674,3.385440587759142,-0.5853960197018999
2025-02-24,614.2,655.6288,638.935,0.08272368161114096,658.42,0,-0.4239263418961239,-3.87128581154576,-3.3494163159950605
2025-02-25,623.49,648.98785,641.632,-1.4088504233167338,614.2,0,5.663929339613514,-2.827477432546996,-1.4915741049278748
2025-02-26,611.57,639.5606,643.6245000000001,-3.0081358379196086,623.49,0,2.5775245649739755,-4.980310724653904,-1.5992854146028748
2025-02-27,605.41,646.5425,645.0095,-4.216649536936937,611.57,0,5.7184754760289005,-6.13936693955671,-1.2085136990173284
2025-02-28,588.07,617.3301,643.7935,-5.820753694300909,605.41,0,1.9689265332584582,-8.655492793884987,-1.604104157363972
2025-03-01,607.93,629.6487,643.3995000000001,-5.201432727406669,588.07,0,7.070362650811118,-5.512826789576327,0.6193209668942403
2025-03-02,623.94,632.4025,643.664,-3.4548206843645968,607.93,0,4.025550121801655,-3.0643317010116977,1.746612043042072
2025-03-03,576.1,633.88214,640.3635,-5.160088323066002,623.94,0,1.5934450609483595,-10.035472040489505,-1.7052676387014056
2025-03-04,584.01,639.15314,634.7175,-5.369938681918377,576.1,0,10.944825066313353,-7.988987226600807,-0.2098503588523748
2025-03-05,598.24,601.37573,631.3935,-4.215922946425422,584.01,0,2.973533402146369,-5.250845946307652,1.1540157354929548
2025-03-06,596.5,597.06476,628.233,-3.277116927228713,598.24,-1,-0.19644986948695492,-5.051151404017292,0.9388060191967096
2025-03-07,594.77,592.9526,624.8610000000001,-2.514306562723249,596.5,-1,-0.5947065073606453,-4.815630996333603,0.762810364505464
2025-03-08,593.1,599.0993,620.8610000000001,-1.8922349716900264,594.77,-1,0.7278955225076531,-4.4713712086924575,0.6220715910332224
2025-03-09,554.65,616.42,615.2180000000001,-3.7338866269861306,593.1,0,3.9318804434591517,-9.84496552441575,-1.8416516552961042
2025-03-10,531.49,580.6213,609.3835,-6.0389274971921125,554.65,0,4.682462247447719,-12.782344779601026,-2.305040870205982
2025-03-11,551.61,596.211,604.2950000000001,-5.7377852713031245,531.49,0,12.177274931824915,-8.718423948568175,0.301142225888988
2025-03-12,569.87,607.28723,599.9705,-3.9245476254666087,551.61,0,10.093586310130796,-5.016996669002894,1.8132376458365158
2025-03-13,579.8,619.4189,596.5870000000001,-1.78126707989939,569.87,0,8.694769732981863,-2.813839389728597,2.143280545567219
2025-03-14,587.76,616.8231,592.5465,0.3348627236912023,579.8,0,6.385498467952319,-0.8077847055041328,2.116129803590592
2025-03-15,619.83,577.35986,590.617,3.860924601926012,587.76,0,-1.7694529601793234,4.9461833980396905,3.5260618782348097
2025-03-16,602.2,559.36694,590.017,4.905324879535929,619.83,0,-9.754780607686792,2.0648557583934006,1.0444002776099168
2025-03-17,631.69,588.5679,590.427,7.335426646749445,602.2,0,-2.2637211734058527,6.988670911052515,2.4301017672135163
2025-03-18,627.81,612.8414,591.239,8.360354949229935,631.69,0,-2.983841816570439,6.185485057650106,1.0249283024804896
2025-03-19,618.7,620.0319,591.9035,8.09799798969812,627.81,0,-1.238922383090616,4.527173770724457,-0.2623569595318145
2025-03-20,630.47,624.6464,594.0235,8.356604597177471,618.7,1,0.9611157814520291,6.135531675093665,0.2586066074793507
2025-03-21,635.17,602.6609,595.3855,8.457947214591517,630.47,1,-4.410854018133302,6.682141234544674,0.10134261741404593
2025-03-22,627.01,572.3008,595.539,7.615434733012902,635.17,1,-9.898014507927005,5.284456601498811,-0.8425124815786145
2025-03-23,623.79,557.12476,597.9235000000001,6.523400200426407,627.01,0,-11.145794188390136,4.326055088987112,-1.0920345325864957
2025-03-24,637.08,569.42017,600.577,6.370977816037975,623.79,0,-8.716047705858537,6.0779883345516135,-0.1524223843884318
2025-03-25,629.82,632.9259,602.1560000000001,5.489502617471461,637.08,0,-0.6520525961712094,4.594158324420912,-0.8814751985665135
2025-03-26,617.99,647.9479,603.2305,3.893121215031649,629.82,1,2.878262992055262,2.446742994593278,-1.5963814024398122
2025-03-27,637.36,634.6975,605.36,3.9145733054143257,617.99,1,2.703524290947263,5.286110744020087,0.02145209038267648
2025-03-28,619.81,639.66394,606.6955,2.5838572798814905,637.36,1,0.36148180458257284,2.161628032513824,-1.3307160255328352
2025-03-29,602.99,645.04517,609.1125,0.516084569290062,619.81,0,4.0714357650933435,-1.005150936813798,-2.0677727105914285
2025-03-30,602.2,608.00714,612.648,-0.8834440401430097,602.99,0,0.832043833775227,-1.7053838419451264,-1.3995286094330717
2025-03-31,604.81,597.5654,615.308,-1.5717709860418991,602.2,-1,-0.769606494935245,-1.706137414108064,-0.6883269458988894
2025-04-01,611.13,585.83514,617.371,-1.537901354815689,604.81,-1,-3.1373251032607263,-1.0108994429605513,0.03386963122621012
2025-04-02,590.68,591.52795,617.915,-2.758042074481774,611.13,-1,-3.207508369485624,-4.407564147172348,-1.2201407196660852
2025-04-03,592.67,598.1332,618.1605000000001,-3.261855883307108,590.68,0,1.2617963552071427,-4.123605439040526,-0.5038138088253339
2025-04-04,597.71,600.635,617.0545,-3.088200805596604,592.67,0,1.343919848419026,-3.134974301297523,0.17365507771050392
2025-04-05,593.13,597.15295,616.601,-3.1059119322951494,597.71,-1,-0.09319668374923229,-3.8065134503512,-0.017711126698545243
2025-04-06,555.54,608.4834,612.7935,-5.342181323075959,593.13,-1,2.588538505470977,-9.343033175123436,-2.2362693907808096
2025-04-07,554.6,598.07904,609.133,-6.500677825678062,555.54,-1,7.657241697689416,-8.952560442464948,-1.1584965026021035
2025-04-08,553.72,590.5696,605.884,-6.904271441363569,554.6,0,6.485679783289753,-8.609568828356581,-0.4035936156855069
2025-04-09,582.32,556.2275,603.4765,-4.916468547637765,553.72,0,0.45284223566851883,-3.5057703158283613,1.9878028937258039
2025-04-10,578.03,568.61816,600.6195,-3.621745899883411,582.32,-1,-2.352973612017456,-3.761033399681503,1.2947226477543543
2025-04-11,585.93,562.63684,598.5654999999999,-2.043112010284304,578.03,-1,-2.663038108694613,-2.1109636288760347,1.5786338895991072
2025-04-12,597.29,569.32886,597.2405000000001,-0.14381686927355197,585.93,-1,-2.8332979328801993,0.008288118438024992,1.899295141010752
2025-04-13,584.28,594.1418,594.6004999999999,0.3019896626527139,597.29,0,-0.5270832145241363,-1.7357032158566845,0.44580653192626585
2025-04-14,584.54,578.1055,592.3365,0.6595798814276801,584.28,0,-1.0567656286102078,-1.3162281912392766,0.3575902187749662
2025-04-15,579.52,573.2273,590.413,0.604671773068894,584.54,0,-1.9353175279920902,-1.8449797006502278,-0.05490810835878612
2025-04-16,582.8,571.3045,587.685,0.8224045188581339,579.52,0,-1.417637977199878,-0.8312276134323645,0.21773274578923996
2025-04-17,590.49,570.2072,586.2189999999999,1.4791708309576617,582.8,0,-2.160738785952506,0.7285673101690788,0.6567663120995277
2025-04-18,591.71,571.4375,585.655,1.960414487162443,590.49,0,-3.2265576047011817,1.0338851371541375,0.48124365620478127
2025-04-19,591.73,582.21967,585.1315,2.2253669776670026,591.71,0,-1.6038827250944359,1.127695227483063,0.2649524905045597
2025-04-20,592.77,575.6404,584.5295,2.400885064007783,591.73,0,-2.7190811925413647,1.409766316327918,0.17551808634078014
2025-04-21,597.34,567.73584,583.84,2.7309507009015093,592.77,0,-4.223250190841302,2.3122773362565083,0.3300656368937265
2025-04-22,618.51,565.8559,585.2315,4.193729992616119,597.34,0,-5.270717514967402,5.686382226520617,1.46277929171461
2025-04-23,605.71,574.2381,585.8835,4.11234655241879,618.51,0,-7.157831216224271,3.384034539289809,-0.08138344019732902
2025-04-24,601.55,611.0215,586.0754999999999,3.609389827426826,605.71,1,0.8769022098033652,2.6403594758695825,-0.5029567249919644
2025-04-25,599.91,639.36847,586.4145,3.021158940677255,601.55,1,6.2868372102537275,2.301358510064126,-0.5882308867495709
2025-04-26,607.23,585.29596,588.999,2.975236331924817,599.91,1,-2.4360388270480104,3.095251435061858,-0.04592260875243781
2025-04-27,603.46,587.0766,591.442,2.5571103274313476,607.23,0,-3.318907313358409,2.0319828486986093,-0.4181260044934696
2025-04-28,606.16,578.7845,594.064,2.334685414555214,603.46,0,-4.089005921969772,2.036144253817771,-0.22242491287613353
2025-04-29,601.0,592.45807,594.9979999999999,1.7396539780924205,606.16,0,-2.2604479266767386,1.0087428865307222,-0.5950314364627936
2025-04-30,599.88,595.7492,596.0905,1.1961308608871266,601.0,0,-0.8736761159785774,0.6357256154895902,-0.5435231172052939
2025-05-01,599.63,595.83716,596.7755,0.7661796835806765,599.88,0,-0.673941754496732,0.47832057448739607,-0.42995117730645016
2025-05-02,600.69,596.54095,596.9455,0.5118068102438447,599.63,0,-0.5151585828187792,0.6272766944386072,-0.2543728733368318
2025-05-03,599.36,588.8144,597.6995000000001,0.2271269348971523,600.69,0,-1.9769944414184195,0.2778151897399874,-0.28467987534669237
2025-05-04,586.03,589.86456,597.774,-0.8279550267279472,599.36,-1,-1.5842627155163447,-1.9646220812547934,-1.0550819616250995
2025-05-05,597.61,578.7015,598.6785,-0.7190158683129753,586.03,-1,-1.2505371651995159,-0.17847642766526137,0.10893915841497193
2025-05-06,602.57,560.0175,599.667,-0.3070357452581982,597.61,-1,-6.29047086062085,0.48410200994885827,0.41198012305477705
2025-05-07,602.7,565.01917,600.2775,-0.0342516149306058,602.57,0,-6.231779703758492,0.40356335194972554,0.2727841303275924
2025-05-08,629.17,555.98126,602.1505,1.818022700280066,602.7,0,-7.7515742148612565,4.487167244733667,1.8522743152106718
2025-05-09,666.29,620.8673,605.8785,5.2387060614001015,629.17,0,-1.3196259245811879,9.970893504225671,3.4206833611200356
2025-05-10,663.9,618.9985,609.435,6.9297439849313545,666.29,0,-7.097739104429936,8.936966206404298,1.691037923531253
2025-05-11,651.15,617.27344,612.1254999999999,6.771081369287508,663.9,0,-7.023130366018976,6.375244945685175,-0.15866261564384665
2025-05-12,660.07,609.0946,614.2035000000001,6.828875757671852,651.15,0,-6.458634033296856,7.467638982845257,0.057794388384344586
2025-05-13,664.13,606.7688,617.1245,6.693593290027069,660.07,0,-8.075083123286174,7.616858510721903,-0.13528246764478347
2025-05-14,652.47,651.449,619.6705,5.425915991744786,664.13,0,-1.9094191484536154,5.293054938067906,-1.2676772982822833
2025-05-15,651.88,633.201,622.269,4.209024068832251,652.47,0,-2.9532409506136337,4.75855297307113,-1.2168919229125343
2025-05-16,646.76,627.3252,624.2455,2.7890676863978,651.88,0,-3.766767608685647,3.606673976824823,-1.4199563824344512
2025-05-17,639.51,642.51483,626.048,1.17398242132208,646.76,0,-0.6563746145449998,2.150314352893067,-1.6150852650757201
2025-05-18,651.53,642.97955,628.3165,0.7483502296344327,639.51,1,0.5425330679201669,3.694555212221858,-0.4256321916876473
2025-05-19,649.62,651.58704,630.7475000000001,0.1998708250941661,651.53,1,0.008754183661923057,2.9920847882869044,-0.5484794045402666
2025-05-20,650.0,657.666,633.2535,-0.2511677317085059,649.62,1,1.2385726463163074,2.64451755892387,-0.451038556802672
2025-05-21,673.31,665.5266,636.9375,0.8464234269668847,650.0,1,2.3887094350961537,5.710528898047288,1.0975911586753906
2025-05-22,686.57,659.7833,641.2315,2.21383145556827,673.31,0,-2.008981717884399,7.070535368271844,1.3674080286013854
2025-05-23,656.98,660.4768,644.1125,0.939041018337468,686.57,0,-3.8005146393485076,1.9977100273632424,-1.274790437230802
2025-05-24,668.01,685.75275,648.2115,0.6651316316688529,656.98,1,4.379546802342724,3.0543271756209185,-0.2739093866686151
2025-05-25,669.44,692.984,651.803,0.4187483376871768,668.01,1,3.738568103630561,2.7058789235397898,-0.24638329398167613
2025-05-26,674.29,662.8636,655.389,0.41983568282288175,669.44,1,-0.9823753546574456,2.8839361051222943,0.0010873451357049646
2025-05-27,686.91,634.25854,659.5995,1.070882187243594,674.29,0,-5.936830603764696,4.1404670561454235,0.6510465044207123
2025-05-28,686.89,625.367,662.4855,1.286085539560574,686.91,0,-8.9593972435208,3.6837787393082544,0.21520335231697985
2025-05-29,675.02,676.347,662.922,0.4576589671565099,686.89,0,-1.534891341658597,1.824950748353495,-0.828426572404064
2025-05-30,655.36,678.919,662.495,-1.4796498322565377,675.02,0,0.5776134555503939,-1.0769892602963027,-1.9373087994130476
2025-05-31,658.01,697.9973,662.838,-2.5832830993816955,655.36,0,6.5059378743171665,-0.7283831041672286,-1.1036332671251579
2025-06-01,660.77,673.5519,662.8729999999999,-3.0936226465697647,658.01,0,2.3619519282096793,-0.3172553415209176,-0.5103395471880692
2025-06-02,665.93,663.81525,662.963,-3.045130956801401,660.77,0,0.4608633234001647,0.44753628784713245,0.0484916897683636
2025-06-03,661.59,666.5018,663.4190000000001,-3.248244025425846,665.93,0,0.08586037864810116,-0.27569303863773337,-0.2031130686244449
2025-06-04,663.23,662.8787,663.9865,-3.209377524715375,661.59,0,0.19479181132290663,-0.11393303930124483,0.03886650071047093
2025-06-05,633.32,669.202,663.3145,-5.027012836938056,663.23,0,0.9004457529344996,-4.521912305550369,-1.8176353122226807
2025-06-06,642.7,670.35236,663.4739999999999,-5.394130482012304,633.32,0,5.847337200314406,-3.1310948130597267,-0.3671176450742486
2025-06-07,650.82,654.9425,663.4385,-4.900962782848083,642.7,0,1.9048552797280929,-1.9019848863157514,0.4931676991642213
2025-06-08,652.0,634.2714,663.5575,-4.326161863473056,650.82,-1,-2.542727122730755,-1.741748077596893,0.5748009193750274
2025-06-09,665.58,644.80945,664.3365,-2.9291276078566364,652.0,-1,-1.102845361627684,0.18717923823243793,1.3970342556164193
2025-06-10,673.51,671.85956,664.3465,-1.4438619968098987,665.58,-1,0.9434715744867197,1.3793253972136528,1.4852656110467377
2025-06-11,667.43,634.7719,663.3895,-0.8719493756523535,673.51,0,-5.751672340263135,0.6090690310895713,0.5719126211575452
2025-06-12,654.75,681.7709,663.278,-1.3216985508037666,667.43,0,2.1486708753633414,-1.2857353930026354,-0.4497491751514131
2025-06-13,655.35,654.7978,662.6450000000001,-1.5377179582188036,654.75,0,0.007299049613402062,-1.100891125715892,-0.216019407415037
2025-06-14,645.61,644.93256,661.4535,-2.2522858546223103,655.35,-1,-1.5896000377899246,-2.3952552976135055,-0.7145678964035067
2025-06-15,648.19,630.75867,660.1485,-2.450508422250922,645.61,-1,-2.3003567181134916,-1.811486354964066,-0.19822256762861157
2025-06-16,650.74,623.76196,658.3399999999999,-2.311033912065547,648.19,-1,-3.7686538066577784,-1.1544186894309794,0.1394745101853747
2025-06-17,648.08,616.465,656.3995,-2.2944316148109296,650.74,-1,-5.267076427533463,-1.2674445973831407,0.016602297254617593
2025-06-18,644.77,644.4849,654.887,-2.3919655677626777,648.08,-1,-0.5547271453514675,-1.5448466682038218,-0.09753395295174805
2025-06-19,644.65,643.4842,654.3515,-2.3468948992239422,644.77,-1,-0.19942120530867316,-1.4826129381532724,0.045070668538735426
2025-06-20,641.61,633.541,653.5315,-2.3958036257103474,644.65,-1,-1.7232582602962814,-1.824166088398193,-0.04890872648640521
2025-06-21,628.97,645.20245,651.9415,-3.108241991620199,641.61,0,0.5599123475758228,-3.523552343270062,-0.7124383659098514
2025-06-22,615.81,646.7397,649.4354999999999,-4.225321557379478,628.97,0,2.8252039141125525,-5.177650436417472,-1.117079565759279
2025-06-23,640.49,611.93616,648.3805,-3.112972469893581,615.81,-1,-0.62906460977208,-1.2169551675289394,1.1123490874858968
2025-06-24,643.53,608.83765,647.3955,-2.035491022065665,640.49,-1,-4.94189659723415,-0.5970847804780844,1.0774814478279162
2025-06-25,646.07,605.2977,648.033,-1.0636168293576542,643.53,-1,-5.941023807407964,-0.3029166724534037,0.9718741927080106
2025-06-26,642.3,593.3258,648.013,-0.6091477301218999,646.07,-1,-8.163851337461505,-0.8816181156859628,0.4544690992357543
2025-06-27,645.71,592.64655,647.7574999999999,-0.043202943722834064,642.3,-1,-7.730570541778563,-0.3160905122673069,0.5659447863990659
2025-06-28,648.6,651.28094,647.5875,0.5298581659272474,645.71,1,0.8627626681046776,0.15634952805606123,0.5730611096500815
2025-06-29,654.9,665.7396,647.0535,1.293749418497427,648.6,1,2.6425568953804315,1.2126508859004692,0.7638912525701795
2025-06-30,656.9,679.69604,646.223,1.8598401948862264,654.9,1,3.786233764219732,1.6522160306891,0.5660907763887995
2025-07-01,646.33,687.5065,645.168,1.4658510647182728,656.9,1,4.659228151402424,0.18010812687548586,-0.39398913016795367
2025-07-02,659.71,674.48065,645.4159999999999,2.015848087544379,646.33,1,4.35546111977917,2.214695638162069,0.5499970228261062
2025-07-03,663.59,660.2346,645.828,2.517823258429185,659.71,1,0.07952269036773182,2.750267873179865,0.5019751708848061
2025-07-04,653.6,648.50494,646.2275000000001,2.0724952692624323,663.59,0,-2.2732494691517022,1.1408520992993867,-0.44532798916675276
2025-07-05,656.16,659.404,646.626,1.8529488857192857,653.6,1,0.8880036259514575,1.4744226183296052,-0.2195463835431466
2025-07-06,663.13,660.6524,647.2455,2.0636396747853265,656.16,1,0.6846508146117231,2.4541692449001196,0.21069078906604077
2025-07-07,661.06,653.5957,647.8945000000001,1.951334896088956,663.13,1,-1.437771911239123,2.0320437972540026,-0.11230477869637046
2025-07-08,660.63,666.9832,648.6875,1.7426834367755908,661.06,1,0.8960178095832912,1.8410251469313028,-0.20865145931336526
2025-07-09,668.68,664.6556,649.889,2.0217834599869304,660.63,1,0.6093544969621808,2.891416841953001,0.27910002321133964
2025-07-10,685.8,669.1525,652.0985,3.1661839360768305,668.68,1,0.07066561815349645,5.1681609450106105,1.1444004760899
2025-07-11,689.99,676.2597,655.1495,3.9605678415808567,685.8,0,-1.3911191907489362,5.317946514497839,0.7943839055040263
2025-07-12,685.86,688.8827,658.652,3.9539353263913446,689.99,0,-0.1604819736970839,4.130861213508798,-0.006632515189512134
2025-07-13,692.0,685.4989,661.2275,4.091984513383669,685.86,0,-0.05264902936641787,4.65384455425705,0.13804918699232438
2025-07-14,689.12,695.1714,663.5070000000001,3.728518833790921,692.0,1,0.4582928784320809,3.8602456341832023,-0.363465679592748
2025-07-15,689.92,688.66534,665.6995000000001,3.296117777527745,689.12,1,-0.06597628304486222,3.6383533411096,-0.43240105626317593
2025-07-16,708.61,676.97687,669.015,3.9773620270929797,689.92,1,-1.876033790036339,5.918402427449314,0.6812442495652347
2025-07-17,720.65,667.76044,672.762,4.887452953206832,708.61,0,-5.764745485991061,7.118119037638873,0.9100909261138526
2025-07-18,729.92,708.74115,676.828,5.705357649798362,720.65,0,-1.652515104094391,7.8442381225363,0.8179046965915298
2025-07-19,733.2,695.5521,680.743,6.02733441752356,729.92,0,-4.708444209853472,7.705844937076105,0.32197676772519834
2025-07-20,756.82,707.9533,685.7389999999999,7.30590838065992,733.2,0,-3.443356777759315,10.365605572965828,1.2785739631363597
2025-07-21,766.22,652.47595,691.7334999999999,8.192895151101553,756.82,0,-13.787168395597703,10.768092047009448,0.8869867704416325
2025-07-22,786.68,639.80615,698.082,9.475095439805965,766.22,0,-16.4983748344144,12.691632215126583,1.2822002887044128
2025-07-23,776.74,779.1605,703.7394999999999,8.976140208150635,786.68,0,-0.9558495880233959,10.373227593449013,-0.49895523165533007
2025-07-24,770.74,729.2179,709.5965,7.617930416998973,776.74,0,-6.118148221050481,8.616657494787534,-1.358209791151662
2025-07-25,785.45,701.6039,716.0609999999999,7.09665712936437,770.74,0,-8.970096032911554,9.690375540631333,-0.5212732876346031
2025-07-26,793.29,697.93524,722.5690000000001,6.672683367549197,785.45,0,-11.141989725734456,9.787438985065771,-0.4239737618151729
2025-07-27,844.0,653.9556,731.716,9.052575321414029,793.29,0,-17.564115589329717,15.345297902464889,2.3798919538648313
2025-07-28,824.07,825.3231,739.888,8.536405694770043,844.0,0,-2.2129004600488744,11.377667971368641,-0.5161696266439861
2025-07-29,805.1,592.9521,746.7090000000001,6.2739080022069516,824.07,0,-28.045907823080114,7.819779860695393,-2.262497692563091
2025-07-30,793.51,630.69183,752.0945,3.4921244311233295,805.1,0,-21.662919699901412,5.506688321746795,-2.781783571083622
2025-07-31,783.14,625.1391,756.7520000000001,0.6005865149927558,793.51,0,-21.21849767222924,3.487007632619394,-2.8915379161305736
2025-08-01,757.08,638.62933,760.313,-3.2108321061679845,783.14,-1,-18.45272448143451,-0.4252196135012748,-3.8114186211607404
2025-08-02,736.42,758.52185,762.534,-7.047079749529132,757.08,-1,0.19044890710855641,-3.4246341802463935,-3.8362476433611477
2025-08-03,751.21,753.17883,765.6384999999999,-8.419389399860624,736.42,-1,2.275716711633652,-1.8845055466776912,-1.3723096503314913
2025-08-04,768.63,750.8774,769.574,-7.988381763717648,751.21,0,-0.044277848924573204,-0.1226652667579674,0.43100763614297577
2025-08-05,755.13,722.57526,771.9,-8.404718948286106,768.63,-1,-5.991796267689753,-2.1725612125923024,-0.4163371845684587
2025-08-06,769.55,709.701,774.345,-7.5293851391275695,755.13,-1,-6.016051703742236,-0.6192330292053377,0.875333809158537
2025-08-07,788.67,787.30023,777.2825,-5.573239407909899,769.55,-1,2.306572923603898,1.4650400594378403,1.9561457312176707
2025-08-08,793.5,762.8474,780.2975,-3.941457970353433,788.67,0,-3.2741942625717932,1.6919828655096276,1.6317814375564659
2025-08-09,798.83,758.0597,782.398,-2.5576302555325974,793.5,0,-4.466327361964399,2.100209867612138,1.3838277148208356
2025-08-10,807.22,718.62366,784.4480000000001,-1.2006462579486978,798.83,0,-10.040477044357065,2.9029330178673325,1.3569839975838995
2025-08-11,805.09,706.8626,785.3685,-0.6002480334170031,807.22,0,-12.432470718852205,2.5111142094443553,0.6003982245316948
2025-08-12,832.47,786.11334,788.155,1.3790903649720008,805.09,0,-2.3570852593925875,5.622624991277104,1.9793383983890038
2025-08-13,848.01,773.3116,792.0184999999999,3.360217194774986,832.47,0,-7.106372064740324,7.069468705592116,1.9811268298029852
2025-08-14,840.42,775.8137,794.767,3.7548498578736655,848.01,0,-8.513611784869871,5.744199243300225,0.3946326630986796
2025-08-15,827.81,759.93915,796.4929999999999,2.805488681763766,840.42,0,-9.576265682727827,3.931861296960552,-0.9493611761098997
2025-08-16,838.71,750.006,796.2284999999999,2.557464286477515,827.81,0,-9.398777322657065,5.335340294902795,-0.24802439528625086
2025-08-17,855.38,834.91595,797.794,3.124424988699321,838.71,0,-0.45236677876218073,7.2181540598199545,0.566960702221806
2025-08-18,846.99,811.8307,799.8884999999999,2.5660896924593004,855.38,0,-5.091223961682234,5.888508210831898,-0.5583352962400205
2025-08-19,824.11,778.4349,801.4185,0.40114293763027575,846.99,0,-8.093970945550568,2.8314170436544726,-2.1649467548290247
2025-08-20,869.05,776.0089,805.7139999999999,1.6698930063031803,824.11,0,-5.836731609516631,7.860853851366616,1.2687500686729045
2025-08-21,839.49,780.0743,809.8345,0.26608576871333867,869.05,0,-10.238274002053243,3.6619210468311687,-1.4038072375898416
2025-08-22,900.21,837.27216,818.024,3.021613508841277,839.49,0,-0.2641894767395989,10.046893489677569,2.7555277401279383
2025-08-23,880.42,820.52783,824.4845000000001,3.094835533506025,900.21,0,-8.851508866681112,6.7842997654898065,0.07322202466474792
2025-08-24,876.51,795.96185,829.8785,2.48937262631177,880.42,0,-9.592938253635335,5.619075563471034,-0.605462907194255
2025-08-25,839.32,804.1176,834.0880000000001,-0.6392631174001018,876.51,0,-8.259162502870046,0.6272719425288423,-3.1286357437118717
2025-08-26,863.7,793.7296,838.7955,-1.2546558863416948,839.32,0,-5.431824064979692,2.9690788756019915,-0.615392768941593
2025-08-27,855.18,858.0518,842.1209999999999,-2.3592782675139823,863.7,0,-0.6539517369855036,1.5507272707841373,-1.1046223811722875
2025-08-28,873.47,852.4643,846.1195,-1.9963053218006053,855.18,0,-0.3175595273984659,3.2324630267946795,0.362972945713377
2025-08-29,862.3,866.15546,849.293,-2.6080180912691517,873.47,0,-0.8374120985301473,1.531509149374827,-0.6117127694685465
2025-08-30,862.0,853.4842,852.0319999999999,-3.0989357835547544,862.3,0,-1.0223597478219535,1.169909111394886,-0.49091769228560267
2025-08-31,857.65,852.7346,854.6600000000001,-3.7398051819795626,862.0,0,-1.074870169301044,0.3498467226733315,-0.6408693984248082
2025-09-01,845.68,858.1253,855.3205,-4.918832797709253,857.65,0,0.0554194806484315,-1.1271213539252347,-1.1790276157296908
2025-09-02,851.8,868.1013,855.51,-5.207688428936056,845.68,0,2.6512768847998123,-0.4336594545943398,-0.28885563122680225
2025-09-03,854.76,874.68164,856.2270000000001,-5.113253658600549,851.8,0,2.686269150622217,-0.17133306938464896,0.09443477033550707
2025-09-04,843.63,883.9646,857.018,-5.671067060639945,854.76,0,3.4167017185379533,-1.5621608881027043,-0.5578134020393968
2025-09-05,850.14,881.938,857.5895,-5.469786381985493,843.63,0,4.540851828556358,-0.8686556913301826,0.20128067865445232
2025-09-06,860.85,857.3142,857.863,-4.522770767801099,850.14,0,0.843885593475782,0.34819079503370187,0.9470156141843944
2025-09-07,880.05,861.44836,859.516,-2.6058667914233933,860.85,0,0.06950853898036559,2.3890189362385335,1.9169039763777054
2025-09-08,878.08,856.94446,862.2145,-1.526623498948073,880.05,0,-2.6254805968055743,1.8400873564524831,1.0792432924753204
2025-09-09,880.01,885.5196,862.7625,-0.7766170390677782,878.08,0,0.8472567744574764,1.9991017226641101,0.7500064598802947
2025-09-10,893.77,903.37994,865.4765,0.4844466048539342,880.01,1,2.6556452594466267,3.2691240027892143,1.2610636439217124
2025-09-11,902.77,901.66125,865.6045,1.6948477193085658,893.77,1,0.8829178516634614,4.293589046729765,1.2104011144546316
2025-09-12,924.8,883.14734,867.8234999999999,3.63772457403622,902.77,1,-2.17360580577694,6.565447928063726,1.942876854727654
2025-09-13,933.68,874.528,870.682,5.090360827834733,924.8,0,-5.435984522413626,7.235477476277209,1.452636253798513
2025-09-14,926.51,853.4868,875.0415,5.123698711443467,933.68,0,-8.588936637150839,5.881835318667737,0.03333788360873413
2025-09-15,919.68,850.3907,877.8404999999999,4.275720305965933,926.51,0,-8.215703442471613,4.766184745406489,-0.8479784054775337
2025-09-16,955.65,891.1431,882.8639999999999,5.641453133585401,919.68,0,-3.102913247933379,8.244304898602737,1.3657328276194676
2025-09-17,989.98,900.22723,888.6895000000001,8.205584322305278,955.65,0,-5.799483714046065,11.397737905083828,2.5641311887198768
2025-09-18,981.04,881.498,894.6265,8.606339893110071,989.98,0,-10.958000581845722,9.65917061477611,0.40075557080479385
2025-09-19,984.1,874.61127,900.7314999999999,8.376321645229275,981.04,0,-10.84856202704846,9.255643884997934,-0.23001824788079617
2025-09-20,1043.77,858.0154,910.0375,11.356631141889928,984.1,0,-12.81217550458541,14.695273546419784,2.9803094966606523
2025-09-21,1047.8,1031.9386,920.1434999999999,12.616180251504922,1043.77,0,-1.1335257161240007,13.87354255069998,1.2595491096149942
2025-09-22,992.9,1024.7222,927.1985000000001,8.941632685997298,1047.8,0,-2.202503534190681,7.086023111555928,-3.6745475655076234
2025-09-23,1015.98,1027.3103,935.2594999999999,7.32323640404946,992.9,1,3.4656362911043432,8.630813159342422,-1.6183962819478381
2025-09-24,1018.49,986.8973,944.0024999999999,5.749014437907135,1015.98,1,-2.862529003323763,7.89060410327304,-1.574221966142325
2025-09-25,945.9,773.10406,948.7904999999998,-0.520806325659855,1018.49,1,-24.093111867430583,-0.3046510267545745,-6.26982076356699
2025-09-26,960.8,910.00714,953.7879999999999,-3.820468651401505,945.9,0,-3.794572247247989,0.735173854147888,-3.29966232574165
2025-09-27,968.45,927.35876,958.208,-5.539489900116337,960.8,0,-3.48056154783123,1.0688702244189232,-1.7190212487148315
2025-09-28,993.01,867.3162,963.9545,-5.085899696289019,968.45,0,-10.442849590115008,3.0141982842551114,0.45359020382731785
2025-09-29,1029.79,911.6125,971.4435,-2.5028930264619405,993.01,0,-8.197048590349668,6.006165052316475,2.5830066698270784
2025-09-30,1008.51,963.4825,977.1805,-2.4201638090102193,1029.79,0,-6.438935811169628,3.206111869813196,0.08272921745172113
2025-10-01,1026.5,1012.579,983.367,-1.397261161576914,1008.51,0,0.40346446660791757,4.38625660612976,1.0229026474333054
2025-10-02,1090.22,971.33844,991.6380000000001,3.082868137743759,1026.5,0,-5.373751588757306,9.94132939641279,4.480129299320673
2025-10-03,1189.4,972.57324,1004.424,11.751012222812477,1090.22,0,-10.791102512566274,18.4161270539135,8.668144085068718
2025-10-04,1150.75,978.08887,1015.6360000000001,13.766952866060521,1189.4,0,-17.766195797250724,13.30338822176448,2.015940643248044
2025-10-05,1167.38,965.0653,1028.0210000000002,15.004205112359557,1150.75,0,-16.135971530116226,13.556046034079062,1.237252246299036
2025-10-06,1223.19,1153.8115,1041.398,18.154710199825104,1167.38,0,-1.1623016123713021,17.456534389349716,3.1505050874655467
2025-10-07,1304.43,1104.815,1057.1205,23.920755353636373,1223.19,0,-9.67756919151972,23.394636656842817,5.76604515381127
2025-10-08,1307.4,1072.2052,1073.4385,25.974375947570437,1304.43,0,-17.802779743235554,21.795519724697794,2.0536205939340633
2025-10-09,1255.35,1039.6738,1087.001,22.02301784389907,1307.4,0,-20.477755229845503,15.487474252553579,-3.9513581036713674
2025-10-10,1102.47,1022.66705,1089.9360000000001,8.030062194242674,1255.35,0,-18.53530463833542,1.1499757783943163,-13.992955649656395
2025-10-11,1135.07,870.92395,1094.2995,0.29535974709799007,1102.47,0,-21.00248077541226,3.725716771322646,-7.734702447144684
2025-10-12,1302.65,826.65045,1109.787,5.502110125544078,1135.07,0,-27.17185269100969,17.37837981522581,5.206750378446088
2025-10-13,1294.55,853.7963,1123.7155,7.3233383574548725,1302.65,0,-34.456966515672384,15.202646933320748,1.8212282319107942
2025-10-14,1208.52,861.7292,1133.217,1.9371131922406732,1294.55,0,-33.43407461961927,6.645064449262575,-5.386225165214199
2025-10-15,1162.57,850.7975,1144.0505,-5.1308524142309295,1208.52,0,-29.600049204683206,1.6187659548245363,-7.067965606471603
2025-10-16,1144.83,1094.5588,1153.252,-11.070395365392486,1162.57,-1,-5.85007028474629,-0.7302827135786476,-5.939542951161556
2025-10-17,1071.15,1120.4895,1158.3870000000002,-19.53603264486798,1144.83,-1,-2.1261233586536803,-7.530902884787214,-8.465637279475494
2025-10-18,1092.43,1165.3657,1163.358,-23.036542289502087,1071.15,-1,8.79575434404611,-6.096833476883289,-3.500509644634107
2025-10-19,1109.88,1088.0632,1167.3625,-23.43342033596553,1092.43,-1,-0.3997297381182376,-4.924134534045752,-0.39687804646344205
2025-10-20,1100.19,1066.6721,1171.9465,-23.54279911199805,1109.88,-1,-3.8930227465469334,-6.1228477579821226,-0.10937877603252133
2025-10-21,1057.16,1110.8273,1173.4795,-25.540267209217454,1100.19,0,0.966857588944859,-9.912358929150432,-1.9974680972194037
2025-10-22,1071.82,1104.1699,1172.5595,-24.876590075396734,1057.16,0,4.446812391217972,-8.591419028202845,0.6636771338207197
2025-10-23,1126.72,1085.031,1169.4255,-19.95502814491829,1071.82,0,1.232576912109782,-3.651835880096682,4.921561930478443
2025-10-24,1109.01,1086.3113,1167.3385,-17.211021945893485,1126.72,-1,-3.5864030729129706,-4.9967083241065104,2.744006199024806
2025-10-25,1116.53,1066.7454,1164.7959999999998,-14.326363773720772,1109.01,-1,-3.8110241270930825,-4.1437298891823,2.8846581721727134
2025-10-26,1138.19,1113.4226,1160.546,-10.569731770369867,1116.53,-1,-0.27830802379917896,-1.9263346735071245,3.756632003350905
2025-10-27,1138.88,1102.9152,1152.2685000000001,-7.777658173247309,1138.19,-1,-3.099204778392672,-1.16192536722127,2.792073597122558
2025-10-28,1103.45,1106.9794,1142.071,-8.023883371050003,1138.88,-1,-2.801052778414987,-3.381663661891412,-0.24622519780269414
2025-10-29,1107.7,1131.407,1134.6885,-7.610974906593741,1103.45,0,2.5335975732362095,-2.378494185849238,0.4129084644562617
2025-10-30,1079.05,1136.1067,1133.5175,-8.888833764427307,1107.7,0,2.564474988997468,-4.80517504140871,-1.2778588578335661
2025-10-31,1088.9,1091.6166,1131.209,-8.682205844221235,1079.05,0,1.1645963716637362,-3.7401576543326627,0.20662792020607235
2025-11-01,1094.53,1097.7426,1120.8029999999999,-7.805484185803645,1088.9,0,0.8120629728108557,-2.344122919014306,0.8767216584175896
2025-11-02,1083.25,1121.4307,1110.2379999999998,-7.616086370006117,1094.53,0,2.4577365684357697,-2.43083014632897,0.1893978157975278
2025-11-03,993.54,1148.6216,1099.489,-12.85527914136276,1083.25,0,6.034764092430187,-9.636203727367901,-5.239192771356642
2025-11-04,936.77,1179.4558,1088.199,-19.09090655336868,993.54,0,18.712463569345474,-13.915561400074811,-6.23562741200592
2025-11-05,959.33,878.95123,1078.924,-20.518030692779686,936.77,-1,-6.172141196861955,-11.084562026611692,-1.4271241394110064
2025-11-06,950.4,865.932,1072.8865,-20.81931942281653,959.33,-1,-9.735752365094653,-11.416538468887444,-0.30128873003684475
2025-11-07,991.15,883.2479,1067.8225,-17.18124929748828,950.4,-1,-7.0656644776212625,-7.180266383223804,3.6380701253282517
2025-11-08,991.03,887.5231,1061.8799999999999,-13.83384738494549,991.15,-1,-10.455221582095291,-6.672128677440005,3.3474019125427894
2025-11-09,996.63,884.90485,1056.702,-10.447539843045561,991.03,-1,-10.708571265107386,-5.6848572255943495,3.386307541899928
2025-11-10,991.98,1014.4241,1053.443,-7.844681840854911,996.63,0,1.7854241057990432,-5.834487485321936,2.6028580021906507
2025-11-11,958.08,1045.53,1047.7559999999999,-7.718107999643205,991.98,0,5.398297273823563,-8.55886294137183,0.12657384121170523
2025-11-12,952.86,1051.0806,1039.0629999999999,-7.302374579212149,958.08,0,9.706972946544125,-8.29622457926034,0.41573342043105654
2025-11-13,927.15,1031.4646,1029.97,-8.018175312183672,952.86,0,8.249333544211634,-9.982815033447581,-0.7158007329715232
2025-11-14,915.25,1069.4045,1019.9060000000002,-8.506079293052991,927.15,0,15.343206710416332,-10.261337809562859,-0.4879039808693193
2025-11-15,932.28,888.9372,1009.6105,-6.959933182341352,915.25,-1,-2.874930912404398,-7.659438961857075,1.5461461107116392
2025-11-16,926.56,881.41754,998.9945,-5.6559241706137655,932.28,-1,-5.455706278810413,-7.250740619693108,1.3040090117275867
2025-11-17,907.36,894.15436,989.1900000000002,-5.419411421723211,926.56,-1,-3.4974143163792624,-8.272424913312927,0.2365127488905543
2025-11-18,932.79,920.66174,980.4445,-3.003848767608531,907.36,0,1.4659829796401083,-4.860499497931804,2.41556265411468
2025-11-19,897.77,920.4356,971.3805,-3.2000590327883813,932.79,-1,-1.3244558893045286,-7.577926466508232,-0.1962102651798503
2025-11-20,866.51,889.7425,960.2610000000001,-4.775744301213628,897.77,-1,-0.8941607899817027,-9.76307483069708,-1.5756852684252465
2025-11-21,830.46,885.38727,947.0575000000001,-7.428259473724644,866.51,-1,2.178540128377775,-12.311554472669302,-2.6525151725110163
2025-11-22,833.78,893.0257,934.5840000000001,-8.087229609613473,830.46,0,7.533860246222722,-10.78597536444023,-0.6589701358888291
2025-11-23,843.6,897.08673,927.0870000000001,-7.028892787539732,833.78,0,7.592738007271856,-9.005303709360618,1.0583368220737412
2025-11-24,864.92,896.1496,923.4945,-4.199737596646386,843.6,0,6.2292078198161125,-6.342701553717976,2.8291551908933457
2025-11-25,862.57,853.75604,918.6565,-1.9099687997553545,864.92,-1,-1.2907503028639884,-6.105274387107695,2.289768796891032
2025-11-26,891.78,872.5138,915.7254999999999,1.9401282663564388,862.57,-1,1.1528100844351705,-2.61492117452227,3.8500970661117933
2025-11-27,895.74,854.0659,910.9549999999999,4.950562456681965,891.78,-1,-4.22907914858485,-1.670225203220787,3.010434190325526
2025-11-28,887.19,851.5554,905.7629999999999,6.467257981080742,895.74,0,-4.932746118083932,-2.05053639859432,1.5166955243987772
2025-11-29,872.9,873.0996,899.5764999999999,6.587145783149964,887.19,0,-1.5882044009738674,-2.9654509649818466,0.119887802069222
2025-11-30,875.31,880.9641,893.743,6.87599839690823,872.9,0,0.9238299150103132,-2.06244971988593,0.2888526137582659
2025-12-01,826.61,860.7029,887.1695,3.9782201609825236,875.31,0,-1.6687938148341668,-6.826147652731519,-2.8977782359257063
2025-12-02,876.61,868.0619,883.357,5.524766017597592,826.61,0,5.014685238315226,-0.7637908569242059,1.5465458566150687
2025-12-03,920.76,871.41516,883.0375,9.38993023256917,876.61,0,-0.5926054764590312,4.27190238240165,3.8651642149715784
2025-12-04,899.92,881.2349,882.271,10.33682969852913,920.76,0,-4.292657770058836,2.0004057710159353,0.9468994659599588
2025-12-05,883.57,912.2927,879.8354999999999,9.667960906041621,899.92,1,1.374869389431843,0.4244543440222791,-0.6688687924875083
2025-12-06,890.38,932.2591,878.0264999999999,9.477404934632382,883.57,1,5.5104965354506374,1.4069620905519429,-0.19055597140923908
2025-12-07,894.37,926.2011,877.3769999999998,9.395068697022232,890.38,1,4.023126175323317,1.9367956989982833,-0.08233623761014996
2025-12-08,897.12,940.67456,875.5935000000002,9.284331528500942,894.37,1,5.177338299235775,2.4585038605242984,-0.11073716852128968
2025-12-09,897.3,939.3149,875.57,8.97642596646837,897.12,1,4.7033708278818604,2.4818118482816796,-0.30790556203257324
2025-12-10,893.43,880.39075,876.9159999999999,8.282159364537723,897.3,0,-1.8844592588529427,1.8831906362753115,-0.6942666019306465
2025-12-11,885.91,920.4576,879.6885,7.13031256091562,893.43,1,3.025148088423973,0.7072389828899652,-1.151846803622103
2025-12-12,881.58,920.63916,882.0785,5.939371987395493,885.91,1,3.920167980522856,-0.05651424448049939,-1.1909405735201268
2025-12-13,896.82,917.0147,884.7394999999999,6.021733919816338,881.58,1,4.019454782623949,1.3654301633418813,0.08236193242084511
2025-12-14,877.27,925.738,885.357,4.663918372506734,896.82,0,3.224501692002709,-0.9134168476670981,-1.3578155473096043
2025-12-15,858.6,865.5786,885.1585000000001,2.520135947225043,877.27,0,-1.332701074783132,-3.0004230880684184,-2.1437824252816906
2025-12-16,875.63,862.2382,884.351,2.26865202540073,858.6,0,0.4237386693272452,-0.9861469032092465,-0.25148392182431323
2025-12-17,843.07,879.11566,881.7175,0.046518682784007837,875.63,0,0.3980747143306824,-4.3832066393147375,-2.222133342616722
2025-12-18,830.07,901.2522,878.8615000000002,-2.046124158454976,843.07,0,6.901229704013303,-5.551671110863332,-2.092642841238984
2025-12-19,856.17,908.5205,878.025,-1.4479708802959088,830.07,0,9.451071332839392,-2.4891090800375864,0.5981532781590673
2025-12-20,854.17,847.34766,876.9679999999998,-0.9846110418700125,856.17,-1,-1.030442990293979,-2.5996387553479594,0.46335983842589634
2025-12-21,858.64,882.7446,878.5695000000002,-0.21488279585107684,854.17,-1,3.34530935367082,-2.268403353405756,0.7697282460189356
2025-12-22,858.66,886.0194,877.6720000000001,0.4230219635022703,858.64,-1,3.1886948173492398,-2.166185089646265,0.6379047593533471
2025-12-23,844.3,862.8341,873.8489999999999,0.02620013536462018,858.66,0,0.4861186552666401,-3.381476662443967,-0.3968218281376501
2025-12-24,846.58,900.794,871.182,0.06349999463860989,844.3,0,6.691224250581109,-2.823979375147785,0.03729985927398971
2025-12-25,829.64,854.6584,868.4855000000001,-0.855776630918907,846.58,0,0.9542377838442566,-4.4727862468630875,-0.9192766255575169
2025-12-26,834.72,838.37634,865.7025,-0.9192114201456629,829.64,0,1.053028153589209,-3.578885356112517,-0.06343478922675594
2025-12-27,845.04,833.33606,863.2360000000001,-0.10639614313114976,834.72,-1,-0.1657969654120576,-2.107882433077413,0.8128152770145132
2025-12-28,859.32,832.6609,861.3460000000001,1.4659870267335702,845.04,-1,-1.4649142440742409,-0.23521325924774328,1.57238316986472
2025-12-29,852.46,854.8092,859.1039999999999,2.0795790184793628,859.32,-1,-0.5249262089137399,-0.7733638767832407,0.6135919917457926
2025-12-30,861.65,871.9675,857.515,3.079587491566553,852.46,1,2.2883806040019428,0.482207308326967,1.00000847308719
2025-12-31,864.3,895.83954,856.4345000000001,3.844985708235308,861.65,1,3.967914881241661,0.9184006482690601,0.7653982166687552
2026-01-01,864.39,876.2287,855.575,4.251074602495564,864.3,1,1.3801572058855487,1.0303012593869552,0.40608889426025563
2026-01-02,881.25,861.6918,854.7965,5.4712006868804455,864.39,0,-0.3121539512329488,3.0947131861209027,1.2201260843848818
2026-01-03,878.63,864.40594,854.8645,5.8819504217646426,881.25,0,-1.911382147606383,2.7800312213222065,0.4107497348841971
2026-01-04,895.43,878.8677,856.7059999999999,6.9897994377044945,878.63,0,0.027050724565517287,4.520103746209323,1.107849015939852
2026-01-05,910.31,883.75903,858.4399999999999,8.338040420563894,895.43,0,-1.303392425636281,6.042355901402545,1.3482409828593998
2026-01-06,917.64,868.1831,862.1685,9.26544996838423,910.31,0,-4.627752582224732,6.433951136001836,0.9274095478203357
2026-01-07,900.3,864.3249,865.68,8.28497458354585,917.64,0,-5.8100246134956235,3.999168283892432,-0.98047538483838
2026-01-08,892.26,869.2626,867.4845000000001,6.734693165172602,900.3,0,-3.447453821816334,2.856016447556106,-1.550281418373248
2026-01-09,896.86,879.9689,869.619,5.6998422202702965,892.26,0,-1.3775276185963163,3.1325212535604656,-1.0348509449023053
2026-01-10,907.93,874.1802,872.0835000000001,5.442210898654421,896.86,0,-2.528803182074127,4.110443552710248,-0.2576313216158752
2026-01-11,904.32,880.1229,874.3665000000001,4.735984034935562,907.93,0,-3.0626893257533565,3.425737376717882,-0.7062268637188591
2026-01-12,905.78,869.3162,877.4405,4.098369045296039,904.32,0,-3.8707290401040337,3.2297916496901986,-0.6376149896395233
2026-01-13,943.73,866.42786,882.298,5.856549021099612,905.78,0,-4.344558673705256,6.9627268791270085,1.7581799758035732
2026-01-14,948.47,934.862,888.2395,6.891467292133383,943.73,0,-0.9396755945324688,6.780885110378451,1.0349182710337708
2026-01-15,931.2,929.18616,893.0635,5.998473184050372,948.47,0,-2.0331526324962863,4.270301048021789,-0.8929941080830108
2026-01-16,938.16,906.813,897.7195000000002,5.476543433903979,931.2,0,-2.618880124436216,4.504803560577642,-0.5219297501463931
2026-01-17,947.12,911.5215,902.1094999999999,5.329703231910191,938.16,0,-2.839442699006563,4.989471898921372,-0.146840201993788
2026-01-18,932.51,911.8198,906.1119999999999,3.909329690101062,947.12,0,-3.727106996077583,2.9133263879079125,-1.4203735418091288
2026-01-19,923.6,934.30597,909.2095000000002,2.1200389820748136,932.51,1,0.19259517198542206,1.5827485304541866,-1.7892907080262486
2026-01-20,884.2,940.5875,910.2045,-1.7573168505262196,923.6,1,1.8392728902189774,-2.856995323578383,-3.877355832601033
2026-01-21,883.36,947.1268,911.1529999999999,-4.275359653515009,884.2,1,7.116802761765574,-3.0503109796049506,-2.5180428029887896
2026-01-22,888.06,943.5372,911.4934999999999,-5.446117152194983,883.36,0,6.812304203287021,-2.570890521983973,-1.1707574986799738
2026-01-23,891.63,922.7396,912.1435000000001,-5.770750438209742,888.06,0,3.9050992076478566,-2.248933418919296,-0.32463328601475894
2026-01-24,887.17,885.3201,911.7305,-6.047334779496438,891.63,-1,-0.7076781406490075,-2.693833320262956,-0.2765843412866964
2026-01-25,866.02,880.2914,909.516,-7.3306376747904665,887.17,-1,-0.7753438646553039,-4.782323785397946,-1.2833028952940282
2026-01-26,879.41,855.7149,907.6045,-6.956689283669539,866.02,-1,-1.1899373241777016,-3.106474240707275,0.37394839112092715
2026-01-27,898.36,849.01184,907.5075,-5.192928972202099,879.41,-1,-3.4566537996710824,-1.00798065029766,1.7637603114674407
2026-01-28,902.91,842.35504,908.04,-3.557659327620845,898.36,-1,-6.234133142180614,-0.5649530857671463,1.6352696445812538
2026-01-29,868.69,886.0005,906.6314999999998,-4.554750881652483,902.91,-1,-1.8727793156294612,-4.1848865829170725,-0.9970915540316381
2026-01-30,858.81,896.9758,904.1754999999999,-5.585783114873188,868.69,0,3.256147771716601,-5.01733347121217,-1.0310322332207047
2026-01-31,781.38,893.4534,898.0285,-10.882192356180468,858.81,0,4.033887609108104,-12.98939844336789,-5.2964092413072805
2026-02-01,758.54,896.26196,890.6664999999999,-15.065801762314209,781.38,0,14.702444763191405,-14.83456490167756,-4.1836094061337405
2026-02-02,773.94,894.94543,882.177,-15.857892598017951,758.54,0,17.982629072997145,-12.26930649971604,-0.7920908357037426
2026-02-03,754.78,786.3203,872.4925,-16.65211770451975,773.94,0,1.5996475824999283,-13.491519984412474,-0.7942251065017985
2026-02-04,697.27,786.2222,860.7959999999999,-19.815499800914083,754.78,0,4.1657475031010724,-18.997067830240844,-3.163382096394333
2026-02-05,608.3,789.1238,844.3030000000001,-26.260534055034746,697.27,0,13.173344514589044,-27.952405712167327,-6.445034254120664
2026-02-06,657.21,812.03467,829.8074999999999,-25.565552403685217,608.3,0,33.49246555461944,-20.79970354570185,0.6949816513495293
2026-02-07,647.0,829.93115,815.5319999999999,-24.14641041404061,657.21,0,26.28096838814838,-20.665283520450448,1.4191419896446078
2026-02-08,639.93,689.2489,801.3485000000001,-22.092350503750296,647.0,0,6.529969299410741,-20.143358351578634,2.054059910290313
2026-02-09,636.39,708.5675,788.958,-19.47238426697635,639.93,0,10.725783270484671,-19.33791152380735,2.619966236773948
2026-02-10,619.85,726.9508,775.7825,-17.420309994637357,636.39,0,14.230394202307156,-20.100028036208602,2.0520742723389915
2026-02-11,608.11,720.66406,761.7850000000001,-15.485723331389629,619.85,0,16.264267564733398,-20.173014695747497,1.9345866632477282
2026-02-12,614.29,754.47375,747.918,-12.547282223522863,608.11,0,24.06863147832012,-17.86666452739472,2.9384411078667654
2026-02-13,618.94,637.3329,734.5065000000001,-9.20272576747874,614.29,0,3.7511412756495366,-15.733897521669313,3.344556456044124
2026-02-14,632.77,628.82263,722.844,-5.172130227611746,618.94,0,1.5967027233556474,-12.461056604191231,4.030595539866994
2026-02-15,615.16,681.7184,709.6315000000001,-2.9174681786577565,632.77,0,7.73557276562772,-13.312754577551884,2.254662048953989
2026-02-16,627.19,688.63074,696.073,0.004085109160456568,615.16,0,11.943354136271465,-9.895944821879304,2.921553287818213
2026-02-17,617.74,715.00995,681.8145,1.8196675250895424,627.19,0,14.002128339174522,-9.39764408061136,1.8155824159290859
2026-02-18,604.8,621.7928,668.62,2.6200019572899365,617.74,0,0.6560665724303495,-9.545033053154265,0.800334432200394
2026-02-19,607.83,611.05115,656.071,3.755240345220713,604.8,0,1.033589196583589,-7.353015146226549,1.1352383879307766
2026-02-20,625.91,630.5213,648.2975,5.9927758603497665,607.83,0,3.733165732117732,-3.4532756951862447,2.2375355151290535
2026-02-21,625.61,689.36426,641.6510000000001,7.617287141339162,625.91,0,10.137920437842507,-2.4999571418107434,1.6245112809893953
2026-02-22,614.8,714.00555,633.694,8.084322157958027,625.61,0,14.129498281552202,-2.9815652349556734,0.4670350166188655
2026-02-23,596.41,627.3472,625.7755,7.2992270315751,614.8,0,2.0408635334915903,-4.692657350759178,-0.7850951263829273
2026-02-24,583.6,650.0808,620.092,6.1099431223996135,596.41,0,8.998978982055137,-5.884933203460125,-1.1892839091754865
2026-02-25,629.42,686.5106,621.148,8.45736957566433,583.6,1,17.633759444343294,1.3317277041864313,2.347426453264717
2026-02-26,625.74,677.9094,619.5745,9.720231178035128,629.42,1,7.70382635253488,0.9951184240152018,1.2628616023707977
2026-02-27,614.03,683.9529,617.926,9.702497037891177,625.74,1,9.303046130881034,-0.6304962082838513,-0.017734140143950583
2026-02-28,617.14,605.5822,616.7864999999999,9.806703772946769,614.03,0,-1.375793632970901,0.057313186977998656,0.10420673505559108
2026-03-01,617.96,617.1875,615.865,9.813384085211865,617.14,0,0.0076967948925711575,0.3401719532689838,0.006680312265096688
2026-03-02,637.79,628.8802,616.762,10.94939363386522,617.96,1,1.7671350877534489,3.4094188682182143,1.1360095486533552
2026-03-03,633.56,635.0574,618.0345,11.173284497057153,637.79,1,-0.4284524613313103,2.512076591193528,0.22389086319193297
2026-03-04,657.99,655.1269,620.2194999999999,12.617288379389194,633.56,1,3.4040804485516456,6.089860122101948,1.4440038823320407
2026-03-05,647.85,656.3413,621.665,12.515404404377605,657.99,0,-0.25056481196522884,4.212075635591526,-0.10188397501158875
2026-03-06,627.31,672.9904,621.3919999999999,10.757699953585611,647.85,1,3.8805923408919853,0.9523778870664584,-1.7577044507919943
2026-03-07,620.26,648.639,621.6469999999999,8.890682389574408,627.31,1,3.400069670622389,-0.22311697796336885,-1.8670175640112028
2026-03-08,611.98,647.08997,620.8865,6.954262239688251,620.26,1,4.3255998807455756,-1.434481181343118,-1.9364201498861568
2026-03-09,634.64,641.6227,621.7315000000001,7.034520585738427,611.98,1,4.843733563852165,2.0762177885469675,0.08025834605017579
2026-03-10,642.0,628.18085,623.5915,7.3821433166037735,634.64,0,-1.0177664238042412,2.952012655720933,0.34762273086534634
2026-03-11,651.46,643.3832,625.7729999999999,7.996313602335512,642.0,1,0.2154483973422897,4.104843130016816,0.6141702857317384
2026-03-12,651.72,635.63184,627.0635,8.140007187016847,651.46,1,-2.4296448074325414,3.9320579175793284,0.1436935846813352
2026-03-13,655.73,638.2071,628.5695,8.202045951359455,651.72,1,-2.07342228485297,4.321001893983095,0.06203876434260813
2026-03-14,657.7,632.2428,630.7145,8.060770725675164,655.73,0,-3.581840414261589,4.2785602677598185,-0.14127522568429107
2026-03-15,673.77,647.34595,634.5825,8.68092504348395,657.7,0,-1.5742820030979239,6.175319993854227,0.6201543178087867
2026-03-16,679.71,646.1543,639.388,9.079560615099114,673.77,0,-4.098683990827728,6.306342940436793,0.39863557161516283
2026-03-17,668.61,629.02905,641.3475,8.210308246052218,679.71,0,-7.456260355979026,4.2508156654543825,-0.8692523690468956
2026-03-18,652.27,638.7237,642.674,6.238818412754401,668.61,0,-4.469916117369433,1.4931364891064527,-1.9714898332978175
2026-03-19,639.15,642.17413,643.93,3.8710895938933185,652.27,0,-1.5478048506322124,-0.7423167114437863,-2.367728818861082
2026-03-20,642.11,635.8951,645.1785,2.3964911504396715,639.15,0,-0.5092575191416299,-0.4756048132416024,-1.474598443453647
2026-03-21,630.7,629.3966,645.8155,0.6364684933928964,642.11,0,-1.979940127811047,-2.3405291449338077,-1.7600226570467752
2026-03-22,626.41,639.6812,645.2465,-0.7572581092250861,630.7,0,1.424007195006533,-2.9192719371589,-1.3937266026179824
2026-03-23,639.11,622.91644,645.524,-0.7623479370572754,626.41,-1,-0.5577109447336758,-0.993611391675598,-0.005089827832189364
2026-03-24,638.3,617.86816,644.5395000000001,-0.7572394126537949,639.11,-1,-3.3236588282924715,-0.9680554876776573,0.00510852440348053
2026-03-25,647.66,635.1775,644.53,-0.09525501311399509,638.3,-1,-0.48919156597602304,0.4856251842427809,0.6619843995397998
2026-03-26,628.86,643.12134,644.6075000000001,-0.85314416460254,647.66,-1,-0.7007785117770078,-2.4429594753396535,-0.7578891514885449
2026-03-27,613.95,658.2866,644.292,-2.211057548305405,628.86,0,4.679359649802815,-4.709355385446347,-1.357913383702865
2026-03-28,611.08,650.13574,644.2470000000001,-3.1004663131716823,613.95,0,5.893923314194959,-5.148180744341848,-0.8894087648662774
2026-03-29,606.09,671.00244,642.8195,-3.7778280396673285,611.08,0,9.805989625949133,-5.71381235323445,-0.6773617264956462
2026-03-30,609.29,594.9396,641.184,-3.7554972686106805,606.09,-1,-1.83973086582645,-4.9742351649448535,0.022330771056648047
2026-03-31,617.43,593.3727,639.4825000000001,-2.9719646141098206,609.29,-1,-2.6124373181797607,-3.4484915537172824,0.7835326545008598
2026-04-01,610.81,587.2928,637.437,-2.687574451898988,617.43,-1,-4.881073863509823,-4.177197119087857,0.28439016221083246
2026-04-02,583.52,586.0136,633.8264999999999,-4.043930921388908,610.81,-1,-4.059591224792685,-7.936951200367911,-1.3563564694899197
2026-04-03,588.31,582.0035,630.357,-4.301085553837414,583.52,-1,-0.2598918625057808,-6.670347120758559,-0.2571546324485059
2026-04-04,593.36,599.8987,626.3365,-3.8294056625558284,588.31,0,1.9698257110409574,-5.264981363851538,0.4716798912815854
2026-04-05,601.5,601.58844,622.4259999999999,-2.719708079675648,593.36,0,1.3867533944664683,-3.362006085864012,1.1096975828801803
2026-04-06,600.11,602.97876,619.001,-1.8702691204695547,601.5,0,0.24584534756857856,-3.0518529049226033,0.8494389592060934
2026-04-07,620.1,603.12317,617.3925,0.14020015565589894,600.11,1,0.502102772043873,0.4385378831132516,2.0104692761254537
2026-04-08,601.16,604.0103,615.493,0.28824742299787864,620.1,1,-2.5946919946127673,-2.328702357297334,0.1480472673419797
2026-04-09,603.03,598.62286,613.539,0.5885923838162022,601.16,1,-0.42204009422927646,-1.7128495499063652,0.3003449608183235
2026-04-10,605.54,598.715,612.281,1.0081517930067516,603.03,0,-0.7155486699718461,-1.100965079759128,0.41955940919054946
2026-04-11,607.05,598.68646,611.3129999999999,1.4143230656684107,605.54,0,-1.1318059249027668,-0.6973514386247177,0.4061712726616591
2026-04-12,592.19,598.23816,608.967,0.7428920593961017,607.05,0,-1.4515840244316704,-2.7549932919189266,-0.671431006272309
2026-04-13,614.71,597.8825,607.7875,1.8150494163785673,592.19,1,0.9612636694673491,1.1389671554614094,1.0721573569824656
2026-04-14,613.75,596.41394,606.092,2.4212743090147537,614.71,1,-2.976372528560221,1.2635045504642886,0.6062248926361864
2026-04-15,622.59,595.41656,605.7785,3.3235769804888307,613.75,1,-2.98711772848778,2.7751892812306846,0.902302671474077
2026-04-16,635.77,592.59875,606.8695,4.633548827475074,622.59,0,-4.8171742426295845,4.762226475378967,1.309971846986243
2026-04-17,643.12,592.1053,608.4715,5.7477511518579885,635.77,0,-6.86800483751494,5.694350516006093,1.1142023243829149
2026-04-18,629.9,587.9977,609.662,5.355010972927817,643.12,0,-8.571078389093405,3.3195442720720565,-0.3927401789301719
2026-04-19,616.06,633.0594,610.0004999999999,3.9865644116189873,629.9,1,0.5015696470918038,0.9933598415083384,-1.3684465613088292
2026-04-20,629.26,634.9608,610.5919999999999,3.794843665340024,616.06,1,3.0680153604661164,3.0573607253288815,-0.19172074627896318
2026-04-21,631.72,645.34607,611.6375,3.65667125554479,629.26,1,2.5563470323773174,3.283399072162838,-0.13817240979523415
2026-04-22,637.47,642.29395,614.3349999999999,3.7609309521948577,631.72,1,1.673834184844547,3.765860646064461,0.10425969665006773
2026-04-23,638.54,634.1682,616.8465,3.7044383418300892,637.47,0,-0.5179517639065411,3.516839278491484,-0.05649261036476849
2026-04-24,636.21,655.9229,618.989,3.3247275144111352,638.54,1,2.722290318172125,2.782117291260427,-0.379710827418954
2026-04-25,628.53,633.1666,620.3405,2.4133326113826783,636.21,1,-0.4783599791637252,1.3201620722812637,-0.9113949030284569
2026-04-26,635.76,636.3576,622.123,2.162486151352931,628.53,1,1.245382874400391,2.1920102616363555,-0.2508464600297473
2026-04-27,626.83,635.5864,622.4595,1.302586253725253,635.76,0,-0.027301846412166687,0.7021340344231219,-0.8598998976276779
2026-04-28,624.55,628.2612,623.629,0.5274394411172358,626.83,1,0.22832832965077599,0.14768395953362262,-0.7751468126080172
2026-04-29,617.39,620.762,624.347,-0.4665836435609343,624.55,1,-0.6065128611350099,-1.1142842041364807,-0.9940230846781701
2026-04-30,615.38,617.2516,624.839,-1.2159613954256856,617.39,1,-0.022419068325934394,-1.5138299625983749,-0.7493777518647513
2026-05-01,615.34,609.8444,625.2535,-1.6442243525053688,615.38,-1,-0.8995382711952363,-1.5855169143395438,-0.4282629570796832
2026-05-02,618.03,603.6255,626.5455,-1.6707987832458404,615.34,-1,-1.9037461758946324,-1.359119170116133,-0.02657443074047161
2026-05-03,617.27,595.1484,626.6735,-1.6605724038814835,618.03,-1,-3.7023483544740907,-1.5005421483435966,0.010226379364356886
2026-05-04,622.63,614.9433,627.1175,-1.233467190426298,617.27,-1,-0.3769341876579506,-0.7155756297663445,0.4271052134551856
2026-05-05,630.42,613.1555,627.5089999999999,-0.4095717167866739,622.63,0,-1.5216874262202262,0.46389772895688486,0.823895473639624
2026-05-06,647.74,615.5679,628.1075000000001,1.2289500756535732,630.42,0,-2.355910171988509,3.125659222346483,1.638521792440247
2026-05-07,637.02,611.0437,627.8025,1.4999215236345105,647.74,0,-5.6652821854640765,1.4682165171371526,0.2709714479809373
2026-05-08,649.36,603.631,628.7755,2.3677508415787187,637.02,0,-5.241439602318213,3.273743967441487,0.8678293179442083
2026-05-09,649.75,643.41235,630.46,2.796168396755246,649.36,0,-0.9159243692828344,3.059670716619605,0.42841755517652746
2026-05-10,663.55,641.4885,632.1745,3.7761346540926164,649.75,0,-1.2714851264909581,4.963107496427013,0.9799662573373702
2026-05-11,670.6,634.3815,634.1184999999999,4.6110536966639195,663.55,0,-4.395830046482926,5.7531045064920985,0.8349190425713031
2026-05-12,664.95,607.56616,635.4925000000001,4.490298264622007,670.6,0,-9.399617937760963,4.635381220077338,-0.12075543204191241
2026-05-13,671.68,598.534,637.1495,4.556703165694064,664.95,0,-9.988119921493164,5.419528697738907,0.06640490107205732
2026-05-14,678.27,665.6061,639.2524999999999,4.717615361845279,671.68,0,-0.9042878898340654,6.103613204484932,0.160912196151215
2026-05-15,672.38,665.3039,641.4449999999999,4.122130772294852,678.27,0,-1.9116437343581805,4.822704986397908,-0.595484589550427
2026-05-16,656.2,660.59106,642.4669999999999,2.4176886869484058,672.38,0,-1.7533144273885297,2.1375416947485517,-1.7044420853464466
2026-05-17,649.48,657.4258,643.5995,0.7057278960340305,656.2,1,0.18679994666259592,0.9136893363030866,-1.7119607909143753
2026-05-18,643.53,655.1811,644.5485,-0.8736705558174922,649.48,1,0.8777932051169753,-0.1580175890565283,-1.5793984518515227
2026-05-19,640.02,640.51666,645.6800000000001,-2.129480453388245,643.53,1,-0.4682512707012451,-0.8765952174451866,-1.255809897570753
2026-05-20,649.5,633.8193,647.386,-2.282794714435356,640.02,0,-0.9688330204768965,0.32654397839929084,-0.153314261047111
2026-05-21,658.58,630.9368,649.548,-1.7573731971063484,649.5,0,-2.8580710372161278,1.3905053975995676,0.5254215173290078
2026-05-22,650.44,636.60834,651.1685,-1.9290114692885725,658.58,-1,-3.336217710476524,-0.11187580480320225,-0.17163827218222405
2026-05-23,656.26,640.6164,653.118,-1.6332645571656412,650.44,-1,-1.510301635359342,0.48107692637470395,0.29574691212293125
2026-05-24,656.57,659.8662,654.8149999999999,-1.4079859954421714,656.26,-1,0.5495094836650122,0.268014630086377,0.22527856172346983
2026-05-25,663.15,664.45306,656.4515,-0.835339267984315,656.57,0,1.2006433380818038,1.020410494910891,0.5726467274578564
2026-05-26,656.43,662.0879,656.886,-0.921859013202373,663.15,-1,-0.1601612568800388,-0.06941843790246972,-0.08651974521805794
2026-05-27,648.84,666.90533,657.4770000000001,-1.4704162896629853,656.43,-1,1.5958037372844478,-1.3136581203601123,-0.5485572764606124
2026-05-28,638.24,668.814,656.921,-2.4685532526044485,648.84,-1,3.0784208555123325,-2.843720934480712,-0.9981369629414631
2026-05-29,643.1,633.71594,656.5885000000001,-2.7039066494648845,638.24,-1,-0.7088332942447212,-2.0543308327818783,-0.235353396860436
2026-05-30,718.74,623.4819,659.3480000000001,2.0743525244997834,643.1,0,-3.05055628073492,9.007686381091613,4.778259173964668
2026-05-31,710.55,622.8311,661.3455,4.390000059606891,718.74,0,-13.34403042509722,7.440059696482389,2.3156475351071073
2026-06-01,693.1,614.197,662.7529999999999,4.439782992883998,710.55,0,-13.560337557613813,4.578930612158692,0.04978293327710759
2026-06-02,650.69,614.0735,661.7035,1.4637481347959405,693.1,0,-11.401892031723419,-1.6644161622237013,-2.976034858088058
2026-06-03,620.63,650.5242,658.8215,-2.467990060099642,650.69,0,-0.025485266121356494,-5.796941963794445,-3.9317381948955825
2026-06-04,604.53,642.8023,655.429,-5.896116742925202,620.63,0,3.572548399031026,-7.765753422567509,-3.4281266828255603
2026-06-05,572.22,635.8824,651.23,-9.849927308902547,604.53,0,5.186241419599735,-12.13242633171076,-3.953810565977345
2026-06-06,574.53,635.38934,647.4825,-11.694143567279635,572.22,0,11.039345577176386,-11.267099883008418,-1.844216258377088
2026-06-07,604.44,639.4321,645.528,-10.331409279559645,574.53,0,11.29656047660697,-6.3650221214261755,1.3627342877199897
2026-06-08,601.86,607.2482,643.62,-9.079945827535136,604.44,0,0.46460028794730585,-6.4883005500139825,1.2514634520245096
2026-06-09,593.44,618.3614,640.817,-8.315828685220591,601.86,0,2.7417321570059876,-7.3932183447068285,0.7641171423145448
2026-06-10,586.53,604.487,637.2145,-7.781908923551686,593.44,0,1.86151919515346,-7.954071980471265,0.5339197616689049
2026-06-11,605.76,607.16327,634.9805,-5.734331099825445,586.53,0,3.51785399603921,-4.601794858267303,2.0475778237262414
2026-06-12,603.83,603.7606,632.359,-4.1826712060825155,605.76,-1,-0.3300613911140536,-4.5115195640451065,1.5516598937429293
2026-06-13,609.65,598.0274,630.013,-2.519063590619565,603.83,-1,-0.9609650422873641,-3.2321555269494526,1.6636076154629507
2026-06-14,616.79,597.20667,627.6949999999999,-0.7825176004375827,609.65,-1,-2.0410620783953872,-1.7373087247787498,1.7365459901819822
2026-06-15,617.87,608.412,625.767,0.5237606128189363,616.79,0,-1.3583249882962538,-1.261971308809836,1.306278213256519
2026-06-16,604.94,608.1363,623.572,0.5965988302413301,617.87,0,-1.575365124717781,-2.987946860987977,0.07283821742239383
2026-06-17,601.63,605.18066,621.7415,0.5050886107739849,604.94,0,0.03978312931860108,-3.2347044551473534,-0.09151021946734517
2026-06-18,578.48,594.56476,618.5105,-0.9519285573146785,601.63,-1,-1.174349965796045,-6.472080910510002,-1.4570171680886634
2026-06-19,581.42,597.0477,611.6445,-1.521267292235386,578.48,-1,3.2097444150510785,-4.941514229262265,-0.5693387349207075
2026-06-20,588.03,598.9595,605.5185,-1.2667026030727282,581.42,-1,3.016661390432053,-2.8881859100919365,0.25456468916265784
2026-06-21,584.23,598.301,600.075,-1.1705307198923691,588.03,0,1.7466839090905275,-2.6405032704245346,0.09617188318035907
2026-06-22,590.15,613.87164,597.048,-0.5557022993635989,584.23,0,5.073625638259972,-1.155350993554961,0.6148284205287702
2026-06-23,578.08,580.48706,594.9205,-0.7948335451640638,590.15,-1,-1.6373700674616587,-2.830714355951746,-0.23913124580046485
2026-06-24,564.67,586.2139,592.9275,-1.6403785939092312,578.08,-1,1.4070592690728287,-4.765759726104802,-0.8455450487451674
2026-06-25,560.62,586.5719,592.3475000000001,-2.2206151095371176,564.67,-1,3.878707814132598,-5.356230928635652,-0.5802365156278864
2026-06-26,567.64,582.1588,592.0029999999999,-1.8926216500623099,560.62,0,3.8419630902505255,-4.115350766803537,0.32799345947480774
2026-06-27,557.2,588.9173,589.641,-2.1225039393388094,567.64,0,3.7483787899516,-5.501822295261001,-0.22988228927649956
2026-06-28,551.07,566.1802,587.1015,-2.410109383746848,557.2,0,1.6116611236988432,-6.137184115523455,-0.2876054444080385
2026-06-29,559.52,567.27405,585.4055000000001,-1.7828631656045815,551.07,0,2.940469967801268,-4.42180676471268,0.6272462181422664
2026-06-30,546.52,571.94147,583.405,-1.9799123153260645,559.52,0,2.2200220340928416,-6.32236610930657,-0.19704914972148302
2026-07-01,550.44,574.74457,580.6389999999999,-1.5989766978765374,546.52,0,5.164416283227287,-5.200994077214904,0.3809356174495271
2026-07-02,558.96,578.34985,578.3955,-0.5785350554274373,550.44,0,5.070462451061868,-3.3602439853007047,1.0204416424491
2026-07-03,573.81,554.02075,576.6034999999999,1.1945277474868838,558.96,0,-0.8836496434226127,-0.4844750335369096,1.7730628029143212
2026-07-04,575.37,553.66455,574.5325,2.495512708608132,573.81,0,-3.5108222615064126,0.14577069182334806,1.300984961121248
2026-07-05,589.87,563.58527,573.1324999999999,4.252521434270818,575.37,0,-2.04820096402641,2.9203543683179842,1.7570087256626863
2026-07-06,586.01,564.5966,572.1859999999999,5.021867055943449,589.87,0,-4.284568014589021,2.415997595187591,0.7693456216726311
2026-07-07,576.82,576.9938,570.9455,4.780240210489721,586.01,0,-1.5385787931839885,1.028907312519323,-0.24162684545372848
2026-07-08,568.66,572.12683,570.4545,3.97245894629002,576.82,0,-0.8136279853875645,-0.31457373024493357,-0.8077812641997006
2026-07-09,568.72,558.898,569.8195000000001,3.3676954484155797,568.66,0,-1.7166654496700522,-0.19295583952462744,-0.6047634978744405
2026-07-10,575.43,566.7372,569.1895000000001,3.3385940604946818,568.72,0,-0.3486456222416175,1.0963835418608185,-0.029101387920897892
2026-07-11,574.65,555.12616,568.7105,3.1862284403205514,575.43,0,-3.528463989022331,1.0443802250881515,-0.15236562017413036
2026-07-12,573.91,548.75214,567.8985,2.9598810924063663,574.65,0,-4.506719528327021,1.0585518362876385,-0.2263473479141851
2026-07-13,567.49,574.15045,567.369,2.3297984345916154,573.91,0,0.041897102360349506,0.021326508850497805,-0.6300826578147509
2026-07-14,581.87,570.7568,568.229,2.801789605773905,567.49,1,0.5756532982684701,2.4006166527931456,0.4719911711822897
2026-07-15,580.55,576.44653,569.2255,2.93147357793921,581.87,1,-0.9320753427526776,1.9894576051143076,0.1296839721653047
2026-07-16,572.45,577.61194,569.466,2.400442599295384,580.55,1,-0.5060824258784695,0.5239996768902861,-0.5310309786438259
2026-07-17,568.09,575.31116,570.0105,1.7163327794823964,572.45,0,0.4998091058716838,-0.3369236180736929,-0.6841098198129876
2026-07-18,570.65,570.52155,570.9895,1.409844638882439,568.09,0,0.4280211604070162,-0.05945818618381663,-0.3064881405999573
2026-07-19,571.06,567.63245,571.5665,1.215687767521211,570.65,0,-0.5287923790304876,-0.0886161102863925,-0.19415687136122806
2026-07-20,571.27,565.03156,572.804,1.086581652432228,571.06,0,-1.0556587441282346,-0.2678053924204426,-0.12910611508898295
2026-07-21,573.95,571.1352,573.9795,1.1601691372735656,571.27,0,-0.02359779594696585,-0.005139556377881882,0.07358748484133759
2026-07-22,571.08,572.73517,574.5854999999999,1.000111171840953,573.95,0,-0.21166156337116393,-0.6100919706466437,-0.16005796543261264
2026-07-23,567.41,574.1721,574.2655,0.6486656809557165,571.08,0,0.5414511348015968,-1.193785801166883,-0.35144549088523647
2026-07-24,564.9,582.45105,573.742,0.2682356000078818,567.41,0,2.6508256471841407,-1.5411108128740767,-0.3804300809478347
2026-07-25,568.94,575.2501,572.6955,0.30697564782250186,564.9,0,1.8322042963909582,-0.6557586012112865,0.03874004781462004
2026-07-26,575.32,569.5777,572.161,0.7550462680862702,568.94,1,0.11208523814570875,0.552117323620468,0.4480706202637683
2026-07-27,566.28,572.3369,571.634,0.4503994795509998,575.32,1,-0.5185089928213951,-0.9366132875231427,-0.3046467885352704
