timestamp,actual,predicted,sma20,macd_hist,prev_actual,position,pred_ret_pct,sma_dist_pct,macd_hist_slope
2019-01-01,3797.14,3822.4778,3674.689,47.07979731952233,3702.9,1,3.2293009047807097,3.3322819971975863,
2019-01-02,3858.56,3820.767,3702.5140000000006,48.590887072285966,3797.14,1,0.6222338350376896,4.214595812466863,1.5110897527636382
2019-01-03,3766.78,3853.8496,3729.6445,42.09111077009179,3858.56,1,-0.12207638665719713,0.9956847093603779,-6.499776302194178
2019-01-04,3792.01,3867.6523,3758.6589999999997,38.28237852275092,3766.78,1,2.6779462498473445,0.887311139425007,-3.8087322473408705
2019-01-05,3770.96,4039.6733,3785.7735000000002,33.319265826979134,3792.01,0,6.531188995908496,-0.3912938795730966,-4.963112695771784
2019-01-06,3987.6,3767.2217,3809.6994999999997,42.98566356507004,3770.96,0,-0.09913444620202909,4.669672765529151,9.666397738090907
2019-01-07,3975.45,3778.9333,3825.8229999999994,46.61601015278186,3987.6,0,-5.232888213226626,3.9109754946844233,3.63034658771182
2019-01-08,3955.13,3789.1997,3840.4685,45.64513042020934,3975.45,0,-4.685011582808231,2.9856123022490655,-0.97087973257252
2019-01-09,3966.65,3757.2554,3836.3199999999997,43.76910622120026,3955.13,0,-5.002986726258053,3.3972661300413,-1.8760241990090805
2019-01-10,3585.88,3672.31,3823.6809999999996,16.289309308996636,3966.65,0,-7.420365835308133,-6.219164203289958,-27.479796912203625
2019-01-11,3601.31,3735.854,3806.3009999999995,-0.5504681763278185,3585.88,0,4.1823486537823324,-5.385569874794441,-16.839777485324454
2019-01-12,3583.13,3753.2222,3788.972,-11.98217570671083,3601.31,0,4.218247470191404,-5.432660890605686,-11.431707530383012
2019-01-13,3476.81,3751.355,3762.4120000000003,-25.022519849025898,3583.13,0,4.694917026977807,-7.5909283725440035,-13.040344142315067
2019-01-14,3626.09,3756.2031,3756.4269999999997,-22.01870361107811,3476.81,0,8.035904320339624,-3.469706718645126,3.003816237947788
2019-01-15,3553.06,3932.736,3745.193,-23.253303248433276,3626.09,0,8.456659486785348,-5.130122800080002,-1.234599637355167
2019-01-16,3591.84,3562.2283,3746.3895,-19.89128811838259,3553.06,0,0.25803874644320823,-4.125291830974865,3.362015130050686
2019-01-17,3616.21,3716.5703,3735.2369999999996,-14.69872255832906,3591.84,0,3.472602134282146,-3.186598333653249,5.192565560053531
2019-01-18,3594.87,3845.0066,3730.2145000000005,-11.514610370519001,3616.21,0,6.326971934618703,-3.6283302206883974,3.184112187810058
2019-01-19,3665.3,3745.8574,3723.3839999999996,-3.8734831338575546,3594.87,0,4.200080166320343,-1.559978771998789,7.641127236661447
2019-01-20,3539.28,3675.121,3715.2030000000004,-6.367497332808924,3665.3,0,0.2679478828472381,-4.735219044558271,-2.494014198951369
2019-01-21,3526.9,3568.6433,3701.6910000000003,-7.816529357138691,3539.28,0,0.8296407898463756,-4.721923034634716,-1.4490320243297674
2019-01-22,3570.93,3564.5605,3687.3094999999994,-4.916856278476871,3526.9,0,1.067808752020185,-3.1562172906830734,2.89967307866182
2019-01-23,3552.82,3606.9438,3676.6115,-3.3979278635370065,3570.93,0,1.0085285249570886,-3.366999749633591,1.5189284149398645
2019-01-24,3569.62,3687.1697,3665.4919999999997,-0.5884289829642455,3552.82,0,3.7814940732819236,-2.6155288294177113,2.809498880572761
2019-01-25,3565.29,3697.765,3655.2084999999997,1.535569801377946,3569.62,0,3.5898749048393137,-2.4600101471639655,2.1239987843421915
2019-01-26,3565.25,3409.6946,3634.0910000000003,3.3888447833161877,3565.29,0,-4.364172898189908,-1.8943113972655155,1.8532749819382417
2019-01-27,3550.84,3409.8125,3612.8605000000002,4.050499901940697,3565.25,0,-4.359792440922797,-1.7166591403127822,0.661655118624509
2019-01-28,3434.15,3411.5225,3586.8115,-2.605916842777262,3550.84,-1,-3.923509340395516,-4.256189654795066,-6.6564167447179585
2019-01-29,3411.04,3410.0112,3559.0310000000004,-7.522222500197259,3434.15,-1,-0.7029037616659171,-4.158182381665133,-4.916305657419997
2019-01-30,3458.18,3412.3296,3552.6459999999997,-6.5898038234231535,3411.04,-1,0.03780635359743763,-2.6590321692620065,0.9324186767741054
2019-01-31,3434.1,3362.2798,3544.2855000000004,-6.570471491580605,3458.18,-1,-2.7731412142731102,-3.108821227861031,0.019332331842548456
2019-02-01,3462.07,3235.0464,3538.2324999999996,-3.7877725887913414,3434.1,-1,-5.796383718623509,-2.15255780958429,2.7826989027892637
2019-02-02,3504.77,3172.8462,3539.6305,1.529744558636395,3462.07,0,-8.35407165637177,-0.9848626855260804,5.317517147427736
2019-02-03,3458.11,3121.3403,3531.2315000000003,2.4510506025332006,3504.77,0,-10.940223408918417,-2.0707081934447,0.9213060438968057
2019-02-04,3463.22,3078.8726,3526.7394999999997,3.8668543260134385,3458.11,0,-10.966610125364726,-1.8010828415311049,1.4158037234802379
2019-02-05,3471.59,3360.9907,3520.727,5.717613085206693,3463.22,0,-2.9518562881869994,-1.3956492508507394,1.8507587591932548
2019-02-06,3405.37,3354.8882,3510.1850000000004,2.9707822609801724,3471.59,0,-3.3616243970702224,-2.9860249531007765,-2.746830824226521
2019-02-07,3398.4,3216.8994,3500.3615,1.2606903342030762,3405.37,0,-5.534511255384874,-2.9128848548928414,-1.7100919267770962
2019-02-08,3659.04,3002.748,3500.0485,17.365423753932994,3398.4,0,-11.642300880561443,4.542551338931449,16.104733419729918
2019-02-09,3665.18,3031.3608,3506.3435,27.510733077667382,3659.04,0,-17.154203292564443,4.52997545733896,10.145309323734388
2019-02-10,3680.06,3654.367,3514.0015,33.88402080841596,3665.18,0,-0.29502116241562043,4.725624049961279,6.373287730748579
2019-02-11,3631.05,3811.1147,3517.0075000000006,33.4044411279125,3680.06,1,3.5612122110441153,3.2426004209544486,-0.47957968050346267
2019-02-12,3631.46,3606.0676,3520.9394999999995,31.732490742975013,3631.05,1,-0.6880206289330959,3.138949135592945,-1.6719503849374853
2019-02-13,3609.4,3687.8804,3522.9285000000004,27.894524231293552,3631.46,1,1.5536553092626648,2.4545346293573553,-3.8379665116814614
2019-02-14,3590.56,3644.4382,3524.192,23.042048934843585,3609.4,1,0.9707494991376658,1.883211811388254,-4.852475296449967
2019-02-15,3602.47,3587.5522,3526.053,19.717949631721144,3590.56,0,-0.0837683789227849,2.167210759452564,-3.3240993031224413
2019-02-16,3618.41,3619.5566,3529.4315,17.738305559379583,3602.47,1,0.4743034813614049,2.521043403165629,-1.9796440723415607
2019-02-17,3667.58,3625.9067,3541.103,18.785347974943953,3618.41,1,0.2071832180778338,3.5716837380895123,1.0470424155643698
2019-02-18,3898.6,3611.4246,3565.4809999999998,33.23699770820983,3667.58,1,-1.531130594373536,9.34289090307872,14.451649733265874
2019-02-19,3907.79,3563.401,3587.9615000000003,41.10039005297292,3898.6,0,-8.59793569726953,8.913933441036075,7.863392344763092
2019-02-20,3969.74,3738.2458,3614.7434999999996,47.69552212236214,3907.79,0,-4.338619792532991,9.820793646907457,6.595132069389223
2019-02-21,3937.31,3722.6372,3638.5055,47.01818664657375,3969.74,0,-6.224659372370729,8.212286610532805,-0.6773354757883894
2019-02-22,3962.0,3770.4446,3661.3669999999997,45.35621744855896,3937.31,0,-4.238056437564605,8.210949626191537,-1.6619691980147948
2019-02-23,4117.76,3852.785,3694.3495000000003,51.42542728300742,3962.0,0,-2.756564560591242,11.461029878196417,6.069209834448465
2019-02-24,3743.56,3653.8047,3708.3665,28.084214280879536,4117.76,0,-11.267177118141907,0.9490297142960347,-23.341213002127887
2019-02-25,3827.92,3705.889,3726.183,16.73292128948549,3743.56,0,-1.0062903755883423,2.730327522829665,-11.351292991394047
2019-02-26,3809.23,3633.2825,3746.3759999999993,6.877183444449386,3827.92,0,-5.084681218439128,1.6777280230281406,-9.855737845036103
2019-02-27,3818.07,3667.8213,3767.3595,0.2167104478224786,3809.23,0,-3.712264970545229,1.3460488705683686,-6.660472996626908
2019-02-28,3813.69,3565.384,3775.0920000000006,-4.93604288661092,3818.07,0,-6.618159614592586,1.0224386584485756,-5.152753334433399
2019-03-01,3823.0,3663.155,3782.983,-7.988756843991894,3813.69,0,-3.9472261957087507,1.0578160145049509,-3.0527139573809734
2019-03-02,3819.93,3792.2808,3789.9764999999998,-10.337033179599672,3823.0,0,-0.8035374910083705,0.7903347157957332,-2.3482763356077783
2019-03-03,3807.75,3504.932,3798.8115,-12.678499863044749,3819.93,0,-8.246175066935123,0.23529727652978316,-2.341466683445077
2019-03-04,3715.3,3384.9976,3803.0035000000003,-19.986701844661823,3807.75,-1,-11.102421151762853,-2.3061640621682327,-7.308201981617074
2019-03-05,3857.73,3516.7314,3815.4199999999996,-14.98980265152219,3715.3,-1,-5.344616980795633,1.1089211672633787,4.996899193139633
2019-03-06,3861.84,3570.8467,3828.9839999999995,-11.335344611049493,3857.73,-1,-7.436583698509228,0.8580866360371493,3.654458040472697
2019-03-07,3873.64,3947.1135,3842.5424999999996,-8.197282028817384,3861.84,0,2.2081061201558025,0.8092948874345649,3.1380625822321093
2019-03-08,3864.89,3912.1458,3854.866499999999,-6.840158269101053,3873.64,0,0.99404570257239,0.2600219748206766,1.3571237597163304
2019-03-09,3943.04,4016.6,3868.6395,-1.1090900407724007,3864.89,0,3.9253406346946518,1.9231696310808937,5.7310682283286525
2019-03-10,3916.82,4092.0815,3869.5505,0.40492804432592067,3943.04,1,3.7798638352324607,1.221575994421066,1.5140180850983214
2019-03-11,3871.61,3983.1191,3867.741499999999,-2.0164068811511697,3916.82,1,1.6926777494242737,0.10001961092800413,-2.4213349254770904
2019-03-12,3882.73,3891.805,3863.3910000000005,-3.177969653331637,3871.61,1,0.5216158559520425,0.5005706127078384,-1.161562772180467
2019-03-13,3866.0,3834.69,3859.8255000000004,-5.259119307403239,3882.73,0,-1.2372752829516867,0.15996837162715322,-2.081149654071602
2019-03-14,3877.12,3849.629,3855.5815000000002,-6.018242365849169,3866.0,0,-0.42346336652871186,0.5586316875936783,-0.7591230584459296
2019-03-15,3923.76,3784.3796,3845.8814999999995,-3.6284300704325148,3877.12,0,-2.391990996619266,2.024984389144614,2.389812295416654
2019-03-16,4005.98,3795.461,3859.0025,2.8886983949853757,3923.76,0,-3.269798930107861,3.8086914947580355,6.5171284654178905
2019-03-17,3981.14,4059.5657,3866.6635,4.812207016872549,4005.98,1,1.3376420708072676,2.960601562561618,1.9235086218871729
2019-03-18,3987.81,3970.177,3875.5925,5.755616807325808,3981.14,1,-0.2753733364532489,2.895492753688623,0.9434097904532592
2019-03-19,4015.53,3917.5503,3885.4655,7.365508146196738,3987.81,1,-1.7618619500740995,3.3474624855117208,1.6098913388709306
2019-03-20,4043.04,3913.9265,3896.9329999999995,9.278554851163904,4015.53,0,-2.530263410511818,3.7492818070005423,1.9130467049671651
2019-03-21,3980.64,3842.394,3904.8149999999996,5.52233453985945,4043.04,0,-4.962749738593978,1.9418333519001612,-3.756220311304453
2019-03-22,3986.93,3981.7942,3913.165,2.7806835804538323,3980.64,0,0.02899507247892619,1.8850470143732725,-2.741650959405618
2019-03-23,4006.01,4033.9832,3923.078,1.628557088872391,3986.93,1,1.1801851122762417,2.1139523608758286,-1.1521264915814413
2019-03-24,3992.18,3963.9106,3936.922,-0.5708410132634754,4006.01,1,-1.050904902103345,1.4035838149701674,-2.1993981021358664
2019-03-25,3936.12,3965.2056,3940.8415,-6.00507146990649,3992.18,1,-0.6756817977583636,-0.11980943663936004,-5.434230456643014
2019-03-26,3948.55,3999.6445,3945.1770000000006,-8.797402269608291,3936.12,0,1.6138870575592237,0.08549679773555387,-2.7923307997018014
2019-03-27,4038.05,3932.371,3953.3975000000005,-4.848984542080359,3948.55,0,-0.40974297526940723,2.1412595115972954,3.948417727527932
2019-03-28,4027.81,3927.8804,3961.5434999999998,-3.2367007819669666,4038.05,0,-2.7282878841581995,1.6727444744706246,1.6122837601133924
2019-03-29,4103.25,4027.8062,3969.554,2.3020954186257896,4027.81,0,-9.55272530220003e-05,3.3680358045261483,5.538796200592756
2019-03-30,4106.97,4062.554,3979.0615000000007,5.429350908334456,4103.25,0,-0.9918002783616646,3.2145394083504244,3.1272554897086664
2019-03-31,4103.95,4010.8772,3990.6785000000004,6.438657856356741,4106.97,0,-2.3397493221127803,2.8384020411566446,1.0093069480222852
2019-04-01,4144.56,4022.3665,4003.7699999999995,8.837255820619994,4103.95,0,-1.9879273607591426,3.516435759296885,2.398597964263253
2019-04-02,4857.29,4037.3564,4053.3345,54.853882321560604,4144.56,0,-2.586608824278099,19.834422745026348,46.01662650094061
2019-04-03,4932.6,4043.5747,4106.1085,84.99349812334057,4857.29,0,-16.75245441323763,20.128340495629864,30.139615801779968
2019-04-04,4898.66,4036.1882,4154.8535,96.43594559729578,4932.6,0,-18.17321022540091,17.9021113500151,11.442447473955212
2019-04-05,5004.95,3991.9307,4204.802,104.28889215352862,4898.66,0,-18.509742173114685,19.029385925900915,7.852946556232837
2019-04-06,5043.89,4862.636,4257.9394999999995,104.94452950105477,5004.95,0,-2.8434603648637813,18.45847034698358,0.6556373475261523
2019-04-07,5170.27,4752.037,4317.0625,106.39568999185445,5043.89,0,-5.786265969816953,19.763612410058933,1.4511604907996798
2019-04-08,5236.9,4182.7993,4378.130999999999,104.21379403392461,5170.27,0,-19.099015788222864,19.614968122242125,-2.1818959579298394
2019-04-09,5150.0,4308.104,4433.479,89.83369702664513,5236.9,0,-17.73560686844793,16.16159679565415,-14.380097007279488
2019-04-10,5308.25,4240.956,4499.8595000000005,84.00198348505188,5150.0,0,-17.651338743932037,17.964794234131077,-5.8317135415932455
2019-04-11,5017.37,5327.0625,4551.3815,54.980054287698295,5308.25,1,0.3544011679932181,10.238396847199018,-29.021929197353586
2019-04-12,5048.01,4920.346,4603.4815,33.337669277051475,5017.37,1,-1.9337582955562354,9.656354652451636,-21.64238501064682
2019-04-13,5045.22,4145.795,4656.1335,15.245761388482663,5048.01,1,-17.872688012206794,8.356429213208779,-18.091907888568812
2019-04-14,5131.3,3974.4417,4715.8925,5.9643590922104295,5045.22,0,-21.22362056777257,8.80867195340013,-9.281402296272233
2019-04-15,5024.95,3912.7085,4769.7125,-9.60226957077549,5131.3,0,-23.74820228609222,5.351213516537951,-15.56662866298592
2019-04-16,5173.72,4957.5713,4826.496,-11.989280050348555,5024.95,0,-1.3408832115244893,7.1941217811016545,-2.387010479573064
2019-04-17,5202.82,4853.6523,4885.246499999999,-13.600163985147901,5173.72,0,-6.186412412152189,6.500664807804488,-1.6108839347993467
2019-04-18,5258.44,4796.575,4943.005999999999,-12.916699670835442,5202.82,0,-7.808165661842996,6.38142053641044,0.6834643143124595
2019-04-19,5258.68,4656.9385,5000.5915,-14.335793102510081,5258.44,0,-11.438782670097968,5.161159434838855,-1.4190934316746393
2019-04-20,5291.73,4571.7744,5059.9805,-14.871806051258943,5258.68,0,-13.062319554289296,4.580047294648663,-0.5360129487488621
2019-04-21,5256.14,5182.6978,5115.5595,-19.172771167124097,5291.73,0,-2.060427234453564,2.748096273731153,-4.300965115865154
2019-04-22,5357.14,5074.907,5140.552,-16.84751833911605,5256.14,0,-3.4480202855612734,4.213321837810427,2.325252828008047
2019-04-23,5493.31,4801.915,5168.5875,-8.208107931937775,5357.14,0,-10.364204798409231,6.282615898444223,8.639410407178275
2019-04-24,5415.0,4752.9644,5194.4045,-9.732902646496257,5493.31,0,-13.47722310467187,4.2467909459111315,-1.5247947145584817
2019-04-25,5219.9,4705.2373,5205.152,-24.979573662811504,5415.0,0,-13.107344327100645,0.2833346653469407,-15.246671016315247
2019-04-26,5314.1,5182.674,5218.6625,-29.508211575868643,5219.9,0,-0.7131587171210106,1.8287731770353033,-4.528637913057139
2019-04-27,5295.69,5119.7754,5224.9335,-34.20084723941616,5314.1,0,-3.6567736658135965,1.354208622942273,-4.69263566354752
2019-04-28,5307.52,5203.7524,5228.4645,-36.74248099728558,5295.69,0,-1.7360827124274572,1.5120213592346357,-2.5416337578694197
2019-04-29,5238.14,4735.156,5232.8715,-42.90156072326954,5307.52,0,-10.78402414463347,0.10068085944782192,-6.159079725983958
2019-04-30,5320.81,4519.7188,5233.4995,-41.20385924540318,5238.14,0,-13.715197570129861,1.668300531986303,1.6977014778663602
2019-05-01,5383.2,5164.011,5251.790999999999,-35.87098612921653,5320.81,0,-2.9468966103140386,2.5021749723094575,5.332873116186647
2019-05-02,5492.87,5081.7544,5274.034000000001,-25.44015949737019,5383.2,0,-5.599747463752969,4.149309617647503,10.430826631846344
2019-05-03,5772.69,4959.6455,5310.407499999999,-1.4442767657620266,5492.87,0,-9.707575314680666,8.70521706667521,23.995882731608162
2019-05-04,5829.45,4876.39,5345.3150000000005,15.56414021399172,5772.69,0,-15.526554574751971,9.057183720697456,17.008416979753747
2019-05-05,5775.62,4879.927,5382.8485,20.208270441590088,5829.45,0,-16.288384705032204,7.2967221722848015,4.644130227598367
2019-05-06,5747.79,6138.123,5411.552,18.472452811593627,5775.62,1,6.276435203060453,6.213337689446582,-1.7358176299964612
2019-05-07,5846.34,6101.768,5443.728000000001,20.85197578978088,5747.79,1,6.158507294216561,7.395887524137853,2.3795229781872536
2019-05-08,5987.29,6271.822,5480.1705,28.344519082411495,5846.34,1,7.277746031598399,9.253717562254673,7.492543292630614
2019-05-09,6209.18,5695.499,5527.6955,43.749831769135284,5987.29,0,-4.873506654304367,12.328546317357759,15.40531268672379
2019-05-10,6373.33,4628.289,5581.7755,59.52259644403537,6209.18,0,-25.460542897773948,14.181052247622647,15.772764674900088
2019-05-11,7076.22,6312.9087,5672.7795,108.94430268652889,6373.33,0,-0.9480335804634301,24.739909245547103,49.421706242493514
2019-05-12,6967.31,6509.7363,5753.2880000000005,124.81026051836716,7076.22,0,-8.00545590548344,21.10135977896465,15.865957831838273
2019-05-13,7790.71,5676.372,5868.158,178.02578392608734,6967.31,0,-18.52849851215893,32.762444364994934,53.215523407720184
2019-05-14,7947.56,4949.348,5994.786,208.91822519378383,7790.71,0,-36.47115417553407,32.574540609122664,30.892441267696483
2019-05-15,8169.87,5007.883,6142.2845,227.90089560596402,7947.56,0,-36.988423962826324,33.01028306324788,18.982670412180198
2019-05-16,7866.59,8239.935,6269.909000000001,204.36229125950388,8169.87,1,0.8575971259334618,25.46577629755072,-23.538604346460147
2019-05-17,7355.26,8262.02,6372.8875,141.6630602465682,7866.59,1,5.026695572668715,15.414872771565486,-62.699231012935684
2019-05-18,7257.45,7890.7,6470.384,83.77250597384898,7355.26,1,7.279690932917392,12.16413121694168,-57.890554272719214
2019-05-19,8148.48,6896.757,6615.901,94.8451798398371,7257.45,0,-4.969971051299008,23.165083637134227,11.072673865988122
2019-05-20,7938.15,5014.015,6746.768000000001,78.0598276303541,8148.48,0,-38.46686576246429,17.65855888330529,-16.785352209482994
2019-05-21,7904.87,7612.3633,6872.8515,55.81452351758605,7938.15,0,-4.104063525506568,15.015870777944206,-22.245304112768054
2019-05-22,7628.43,7546.596,6979.6295,15.668047205779885,7904.87,0,-4.532317528229432,9.295629517297447,-40.14647631180617
2019-05-23,7851.51,7599.267,7083.5705,-1.751503628578007,7628.43,0,-0.38229242657073986,10.841135836793047,-17.419550834357892
2019-05-24,7964.87,6593.014,7190.3414999999995,-11.011178271214476,7851.51,0,-16.02871090839533,10.771790185487024,-9.259674642636469
2019-05-25,8025.41,6327.5093,7302.831,-18.01674545453625,7964.87,0,-20.557281194247363,9.894505295275211,-7.005567183321773
2019-05-26,8614.43,7901.2734,7446.162999999999,10.52518443788722,8025.41,0,-1.5467940267226203,15.689516869292303,28.541929892423468
2019-05-27,8756.32,7538.2344,7591.661999999999,31.292600652511396,8614.43,0,-12.492940624045936,15.341278365659594,20.767416214624177
2019-05-28,8715.64,6837.8486,7728.0795,34.37592698683227,8756.32,0,-21.90956208986766,12.778860517674534,3.0833263343208728
2019-05-29,8645.68,6063.01,7849.9045,24.266644432811745,8715.64,0,-30.435289139695993,10.137390843417275,-10.109282554020524
2019-05-30,8269.54,5871.969,7944.715000000001,-13.176565391827694,8645.68,0,-32.0820428435791,4.088567053695441,-37.44320982463944
2019-05-31,8555.0,8564.522,8018.654,-23.53751791290449,8269.54,0,3.5670963673614144,6.688728557186774,-10.360952521076797
2019-06-01,8544.07,7986.8413,8097.492,-35.24196858924654,8555.0,0,-6.641247123392753,5.515016254415558,-11.704450676342049
2019-06-02,8725.98,7889.5547,8144.255499999999,-34.788009370553596,8544.07,0,-7.660462899999645,7.142758475590559,0.453959218692944
2019-06-03,8115.82,6999.6377,8152.6685,-77.20595973937895,8725.98,-1,-19.783936070074645,-0.45198084529010424,-42.41795036882536
2019-06-04,7687.03,6510.709,8128.5265,-132.52099573406304,8115.82,-1,-19.777558097949434,-5.4314456623842,-55.31503599468408
2019-06-05,7776.5,7251.478,8124.022,-159.64378494470077,7687.03,-1,-5.666063130445045,-4.277708750665618,-27.122789210637734
2019-06-06,7786.7,6959.6855,8145.593999999999,-172.3693643492935,7776.5,-1,-10.503625707259049,-4.405989299245695,-12.725579404592736
2019-06-07,7980.53,7318.7197,8181.748,-163.29225341242284,7786.7,-1,-6.009994907181474,-2.4593522068878175,9.077110936870668
2019-06-08,7893.62,7064.2236,8169.005,-158.56947057636728,7980.53,-1,-11.481773355748299,-3.3710959902705437,4.722782836055558
2019-06-09,7628.13,6831.118,8153.503999999999,-167.85861882265323,7893.62,-1,-13.460260766764803,-6.443536423113288,-9.289148246285947
2019-06-10,7982.75,7715.6904,8157.397999999999,-145.48666625790037,7628.13,0,1.147862316026338,-2.140976816381881,22.37195256475286
2019-06-11,7884.9,7701.5664,8170.2215000000015,-132.9869086098331,7982.75,-1,-3.5223900754752435,-3.492212542830103,12.49975764806726
2019-06-12,8127.64,7944.4277,8184.028,-105.2913472452621,7884.9,-1,0.7549586472244463,-0.6890005752668481,27.695561364571006
2019-06-13,8218.54,7790.376,8196.711500000001,-78.97329138975414,8127.64,-1,-4.1495935282259095,0.2663080187706938,26.318055855507964
2019-06-14,8650.0,7386.7344,8227.941,-32.98452558160642,8218.54,0,-10.121087504593284,5.129582236916858,45.98876580814772
2019-06-15,8808.7,9122.446,8237.6545,5.5909254663586125,8650.0,1,5.461806809971098,6.932137054303506,38.57545104796503
2019-06-16,8953.33,9678.98,8247.505000000001,36.58700817558946,8808.7,1,9.879783268246156,8.558042705036236,30.996082709230848
2019-06-17,9313.96,10095.835,8277.420999999998,74.90884996484397,8953.33,1,12.760670732984265,12.522487378617095,38.321841789254506
2019-06-18,9081.55,9731.841,8299.2145,77.79628157948662,9313.96,1,4.486607418461115,9.426621037448776,2.887431614642651
2019-06-19,9255.49,8873.962,8348.511999999999,84.07774166880654,9081.55,0,-2.285822199266637,10.863947970608429,6.281460089319921
2019-06-20,9517.12,9440.256,8396.617999999999,97.56176929502362,9255.49,1,1.9962839285116207,13.344682347106923,13.484027626217085
2019-06-21,10159.86,8875.722,8477.407500000001,138.95255855759171,9517.12,1,-6.739416129170388,19.846309145809013,41.39078926256809
2019-06-22,10729.5,8600.384,8577.5835,190.68321958859133,10159.86,1,-15.349386811801546,25.08767766586008,51.73066103099961
2019-06-23,10906.07,7802.0234,8717.096,220.66349044982815,10729.5,0,-27.284370776830237,25.111275589944178,29.980270861236818
2019-06-24,11056.59,8763.079,8885.573999999999,233.27403591632492,10906.07,0,-19.64952451650778,24.433041692073036,12.610545466496774
2019-06-25,11820.86,10198.217,9087.792,272.9729208353583,11056.59,0,-7.7634533172072056,30.074059793622048,39.69888491903339
2019-06-26,13093.8,9140.788,9353.147,359.4091415389513,11820.86,0,-22.67239366731778,39.99352303561569,86.436220703593
2019-06-27,11329.99,8748.687,9520.62,275.99083260842826,13093.8,0,-33.18451081093723,19.004749690671392,-83.41830893052304
2019-06-28,12400.63,8495.463,9745.9705,270.74285900191785,11329.99,0,-25.017913602527447,27.238534120332087,-5.2479736065104134
2019-06-29,11903.13,8959.691,9959.7205,214.07353553341864,12400.63,0,-27.74809500606017,19.51269114429466,-56.669323468499215
2019-06-30,10854.1,11520.289,10103.288,92.4597327308893,11903.13,0,-3.2163047660573247,7.4313629384810165,-121.61380280252934
2019-07-01,10624.93,11003.951,10240.289499999999,-11.37399961039921,10854.1,0,1.3805950919468184,3.7561486909134882,-103.83373234128851
2019-07-02,10842.85,10452.634,10376.05,-70.06222945527247,10624.93,0,-1.6216220806866517,4.49882180598591,-58.68822984487326
2019-07-03,11940.0,9372.843,10562.123,-41.10750841148126,10842.85,0,-13.557387832188958,13.04545497150526,28.95472104379121
2019-07-04,11145.67,9211.945,10686.906500000001,-79.35388043028615,11940.0,0,-22.848029208542712,4.292762362990628,-38.24637201880489
2019-07-05,10970.73,10980.435,10795.007999999998,-118.00677132168789,11145.67,0,-1.4825078231052962,1.6278079645703052,-38.65289089140174
2019-07-06,11256.49,11384.475,10910.166000000001,-125.21845293249453,10970.73,0,3.771349849782106,3.1743238370525133,-7.211681610806636
2019-07-07,11406.24,11178.274,11014.78,-120.73978768940833,11256.49,0,-0.6948488022243149,3.5539520535135436,4.478665243086198
2019-07-08,12238.6,10101.748,11172.6325,-65.33085265277919,11406.24,0,-11.436651807475554,9.540880361007137,55.408935036629146
2019-07-09,12543.41,8305.054,11337.0285,-14.422545445127753,12238.6,0,-32.140492287210144,10.641073187740504,50.90830720765143
2019-07-10,12108.37,11372.936,11466.591,-16.186468831891943,12543.41,0,-9.331389575282955,5.596946817061848,-1.7639233867641906
2019-07-11,11342.89,10802.205,11525.742499999998,-71.9228747411347,12108.37,-1,-10.787289468978903,-1.5864704594953347,-55.73640590924276
2019-07-12,11757.22,10174.28,11577.128499999999,-83.10974784816085,11342.89,-1,-10.302574798508136,1.5555800386944005,-11.186873107026145
2019-07-13,11355.76,9671.594,11599.613000000001,-117.65979052802015,11757.22,-1,-17.73911052102452,-2.102251169931281,-34.5500426798593
2019-07-14,10174.18,9501.848,11555.4925,-214.55951038250112,11355.76,-1,-16.32574432490648,-11.95373109367688,-96.89971985448096
2019-07-15,10838.72,10463.573,11506.3855,-227.15506648993858,10174.18,0,2.8443888567678153,-5.802565019223465,-12.59555610743746
2019-07-16,9439.59,10677.064,11323.675,-317.4309920847867,10838.72,-1,-1.4914634465601044,-16.63845880423095,-90.2759255948481
2019-07-17,9667.92,10861.999,11240.5715,-347.0788705645874,9439.59,-1,15.068546657614364,-13.990850020392646,-29.647878479800738
2019-07-18,10627.16,10651.434,11151.898000000001,-289.73604127859954,9667.92,-1,10.172959579206282,-4.705369435767805,57.342829285987875
2019-07-19,10504.29,10965.402,11081.956,-249.27249266887034,10627.16,0,3.1828103063283146,-5.212671842407597,40.4635486097292
2019-07-20,10740.23,11524.137,11076.2625,-198.04315787412975,10504.29,0,9.708859130412423,-3.0338076584949225,51.229334794740595
2019-07-21,10589.45,11739.965,11074.488500000001,-166.97974978372207,10740.23,0,9.308318758071293,-4.379782416135973,31.063408090407677
2019-07-22,10340.31,12056.261,11049.3615,-156.08087384143397,10589.45,0,13.851623476077599,-6.417126455678017,10.8988759422881
2019-07-23,9864.91,11493.516,10945.607,-172.47571781610134,10340.31,0,11.152524682528865,-9.873340053228661,-16.394843974667367
2019-07-24,9763.28,10688.656,10876.4875,-180.87205660086448,9864.91,0,8.350266246727037,-10.234990846079663,-8.396338784763145
2019-07-25,9879.87,10394.797,10821.944500000001,-169.4764027340609,9763.28,0,6.4682860165845835,-8.705223908697745,11.39565386680357
2019-07-26,9824.0,9884.275,10750.32,-156.89261361260742,9879.87,0,0.044589560641984154,-8.616673736223664,12.583789121453492
2019-07-27,9476.52,9909.691,10653.833999999999,-162.47606629434813,9824.0,0,0.8722659430985342,-11.050613328497501,-5.5834526817407095
2019-07-28,9541.54,9898.511,10518.981,-152.45859821917549,9476.52,0,4.453013787629843,-9.292164326563562,10.017468075172644
2019-07-29,9507.64,10806.466,10367.1925,-139.1532668035105,9541.54,0,13.257040481017729,-8.291082662929234,13.305331415664995
2019-07-30,9574.21,9609.089,10240.4845,-117.75573467472992,9507.64,0,1.0670247000044237,-6.5062790730262945,21.39753212878057
2019-07-31,10080.53,9571.629,10177.3665,-64.07565510021018,9574.21,0,-0.026958816967657142,-0.9514887765906773,53.68007957451974
2019-08-01,10374.99,8959.685,10108.255000000001,-6.349867554257543,10080.53,0,-11.118913684969943,2.6387838454807353,57.72578754595264
2019-08-02,10523.75,8578.053,10066.6545,41.60184921366766,10374.99,0,-17.319893952909833,4.540689262753574,47.951716767925205
2019-08-03,10816.86,8144.383,10098.7885,90.0309202862463,10523.75,0,-22.60949934671576,7.110471716483616,48.42907107257864
2019-08-04,10929.23,10923.644,10103.314,124.48085262110104,10816.86,1,0.9871954956197955,8.174703864494354,34.449932334854736
2019-08-05,11828.8,10612.843,10222.774500000001,198.31655715152095,10929.23,1,-2.894872068411952,15.710270240236618,73.83570453041992
2019-08-06,11481.69,10652.493,10313.463,212.95570234844558,11828.8,1,-9.944430846218545,11.327204063271482,14.63914519692463
2019-08-07,11975.03,10629.292,10380.8565,242.87436923519326,11481.69,0,-7.423976851948629,15.356859041448082,29.918666886747673
2019-08-08,11999.77,10389.883,10455.630500000001,250.34304126626418,11975.03,0,-13.237104103288264,14.768497222620855,7.468672031070923
2019-08-09,11879.99,12271.95,10512.6185,233.55546011604343,11999.77,1,2.2682117683297225,13.006954451928406,-16.787581150220745
2019-08-10,11309.31,12327.309,10548.611499999999,173.13685738515892,11879.99,1,3.765311197652525,7.211361419462651,-60.418602730884515
2019-08-11,11549.97,12725.223,10609.0945,139.92162803488407,11309.31,1,12.519885441728986,8.868574975932207,-33.21522935027485
2019-08-12,11396.08,12561.144,10685.653,99.99997435797513,11549.97,1,8.754772130901644,6.648419146682001,-39.92165367690893
2019-08-13,10892.71,12212.745,10742.1245,35.43670557083641,11396.08,1,7.166193262836871,1.4018223303965545,-64.56326878713872
2019-08-14,10050.37,11429.104,10750.6495,-62.89997786879309,10892.71,0,4.92433485904794,-6.513834350194365,-98.3366834396295
2019-08-15,10293.93,11472.617,10774.145999999999,-107.80724896074031,10050.37,0,14.15119231928774,-4.45711428079774,-44.90727109194722
2019-08-16,10331.54,11565.64,10816.897,-129.7694194722019,10293.93,0,12.353976065870855,-4.487026177655199,-21.96217051146158
2019-08-17,10216.02,11497.842,10850.621000000001,-145.6753802950736,10331.54,0,11.288750727142315,-5.848522402542679,-15.90596082287172
2019-08-18,10306.78,11955.711,10890.578000000001,-143.455278112626,10216.02,0,17.029047882639222,-5.360578657992263,2.2201021824476186
2019-08-19,10915.54,10031.303,10957.644499999999,-96.60597876919942,10306.78,-1,-2.6727771973885215,-0.3842477276936448,46.849299343426566
2019-08-20,10760.51,10455.898,10991.6435,-72.76298982317542,10915.54,-1,-4.210891650802441,-2.102811103726207,23.842988946024008
2019-08-21,10142.57,10351.303,10980.022500000001,-93.96579259275615,10760.51,-1,-3.8028612549498138,-7.627056319784418,-21.202802769580728
2019-08-22,10099.88,10474.925,10958.829000000002,-105.36566081076548,10142.57,0,3.2768302776071576,-7.837963344441293,-11.399868218009331
2019-08-23,10389.55,10125.843,10937.4635,-88.57305123616726,10099.88,0,0.25706021692832787,-5.009511574598632,16.792609574598217
2019-08-24,10134.35,10848.586,10897.719500000001,-89.56069368666745,10389.55,0,4.418246579495751,-7.0048554654026525,-0.9876424505001893
2019-08-25,10142.69,10652.506,10813.414,-84.61824573683512,10134.35,0,5.112867222614175,-6.202703420029975,4.942447949832328
2019-08-26,10372.25,10918.219,10757.942,-61.90741760926551,10142.69,0,7.646184099090078,-3.585183857656038,22.710828127569613
2019-08-27,10185.05,10783.588,10668.443,-55.7058022006634,10372.25,0,3.9657537238786187,-4.53105481277821,6.201615408602109
2019-08-28,9721.0,10793.397,10554.5045,-77.71789585169412,10185.05,0,5.97294525738706,-7.897144768852002,-22.012093651030725
2019-08-29,9498.44,10427.987,10435.427,-100.6714229877906,9721.0,0,7.272783712452423,-8.978904265249513,-22.953527136096483
2019-08-30,9584.54,10440.334,10349.1885,-103.08434992166576,9498.44,0,9.916301880887803,-7.388487512813197,-2.4129269338751556
2019-08-31,9587.47,10287.748,10251.0635,-97.56910198372023,9584.54,0,7.3368992865072205,-6.473411270937897,5.5152479379455315
2019-09-01,9724.98,10060.836,10167.5085,-78.56278512460614,9587.47,0,4.937339438871784,-4.3523789530148935,19.006316859114094
2019-09-02,10340.0,10377.351,10139.873,-21.44423703885826,9724.98,0,6.70819462803523,1.9736637727119501,57.118548085747875
2019-09-03,10615.28,10163.689,10168.1185,34.93553319706888,10340.0,0,-1.7051310142649903,4.397681832681239,56.37977023592714
2019-09-04,10567.02,10273.139,10181.773000000001,67.16953897185718,10615.28,0,-3.223102246243157,3.7836926829934168,32.2340057747883
2019-09-05,10564.49,10198.087,10193.4205,85.34497631677525,10567.02,0,-3.4913635626458586,3.640284436416604,18.175437344918066
2019-09-06,10298.73,9084.599,10197.556,76.76274675921431,10564.49,0,-14.008166671438941,0.9921396852343745,-8.582229557560936
2019-09-07,10455.88,8518.306,10205.011,78.6733950019542,10298.73,0,-17.28780476755386,2.4582923036535558,1.9106482427398959
2019-09-08,10381.18,10436.359,10178.293000000001,72.08517849369157,10455.88,0,-0.18669518969229945,1.9933303158004863,-6.588216508262633
2019-09-09,10303.12,10095.62,10155.4235,60.13667935220026,10381.18,0,-2.750745896059025,1.454360815184123,-11.948499141491311
2019-09-10,10098.15,10216.42,10153.2025,37.21865559934456,10303.12,0,-0.8414934323292439,-0.5422180834076714,-22.918023752855703
2019-09-11,10158.33,10344.314,10156.125,25.46297172704047,10098.15,1,2.437718325881477,0.021711036443524744,-11.75568387230409
2019-09-12,10415.01,9799.354,10157.398,33.802014292314226,10158.33,1,-3.5338139672072075,2.53620070809474,8.339042565273758
2019-09-13,10342.06,10652.101,10167.7835,33.18563754600039,10415.01,1,2.2764316686925867,1.7140067941061092,-0.6163767463138328
2019-09-14,10335.02,10216.946,10177.4,31.11907439952865,10342.06,0,-1.209756189168304,1.5487256077190716,-2.0665631464717436
2019-09-15,10302.01,8940.596,10173.887999999999,26.52362377254918,10335.02,0,-13.492226399900536,1.2593219032881158,-4.595450626979471
2019-09-16,10251.31,8914.265,10177.201000000001,19.394629404277488,10302.01,0,-13.470627106385066,0.7281864630559871,-7.128994368271691
2019-09-17,10187.82,9252.842,10200.542,10.1909403629815,10251.31,0,-9.739908393415082,-0.12471886297806287,-9.203689041295988
2019-09-18,10156.99,10131.722,10233.469500000001,2.2304031678533107,10187.82,0,-0.5506410626856355,-0.747346733187618,-7.96053719512819
2019-09-19,10244.29,9907.747,10266.456999999999,3.0000510667750078,10156.99,0,-2.4539054354439633,-0.21591674713094933,0.769647898921697
2019-09-20,10168.59,9815.208,10295.512999999999,-1.2078532892927498,10244.29,-1,-4.188499077900966,-1.232799181546358,-4.207904356067758
2019-09-21,9986.39,9399.366,10308.5835,-15.108833922610842,10168.59,-1,-7.564704536838442,-3.125487609427631,-13.900980633318092
2019-09-22,10028.87,9102.05,10293.027,-19.983545810072314,9986.39,-1,-8.855454226327025,-2.566368474502197,-4.874711887461473
2019-09-23,9702.25,9668.465,10247.3755,-42.45478003523812,10028.87,-1,-3.5936766181035424,-5.31965965334246,-22.47123422516581
2019-09-24,8493.14,9611.908,10143.6815,-130.9988814413829,9702.25,-1,-0.9311427439511454,-16.271621895857052,-88.54410140614479
2019-09-25,8430.05,9825.198,10036.9595,-182.87965580704196,8493.14,0,15.683931292637359,-16.009923124627548,-51.88077436565905
2019-09-26,8063.73,9994.222,9925.2095,-227.99550162033358,8430.05,0,18.554714143895954,-18.75506506940736,-45.11584581329163
2019-09-27,8177.91,10010.557,9811.310999999998,-235.3221387561837,8063.73,0,24.1430038037608,-16.648142129018215,-7.32663713585012
2019-09-28,8198.81,8243.416,9702.192500000001,-223.99572249219875,8177.91,0,0.8010116964481163,-15.495286245866605,11.326416263984953
2019-09-29,8043.82,8400.267,9589.227499999999,-212.28604051112245,8198.81,0,2.4571444095240715,-16.116079214931542,11.7096819810763
2019-09-30,8289.34,8707.894,9498.787,-174.90652051945517,8043.82,0,8.255698843180234,-12.7326468105875,37.37951999166728
2019-10-01,8292.44,9056.031,9405.492499999998,-138.4691702973057,8289.34,0,9.249122969983132,-11.834069295148533,36.43735022214946
2019-10-02,8359.94,9320.161,9302.739,-100.10700314394103,8292.44,0,12.393470833825743,-10.134638841313286,38.36216715336468
2019-10-03,8223.96,8591.053,9196.834,-75.30686034453663,8359.94,0,2.7645262331428153,-10.57835772614795,24.800142799404398
2019-10-04,8137.13,8930.2295,9086.939499999999,-56.99891839158175,8223.96,0,8.587949019541693,-10.452468622686425,18.307941952954877
2019-10-05,8126.19,8844.225,8978.1485,-38.746860152134786,8137.13,0,8.689729786484914,-9.48924491502897,18.252058239446967
2019-10-06,7854.25,8712.288,8858.295499999998,-38.05473011911283,8126.19,0,7.212458556069946,-11.334522538788626,0.6921300330219537
2019-10-07,8190.09,9052.266,8758.409,-9.531271350836391,7854.25,0,15.253087500397875,-6.488838326686953,28.52345876827644
2019-10-08,8168.39,8315.525,8658.979,12.145434418864284,8190.09,0,1.5315508208700985,-5.665667973094739,21.676705769700675
2019-10-09,8560.74,8384.576,8574.8015,54.79042111909666,8168.39,0,2.646619124148084,-0.16398630335640768,42.64498670023238
2019-10-10,8558.03,8550.288,8494.2735,83.00571469265304,8560.74,0,-0.12209124517856845,0.7505821421926352,28.21529357355638
2019-10-11,8258.5,9142.159,8407.878999999999,81.56611806285889,8558.03,0,6.825509839151059,-1.776654968512261,-1.4395966297941527
2019-10-12,8300.09,8886.581,8321.439999999999,83.19845259773967,8258.5,0,7.605267962553733,-0.2565661712395757,1.6323345348807834
2019-10-13,8275.01,8402.773,8250.078,82.22629465030707,8300.09,1,1.2371364346651645,0.3022032034121459,-0.9721579474326063
2019-10-14,8348.2,8604.716,8242.831,85.75660486356952,8275.01,1,3.984355551383017,1.2783108133601258,3.530310213262453
2019-10-15,8159.29,8815.708,8229.293,75.0018438618402,8348.2,1,5.600105505528129,-0.8506563078991076,-10.754761001729321
2019-10-16,7991.74,9160.678,8225.6935,57.049460239154996,8159.29,0,12.2729763787658,-2.8441796427255603,-17.952383622685204
2019-10-17,8070.58,9097.311,8220.327000000001,51.120846741414766,7991.74,0,13.833915353540032,-1.821667191584972,-5.92861349774023
2019-10-18,7947.01,8090.8945,8207.737,40.00543905123226,8070.58,0,0.25171092102426434,-3.1766003223543713,-11.115407690182508
2019-10-19,7948.01,8014.2974,8202.946500000002,34.08032317848995,7947.01,0,0.8467003726086891,-3.1078649604748922,-5.92511587274231
2019-10-20,8223.35,8026.1675,8199.647,49.14904797056852,7948.01,1,0.9833591108812114,0.289073419867947,15.06872479207857
2019-10-21,8197.27,8140.205,8194.888500000001,57.238437069514134,8223.35,1,-1.0110833404269592,0.02906079808162741,8.089389098945617
2019-10-22,8020.0,8410.436,8177.891500000001,50.750204055737186,8197.27,1,2.600445598046661,-1.9307116021287472,-6.488233013776949
2019-10-23,7466.62,8147.094,8140.0244999999995,11.34699229383898,8020.0,0,1.5847161880455114,-8.27275765570484,-39.403211761898206
2019-10-24,7412.41,8130.311,8103.788500000001,-14.791107849830837,7466.62,0,8.888774775684984,-8.531546695721397,-26.138100143669817
2019-10-25,8655.02,8127.5386,8130.2300000000005,51.54904410032481,7412.41,1,9.647720164140274,6.454798941727355,66.34015195015564
2019-10-26,9230.0,8135.833,8199.0175,129.6510348809046,8655.02,1,-5.998680444268187,12.574463952540658,78.1019907805798
2019-10-27,9529.93,8171.071,8266.0095,193.18233359432082,9230.0,1,-11.472689048957205,15.290576426267114,63.53129871341622
2019-10-28,9205.14,9434.108,8317.847,203.9421165870022,9529.93,0,-1.0054806442702129,10.667339757511767,10.75978299268138
2019-10-29,9407.62,9461.715,8360.191,214.2460045400931,9205.14,1,2.7872997450337595,12.528768780521881,10.303887953090907
2019-10-30,9154.72,9215.04,8390.0255,194.17440175050584,9407.62,1,-2.0470635605764347,9.11432867516314,-20.071602789587274
2019-10-31,9140.85,9350.799,8434.143,170.92798986274258,9154.72,1,2.1418331540997504,8.379120439385487,-23.24641188776326
2019-11-01,9231.61,9284.359,8480.719000000001,153.19794716371234,9140.85,1,1.5699784483937451,8.854095979362121,-17.730042699030236
2019-11-02,9289.52,8627.117,8531.444500000001,137.4093165713835,9231.61,0,-6.548075714853645,8.885664086544768,-15.788630592328843
2019-11-03,9194.71,8824.902,8573.77,113.60577433551194,9289.52,0,-5.001524903870172,7.242321639138893,-23.80354223587156
2019-11-04,9393.35,9157.964,8635.473000000002,104.494824681099,9194.71,0,-0.3996442825548509,8.77632296459034,-9.110949654412934
2019-11-05,9308.66,8804.418,8701.319,86.75089491790197,9393.35,0,-6.269669832913714,6.979872821580273,-17.74392976319703
2019-11-06,9339.05,8497.562,8764.7425,71.67256050449586,9308.66,0,-8.71337525017027,6.55247430258218,-15.078334413406111
2019-11-07,9216.2,9573.105,8828.202000000001,49.11262575421722,9339.05,1,2.5062021163822954,4.39498325933185,-22.559934750278643
2019-11-08,8773.73,9523.127,8869.488,2.536658595642706,9216.2,1,3.330298313024883,-1.0796339089697153,-46.575967158574514
2019-11-09,8809.41,9503.09,8898.791000000001,-26.141868850631653,8773.73,1,8.312996225664575,-1.0044173416366473,-28.67852744627436
2019-11-10,9039.47,9290.332,8940.901,-29.634791918565128,8809.41,0,5.459185476098855,1.1024504129952843,-3.492923067933475
2019-11-11,8733.27,9407.517,8976.564499999999,-51.314078002966255,9039.47,0,4.071550672356905,-2.7103297703703704,-21.679286084401127
2019-11-12,8821.94,8846.428,9044.3305,-57.939124022603266,8733.27,0,1.2957086449290995,-2.45889399994836,-6.625046019637011
2019-11-13,8777.12,8845.656,9112.566,-63.16813311851443,8821.94,0,0.2688325923776345,-3.681136575581454,-5.229009095911167
2019-11-14,8646.68,8777.239,9112.149000000001,-72.56811544212023,8777.12,0,0.00135873512609147,-5.108224196070553,-9.399982323605798
2019-11-15,8471.73,8978.858,9074.235499999999,-86.76474717593977,8646.68,0,3.8416871959815753,-6.639738411020954,-14.196631733819544
2019-11-16,8491.02,8911.612,9022.29,-90.62991750976846,8471.73,0,5.1923550996962895,-5.8884163554929,-3.8651703338286865
2019-11-17,8502.4,8523.428,8987.153,-88.11514318220878,8491.02,0,0.3816706870905917,-5.393843856892173,2.514774327559678
2019-11-18,8187.17,8415.483,8926.130500000001,-102.37602671098844,8502.4,-1,-1.0222596156673367,-8.27862084248041,-14.260883528779658
2019-11-19,8133.64,8425.432,8875.0765,-109.46957021155406,8187.17,-1,2.9101831356256183,-8.35414207415563,-7.093543500565616
2019-11-20,8098.01,8371.599,8822.9345,-110.30706908879577,8133.64,-1,2.925610585328336,-8.21636497471447,-0.837498877241714
2019-11-21,7627.74,8256.416,8742.741,-134.6657945992451,8098.01,0,1.9561103978014325,-12.753448832580084,-24.358725510449318
2019-11-22,7268.23,7884.124,8641.6765,-165.11486960893703,7627.74,0,3.3612055921872037,-15.893287604552198,-30.44907500969194
2019-11-23,7311.57,7734.5747,8547.519499999999,-171.69979081227092,7268.23,0,6.416207343895976,-14.459744724770724,-6.5849212033338915
2019-11-24,6903.28,7838.4077,8423.016,-191.41256324013352,7311.57,0,7.205534718859975,-18.042658354204715,-19.712772427862603
2019-11-25,7109.57,7825.908,8313.0615,-178.66291460284538,6903.28,0,13.365069983037053,-14.477115320270398,12.749648637288146
2019-11-26,7156.14,7776.292,8203.916000000001,-156.02055533567182,7109.57,0,9.377810362476216,-12.771656852654276,22.64235926717356
2019-11-27,7508.52,6908.2207,8118.531999999999,-108.49290440944674,7156.14,-1,-3.4644277064870215,-7.513821464274562,47.52765092622508
2019-11-28,7419.49,6928.714,8050.82,-75.78159048756186,7508.52,-1,-7.721976272454498,-7.841809902593773,32.71131392188488
2019-11-29,7739.68,6935.1045,7997.333500000001,-27.78346472729413,7419.49,-1,-6.528555302487095,-3.2217425970793934,47.998125760267726
2019-11-30,7541.89,7037.2954,7922.4545,-5.712951895126196,7739.68,-1,-9.075111501299153,-4.803618626020503,22.070512832167935
2019-12-01,7390.89,7170.4707,7855.335500000001,1.9487121655968167,7541.89,0,-4.924750916215967,-5.91248457815711,7.661664060723012
2019-12-02,7294.28,7237.538,7778.952500000001,3.6441530976359218,7390.89,0,-2.0748775054492805,-6.23056253396587,1.695440932039105
2019-12-03,7292.71,7394.3135,7704.731999999999,7.568128149508766,7294.28,0,1.371396170184038,-5.347648691739039,3.9239750518728442
2019-12-04,7194.32,7378.7837,7632.114,6.487128451779256,7292.71,0,1.180270316607269,-5.736208866901095,-1.08099969772951
2019-12-05,7389.0,7551.7676,7577.977500000001,21.01403259098504,7194.32,0,4.968469266379592,-2.493772249917618,14.526904139205783
2019-12-06,7527.47,7470.334,7529.8,40.927058046121886,7389.0,0,1.1007441382460414,-0.030943716964593047,19.913025455136847
2019-12-07,7488.21,7378.352,7479.0905,51.73653186220861,7527.47,0,-1.9809836401706051,0.12193327517563517,10.809473816086722
2019-12-08,7510.11,7266.8438,7445.2375,60.058595694543214,7488.21,0,-2.9561971419070785,0.8713288192619709,8.322063832334607
2019-12-09,7338.64,7234.1333,7405.4875,53.908035459937594,7510.11,0,-3.674735779086454,-0.9026752121315423,-6.150560234605621
2019-12-10,7224.13,7264.724,7361.7935,42.52092418607816,7338.64,0,-1.007214945906194,-1.8699723104159287,-11.387111273859432
2019-12-11,7210.0,7277.699,7340.9065,34.75767866564979,7224.13,0,0.7415317657627962,-1.783247069009802,-7.76324552042837
2019-12-12,7198.08,7228.1387,7337.398999999999,29.73458140846401,7210.0,0,0.25157658633841884,-1.8987518601618847,-5.023097257185782
2019-12-13,7258.48,7226.3125,7334.744500000001,31.239797377258412,7198.08,0,0.3922226482617597,-1.0397703696427478,1.5052159687944027
2019-12-14,7064.05,7119.2207,7342.7829999999985,20.424070605277564,7258.48,0,-1.9185738181409822,-3.796013037563529,-10.815726771980849
2019-12-15,7118.59,7185.528,7343.234000000001,18.29492706164359,7064.05,0,1.7196626868616418,-3.059197078562403,-2.1291435436339725
2019-12-16,6891.72,7191.162,7330.013000000001,3.721352206869028,7118.59,0,1.0194730891229844,-5.979430050124066,-14.573574854774563
2019-12-17,6623.82,6848.3438,7285.778,-20.515100690322726,6891.72,-1,-0.6293965802441227,-9.085618584590424,-24.236452897191754
2019-12-18,7277.83,6739.0625,7278.6950000000015,9.34335708065899,6623.82,-1,1.739819318761686,-0.011883998436554912,29.858457770981715
2019-12-19,7150.3,7004.2056,7249.226,21.644874789952723,7277.83,-1,-3.759698063760076,-1.3646422390473063,12.301517709293734
2019-12-20,7187.83,6925.444,7231.523000000001,32.781587259204855,7150.3,0,-3.14470934567431,-0.6042019087818861,11.136712469252132
2019-12-21,7132.75,7022.2544,7218.616,36.61954778529275,7187.83,0,-2.3035548346128096,-1.1895077948459924,3.8379605260878975
2019-12-22,7501.44,7183.4355,7228.973999999999,62.64214780025816,7132.75,1,0.7106031597210052,3.7690825835035566,26.022600014965406
2019-12-23,7317.09,7157.024,7230.193000000001,65.76900744210991,7501.44,1,-4.591332787021553,1.2018627995130837,3.126859641851752
2019-12-24,7255.77,7149.3677,7233.2654999999995,62.082931740803275,7317.09,1,-2.2921998255966534,0.311125037509005,-3.6860757013066348
2019-12-25,7204.63,7114.7354,7224.0470000000005,54.828034592250276,7255.77,0,-1.943758532002812,-0.26878285814032454,-7.254897148552999
2019-12-26,7202.0,7242.5977,7207.7735,48.687413687187615,7204.63,0,0.5269896753892968,-0.0801010187126474,-6.1406209050626614
2019-12-27,7254.74,7157.54,7196.1,46.98971662050619,7202.0,0,-0.6173279774715357,0.814885840941613,-1.6976970666814282
2019-12-28,7316.14,7110.9116,7186.4015,48.611316126970436,7254.74,0,-1.982543535760755,1.805333309028175,1.6215995064642499
2019-12-29,7388.24,7055.52,7188.8815,52.800433474663436,7316.14,0,-3.5622607067217182,2.7731504546291292,4.189117347692999
2019-12-30,7246.0,7076.395,7189.975,44.580199879601864,7388.24,0,-4.220829053587185,0.7792099416200979,-8.220233595061572
2019-12-31,7195.23,7064.118,7189.236500000001,34.748738167274496,7246.0,0,-2.510099861130279,0.08336768445437391,-9.831461712327368
2020-01-01,7200.85,7356.423,7189.375,27.942250013849133,7195.23,1,2.2402737864182303,0.1596105363818185,-6.806488153425363
2020-01-02,6965.71,7204.1123,7174.736500000001,7.960137259198547,7200.85,1,0.04530443888568206,-2.913368316731922,-19.982112754650586
2020-01-03,7344.96,7114.3184,7188.782000000001,19.958085338191296,6965.71,1,2.133427308558639,2.1725238016676394,11.99794807899275
2020-01-04,7354.11,7299.363,7200.557999999999,27.707157834499256,7344.96,0,-0.6207958522748938,2.132501397808345,7.74907249630796
2020-01-05,7358.75,7180.9355,7223.9095,32.03593036388253,7354.11,0,-2.3547982437711656,1.8665862300738991,4.328772529383272
2020-01-06,7758.0,7414.2905,7280.6185,59.104075680858706,7358.75,1,0.7547549154917615,6.556881122118958,27.068145316976178
2020-01-07,8145.28,7428.6035,7323.990999999999,98.10725484083585,7758.0,1,-4.245894359048724,11.213681174649187,39.003179159977144
2020-01-08,8055.98,7355.6523,7369.275,111.90864239125096,8145.28,1,-9.694297264796296,9.318487910954605,13.801387550415114
2020-01-09,7817.76,7129.1304,7400.7715,99.43175473099954,8055.98,0,-11.505113330795876,5.634392306261589,-12.476887660251421
2020-01-10,8197.02,7174.685,7453.984999999999,110.3177183038448,7817.76,0,-8.22582096925782,9.96829212830455,10.885963572845256
2020-01-11,8020.01,8051.8687,7479.913500000001,99.5251159704164,8197.02,0,-1.770781914113305,7.220624944392734,-10.792602333428405
2020-01-12,8184.98,8219.172,7523.307999999999,97.30810136000342,8020.01,1,2.4833120532268635,8.794960940054569,-2.217014610412974
2020-01-13,8110.34,8069.9985,7566.0365,85.06918329319984,8184.98,1,-1.4047861429563613,7.1940374593751955,-12.238918066803578
2020-01-14,8810.01,7980.5825,7646.3054999999995,116.41107999958552,8110.34,1,-1.5999018594627368,15.219173494964345,31.341896706385683
2020-01-15,8821.41,7981.2046,7727.276,129.23648521509926,8810.01,0,-9.40754221795719,14.159375179558747,12.82540521551374
2020-01-16,8720.01,8758.747,7800.539500000001,122.29059478352048,8821.41,0,-0.7103504959807996,11.787268047293386,-6.945890431578789
2020-01-17,8913.28,8700.91,7880.3965,121.84298032275021,8720.01,0,-0.2190346542033807,13.106999121173674,-0.4476144607702679
2020-01-18,8915.96,8575.93,7956.782499999999,113.05111069217469,8913.28,0,-3.7848055093074673,12.054841262784295,-8.791869630575519
2020-01-19,8701.7,8606.638,8029.5675,85.3878375724014,8915.96,0,-3.469310143691752,8.370718597234541,-27.663273119773294
2020-01-20,8642.35,8677.16,8101.9235,57.037866981750085,8701.7,0,-0.28201206373468085,6.67034809696735,-28.34997059065131
2020-01-21,8736.03,8697.968,8178.682500000001,39.37965628195235,8642.35,1,0.6435491901797501,6.81463670951892,-17.658210699797735
2020-01-22,8682.36,8868.937,8264.515,19.85521916574129,8736.03,1,1.5213606573867,5.055892572038422,-19.52443711621106
2020-01-23,8404.52,8889.043,8317.492999999999,-14.166689016011219,8682.36,1,2.3804929621669615,1.0463128733622242,-34.02190818175251
2020-01-24,8439.0,8577.717,8371.7375,-35.528025040108275,8404.52,0,2.0607577455345405,0.8034473130577819,-21.361336024097056
2020-01-25,8340.58,8565.119,8420.829000000002,-56.234555145229365,8439.0,0,1.4944796850930204,-0.9529821826331065,-20.70653010512109
2020-01-26,8615.0,8561.45,8463.679,-51.523247357971854,8340.58,0,2.6481395216219985,1.7878868043081493,4.71130778725751
2020-01-27,8907.57,8551.712,8501.793500000002,-29.85178324329695,8615.0,0,-0.7346266504643064,4.772834108473678,21.671464114674905
2020-01-28,9374.21,8579.258,8567.705,12.4907033184341,8907.57,0,-3.685766011381328,9.413314300620753,42.34248656173105
2020-01-29,9301.53,8613.91,8641.8935,31.12311188290664,9374.21,0,-8.110548448882618,7.6330089001906885,18.63240856447254
2020-01-30,9513.21,8993.584,8707.703,51.994016269345025,9301.53,0,-3.31070281582708,9.250510725962974,20.870904386438383
2020-01-31,9352.89,9316.8955,8774.347,49.31520335409391,9513.21,0,-2.0635988503091927,6.593573288131865,-2.6788129152511146
2020-02-01,9384.61,8998.881,8834.3285,44.1594565031877,9352.89,0,-3.785024100839414,6.228900136552552,-5.155746850906212
2020-02-02,9331.51,9032.287,8895.386999999999,32.20782563806671,9384.61,0,-3.754262464023551,4.902799619623086,-11.95163086512099
2020-02-03,9292.24,9078.016,8919.4985,17.432380711064866,9331.51,0,-2.7165418565698394,4.1789513166014896,-14.775444927001843
2020-02-04,9197.02,9012.807,8938.279,-1.948753137662493,9292.24,0,-3.007168985895756,2.8947518868005795,-19.38113384872736
2020-02-05,9612.04,9024.634,8982.8805,9.366113875569965,9197.02,0,-1.8743702953511077,7.003983855735381,11.314867013232458
2020-02-06,9772.0,9199.693,9025.816499999999,23.028814921527555,9612.04,0,-4.289897260363054,8.267213276494166,13.66270104595759
2020-02-07,9813.73,9010.855,9070.705,29.849221768102836,9772.0,0,-7.789035317744577,8.191480155070632,6.820406846575281
2020-02-08,9895.05,8947.474,9130.3725,34.48198306694212,9813.73,0,-8.826983900998902,8.375096415836262,4.632761298839284
2020-02-09,10151.75,8689.214,9205.842499999999,48.61446398158006,9895.05,0,-12.186256085744885,10.275078027893713,14.132480914637938
2020-02-10,9851.83,9744.132,9261.6325,32.32734687759137,10151.75,0,-4.015250218558377,6.372499664610966,-16.28711710398869
2020-02-11,10223.08,9490.221,9338.6685,40.58643351466441,9851.83,0,-3.670478447912722,9.47042396889878,8.25908663707304
2020-02-12,10326.46,9459.229,9434.7655,46.61030785002731,10223.08,0,-7.471833188970447,9.451157000139533,6.023874335362905
2020-02-13,10229.63,8907.975,9524.296999999999,38.03424417847708,10326.46,0,-13.736414905253099,7.405617443471163,-8.57606367155023
2020-02-14,10344.36,8615.286,9624.486,34.17137086217491,10229.63,0,-15.781058231700456,7.479609820202343,-3.8628733163021707
2020-02-15,9904.72,10091.324,9688.972,-1.9913496037412415,10344.36,0,-2.4461231168482205,2.226737779818123,-36.16272046591615
2020-02-16,9917.27,10273.076,9739.456999999999,-27.641030857860983,9904.72,0,3.718996315645477,1.8256972642314857,-25.64968125411974
2020-02-17,9706.0,9908.617,9756.0465,-59.57741414514999,9917.27,-1,-0.08724994378493714,-0.5129793098054666,-31.936383287289004
2020-02-18,10164.71,9426.469,9799.2055,-50.88767510621312,9706.0,-1,-2.8799840304966002,3.7299401466782087,8.689739038936864
2020-02-19,9593.79,9303.814,9803.2345,-82.7823980230101,10164.71,-1,-8.469455074222473,-2.1364836269090532,-31.89472291679698
2020-02-20,9596.42,9599.983,9815.411,-101.65140245027328,9593.79,0,0.06455632693126623,-2.2310935324053163,-18.869004427263178
2020-02-21,9677.05,9347.263,9830.033,-106.15753260084546,9596.42,-1,-2.5963568152238032,-1.5562816523606806,-4.506130150572176
2020-02-22,9650.86,9311.017,9846.0005,-108.00012098012331,9677.05,-1,-3.7824894822027306,-1.9819265700829438,-1.8425883792778563
2020-02-23,9936.4,9258.911,9878.2085,-87.93662698718714,9650.86,-1,-4.061284353803709,0.5890896107325432,20.063493992936174
2020-02-24,9656.13,9234.635,9901.164,-91.10283346716685,9936.4,-1,-7.062570290799481,-2.4747999326139984,-3.1662064799797065
2020-02-25,9315.84,10153.586,9886.354000000001,-112.28568279055216,9656.13,0,5.151711270457221,-5.770721946634735,-21.182849323385312
2020-02-26,8785.25,10202.698,9837.016500000002,-155.5391544836425,9315.84,0,9.519895599189121,-10.691925748015176,-43.25347169309035
2020-02-27,8823.21,10021.125,9787.4905,-173.72060828099532,8785.25,0,14.06761332915967,-9.85217303659197,-18.181453797352816
2020-02-28,8692.91,9460.977,9727.3835,-185.57632084313812,8823.21,0,7.228282705500616,-10.634653193225086,-11.855712562142799
2020-02-29,8523.61,9628.832,9645.9765,-194.91160822133827,8692.91,0,10.766498574700535,-11.635592311467896,-9.33528737820015
2020-03-01,8531.88,8347.851,9579.979,-190.40142518699113,8523.61,-1,-2.0620302203233205,-10.940514587766845,4.510183034347136
2020-03-02,8915.24,8014.813,9514.587,-153.07826989316447,8531.88,-1,-6.060411207362846,-6.299243466899822,37.32315529382666
2020-03-03,8760.07,7682.268,9436.267499999998,-131.16395090818924,8915.24,-1,-13.829935409408495,-7.165942466128674,21.91431898497524
2020-03-04,8750.87,7763.968,9362.3295,-110.44196325239643,8760.07,-1,-11.370939119921413,-6.5310615269415475,20.7219876557928
2020-03-05,9054.68,8317.822,9297.8455,-71.32630008288803,8750.87,-1,-4.94862492957844,-2.615288670907676,39.11566316950841
2020-03-06,9131.88,9128.614,9259.2035,-37.03149887701122,9054.68,0,0.8165308747796687,-1.3751020808647356,34.29480120587681
2020-03-07,8886.66,9224.316,9207.672999999999,-28.047799594454204,9131.88,0,1.0122385122231217,-3.4863640357340997,8.983699282557012
2020-03-08,8033.31,9399.185,9124.038499999999,-74.14505828983044,8886.66,0,5.767347578420916,-11.954448679715659,-46.09725869537624
2020-03-09,7929.87,9704.698,9012.2965,-104.32300401802195,8033.31,0,20.805723197380647,-12.010551361686785,-30.177945728191503
2020-03-10,7894.56,9865.766,8927.335000000001,-118.35538434053268,7929.87,0,24.41270317167873,-11.56868203108767,-14.032380322510733
2020-03-11,7934.52,8169.2734,8844.24,-116.45912507712723,7894.56,0,3.4797814887720104,-10.28601666169167,1.8962592634054545
2020-03-12,4800.0,8326.764,8600.3875,-307.00097168689604,7934.52,0,4.943508515637991,-44.18856127122179,-190.5418466097688
2020-03-13,5578.6,8417.377,8396.7745,-357.7448825050085,4800.0,0,75.36201985677083,-33.562584061296384,-50.743910818112454
2020-03-14,5172.06,8577.093,8158.5575,-393.0235689948537,5578.6,0,53.74991527332126,-36.605705113924856,-35.2786864898452
2020-03-15,5361.3,8342.156,7943.815999999999,-377.84251748234055,5172.06,0,61.29271992204266,-32.50976608723061,15.181051512513136
2020-03-16,5028.97,6195.55,7729.472499999999,-364.2542949536612,5361.3,0,15.560588004541806,-34.93773346111263,13.588222528679353
2020-03-17,5312.64,6385.003,7555.842,-312.23485372130176,5028.97,0,26.9644267054188,-29.68831269896855,52.01944123235944
2020-03-18,5393.04,6259.005,7384.333500000001,-251.11498434332577,5312.64,0,17.813457768877612,-26.96646217292326,61.11986937797599
2020-03-19,6162.37,6639.766,7257.806500000001,-142.9569024782968,5393.04,0,23.117316268398717,-15.093217213768384,108.15808186502898
2020-03-20,6208.36,6857.0234,7142.044,-56.822046930027795,6162.37,0,11.272504531535759,-13.073064237632813,86.134855548269
2020-03-21,6186.98,6268.8184,7024.799000000001,6.823858492227714,6208.36,0,0.9738217399603168,-11.926590355111957,63.64590542225551
2020-03-22,5816.19,6197.051,6869.8465000000015,30.723619258395388,6186.98,0,0.16277378058439557,-15.337409649546052,23.899760766167674
2020-03-23,6467.31,6397.036,6755.208500000001,93.60428510193412,5816.19,0,9.986711796081291,-4.261874374417906,62.880665843538736
2020-03-24,6744.72,6335.0107,6654.901,153.5584764082039,6467.31,0,-2.045661299868112,1.3496669597338926,59.95419130626976
2020-03-25,6677.43,6414.961,6536.038500000001,186.18757284449885,6744.72,0,-4.889143841404836,2.1632599012383373,32.62909643629496
2020-03-26,6737.36,6487.5386,6416.3125,207.673882089632,6677.43,0,-2.843780103741264,5.003613835828595,21.486309245133157
2020-03-27,6359.11,6675.9595,6289.9349999999995,192.61280564292053,6737.36,0,-0.911344018187386,1.0997728911348081,-15.061076446711468
2020-03-28,6236.65,6637.336,6200.102,171.31897908196038,6359.11,1,4.375233916381386,0.5894741731668249,-21.293826560960156
2020-03-29,5881.42,6758.3193,6097.6795,131.98953485809898,6236.65,1,8.364576109570047,-3.5465868614445886,-39.3294442238614
2020-03-30,6394.38,6682.466,6022.6705,138.52245604732707,5881.42,1,13.619939067648628,6.17183855567061,6.532921189228091
2020-03-31,6410.44,6574.1553,5946.4665,141.43183500339296,6394.38,1,2.811457458541718,7.802507590011633,2.9093789560658934
2020-04-01,6642.92,6359.35,6038.6125,155.40660047772053,6410.44,0,-0.7969796510652873,10.007389942639968,13.974765474327569
2020-04-02,6794.09,6367.08,6099.387,170.04113822813815,6642.92,0,-4.152389640022762,11.389718343827019,14.634537750417621
2020-04-03,6734.1,6471.669,6177.489,170.45874576644712,6794.09,0,-4.745610592257391,9.010311471214289,0.417607538308971
2020-04-04,6856.99,6363.639,6252.2735,173.22602959540575,6734.1,0,-5.501267279127877,9.671945733020149,2.7672838289586252
2020-04-05,6772.78,6783.99,6339.464,163.70952407340604,6856.99,0,-1.0646036471542146,6.8352150907395295,-9.516505521999704
2020-04-06,7329.9,6942.935,6440.326999999999,187.5477035233023,6772.78,1,2.5123370107068332,13.812543990390559,23.838179449896245
2020-04-07,7197.32,6900.5547,6530.541,186.59981468009337,7329.9,1,-5.857451158951686,10.21016482401687,-0.947888843208915
2020-04-08,7361.28,6512.257,6590.486500000001,188.6653796217509,7197.32,1,-9.518309093697374,11.69554781729693,2.0655649416575272
2020-04-09,7283.54,6755.9385,6644.2455,176.65670278006388,7361.28,0,-8.223318817345621,9.621777220603905,-12.00867684168702
2020-04-10,6858.92,6880.567,6677.842500000001,133.91637095070695,7283.54,0,-5.532654526078665,2.711616813364487,-42.74033182935693
2020-04-11,6876.83,6464.791,6730.8745,102.09056023705449,6858.92,0,-5.74622512545707,2.1684477997621263,-31.82581071365246
2020-04-12,6903.79,6649.204,6752.6985,79.1189863165539,6876.83,0,-3.3100410863362906,2.237498090578152,-22.97157392050059
2020-04-13,6837.91,6699.183,6757.358,56.79612426379481,6903.79,0,-2.963689430461384,1.1920635254192493,-22.322862052759092
2020-04-14,6868.7,6644.585,6766.9214999999995,42.089867263067575,6837.91,0,-2.8272533429439677,1.504059120532141,-14.706257000727234
2020-04-15,6621.24,6809.689,6761.1155,15.075280765046191,6868.7,0,-0.8591296046740988,-2.068822814815101,-27.014586498021384
2020-04-16,7101.94,6731.3394,6798.257,28.197331524992595,6621.24,1,1.6628207929141703,4.467071486117692,13.122050759946404
2020-04-17,7027.55,6666.007,6837.802000000001,30.29955492753152,7101.94,1,-6.138226513635706,2.774985294982212,2.1022234025389253
2020-04-18,7248.6,6695.206,6906.161,44.16979379110162,7027.55,1,-4.729158032493546,4.958456659206183,13.870238863570098
2020-04-19,7120.74,6558.743,6942.478999999999,42.32160294328598,7248.6,0,-9.5171044882805,2.567685116512422,-1.848190847815637
2020-04-20,6826.83,7125.405,6963.2985,20.02490751638464,7120.74,0,0.06550983684631399,-1.9598255051108313,-22.29669542690134
2020-04-21,6841.37,6505.166,6973.221,5.719232780203988,6826.83,0,-4.711762038530328,-1.8908191781100825,-14.305674736180652
2020-04-22,7125.14,6694.318,6989.7735,14.340696451089713,6841.37,0,-2.149454406153298,1.9366364303507129,8.621463670885724
2020-04-23,7482.39,6891.3276,7027.188,41.537131520405204,7125.14,0,-3.2815125496656954,6.477726225625388,27.19643506931549
2020-04-24,7505.0,6887.3066,7059.5885,57.49970219417411,7482.39,0,-7.9531187144081015,6.309312504546124,15.962570673768909
2020-04-25,7538.67,7262.488,7097.883,66.15908987884659,7505.0,0,-3.2313418658394406,6.21011927077412,8.659387684672474
2020-04-26,7693.1,6739.7017,7116.043,77.34287567490776,7538.67,0,-10.59826653565881,8.109239924491755,11.183785796061173
2020-04-27,7774.62,6518.567,7144.908,84.69340684224488,7693.1,0,-15.26735783323693,8.813437485829063,7.350531167337124
2020-04-28,7738.98,6616.748,7163.793,81.58609038202752,7774.62,0,-14.892971658100329,8.029084592477755,-3.107316460217362
2020-04-29,8778.57,6890.4434,7238.544500000001,140.51960375799456,7738.98,0,-10.964450620430595,21.275347550878475,58.93351337596704
2020-04-30,8620.0,8913.896,7326.5985,158.46567050956227,8778.57,1,1.5415549955744534,17.65350592092633,17.946066751567713
2020-05-01,8826.96,8721.885,7424.1050000000005,172.74693264003514,8620.0,1,1.1819578378770301,18.895947727032397,14.281262130472868
2020-05-02,8972.05,8852.629,7527.518000000001,179.64039481052606,8826.96,1,0.2908012073239357,19.19001721417336,6.8934621704909205
2020-05-03,8894.16,8564.607,7630.330499999999,166.90246093833468,8972.05,0,-4.541242838871822,16.563234056506477,-12.737933872191377
2020-05-04,8871.96,8983.756,7730.4935,145.70129312058168,8894.16,1,1.0073560558276458,14.7657649540744,-21.201167817753003
2020-05-05,9021.83,9003.759,7850.522999999999,130.95595716985616,8871.96,1,1.485565636708246,14.92011423952265,-14.745335950725519
2020-05-06,9142.92,8989.439,7952.572,118.89483895845524,9021.83,1,-0.3590241322991004,14.968088311555054,-12.061118211400924
2020-05-07,9986.4,8947.956,8100.5145,154.97865694812168,9142.92,0,-2.132403491581465,23.281058258706892,36.08381798966644
2020-05-08,9800.01,9576.04,8228.085000000001,153.2700897174651,9986.4,0,-4.109188105198066,19.104384556066194,-1.7085672306565698
2020-05-09,9539.4,10026.787,8349.018,122.87767296202037,9800.01,1,2.3140497752043085,14.257748635827586,-30.392416755444742
2020-05-10,8722.77,9927.07,8443.814999999999,40.33603522217891,9539.4,1,4.063885700358518,3.30366072681604,-82.54163773984146
2020-05-11,8561.52,9869.562,8529.8225,-28.831868359063833,8722.77,1,13.147102622647388,0.37160796722323614,-69.16790358124274
2020-05-12,8810.79,9995.937,8614.105,-59.7273376512062,8561.52,0,16.75422732689405,2.2832900225850663,-30.895469292142366
2020-05-13,9309.37,9867.231,8705.454000000002,-48.96828258808421,8810.79,0,11.990314663185696,6.937214302665883,10.759055063121991
2020-05-14,9791.98,9731.321,8819.803,-13.572545556108253,9309.37,0,4.532543975183059,11.022661163747077,35.395737031975955
2020-05-15,9316.42,10066.439,8908.6905,-25.707752945204675,9791.98,0,2.8029004667595365,4.576761309644772,-12.135207389096422
2020-05-16,9381.27,9868.101,8993.099,-32.45199097338718,9316.42,0,5.92159419538299,4.31632076995928,-6.744238028182508
2020-05-17,9680.04,9354.198,9088.369999999999,-20.461537172801798,9381.27,0,-0.28857241943255485,6.51018829559098,11.990453800585385
2020-05-18,9733.93,9291.255,9188.1175,-12.938134420260383,9680.04,0,-4.0163585810337645,5.940417065846186,7.523402752541415
2020-05-19,9775.53,9294.138,9237.9655,-9.363812390455337,9733.93,0,-4.518137121260378,5.819078887012518,3.574322029805046
2020-05-20,9511.43,9691.153,9282.537,-27.939787324861868,9775.53,0,-0.8631417395015989,2.4658452748424273,-18.57597493440653
2020-05-21,9068.65,9843.105,9294.621500000001,-70.76461571645501,9511.43,0,3.4871251615161936,-2.4312071233885257,-42.824828391593144
2020-05-22,9170.0,9701.38,9304.519,-91.65681512116174,9068.65,0,6.9771121700859595,-1.4457383557387569,-20.89219940470673
2020-05-23,9179.15,9452.352,9318.768500000002,-103.3819481490649,9170.0,0,3.0790791984732824,-1.4982505467326748,-11.725133027903155
2020-05-24,8720.34,9233.696,9311.1875,-138.37517630765245,9179.15,0,0.5942411776961959,-6.345565482383421,-34.993228158587556
2020-05-25,8900.35,8650.609,9305.113500000001,-145.03460785537607,8720.34,-1,-0.799631952423875,-4.349903953347811,-6.659431547723614
2020-05-26,8841.18,8920.126,9290.0265,-148.51921182146793,8900.35,-1,0.22219324591167353,-4.83148783267733,-3.4846039660918677
2020-05-27,9204.07,9388.574,9250.91,-122.55783815111556,8841.18,-1,6.191415837591811,-0.5063285665950717,25.961373670352373
2020-05-28,9575.89,9625.296,9239.704,-78.65200842662063,9204.07,0,4.576517762658263,3.6384931811668393,43.905829724494936
2020-05-29,9427.07,9122.601,9234.0875,-58.84732208753218,9575.89,0,-4.733653102348705,2.0898924771938763,19.804686339088448
2020-05-30,9697.72,9680.296,9282.835000000001,-28.28323949704287,9427.07,0,2.6861569760010298,4.469378158719813,30.564082590489306
2020-05-31,9448.27,10109.074,9327.172499999999,-25.7046992221091,9697.72,0,4.24176217451113,1.298330228158659,2.578540274933772
2020-06-01,10200.77,9858.596,9396.6715,23.19856842860196,9448.27,1,4.342865975728885,8.55726945440202,48.90326765071106
2020-06-02,9518.04,9793.626,9407.105,6.9277877692082654,10200.77,1,-3.991306768386116,1.1792682233269567,-16.270780659393694
2020-06-03,9666.24,9539.223,9400.818000000001,3.6723390348756197,9518.04,1,0.22255271305856167,2.823392602643713,-3.2554487343326457
2020-06-04,9789.06,8977.395,9424.45,7.117241893123293,9666.24,0,-7.126302147991358,3.868766877642714,3.444902858247673
2020-06-05,9621.16,9086.468,9436.444500000001,-3.98808503705402,9789.06,0,-7.1773206677913866,1.9574692565616045,-11.105326930177313
2020-06-06,9666.3,9240.311,9435.7575,-10.026249773240409,9621.16,0,-3.9584567050646684,2.4432855549753114,-6.038164736186388
2020-06-07,9746.99,9050.706,9436.4105,-10.280315040360676,9666.3,0,-6.368454789448903,3.291288567829895,-0.2540652671202679
2020-06-08,9782.01,8811.122,9436.7345,-9.786822084856311,9746.99,0,-9.601609621919176,3.6588451227487613,0.4934929555043652
2020-06-09,9772.43,9399.128,9449.7845,-11.674605493268245,9782.01,0,-3.9141451533222744,3.414315956094031,-1.8877834084119343
2020-06-10,9885.0,9458.066,9490.601999999999,-7.134029645136621,9772.43,0,-3.2168416018329142,4.155668944920471,4.540575848131624
2020-06-11,9280.4,9310.447,9496.122,-44.554161305408655,9885.0,-1,-5.812369594081942,-2.2716852205563467,-37.420131660272034
2020-06-12,9465.13,9555.654,9510.420999999998,-55.83808185529659,9280.4,-1,2.9659744932869314,-0.4762249746882842,-11.283920549887938
2020-06-13,9473.34,10103.274,9548.071,-61.28663759639073,9465.13,-1,6.742056517580856,-0.7826816537078513,-5.44855574109414
2020-06-14,9342.1,9354.662,9570.1585,-71.55176600515651,9473.34,-1,-1.252756584530906,-2.38301695839206,-10.265128408765776
2020-06-15,9426.02,9586.543,9599.4005,-70.40362436082151,9342.1,0,2.616574097365685,-1.8061596659082961,1.1481416443349985
2020-06-16,9525.59,9776.469,9615.4765,-61.00284310134515,9426.02,0,3.7178867645093003,-0.934810666949272,9.40078125947636
2020-06-17,9465.14,9642.806,9609.939,-56.995336444038514,9525.59,0,1.2305344242456357,-1.5067629461539858,4.007506657306635
2020-06-18,9386.32,9733.925,9607.9015,-57.62073652695223,9465.14,0,2.839734062966851,-2.306242419325388,-0.6254000829137141
2020-06-19,9310.23,9775.748,9588.527,-60.81161675830174,9386.32,0,4.148889520866541,-2.9023957485857887,-3.19088023134951
2020-06-20,9358.95,9914.791,9584.061,-57.33953443407418,9310.23,0,6.493513217450057,-2.3488060019651273,3.472082324227557
2020-06-21,9294.69,9956.749,9538.757,-56.952679816375095,9358.95,0,6.387458245182411,-2.5586876780695755,0.38685461769908613
2020-06-22,9685.69,9779.514,9547.139500000001,-29.3364294053666,9294.69,0,5.216136007494597,1.451225259670704,27.616250411008494
2020-06-23,9624.89,9380.123,9545.072,-14.866967568463842,9685.69,0,-3.154828960301233,0.8362220840240839,14.46946183690276
2020-06-24,9296.49,9917.278,9520.4435,-26.43989322457105,9624.89,0,3.0378354486388996,-2.3523431445184215,-11.57292565610721
2020-06-25,9249.49,9894.844,9501.859999999999,-35.71045848697523,9296.49,0,6.4363404897977645,-2.656006297714332,-9.270565262404176
2020-06-26,9162.21,9843.394,9476.655499999999,-45.541154649004895,9249.49,0,6.420932988602618,-3.3181062664987646,-9.830696162029668
2020-06-27,9012.0,10176.25,9439.905999999999,-59.119836750681806,9162.21,0,11.067635428570192,-4.532947679775615,-13.578682101676911
2020-06-28,9116.35,10366.235,9406.623,-57.955696307205315,9012.0,0,15.027023430564803,-3.0858364367318565,1.1641404434764908
2020-06-29,9192.56,8918.378,9377.6295,-49.27580277877338,9116.35,-1,-2.1716155074399333,-1.97352113345915,8.679893528431933
2020-06-30,9138.55,8813.221,9340.307,-44.53822184296169,9192.56,-1,-4.126590382602882,-2.160068186195608,4.7375809358116925
2020-07-01,9232.0,9048.818,9337.887,-33.00789356276612,9138.55,-1,-0.9819023874137504,-1.1339503251645753,11.530328280195569
2020-07-02,9086.54,8807.39,9318.9575,-32.99588810234558,9232.0,-1,-4.599332230962955,-2.4940289726613685,0.012005460420539293
2020-07-03,9058.26,8877.391,9298.2035,-32.6506154349181,9086.54,-1,-2.30174934573557,-2.5805361218433154,0.34527266742748
2020-07-04,9135.46,9113.056,9287.8715,-25.308652565752702,9058.26,0,0.6049248317281661,-1.6409733920199066,7.3419628691654
2020-07-05,9069.41,9334.345,9270.041,-23.050374455442935,9135.46,0,2.177063076872986,-2.1642946347270677,2.2582781103097673
2020-07-06,9344.2,9169.369,9260.9715,-2.2926851332073994,9069.41,0,1.1021570380542962,0.8987016103008316,20.757689322235535
2020-07-07,9257.39,9374.18,9250.583999999999,5.9006826254985185,9344.2,1,0.3208373911089154,0.07357373329079002,8.193367758705918
2020-07-08,9436.06,9343.895,9253.071,22.718331703757173,9257.39,1,0.9344375817590119,1.9776028952982159,16.817649078258654
2020-07-09,9232.43,9616.213,9249.181,19.610631727598346,9436.06,1,1.9091961117775904,-0.18110792728567213,-3.107699976158827
2020-07-10,9288.34,9741.302,9245.6505,20.695559620974628,9232.43,1,5.511785714189002,0.4617252187934252,1.0849278933762818
2020-07-11,9234.03,9724.192,9242.6175,17.27031945270506,9288.34,0,4.692468006258382,-0.0929119916517116,-3.4252401682695677
2020-07-12,9302.75,9722.735,9223.4705,19.00987469746125,9234.03,1,5.292438421388054,0.8595408853966688,1.7395552447561897
2020-07-13,9242.62,9828.606,9204.357,15.629199955335508,9302.75,1,5.65269888272285,0.41570530130459765,-3.3806747421257413
2020-07-14,9255.85,9044.684,9202.325,13.862526518557232,9242.62,1,-2.1415616594645326,0.5816464860782425,-1.7666734367782766
2020-07-15,9197.6,9165.049,9199.730500000001,8.60680766069187,9255.85,0,-0.9810138655553015,-0.02315828708244356,-5.255718857865361
2020-07-16,9133.72,9367.458,9198.306,1.0608260911934977,9197.6,0,1.8467644582554104,-0.7021510265042405,-7.545981569498373
2020-07-17,9154.32,9511.1045,9205.422,-2.1361765511076243,9133.72,0,4.1317720730162595,-0.5551293574591232,-3.197002642301122
2020-07-18,9170.28,9525.418,9208.1185,-2.7309764759071307,9154.32,0,4.053801579472864,-0.4109254241243729,-0.5947999247995064
2020-07-19,9208.99,9201.615,9208.94,-0.20550945584299285,9170.28,0,0.34170422686111374,0.0005429506544648179,2.525467020064138
2020-07-20,9160.78,9068.165,9210.0515,-1.403271660091768,9208.99,-1,-1.5292117912767826,-0.5349752930263085,-1.1977622042487752
2020-07-21,9390.0,9058.79,9217.9515,12.836239675649686,9160.78,-1,-1.113332717710726,1.8664504798056358,14.239511335741454
2020-07-22,9518.16,9105.231,9239.532500000001,29.526406790536175,9390.0,-1,-3.032678963658147,3.0156017092856016,16.69016711488649
2020-07-23,9603.27,9027.366,9266.783,44.06302425033847,9518.16,0,-5.156393557814744,3.631109091472208,14.536617459802297
2020-07-24,9537.8,9525.968,9286.9,46.77771263669639,9603.27,0,-0.8049573380994226,2.7016550194359756,2.7146883863579205
2020-07-25,9700.42,9348.271,9318.4505,56.389891528534655,9537.8,0,-1.9871303196229664,4.099066684960114,9.612178891838262
2020-07-26,9931.54,9282.358,9347.817500000001,74.06438354394282,9700.42,0,-4.309726811442186,6.2444789920213974,17.67449201540817
2020-07-27,11029.96,9002.074,9436.446,151.04590327236258,9931.54,0,-9.35872766207457,16.88680251018232,76.98151972841976
2020-07-28,10906.27,9663.139,9509.9565,182.82795123793886,11029.96,0,-12.391897415085813,14.68264865354537,31.782047965576282
2020-07-29,11100.53,9591.674,9603.361499999999,204.48790281780916,10906.27,0,-12.053581764205365,15.590046256198956,21.659951579870295
2020-07-30,11099.61,9674.874,9693.925,205.74606910941935,11100.53,0,-12.843134305861978,14.500679549305378,1.2581662916101948
2020-07-31,11335.46,9561.849,9798.9965,208.79200782704066,11099.61,0,-13.854192779633703,15.679804559579136,3.0459387176213113
2020-08-01,11801.17,9424.88,9923.9175,226.9920635106339,11335.46,0,-16.85489708567186,18.916446050664977,18.200055683593234
2020-08-02,11071.35,9358.724,10015.354000000001,176.92305667892083,11801.17,0,-20.69664590195294,10.543771093862473,-50.06900683171307
2020-08-03,11219.81,10746.753,10113.552,142.33555847111984,11071.35,0,-2.9318653128344816,10.938372591548449,-34.58749820780099
2020-08-04,11191.97,10079.157,10213.2705,107.68923809097396,11219.81,0,-10.166417911154463,9.582625859170173,-34.64632038014588
2020-08-05,11744.91,10196.7295,10343.829999999998,111.64084371255444,11191.97,0,-8.892451532773045,13.545079530502743,3.951605621580484
2020-08-06,11762.46,9826.802,10474.237000000001,105.15594079274939,11744.91,0,-16.331400088953426,12.298967457009022,-6.484902919805052
2020-08-07,11594.23,9832.274,10595.4345,80.37386859084842,11762.46,0,-16.409710094125714,9.426659189861446,-24.782072201900974
2020-08-08,11761.41,11126.12,10723.055499999999,66.64449664986319,11594.23,0,-4.0374383017457784,9.683382688824107,-13.729371940985232
2020-08-09,11681.68,11125.168,10849.100499999999,44.65334380801164,11761.41,0,-5.4095727574329935,7.674179993078704,-21.991152841851545
2020-08-10,11892.92,11036.563,10974.2465,37.10393096346252,11681.68,0,-5.52246357918981,8.371176098513924,-7.549412844549124
2020-08-11,11392.08,10761.431,11067.9425,-6.5257757529522,11892.92,0,-9.513974162253676,2.9286156844418083,-43.62970671641472
2020-08-12,11564.33,10855.279,11165.9955,-27.512865454055827,11392.08,0,-4.712051733528908,3.567389042920526,-20.987089701103628
2020-08-13,11780.0,11700.091,11278.105500000001,-30.374153200083697,11564.33,0,1.1739618318787175,4.450166741213748,-2.8612877460278696
2020-08-14,11760.54,11267.004,11381.1115,-36.660764458350286,11780.0,0,-4.354805549660441,3.3338439747295325,-6.286611258266589
2020-08-15,11852.4,11248.428,11477.1545,-37.57700795016228,11760.54,0,-4.354496184911584,3.2694994216554205,-0.916243491811997
2020-08-16,11911.0,11232.222,11521.2065,-37.11610786581929,11852.4,0,-5.232512573930172,3.3832697990440472,0.46090008434299534
2020-08-17,12281.13,10894.135,11589.9495,-15.850490084912337,11911.0,0,-8.537194478843087,5.963619599895569,21.26561778090695
2020-08-18,11945.01,11981.376,11632.1735,-27.69475572809705,12281.13,0,-2.440769077743654,2.689407100057435,-11.844265643184713
2020-08-19,11754.59,11448.937,11664.922499999999,-50.30940331111981,11945.01,0,-4.152976653535663,0.7686934911055037,-22.61464758302276
2020-08-20,11853.55,11144.437,11690.827000000001,-59.906999579578894,11754.59,0,-5.190767832502028,1.3918861343170859,-9.597596268459085
2020-08-21,11531.34,11198.948,11677.3355,-87.5841837106949,11853.55,-1,-5.522411073581327,-1.2502466851277767,-27.677184131116007
2020-08-22,11662.96,11180.132,11706.916,-95.98042708626338,11531.34,-1,-3.045683884635265,-0.37547036298885317,-8.396243375568474
2020-08-23,11648.13,11813.912,11728.331999999999,-100.9789434361935,11662.96,-1,1.294286436504977,-0.6838312558000518,-4.998516349930128
2020-08-24,11748.2,11495.226,11756.1435,-96.02299881396306,11648.13,-1,-1.3126949481375911,-0.06756892683386694,4.955944622230447
2020-08-25,11318.42,11140.1875,11734.819,-118.68252304678276,11748.2,-1,-5.1753672903083086,-3.548405816911189,-22.659524232819706
2020-08-26,11461.43,11018.984,11719.767499999998,-120.6384173188888,11318.42,-1,-2.6455602902171864,-2.2042886089676936,-1.9558942721060362
2020-08-27,11330.38,10567.801,11706.575,-126.73005580803567,11461.43,-1,-7.796838777970988,-3.2135359829839345,-6.091638489146874
2020-08-28,11526.91,11237.301,11694.85,-113.90033114875598,11330.38,-1,-0.8215012978381944,-1.4360167082091733,12.829724659279691
2020-08-29,11465.84,11289.317,11684.058,-106.06344630758844,11526.91,-1,-2.061199551202359,-1.8676559120127678,7.836884841167546
2020-08-30,11711.16,11461.54,11674.97,-81.97196512458828,11465.84,0,-0.03750236299739178,0.3099793832446723,24.091481183000155
2020-08-31,11649.51,11348.147,11687.8415,-68.35861068365017,11711.16,-1,-3.0997146231671318,-0.3279604707165154,13.61335444093811
2020-09-01,11921.97,11089.698,11705.7235,-40.54845486499113,11649.51,-1,-4.80545325779797,1.8473569788317594,27.81015581865904
2020-09-02,11388.54,11945.432,11686.1505,-56.63547226591331,11921.97,-1,0.1967933204411742,-2.5466940546418506,-16.08701740092218
2020-09-03,10140.85,11932.327,11605.166,-144.8464002375439,11388.54,0,4.7748626991475565,-12.61779452357682,-88.21092797163058
2020-09-04,10446.25,11743.376,11534.858499999998,-174.19432573249935,10140.85,0,15.802679031466784,-9.437554002071188,-29.34792549495546
2020-09-05,10166.69,12009.528,11447.643,-202.04335141388955,10446.25,0,14.964971356347972,-11.189665855233253,-27.849025681390202
2020-09-06,10256.2,11895.365,11346.396499999999,-203.4793209338765,10166.69,0,17.00332393704342,-9.608306037956616,-1.4359695199869407
2020-09-07,10373.44,10341.284,11267.818000000001,-186.0513883130535,10256.2,0,0.8295877585021671,-7.937455148814088,17.427932620822986
2020-09-08,10126.65,10323.275,11186.421,-180.52102372241362,10373.44,-1,-0.4835870200724206,-9.473727119692711,5.530364590639891
2020-09-09,10219.2,10490.705,11104.7035,-160.67040516063636,10126.65,-1,3.5950198547890997,-7.97413006119433,19.850618561777253
2020-09-10,10336.87,10492.706,11044.98,-130.91543099703028,10219.2,-1,2.676393990601018,-6.411147869892013,29.75497416360608
2020-09-11,10387.89,10464.645,10981.2265,-100.4674680796069,10336.87,0,1.2361046549874304,-5.403189707452088,30.447962917423382
2020-09-12,10440.92,10667.252,10920.866,-70.82402657921185,10387.89,0,2.6893041139731033,-4.394761367825591,29.643441500395056
2020-09-13,10332.83,10596.958,10850.0975,-53.359681415256546,10440.92,0,1.4944852351373243,-4.767399555626112,17.4643451639553
2020-09-14,10671.77,10548.021,10817.765000000001,-15.794439954725021,10332.83,0,2.082599678645638,-1.349585612185149,37.565241460531524
2020-09-15,10785.31,10511.915,10783.959,18.051919153492776,10671.77,0,-1.4979235959686203,0.01252786662114302,33.8463591082178
2020-09-16,10954.01,10658.896,10765.1405,51.27211113799541,10785.31,0,-1.1720897741928558,1.7544545749310074,33.220191984502634
2020-09-17,10939.99,11133.058,10735.7945,70.58075329730733,10954.01,1,1.6345394717322677,1.9020064141503437,19.308642159311916
2020-09-18,10933.39,11361.156,10709.172,80.47037386142961,10939.99,1,3.849786425764559,2.0937006147627373,9.889620564122282
2020-09-19,11080.65,11411.347,10677.646499999999,93.57348141013918,10933.39,1,4.371532339809525,3.774272729482108,13.103107548709573
2020-09-20,10920.28,11296.034,10641.185000000001,88.15835298330452,11080.65,1,1.943786507898908,2.6227812034092004,-5.415128426834656
2020-09-21,10417.22,11352.183,10565.947499999998,49.349617052330245,10920.28,0,3.955050760488736,-1.407611574825628,-38.80873593097428
2020-09-22,10529.61,10321.449,10523.001,30.80893638226253,10417.22,0,-0.9193506640927172,0.06280527769597645,-18.540680670067715
2020-09-23,10241.46,10280.067,10528.031500000001,0.31206634644674125,10529.61,0,-2.3699131989456452,-2.721985586764266,-30.49687003581579
2020-09-24,10736.32,10144.476,10542.535,13.889142450566425,10241.46,0,-0.9469784001743806,1.8381252706298805,13.577076104119683
2020-09-25,10686.67,9802.794,10568.534,19.59816908605356,10736.32,0,-8.695028228364093,1.1178087708285787,5.709026635487135
2020-09-26,10728.6,10007.297,10592.153999999999,25.876131594867942,10686.67,0,-6.357201307797472,1.2881799112815178,6.277962508814383
2020-09-27,10774.25,10594.133,10612.1945,32.360015689709144,10728.6,0,-1.2533526042540533,1.527068694415659,6.483884094841201
2020-09-28,10696.12,10591.101,10640.668,30.659966078079748,10774.25,0,-1.699880864677356,0.5211326958044471,-1.700049611629396
2020-09-29,10840.48,10578.018,10671.732,38.04841653644428,10696.12,0,-1.1041613395792194,1.5812615983984566,7.388450458364531
2020-09-30,10776.59,10559.916,10693.717999999999,37.36929945559177,10840.48,0,-2.5881140353102405,0.7749596538827863,-0.6791170808525067
2020-10-01,10619.13,10587.9,10705.28,25.61259677957169,10776.59,0,-1.7509212967645622,-0.8047430800502317,-11.756702676020083
2020-10-02,10570.4,10569.969,10711.753999999999,14.409502140241386,10619.13,0,-0.46294988384170077,-1.3196158164199754,-11.203094639330303
2020-10-03,10542.06,10407.085,10722.2155,5.409083021487874,10570.4,0,-1.5450223176275226,-1.680207789145823,-9.000419118753513
2020-10-04,10666.63,10348.425,10721.958499999999,8.007105668820195,10542.06,0,-1.8367870730435938,-0.5160297906394585,2.5980226473323214
2020-10-05,10792.21,10260.738,10722.303499999998,17.78482030273949,10666.63,0,-3.8052479438210494,0.6519727780509195,9.777714633919295
2020-10-06,10599.66,10388.13,10704.586,11.207214228805064,10792.21,0,-3.74418323204885,-0.9801967119513028,-6.577606073934426
2020-10-07,10666.39,10688.893,10690.905999999999,11.244319336206402,10599.66,0,0.8418437773004054,-0.2293163928295658,0.03710510740133799
2020-10-08,10925.57,10802.88,10690.515,27.681533476226797,10666.39,1,1.279625841662461,2.1987247574134674,16.437214140020394
2020-10-09,11050.64,10909.305,10689.014500000001,44.91467359977539,10925.57,1,-0.14887381161806393,3.3831509911414024,17.233140123548594
2020-10-10,11293.22,11058.058,10707.6615,69.14013907723621,11050.64,1,0.06712386963561008,5.468593679394881,24.225465477460823
2020-10-11,11369.02,11103.136,10755.2515,85.67722535758587,11293.22,0,-1.68317147644781,5.706686635826229,16.537086280349655
2020-10-12,11528.25,11439.916,10805.1835,101.65751508178539,11369.02,1,0.6235895057357588,6.691848407757267,15.980289724199523
2020-10-13,11420.56,11608.121,10864.1385,99.18519345172618,11528.25,1,0.6928292997636242,5.121634817155547,-2.472321630059213
2020-10-14,11417.89,11669.815,10898.217,91.75280363162668,11420.56,1,2.1825149527475056,4.768422210715742,-7.432389820099502
2020-10-15,11505.12,11619.504,10939.1395,87.1292420963564,11417.89,1,1.7657720143564233,5.173903303820209,-4.6235615352702695
2020-10-16,11319.32,11688.175,10968.675500000001,66.88585253041529,11505.12,1,1.591072537161709,3.1967806869662474,-20.243389565941115
2020-10-17,11360.2,11581.332,10997.973,52.22719093952065,11319.32,1,2.3147329631992055,3.2935796441762566,-14.658661590894638
2020-10-18,11503.14,11437.207,11038.323999999999,48.23155434871319,11360.2,1,0.6778668619390439,4.210929122935699,-3.9956365908074645
2020-10-19,11751.47,11637.161,11083.8735,57.74456724454956,11503.14,1,1.1650830365665426,6.023133519161868,9.513012895836368
2020-10-20,11909.99,11767.093,11140.5435,69.36277614033415,11751.47,1,0.1329431419005508,6.906723177374604,11.61820889578459
2020-10-21,12780.96,11689.191,11248.634999999998,127.00023818539125,11909.99,0,-1.85389403139717,13.622319508100325,57.637462045057106
2020-10-22,12968.52,12457.406,11368.541000000001,166.5571366995713,12780.96,0,-2.531529321741083,14.073740860854523,39.556898514180034
2020-10-23,12923.07,12136.591,11487.5915,177.45807903479385,12968.52,0,-6.414989371859707,12.495904820431674,10.900942335222567
2020-10-24,13111.73,12147.776,11609.8465,184.3624682031617,12923.07,0,-5.999299182102239,12.936290759744326,6.904389168367857
2020-10-25,13028.83,11783.572,11721.677500000002,170.64943163942615,13111.73,0,-10.129538469561222,11.15158218608214,-13.713036563735557
2020-10-26,13052.19,11669.41,11844.304,151.1249724728351,13028.83,0,-10.433936460526386,10.198032742151844,-19.524459166591043
2020-10-27,13636.17,12816.32,11992.793,164.41454492464845,13052.19,0,-1.8071272905160016,13.703038149662056,13.289572451813342
2020-10-28,13266.4,12697.03,12109.834499999999,136.3338244619186,13636.17,0,-6.887122458597246,9.550630109767402,-28.080720462729857
2020-10-29,13455.7,12813.033,12230.0875,119.16285259105462,13266.4,0,-3.4174063564719868,10.021289708679525,-17.17097187086398
2020-10-30,13560.1,12471.168,12343.4315,104.04031459643443,13455.7,0,-7.316839935863618,9.856809267341903,-15.122537994620188
2020-10-31,13791.0,12169.143,12464.5305,98.83024925195116,13560.1,0,-10.257722449502587,10.641953180667327,-5.210065344483269
2020-11-01,13761.5,13254.932,12576.193000000001,83.26287617517846,13791.0,0,-3.887088386447683,9.425006438752957,-15.567373076772697
2020-11-02,13549.37,12234.6455,12682.6335,50.175017806579035,13761.5,0,-11.095116754623406,6.8340419992425145,-33.08785836859943
2020-11-03,14023.53,12144.236,12812.9155,51.52324438252367,13549.37,0,-10.370472367903458,9.44839213214199,1.3482265759446364
2020-11-04,14144.01,11937.865,12944.86,51.6962023638722,14023.53,0,-14.872608862568843,9.263522355591327,0.17295798134853158
2020-11-05,15590.02,11839.531,13158.395,135.59785983365623,14144.01,0,-16.2929660683215,18.479647403805707,83.90165746978403
2020-11-06,15579.92,14647.197,13369.381,174.34618711012092,15590.02,0,-6.04760439290649,16.534340669923317,38.74832727646469
2020-11-07,14818.3,14134.502,13535.139000000001,134.40440950309426,15579.92,0,-9.277442033559865,9.48022033611918,-39.941777607026665
2020-11-08,15475.1,12063.57,13721.320499999998,137.44892849435507,14818.3,0,-18.590052080872972,12.781419251886161,3.0445189912608157
2020-11-09,15328.41,11324.385,13892.2415,115.68669808216453,15475.1,0,-26.82189604186726,10.33791775070999,-21.762230412190547
2020-11-10,15297.21,11740.478,14018.053999999998,86.62351841743316,15328.41,0,-23.40707523440135,9.12506115328134,-29.063179664731365
2020-11-11,15684.24,15499.198,14153.840000000002,81.0008141246102,15297.21,1,1.3204253729111444,10.812613396788416,-5.622704292822959
2020-11-12,16291.86,15105.574,14322.2795,104.25781834890313,15684.24,1,-3.689472880101298,13.751864708407624,23.257004224292928
2020-11-13,16320.7,15149.571,14482.728,107.22288166538556,16291.86,1,-7.011407604395696,12.690785879566347,2.9650633164824285
2020-11-14,16070.45,14863.107,14634.809000000003,79.25866159134705,16320.7,0,-8.930944004393197,9.809769297296587,-27.964220074038508
2020-11-15,15957.0,13706.114,14780.0495,41.92410640099479,16070.45,0,-14.712318212542277,7.96310255929793,-37.33455519035226
2020-11-16,16713.57,16119.685,14933.919499999998,56.1006361245818,15957.0,1,1.0195185204769066,11.916834692995378,14.17652972358701
2020-11-17,17659.38,15588.738,15153.5685,113.76914882609844,16713.57,1,-6.730050604089969,16.536114909171406,57.66851270151665
2020-11-18,17776.12,14879.299,15369.589499999998,142.50590170532337,17659.38,1,-15.74280168315649,15.657740891518287,28.736752879224923
2020-11-19,17802.82,13639.334,15581.7255,145.53141773199513,17776.12,0,-23.271591413789956,14.25448356152853,3.0255160266717667
2020-11-20,18655.67,13601.915,15824.959000000003,184.67429348334326,17802.82,0,-23.59685129062418,17.887635601457134,39.14287575134813
2020-11-21,18703.8,18441.889,16072.074000000002,192.62663587519887,18655.67,0,-1.145932191794764,16.374526399019793,7.952342391855609
2020-11-22,18414.43,18609.055,16315.327000000001,158.63498468358057,18703.8,0,-0.5065564885210453,12.86583468415925,-33.9916511916183
2020-11-23,18368.0,17589.85,16532.5505,115.27785145724806,18414.43,0,-4.477903419356452,11.102034740495718,-43.35713322633251
2020-11-24,19160.01,13942.107,16783.3505,121.56800860858266,18368.0,0,-24.095669523764155,14.160816697476452,6.290157151334597
2020-11-25,18719.11,12536.081,16939.805,79.68787112919472,19160.01,0,-34.571636159440935,10.503692338843337,-41.88013747938794
2020-11-26,17149.47,18761.281,17018.282499999998,-62.40422243578587,18719.11,0,0.2252844820079556,0.7708621595628329,-142.0920935649806
2020-11-27,17139.52,17382.79,17134.3435,-160.18052238049768,17149.47,0,1.3605030505315838,0.030211253789801735,-97.77629994471181
2020-11-28,17719.85,16391.473,17246.581,-187.01957180285467,17139.52,0,-4.364459119917012,2.744132300773123,-26.839049422356993
2020-11-29,18184.99,15072.283,17389.41,-174.91448082141824,17719.85,0,-14.941248356363054,4.575083340952924,12.105090981436433
2020-11-30,19695.87,14587.951,17609.343,-71.89917673618152,18184.99,0,-19.780262887826723,11.848976989090383,103.01530408523672
2020-12-01,18764.96,19133.385,17763.378999999997,-72.96880533169701,19695.87,0,-2.8558537113364326,5.638459889866686,-1.0696285955154963
2020-12-02,19204.09,18595.188,17908.9905,-51.621718768647725,18764.96,0,-0.9047314782445532,7.231560595221715,21.347086563049288
2020-12-03,19421.9,19049.207,18064.0505,-31.3497879972208,19204.09,0,-0.8065103254046411,7.51686062879419,20.271930771426923
2020-12-04,18650.52,18106.52,18193.054,-75.87077451910932,19421.9,0,-6.772666262054698,2.514509108806033,-44.52098652188852
2020-12-05,19147.66,19337.504,18352.587,-77.54193492393517,18650.52,0,3.683457116745268,4.33221212900394,-1.671160404825855
2020-12-06,19359.4,19228.713,18484.8785,-70.30487696653631,19147.66,0,0.4233044174849572,4.731010268744815,7.237057957398861
2020-12-07,19166.9,18825.277,18560.254500000003,-83.5011122431896,19359.4,0,-2.758983523507967,3.2685192975128583,-13.196235276653283
2020-12-08,18324.11,18753.822,18587.654000000002,-150.12244407997935,19166.9,-1,-2.15516194259375,-1.4178443390435482,-66.62133183678975
2020-12-09,18541.28,17686.916,18624.577,-178.75086076624984,18324.11,-1,-3.477352975806195,-0.4472423722697288,-28.628416686270498
2020-12-10,18254.63,16804.738,18604.525,-213.81051138769294,18541.28,-1,-9.365813572471799,-1.8806983784858813,-35.0596506214431
2020-12-11,18036.53,18622.578,18571.1615,-246.20123176752338,18254.63,0,2.015642743786091,-2.8788263997381076,-32.39072037983044
2020-12-12,18808.69,17902.02,18590.874499999998,-211.46392111157616,18036.53,0,-0.7457668894737449,1.1716258963503876,34.737310655947226
2020-12-13,19174.99,18068.818,18631.224,-161.89211629981355,18808.69,0,-3.9336691743284553,2.918573680398042,49.571804811762604
2020-12-14,19273.14,18678.246,18636.8805,-122.36469553710299,19174.99,0,-2.5905823484132275,3.4139806820138174,39.52742076271056
2020-12-15,19426.43,18761.516,18672.2465,-87.40719294076166,19273.14,0,-2.6545979274783424,4.039061395210261,34.95750259634133
2020-12-16,21335.52,19794.535,18881.549000000003,55.103716236714035,19426.43,1,1.8948677459008152,12.996661449757102,142.5109091774757
2020-12-17,22797.16,19593.16,19164.431,228.8755534654572,21335.52,1,-8.166474703920976,18.955579740405543,173.77183722874315
2020-12-18,23107.39,19716.445,19433.808,339.1297779406317,22797.16,1,-13.513589795834216,18.903047719726356,110.25422447517451
2020-12-19,23821.61,19495.188,19715.639,428.8014372919288,23107.39,0,-15.632239296605977,20.82595953395171,89.67165935129708
2020-12-20,23455.52,19748.744,19903.6215,430.95142140348105,23821.61,0,-17.097357648685378,17.845488571012062,2.1499841115522713
2020-12-21,22719.71,22824.203,20101.359000000004,353.5549172030169,23455.52,0,-2.6915492600462514,13.025741194911223,-77.39650420046416
2020-12-22,23810.79,22013.96,20331.694,346.1394965207305,22719.71,0,-3.1063295372168005,17.111687791484574,-7.415420682286367
2020-12-23,23232.76,20243.328,20522.237,275.667969050236,23810.79,0,-14.982543103357768,13.207736564001271,-70.4715274704945
2020-12-24,23729.2,19482.39,20776.171000000002,237.3101915421612,23232.76,0,-16.142590785597573,14.213538192383949,-38.35777750807483
2020-12-25,24712.47,19114.908,21054.4115,251.61894379091655,23729.2,0,-19.44562731518551,17.3743089423326,14.308752248755354
2020-12-26,26493.39,23744.594,21411.111,348.51863720802953,24712.47,0,-3.9165500251492515,23.736643091523828,96.89969341711299
2020-12-27,26281.66,22749.826,21766.849,364.1444781704322,26493.39,0,-14.130180502098824,20.741683833061927,15.625840962402663
2020-12-28,27079.41,20913.082,22204.614,391.6030068927196,26281.66,0,-20.427088580972434,21.95397767328898,27.458528722287383
2020-12-29,27385.0,19917.137,22646.8,392.73756972660044,27079.41,0,-26.449148195067767,20.922161188335664,1.1345628338808638
2020-12-30,28875.54,19921.262,23177.8455,452.0389174397633,27385.0,0,-27.254841268029946,24.582502717951076,59.30134771316284
2020-12-31,28923.63,26932.045,23722.2005,451.60532709471227,28875.54,0,-6.730593014450988,21.926420780399365,-0.4335903450510159
2021-01-01,29331.69,25327.402,24248.3505,435.6969089088261,28923.63,0,-12.433528074622725,20.96365070275604,-15.908418185886148
2021-01-02,32178.33,23987.336,24898.5175,565.554551242908,29331.69,0,-18.220409606469996,29.23793555178536,129.8576423340819
2021-01-03,33000.05,19671.469,25584.863,649.4535071224345,32178.33,0,-38.86734100246968,28.982711378989993,83.89895587952651
2021-01-04,31988.71,16926.184,26212.977000000003,581.6864840450257,33000.05,0,-48.708612278617764,22.03386894971905,-67.7670230774088
2021-01-05,33949.53,31685.61,26843.6775,610.761149477205,31988.71,0,-0.94752375134852,26.471233309966554,29.074665432179245
2021-01-06,36769.36,30652.941,27542.2875,752.4381303184246,33949.53,0,-9.710262833535541,33.501474777648745,141.67698084121957
2021-01-07,39432.28,27923.629,28358.532,945.5365312116546,36769.36,0,-24.057343107821296,39.04908759028852,193.09840089323006
2021-01-08,40582.81,27690.795,29196.591999999997,1062.070079142035,39432.28,0,-29.77632812032426,38.998448860058744,116.53354793038034
2021-01-09,40088.22,22540.883,30028.227000000003,1017.0969917531502,40582.81,0,-44.457067382716964,33.50178816751318,-44.97308738888478
2021-01-10,38150.02,41260.598,30799.7425,778.806250359466,40088.22,1,2.92449416873585,23.86473685616039,-238.29074139368413
2021-01-11,35404.47,36864.414,31379.4265,378.5410951774679,38150.02,1,-3.369869629164014,12.82701422220065,-400.2651551819981
2021-01-12,34051.24,33464.094,31920.3505,-14.272085800040259,35404.47,1,-5.48059680034753,6.675645682524688,-392.8131809775082
2021-01-13,37371.38,36793.25,32602.459500000004,-83.54651314901503,34051.24,0,8.052599552909093,14.627486923187474,-69.27442734897477
2021-01-14,39144.5,33523.883,33324.061,-44.93842063469856,37371.38,0,-10.295304020081671,17.466175566057203,38.60809251431647
2021-01-15,36742.22,40264.54,33836.5025,-207.0974044617733,39144.5,0,2.8612935725325395,8.587523193332403,-162.15898382707474
2021-01-16,35994.98,37956.168,34322.1685,-380.4998571467363,36742.22,0,3.303959229328001,4.873851429288343,-173.402452684963
2021-01-17,35828.61,38691.887,34759.6285,-513.9224526625153,35994.98,0,7.492452332936416,3.075353639064358,-133.422595515779
2021-01-18,36631.27,39077.703,35221.941999999995,-552.2796513212006,35828.61,0,9.068431973777379,4.001278521212718,-38.35719865868532
2021-01-19,35891.49,28413.967,35572.7395,-626.2171135555536,36631.27,0,-22.432482420415663,0.8960527203703124,-73.937462234353
2021-01-20,35468.23,37058.055,35899.9695,-696.9528293246458,35891.49,0,3.2502542733667568,-1.2026180133662678,-70.73571576909217
2021-01-21,30850.13,36728.234,35975.8915,-1028.090061743399,35468.23,0,3.552487324571868,-14.247767841972719,-331.13723241875323
2021-01-22,32945.17,36573.11,36014.2335,-1074.3230221878603,30850.13,0,18.55090845646355,-8.521807079414875,-46.23296044446124
2021-01-23,32078.0,35477.656,35968.131,-1126.1526187455092,32945.17,0,7.686972779317884,-10.815493860384352,-51.82959655764898
2021-01-24,32259.9,34736.273,35981.690500000004,-1109.257159101579,32078.0,0,8.28690516085791,-10.343567654221255,16.89545964393028
2021-01-25,32254.2,31092.418,35896.924,-1059.6158258559872,32259.9,-1,-3.618988376436385,-10.147732992386754,49.641333245591795
2021-01-26,32467.77,30187.25,35681.8445,-975.6439161963522,32254.2,-1,-6.408312715863362,-9.00759068102547,83.971909659635
2021-01-27,30366.15,28838.867,35228.538,-1020.0825398520703,32467.77,-1,-11.176938892015068,-13.802412123943375,-44.438623655718175
2021-01-28,33364.86,29765.777,34867.6405,-814.860732232094,30366.15,-1,-1.9771115411403866,-4.309957537849458,205.2218076199763
2021-01-29,34252.2,30880.035,34575.839499999995,-596.8001376997775,33364.86,-1,-7.447430751245474,-0.9360278873344421,218.0605945323166
2021-01-30,34262.88,36262.24,34381.4825,-436.70970188120214,34252.2,0,5.868347963780438,-0.3449604012857819,160.09043581857532
2021-01-31,33092.98,35644.86,34265.907999999996,-395.6925514602774,34262.88,0,4.033459461084424,-3.4230174201132875,41.017150420924736
2021-02-01,33526.37,33988.094,34239.6645,-328.2383307090439,33092.98,0,2.7048448039433035,-2.083240330815731,67.45422075123349
2021-02-02,35466.24,34522.098,34144.407499999994,-150.86177242103292,33526.37,0,2.96998349731867,3.8713001536196066,177.37655828801098
2021-02-03,37618.87,34117.125,34068.126000000004,100.03529584855539,35466.24,0,-3.8039414383932386,10.422481119155185,250.89706826958832
2021-02-04,36936.66,36605.28,34077.848,202.7202897680188,37618.87,0,-2.69436256325616,8.389062595736696,102.68499391946341
2021-02-05,38290.24,35551.312,34192.611,336.58323104656927,36936.66,0,-3.7506030593995328,11.983960511234432,133.86294127855047
2021-02-06,39186.94,33857.168,34360.527500000004,453.046433620381,38290.24,0,-11.57755091441056,14.046386511382861,116.46320257381171
2021-02-07,38795.69,36377.773,34468.7485,469.27207895972583,39186.94,0,-7.168629554897632,12.553230646015479,16.22564533934485
2021-02-08,46374.87,39549.074,34992.917499999996,929.4048464386867,38795.69,1,1.9419276181194292,32.52644624444363,460.1327674789609
2021-02-09,46420.42,44199.805,35540.527,1160.7521098491443,46374.87,1,-4.690180937434439,30.612638355081216,231.34726341045757
2021-02-10,44807.58,44266.523,36238.3995,1128.0932814370747,46420.42,1,-4.6399764640216485,23.646685886334474,-32.658828412069624
2021-02-11,47969.51,42684.78,36989.6165,1233.8160929585629,44807.58,0,-4.737588483912771,29.683718132087165,105.72281152148821
2021-02-12,47287.6,42376.93,37750.0965,1172.6146656738401,47969.51,0,-11.658614633545355,25.264845349468178,-61.20142728472274
2021-02-13,47153.69,28484.994,38494.786,1042.2960930675604,47287.6,0,-39.76223335372275,22.493706030733623,-130.31857260627976
2021-02-14,48577.79,45768.297,39310.965500000006,972.5407024862352,47153.69,0,-2.9380375639743193,23.573128724096062,-69.75539058132517
2021-02-15,47911.1,45065.14,40083.132,808.7558836148751,48577.79,0,-7.230978138363234,19.529332188911788,-163.78481887136013
2021-02-16,49133.45,40554.17,41021.496999999996,713.3319129957472,47911.1,0,-15.355373024205242,19.774882910782125,-95.42397061912789
2021-02-17,52119.71,36999.535,41959.2395,776.700267574588,49133.45,0,-24.695833172207525,24.215096891829972,63.36835457884081
2021-02-18,51552.6,33949.92,42824.2595,707.7366723108144,52119.71,0,-34.861644711760675,20.381766321026518,-68.96359526377364
2021-02-19,55906.0,50604.32,43906.4155,871.8475381570988,51552.6,0,-1.8394410514697583,27.329911502340693,164.11086584628447
2021-02-20,55841.19,48729.21,45043.826,889.4950407045553,55906.0,0,-12.83724298375845,23.970796796879558,17.647502547456497
2021-02-21,57408.57,46415.2,46237.936,916.5522469409752,55841.19,0,-16.879996255899993,24.159023880304687,27.057206236419916
2021-02-22,54087.67,45217.984,47169.00749999999,634.0412720356999,57408.57,0,-21.234783630736665,14.66781445422613,-282.51097490527536
2021-02-23,48891.0,39671.688,47732.613999999994,51.15628308329178,54087.67,0,-26.652992262376983,2.4268228846633164,-582.8849889524081
2021-02-24,49676.2,49748.63,48369.591,-307.80915122555507,48891.0,0,1.754165196559694,2.7013025601146734,-358.96543430884685
2021-02-25,47073.73,48103.723,48808.7655,-723.100211363896,49676.2,-1,-3.165454168696473,-3.5547621051796483,-415.291060138341
2021-02-26,46276.87,45724.082,49163.262,-1035.0469353394287,47073.73,-1,-2.867093745811099,-5.871034350812604,-311.9467239755327
2021-02-27,46106.43,42755.23,49528.799000000006,-1223.530926479521,46276.87,-1,-7.609934576927961,-6.909856627050467,-188.48399114009226
2021-02-28,45135.66,43612.03,49466.8385,-1373.0367426852577,46106.43,-1,-5.410088679604993,-8.75572126971485,-149.50581620573666
2021-03-01,49587.03,48956.004,49625.169,-1141.116715877064,45135.66,0,8.46413657460641,-0.07685414633046962,231.9200268081936
2021-03-02,48440.65,48322.027,49806.8225,-1036.9184829648834,49587.03,-1,-2.551075666862885,-2.7429424954784065,104.19823291218063
2021-03-03,50349.37,47960.168,49925.815500000004,-820.9033479340051,48440.65,-1,-0.9918983978332278,0.8483677146946119,216.01513503087835
2021-03-04,48374.09,47025.223,49980.14,-792.1242167210949,50349.37,-1,-6.602162735601265,-3.213376353087452,28.779131212910215
2021-03-05,48751.71,47617.59,50060.041000000005,-730.2476424338124,48374.09,-1,-1.563854030639122,-2.613523628556368,61.87657428728244
2021-03-06,48882.2,46464.23,50075.2615,-664.9767814701042,48751.71,-1,-4.692101120658125,-2.3825367342315396,65.27086096370817
2021-03-07,50971.75,46042.223,50228.294,-474.4618046879941,48882.2,0,-5.809839458432716,1.4801537953887072,190.51497678211012
2021-03-08,52375.17,46843.047,50390.380000000005,-258.13917163522206,50971.75,0,-8.09998307886231,3.938827212654466,216.32263305277206
2021-03-09,54884.5,48025.547,50528.61949999999,34.184154490725405,52375.17,0,-8.304742734009261,8.620620438680316,292.32332612594746
2021-03-10,55851.59,48823.164,50743.569,260.3191044109494,54884.5,0,-11.043802781295266,10.066341608726798,226.13494992022402
2021-03-11,57773.16,58052.535,50836.927,493.43345852683524,55851.59,1,3.9407027736363522,13.644083954956601,233.11435411588582
2021-03-12,57221.72,55857.914,50905.9535,559.7557728720467,57773.16,1,-3.315113692067395,12.40673450896072,66.32231434521145
2021-03-13,61188.39,52780.297,51094.9445,805.1187711152688,57221.72,1,-7.761778438327266,19.75429389105218,245.36299824322214
2021-03-14,58968.31,52747.97,51338.976500000004,753.1797074581918,61188.39,0,-13.794154822507995,14.86070432276731,-51.939063657076986
2021-03-15,55605.2,45601.188,51674.686499999996,442.95804946281714,58968.31,0,-22.66831540534229,7.606264819816568,-310.2216579953747
2021-03-16,56900.75,56050.46,52035.914000000004,283.40740375553105,55605.2,1,0.8007541336062147,9.348996925469581,-159.5506457072861
2021-03-17,58912.97,54635.375,52627.876000000004,271.74860038839233,56900.75,1,-3.9812744120244457,11.942518827854647,-11.658803367138717
2021-03-18,57648.16,54078.68,53196.440500000004,143.64494350693622,58912.97,1,-8.205816669062859,8.368453712612594,-128.10365688145612
2021-03-19,58030.01,53158.266,53792.61949999999,54.02991214873509,57648.16,0,-7.788443507997485,7.87727115612953,-89.61503135820112
2021-03-20,58102.28,53381.89,54440.9505,-26.643243818042265,58030.01,0,-8.00985451320791,6.7253225125083,-80.67315596677736
2021-03-21,57351.56,62001.723,54829.177,-149.94335918381148,58102.28,0,6.711341889251164,4.6004392880089995,-123.30011536576922
2021-03-22,54083.25,60247.074,55111.30699999999,-453.8225920928776,57351.56,0,5.048710477535401,-1.8654193775516765,-303.8792329090661
2021-03-23,54340.89,54947.977,55310.88300000001,-628.903220729364,54083.25,0,1.5988805452704857,-1.7537109288239157,-175.08062863648638
2021-03-24,52303.65,52854.625,55507.361,-859.0978462790722,54340.89,-1,-2.7350766614238364,-5.771686749798817,-230.19462554970823
2021-03-25,51293.78,48624.72,55634.4645,-1044.2472636628768,52303.65,-1,-7.033794486618048,-7.802150230097034,-185.14941738380458
2021-03-26,55025.59,50922.32,55941.634000000005,-886.474387920505,51293.78,-1,-0.7241807632426365,-1.6374995410395214,157.77287574237175
2021-03-27,55817.14,52662.18,56183.9035,-707.6552469803019,55025.59,-1,-4.295111260960576,-0.6527910614113898,178.81914094020317
2021-03-28,55777.63,54727.27,56354.0265,-576.4421278412244,55817.14,-1,-1.9525731141903713,-1.022813338812627,131.21311913907743
2021-03-29,57635.47,53737.836,56491.575,-359.5476767538041,55777.63,0,-3.657010996164587,2.0248948626410295,216.8944510874203
2021-03-30,58746.57,51436.73,56636.324,-147.15551264636338,57635.47,0,-10.755077613230188,3.725958626834607,212.39216410744075
2021-03-31,58740.55,58810.895,56684.693499999994,-19.675834422261005,58746.57,0,0.10949495647150172,3.626828290074479,127.47967822410237
2021-04-01,58720.44,55274.934,56759.629499999995,47.045301619155,58740.55,0,-5.899870543006497,3.4545865032470076,66.721136041416
2021-04-02,58950.01,57363.824,56647.7105,88.01329684961388,58720.44,0,-2.31029566748819,4.064241042892636,40.96799523045888
2021-04-03,57051.94,57227.074,56551.89200000001,-25.289502017168616,58950.01,0,-2.9227065122635296,0.8842285948629184,-113.3027988667825
2021-04-04,58202.01,56528.094,56681.732500000006,-34.76391228175885,57051.94,0,-0.9181918266057252,2.682129555584767,-9.474410264590233
2021-04-05,59129.99,60340.29,56793.194500000005,7.241933211979131,58202.01,1,3.673892125890494,4.114569572239844,42.00584549373798
2021-04-06,57991.15,57438.508,56747.103500000005,-52.603539917690796,59129.99,1,-2.860616393643899,2.192264315305532,-59.84547312966993
2021-04-07,55953.45,55963.727,56662.367999999995,-230.39349897224452,57991.15,1,-3.4960911061429227,-1.2511266737034321,-177.78995905455372
2021-04-08,58077.52,57479.676,56664.7435,-206.66918126808378,55953.45,0,2.727670556954045,2.49321961547395,23.72431770416074
2021-04-09,58142.54,55256.32,56666.756499999996,-188.8160066232581,58077.52,0,-4.857644898576932,2.604319694916728,17.853174644825685
2021-04-10,59769.13,57030.914,56787.63500000001,-75.49254446053419,58142.54,0,-1.9118977903270151,5.250253862482541,113.3234621627239
2021-04-11,60002.43,55597.938,57083.594000000005,2.9847911657516306,59769.13,0,-6.978840916707332,5.113265993728418,78.47733562628582
2021-04-12,59860.0,56736.83,57359.5495,31.522324380443706,60002.43,0,-5.442449372467082,4.359257563555305,28.537533214692075
2021-04-13,63575.0,55869.96,57923.117000000006,273.36289747772435,59860.0,0,-6.665618213331107,9.757560181024088,241.84057309728064
2021-04-14,62959.53,53886.92,58506.404500000004,359.23647317102336,63575.0,0,-15.238817341722374,7.611347062012664,85.87357569329902
2021-04-15,63159.98,63329.05,58913.123999999996,394.102657410838,62959.53,1,0.5869179475291527,7.2086756085112835,34.86618423981463
2021-04-16,61334.8,63107.17,59189.007000000005,265.0014398395299,63159.98,1,-0.0836101040564028,3.6253235334730274,-129.1012175713081
2021-04-17,60006.66,63068.242,59400.45849999999,71.01227028244239,61334.8,1,2.8261968531730712,1.020533368441946,-193.9891695570875
2021-04-18,56150.01,61366.812,59326.1855,-315.00363013859806,60006.66,0,2.266669233048459,-5.353749736699315,-386.01590042104044
2021-04-19,55633.14,59274.906,59170.514,-587.287659671349,56150.01,0,5.565263924262877,-5.978271542478072,-272.284029532751
2021-04-20,56425.0,60362.89,59054.7365,-689.1545385871102,55633.14,0,8.50167836113511,-4.453049248640706,-101.86687891576116
2021-04-21,53787.63,61422.516,58808.096000000005,-896.141943603559,56425.0,0,8.85691736818786,-8.53703204402334,-206.98740501644875
2021-04-22,51690.96,59372.938,58445.143500000006,-1121.6175364689213,53787.63,0,10.384000001487337,-11.556449510642413,-225.4755928653624
2021-04-23,51125.14,58025.195,58148.803499999995,-1246.6097002427232,51690.96,0,12.25404850770812,-12.07877561917503,-124.99216377380185
2021-04-24,50047.84,59706.316,57741.094999999994,-1331.8686846040566,51125.14,0,16.784651164280433,-13.323708183919958,-85.25898436133343
2021-04-25,49066.77,49607.906,57237.933999999994,-1378.5774930945176,50047.84,-1,-0.8790264474950299,-14.27578430765862,-46.708808490461024
2021-04-26,54001.39,48041.18,57038.445999999996,-1018.0076726325951,49066.77,-1,-2.090193245856609,-5.324577040545594,360.5698204619225
2021-04-27,55011.97,47800.84,56991.37200000001,-669.1679837628748,54001.39,-1,-11.482204728896793,-3.47316081458788,348.83968886972036
2021-04-28,54846.22,48657.02,56829.80700000001,-419.5127303304255,55011.97,-1,-11.551941275235192,-3.490398973200818,249.65525343244929
2021-04-29,53555.0,47472.52,56600.43000000001,-315.980412154639,54846.22,-1,-13.444318439356442,-5.380577497379449,103.53231817578649
2021-04-30,57694.27,55609.887,56496.687,37.81891433688111,53555.0,1,3.8369652109980397,2.1197402247675137,353.7993264915201
2021-05-01,57800.37,55211.13,56386.583999999995,272.46032370745183,57694.27,1,-4.303964836976006,2.507309185461576,234.64140937057073
2021-05-02,56578.21,55620.41,56222.49449999999,334.7281263600951,57800.37,1,-3.771532680067623,0.6326924893024904,62.26780265264324
2021-05-03,57169.39,57151.99,55902.214,400.65152004453614,56578.21,1,1.0141329696538666,2.266772475236847,65.92339368444107
2021-05-04,53200.01,58995.91,55414.238,173.45290337901724,57169.39,0,3.1949267890561726,-3.9957745155676334,-227.1986166655189
2021-05-05,57436.11,52179.535,55128.044499999996,297.7004461065171,53200.01,0,-1.918185435961388,4.186735664095621,124.24754272749988
2021-05-06,56393.68,53558.94,54880.9885,298.1723988721802,57436.11,0,-6.75040247981627,2.7563124159106587,0.4719527656631044
2021-05-07,57314.75,53395.434,54746.393,345.6658569324599,56393.68,0,-5.316635492221824,4.691372087289849,47.49345806027969
2021-05-08,58862.05,53016.406,54881.994999999995,459.31849120630284,57314.75,0,-7.499542002713088,7.252023181737485,113.65263427384292
2021-05-09,58240.84,52793.83,55012.37999999999,469.04443460657666,58862.05,0,-10.309226190729005,5.868606302799492,9.72594340027382
2021-05-10,55816.14,59458.113,54981.937,296.9577258745606,58240.84,1,2.090068208580102,1.5172310135235894,-172.08670873201606
2021-05-11,56670.02,60352.727,55126.05649999999,228.489928227632,55816.14,1,8.127732520557675,2.8007871377485625,-68.4677976469286
2021-05-12,49631.32,60540.586,55023.0745,-275.6491401519386,56670.02,1,6.8300063022741195,-9.799078930058702,-504.1390683795706
2021-05-13,49670.97,61058.543,54950.366,-574.0786968246107,49631.32,0,23.024217306229215,-9.607572040557475,-298.4295566726721
2021-05-14,49841.45,59809.902,54940.0465,-718.2716398911439,49670.97,0,20.412189139350406,-9.280291562913039,-144.1929430665332
2021-05-15,46762.99,50637.72,54824.8575,-963.9359035910401,49841.45,0,1.5976035007007279,-14.704766902494914,-245.6642636998962
2021-05-16,46431.5,49408.66,54446.363,-1082.820085708001,46762.99,0,5.657615469519811,-14.720658200805806,-118.88418211696091
2021-05-17,43538.04,49002.74,53872.66650000001,-1277.0398377173694,46431.5,0,5.537702381465169,-19.183432288431472,-194.21975200936845
2021-05-18,42849.78,51302.26,53272.84450000001,-1364.6558007500598,43538.04,0,17.833190742509306,-19.565436382883604,-87.61596303269039
2021-05-19,36690.09,52127.402,52429.599,-1726.9251542805482,42849.78,0,21.651505197342907,-30.02027347186082,-362.2693535304884
2021-05-20,40526.64,40149.266,51571.2175,-1600.4784784125495,36690.09,0,9.428092503997684,-21.416165906884007,126.44667586799869
2021-05-21,37252.01,39883.55,50543.7995,-1624.5136874037316,40526.64,-1,-1.5868308321390558,-26.297566925098298,-24.035208991182117
2021-05-22,37449.73,45515.543,49587.3755,-1516.3082008782808,37252.01,-1,22.182784147083602,-24.47728958754834,108.20548652545085
2021-05-23,34655.25,45627.34,48461.6685,-1518.3883593035516,37449.73,-1,21.836231779908683,-28.48935855355455,-2.080158425270838
2021-05-24,38796.29,50698.09,47741.4825,-1143.4149800840664,34655.25,0,46.29266804813123,-18.736729635490473,374.9733792194852
2021-05-25,38324.72,38521.71,46785.913,-843.5283926358898,38796.29,-1,-0.7077456697534761,-18.0849158591818,299.88658744817667
2021-05-26,39241.91,44736.64,45928.3245,-515.8753114117135,38324.72,-1,16.73050872909182,-14.558368006653494,327.6530812241763
2021-05-27,38529.98,43718.07,44989.085999999996,-290.78569404700556,39241.91,-1,11.406581159021046,-14.357050952313175,225.08961736470792
2021-05-28,35663.49,43640.04,43829.157999999996,-278.61666486849754,38529.98,0,13.26255311448383,-18.630675040574584,12.169029178508026
2021-05-29,34605.15,43973.52,42647.3735,-284.513123456245,35663.49,0,23.301223551733166,-18.8574883749875,-5.896458587747475
2021-05-30,35641.27,35900.363,41638.63,-167.1115705676275,34605.15,0,3.7428338881640406,-14.403355730003605,117.40155288861752
2021-05-31,37253.81,38677.227,40667.8195,58.583062685956975,35641.27,0,8.518093105268145,-8.39486734714164,225.69463325358447
2021-06-01,36693.09,40315.5,40020.908,201.49651639047988,37253.81,0,8.218461413745338,-8.315198645667925,142.9134537045229
2021-06-02,37568.68,42182.65,39415.7935,376.2352684936677,36693.09,0,14.960741756826703,-4.686226854725123,174.73875210318784
2021-06-03,39246.79,43060.055,38886.0605,612.1188422327841,37568.68,1,14.616895476497977,0.927657611395223,235.8835737391164
2021-06-04,36829.0,39608.84,38389.361,611.1754869956007,39246.79,1,0.9224954289255226,-4.064566221875892,-0.9433552371833684
2021-06-05,35513.2,38426.26,37843.445999999996,530.7764878039502,36829.0,1,4.336967386434603,-6.157594633427409,-80.39899919165055
2021-06-06,35796.31,38588.555,37456.359500000006,505.6198325578803,35513.2,0,8.659750986956972,-4.431956341085439,-25.15665524606993
2021-06-07,33552.79,39897.266,36991.509999999995,354.01072790585476,35796.31,0,11.456364147589522,-9.295970886292542,-151.6091046520255
2021-06-08,33380.81,39965.44,36826.046,262.48525879219324,33552.79,0,19.112125716669162,-9.355432836856838,-91.52546911366153
2021-06-09,37388.05,32095.006,36669.116500000004,479.5267647300857,33380.81,0,-3.8519261234972966,1.9605967326755722,217.04150593789245
2021-06-10,36675.72,32557.02,36640.302,576.3095281902001,37388.05,0,-12.921322371051719,0.09666405042184927,96.78276346011444
2021-06-11,37331.98,34644.17,36634.4145,678.6696198117756,36675.72,0,-5.5392181121461315,1.9041262417337235,102.36009162157552
2021-06-12,35546.11,35751.617,36678.957500000004,621.7617308459749,37331.98,0,-4.23326813230909,-3.0885487953140527,-56.907888965800794
2021-06-13,39020.57,36776.105,36690.171500000004,802.295813512867,35546.11,1,3.4602815012669446,6.351560662506022,180.53408266689212
2021-06-14,40516.29,37371.04,36799.75,994.0828705025801,39020.57,1,-4.227336857201214,10.099362088057665,191.78705698971316
2021-06-15,40144.04,37374.445,36844.8565,1061.394081925364,40516.29,1,-7.7545221625672065,8.954257970851371,67.3112114227838
2021-06-16,38349.01,37784.03,36835.808000000005,953.9400523782142,40144.04,0,-5.878852128485327,4.107964728233998,-107.45402954714973
2021-06-17,38092.97,36934.984,36957.282,838.6199974418364,38349.01,0,-3.6872545731949846,3.072974901130451,-115.3200549363778
2021-06-18,35819.84,37142.78,37018.0165,593.77758189933,38092.97,0,-2.494393978731512,-3.2367387917718426,-244.8424155425064
2021-06-19,35483.72,35475.086,37010.139,402.8502177731,35819.84,0,-0.9624667851670934,-4.124326579805608,-190.92736412623003
2021-06-20,35600.16,36840.266,36927.4565,283.6876360892736,35483.72,0,3.823008481072444,-3.5943350173603124,-119.16258168382637
2021-06-21,31608.93,38036.1,36673.2485,-47.035955476490926,35600.16,0,6.8425017261158265,-13.809298895351475,-330.72359156576454
2021-06-22,32509.56,38539.1,36420.2925,-180.73053087369453,31608.93,0,21.92472684934289,-10.737784437068981,-133.6945753972036
2021-06-23,33678.07,40338.22,36141.8565,-166.41524823929967,32509.56,0,24.08109722186335,-6.816989326489085,14.315282634394862
2021-06-24,34663.09,33811.13,36033.561,-71.41129390954393,33678.07,0,0.3950906517208388,-3.8033182454545775,95.00395432975574
2021-06-25,31584.45,34522.34,35837.1235,-189.98403459848555,34663.09,-1,-0.40605195973583574,-11.866670883895022,-118.57274068894162
2021-06-26,32283.65,33477.85,35661.4905,-194.68079593631,31584.45,-1,5.994727033397761,-9.471955469724405,-4.696761337824455
2021-06-27,34700.34,34247.547,35718.868,-17.70617122680642,32283.65,-1,6.083255378496541,-2.8515125395351433,176.9746247095036
2021-06-28,34494.89,33775.984,35774.572,96.56076337654213,34700.34,0,-2.663822962541568,-3.577071446165731,114.26693460334855
2021-06-29,35911.73,33602.9,35700.756,268.8443474649009,34494.89,0,-2.585865797803673,0.5909510711762014,172.2835840883588
2021-06-30,35045.0,34711.82,35619.22,322.11540010456656,35911.73,0,-3.3412750861626637,-1.6121071713529975,53.27105263966564
2021-07-01,33504.69,34993.92,35427.8555,254.27867893407347,35045.0,0,-0.14575010700527893,-5.428399412998609,-67.83672117049309
2021-07-02,33786.55,35758.71,35339.8775,229.79714433951744,33504.69,0,6.727478861914548,-4.39539582444789,-24.481534594556024
2021-07-03,34669.13,37311.438,35122.3055,271.58595609189024,33786.55,0,10.432812761291096,-1.2902783389319497,41.788811752372794
2021-07-04,35286.51,34704.85,34860.8165,335.1776547252023,34669.13,1,0.1030356472746868,1.2211231483921245,63.591698633312035
2021-07-05,33690.14,34564.273,34538.1215,267.0611075897709,35286.51,1,-2.046778110104972,-2.4552044615396977,-68.11654713543135
2021-07-06,34220.01,35019.547,34331.671500000004,255.04614880790655,33690.14,1,3.945982044004568,-0.32524341263140066,-12.01495878186438
2021-07-07,33862.12,34455.08,34120.129,221.58835173636135,34220.01,0,0.6869317834798936,-0.756178266500687,-33.4577970715452
2021-07-08,32875.71,35161.996,33972.9225,135.82878931152482,33862.12,0,3.838732169604258,-3.229667686081471,-85.75956242483653
2021-07-09,33815.81,32258.766,33889.527,144.41893782528211,32875.71,0,-1.8765963533563204,-0.21752147794805218,8.590148513757299
2021-07-10,33502.87,31814.562,33784.662500000006,131.40010207572266,33815.81,0,-5.918082399918848,-0.834084105472426,-13.018835749559457
2021-07-11,34258.99,32629.324,33917.1655,173.44506677688514,33502.87,0,-2.6073759688349165,1.0078215409834148,42.044964701162485
2021-07-12,33086.63,34246.535,33946.019,124.3324836012223,34258.99,0,-0.036354964784419984,-2.531634121809697,-49.11258317566285
2021-07-13,32729.77,35651.348,33898.604,72.4186041596032,33086.63,0,7.751522763877744,-3.4480298952723802,-51.91387944161909
2021-07-14,32820.02,33612.684,33806.4505,49.83879685442025,32729.77,0,2.697585695683164,-2.9178765750636915,-22.579807305182953
2021-07-15,31880.0,33525.312,33821.227999999996,-19.034328721561906,32820.02,0,2.1489703540704825,-5.739673319963414,-68.87312557598216
2021-07-16,31383.87,32779.4,33776.239,-84.94136041151637,31880.0,0,2.8211996157465493,-7.082994053896889,-65.90703168995447
2021-07-17,31520.07,31584.268,33617.2255,-104.9869245050229,31383.87,0,0.6385368602565618,-6.238336057804653,-20.045564093506528
2021-07-18,31778.56,31198.05,33481.409,-87.19303905396782,31520.07,-1,-1.0216323083990604,-5.0859538199243595,17.793885451055075
2021-07-19,30839.65,34122.934,33227.805,-122.83144466060946,31778.56,-1,7.377217827837381,-7.187218656182673,-35.63840560664164
2021-07-20,29790.35,31955.398,32965.072499999995,-196.8568252353524,30839.65,-1,3.6179023999948066,-9.630564288915174,-74.02538057474294
2021-07-21,32144.51,32702.885,32897.063500000004,-73.41234264832588,29790.35,0,9.776772564353898,-2.287600837077769,123.44448258702653
2021-07-22,32287.83,32810.047,32822.1275,26.40793848601311,32144.51,0,2.070452699387863,-1.6278576091693038,99.82028113433898
2021-07-23,33634.09,34114.63,32770.3755,182.89691522363057,32287.83,1,5.657855935967199,2.635656402533424,156.48897673761746
2021-07-24,34258.14,35841.95,32718.957000000002,320.19470771214924,33634.09,1,6.564349500016214,4.704254478527531,137.29779248851867
2021-07-25,35381.02,36118.52,32803.501,469.3708372868291,34258.14,1,5.430474425202305,7.857450947080315,149.17612957467986
2021-07-26,37237.6,36161.246,32954.3805,663.9252480721985,35381.02,1,2.2052108552834353,12.997420782951751,194.55441078536944
2021-07-27,39457.87,35387.215,33234.168,898.419648912962,37237.6,0,-4.969131083233073,18.72681753308825,234.49440084076343
2021-07-28,40019.56,35397.32,33591.360499999995,1037.760696812371,39457.87,0,-10.290848663397194,19.13646665189403,139.34104789940898
2021-07-29,40016.48,38794.78,33901.39399999999,1071.7494099941264,40019.56,0,-3.060450314796059,18.037860036079966,33.98871318175543
2021-07-30,42206.37,38274.207,34336.568999999996,1175.431064804307,40016.48,0,-4.353888619763665,22.91959048092431,103.68165481018059
2021-07-31,41461.83,38409.31,34696.710999999996,1127.41222918116,42206.37,0,-8.996417854105914,19.497868256158362,-48.01883562314697
2021-08-01,39845.44,35854.73,35034.65149999999,928.6186610702322,41461.83,0,-13.52352158901332,13.73151521144719,-198.79356811092782
2021-08-02,39147.82,36222.07,35355.554000000004,702.2607441760342,39845.44,0,-9.09356174131846,10.72608281007277,-226.35791689419796
2021-08-03,38207.05,37799.11,35624.9055,453.3742242709968,39147.82,0,-3.4451742779035963,7.248144138936739,-248.8865199050374
2021-08-04,39723.18,38060.074,36017.0645,359.1745417575503,38207.05,0,-0.38468235901490144,10.289887728079561,-94.19968251344653
2021-08-05,40862.46,37962.445,36490.994,341.9993571101795,39723.18,0,-4.432511917474886,11.979575015139353,-17.17518464737077
2021-08-06,42836.87,35800.81,37056.833999999995,426.51854694246344,40862.46,0,-12.387045239689435,15.597759916564941,84.51918983228393
2021-08-07,44572.54,35783.805,37696.533,554.1392138546873,42836.87,0,-16.46494086169228,18.24042279962456,127.6206669122239
2021-08-08,43794.37,44039.664,38344.269,540.3945739729447,44572.54,0,-1.1955251764875883,14.213599951533832,-13.744639881742614
2021-08-09,46253.4,44355.016,39167.421500000004,644.1242879942572,43794.37,1,1.2801773949482487,18.09151133423475,103.72971402131247
2021-08-10,45584.99,43399.105,39839.4455,614.9929640961509,46253.4,1,-6.170993983685526,14.421748164140476,-29.131323898106302
2021-08-11,45511.0,41107.19,40500.604,540.6468300731985,45584.99,1,-9.82296715157774,12.371163649806311,-74.34613402295236
2021-08-12,44399.0,40281.258,41038.8495,374.38265951034055,45511.0,0,-11.49116079079783,8.18773075010303,-166.264170562858
2021-08-13,47800.0,42875.824,41715.9425,446.3777099502581,44399.0,0,-3.4306533508637584,14.584490090329382,71.99505043991758
2021-08-14,47068.51,44490.938,42300.317,399.19168211253964,47800.0,0,-6.922724895397489,11.272239401893842,-47.186027837718484
2021-08-15,46973.82,45117.195,42787.128,319.50808260942995,47068.51,0,-4.145690372395476,9.78493345007873,-79.68359950310969
2021-08-16,45901.29,41593.312,43109.299,160.50109278832315,46973.82,0,-11.45426856917321,6.4765400151832715,-159.0069898211068
2021-08-17,44695.95,43264.59,43343.1185,-48.73029056977521,45901.29,0,-5.744283344215382,3.1212140400096047,-209.23138335809836
2021-08-18,44705.29,45019.125,43577.559,-200.8439898591805,44695.95,0,0.723052088612062,2.5878709727637563,-152.1136992894053
2021-08-19,46760.62,43307.965,43805.2715,-178.1553137812807,44705.29,0,-3.125637158935779,6.746559030001674,22.6886760778998
2021-08-20,49322.47,41085.547,44198.303499999995,-14.362298125040525,46760.62,0,-12.136436867175847,11.593581866779132,163.7930156562402
2021-08-21,48821.87,38575.246,44647.125,33.88021342197044,49322.47,0,-21.789711476838043,9.35053488886463,48.24251154701096
2021-08-22,49239.22,38784.664,45151.695,65.67316004808299,48821.87,0,-20.558831395642983,9.052871658527994,31.792946626112553
2021-08-23,49488.85,48581.133,45715.785,74.63601827375078,49239.22,0,-1.3365101792839145,8.253309004756224,8.962858225667787
2021-08-24,47674.01,48662.156,46113.3265,-63.10019146088507,49488.85,0,-1.670464660221441,3.38445221469763,-137.73620973463585
2021-08-25,48973.32,47167.715,46518.8695,-86.68257936926057,47674.01,0,-1.0619940639564451,5.276247093665934,-23.582387908375495
2021-08-26,46843.87,42099.49,46719.2195,-256.09722140075064,48973.32,0,-14.035870385650798,0.2668077534985433,-169.41464203149008
2021-08-27,49069.9,41947.4,46944.0875,-229.4954438213681,46843.87,0,-10.452747739458765,4.528392420025205,26.601777579382542
2021-08-28,48895.35,47664.234,47199.1365,-234.1052219058388,49069.9,0,-2.864618890603,3.593738415108501,-4.60977808447069
2021-08-29,48767.83,45404.688,47324.858,-254.5012283429205,48895.35,0,-7.139047987180783,3.049078351170122,-20.396006437081724
2021-08-30,46982.91,46947.227,47394.754,-388.9138807528275,48767.83,-1,-3.733205757771059,-0.8689653711463453,-134.41265240990697
2021-08-31,47100.89,45358.254,47474.2485,-465.41877876124227,46982.91,-1,-3.4579724707345787,-0.7864442551418209,-76.50489800841478
2021-09-01,48810.52,42840.312,47694.8245,-398.9815368417503,47100.89,-1,-9.045641175782453,2.339238086513966,66.43724191949195
2021-09-02,49246.64,48344.04,47767.1565,-326.796754288961,48810.52,0,-0.9556975371292844,3.097281915870379,72.18478255278933
2021-09-03,49999.14,49681.016,47913.688,-233.85810181083593,49246.64,0,0.882041140268657,4.352518219845647,92.93865247812505
2021-09-04,49915.64,48394.062,48060.779,-185.60188050244892,49999.14,0,-3.2102102156157075,3.859406856472295,48.25622130838701
2021-09-05,51756.88,46101.535,48353.5585,-44.62597778384111,49915.64,0,-7.6411017543799895,7.0384095929568415,140.9759027186078
2021-09-06,52663.9,46497.477,48751.956000000006,87.55660893034747,51756.88,0,-10.161747457536077,8.024178558086973,132.18258671418857
2021-09-07,46863.73,50295.906,48859.878000000004,-220.93826989293962,52663.9,-1,-4.496426869259591,-4.08545432716799,-308.4948788232871
2021-09-08,46048.31,48246.91,48824.2625,-470.85077273898014,46863.73,-1,2.9514939511856966,-5.685600473739874,-249.91250284604052
2021-09-09,46395.14,47121.535,48677.896,-595.6989069651986,46048.31,-1,2.330650476097825,-4.6895124637268655,-124.84813422621846
2021-09-10,44850.91,49020.39,48479.348000000005,-754.9396853746334,46395.14,0,5.658460401240303,-7.484502473094319,-159.24077840943482
2021-09-11,45173.69,49658.527,48276.0715,-806.5205653489368,44850.91,0,10.719107692017834,-6.426333799758326,-51.58087997430334
2021-09-12,46025.24,46025.652,48102.890999999996,-752.3352621336855,45173.69,0,1.885970226806793,-4.3191811485925,54.185303215251224
2021-09-13,44940.73,47594.33,47966.227,-756.5383494248645,46025.24,0,3.4091905332813086,-6.3075567732271205,-4.203087291178917
2021-09-14,47111.52,47115.105,47873.137,-587.6478709773256,44940.73,0,4.838318088624721,-1.590906816906537,168.89047844753884
2021-09-15,48121.41,47309.715,47937.014,-391.8657744219091,47111.52,0,0.4206929510022246,0.38466309144745775,195.7820965554165
2021-09-16,47737.82,49335.223,47870.41,-277.52725044016273,48121.41,0,2.5223962810940006,-0.276976946719286,114.33852398174639
2021-09-17,47299.98,49564.973,47790.641500000005,-223.05936180631176,47737.82,0,3.8274740158850995,-1.0266895036343087,54.467888633850976
2021-09-18,48292.74,48858.445,47766.887,-117.16657698429594,47299.98,0,3.2948540623061504,1.1008734984132325,105.89278482201581
2021-09-19,47241.75,48702.695,47779.829000000005,-114.75304235529131,48292.74,0,0.8488963610265271,-1.1261635113847,2.41353462900463
2021-09-20,43015.62,45356.777,47575.565500000004,-379.69329019280457,47241.75,-1,-3.9900567956309834,-9.584637517340704,-264.94024783751325
2021-09-21,40734.38,46796.69,47171.7585,-673.3333697974708,43015.62,-1,8.789996299599999,-13.646679082358157,-293.64007960466625
2021-09-22,43543.61,43063.99,46886.607,-643.1722836705424,40734.38,-1,5.719022312970034,-7.129961440801214,30.161086126928467
2021-09-23,44865.26,44170.65,46629.913,-505.1079545146882,43543.61,0,1.4400240069668073,-3.784379782136841,138.06432915585418
2021-09-24,42810.57,42788.188,46274.659499999994,-520.9684111893021,44865.26,-1,-4.629578653951859,-7.485931906208829,-15.860456674613886
2021-09-25,42670.64,41558.875,45820.347499999996,-509.0916078950642,42810.57,-1,-2.9237989589954063,-6.874036692977933,11.876803294237845
2021-09-26,43160.9,42316.66,45345.1975,-439.0746527522708,42670.64,-1,-0.8295630057341522,-4.81704264271867,70.01695514279339
2021-09-27,42147.35,43237.36,45109.3785,-431.25588235518023,43160.9,0,0.1771496308000958,-6.566325226582317,7.818770397090589
2021-09-28,41026.54,44842.848,44858.29,-468.69376527284,42147.35,0,6.395414317270247,-8.541899390279923,-37.43788291765975
2021-09-29,41524.28,46653.742,44614.747,-428.1747583652575,41026.54,0,13.716004780076505,-6.927007789599264,40.51900690758248
2021-09-30,43824.1,48262.473,44563.4065,-224.93752399002813,41524.28,0,16.22711497044621,-1.6589990713568963,203.23723437522938
2021-10-01,48141.61,46239.01,44711.802500000005,198.911251552075,43824.1,1,5.510465060891157,7.6709220121465584,423.8487755421031
2021-10-02,47634.9,47634.418,44792.285500000005,430.49240483063,48141.61,1,-1.0535418970200634,6.346214461416566,231.581153278555
2021-10-03,48200.01,48868.34,44955.2495,596.8439397554224,47634.9,1,2.5893616733739306,7.217756627065331,166.35153492479242
2021-10-04,49224.94,48513.52,45060.9205,741.5747013689698,48200.01,1,0.6504345771919922,9.240866484296525,144.73076161354743
2021-10-05,51471.99,48343.895,45228.4495,941.4696000102683,49224.94,0,-1.7898355361123899,13.80445398642285,199.89489864129848
2021-10-06,55315.0,50341.74,45607.3085,1265.1661292244896,51471.99,0,-2.1958578223806735,21.285385652608728,323.6965292142213
2021-10-07,53785.22,55620.133,45931.570499999994,1303.7279395929013,55315.0,1,0.5516276100515232,17.098586907669546,38.56181036841167
2021-10-08,53951.43,53546.504,46214.505,1266.8140183130872,53785.22,1,-0.44383214152512745,16.741334782229092,-36.913921279814076
2021-10-09,54949.72,51680.17,46599.9035,1234.7425357064449,53951.43,1,-4.209820064083566,17.918098263873016,-32.07148260664235
2021-10-10,54659.0,49947.76,47182.072499999995,1122.3116051211684,54949.72,0,-9.102791208490236,15.846967086916342,-112.43093058527643
2021-10-11,57471.35,48138.746,48018.920999999995,1160.8794474229967,54659.0,0,-11.928966695786604,19.684800914206306,38.56784230182825
2021-10-12,55996.93,55547.098,48641.587,1015.851079408209,57471.35,0,-3.3481940893158044,15.121511146418806,-145.0283680147877
2021-10-13,57367.0,51335.586,49266.674,942.564166773162,55996.93,0,-8.324285032233018,16.441795928826046,-73.28691263504697
2021-10-14,57347.94,47958.527,49993.5425,827.2859038321594,57367.0,0,-16.40049620208482,14.710694886244555,-115.2782629410026
2021-10-15,61672.42,48022.07,50943.6315,967.0403766397012,57347.94,0,-16.261908775624725,21.06011720032168,139.7544728075418
2021-10-16,60875.57,49671.77,51829.365000000005,930.2828701415751,61672.42,0,-19.45869882963892,17.4538217861631,-36.75750649812608
2021-10-17,61528.33,60931.91,52798.414000000004,875.2083846582768,60875.57,1,0.09254969809728318,16.534428477340242,-55.074485483298304
2021-10-18,62009.84,61166.195,53847.579000000005,798.6167152673656,61528.33,1,-0.5885657671839976,15.15808352312365,-76.59166939091119
2021-10-19,64280.59,64263.66,54985.394499999995,824.9184615029653,62009.84,1,3.634616951519313,16.904844612872612,26.301746235599694
2021-10-20,66001.41,59199.867,56094.26000000001,877.3576223764385,64280.59,0,-7.903976631981749,17.661611009753926,52.439160873473156
2021-10-21,62193.15,49637.625,56796.837,588.5776167609024,66001.41,0,-24.79308396593346,9.501080139374666,-288.7800056155361
2021-10-22,60688.22,61849.176,57449.503000000004,246.71802534006565,62193.15,0,-0.5530741227128735,5.637502207808476,-341.85959142083675
2021-10-23,61286.75,61539.18,58103.840000000004,23.185605385614053,60688.22,1,1.4021826435179658,5.477968409661042,-223.5324199544516
2021-10-24,60852.22,59443.758,58685.20399999999,-180.44401751624264,61286.75,1,-3.007162539211167,3.6926104917348685,-203.6296229018567
2021-10-25,63078.78,56383.984,59265.54349999999,-190.68853606774155,60852.22,1,-7.342765185888044,6.434154273806679,-10.244518551498913
2021-10-26,60328.81,58906.41,59516.234,-396.34188388625125,63078.78,0,-6.614537953571707,1.3653014402759438,-205.6533478185097
2021-10-27,58413.44,59323.42,59747.645,-659.5274463251835,60328.81,-1,-1.666514099979757,-2.2330670941088884,-263.18556243893227
2021-10-28,60575.89,58499.984,60078.868,-683.2363218996029,58413.44,-1,0.14815832623450642,0.8272825646448552,-23.70887557441938
2021-10-29,62253.71,57623.242,60444.067500000005,-584.9737117809241,60575.89,-1,-4.874295387983568,2.9939125125885915,98.26261011867882
2021-10-30,61859.19,53957.81,60804.077000000005,-546.3314498225727,62253.71,0,-13.325955041474636,1.7352668637663844,38.642261958351355
2021-10-31,61299.8,53055.027,60995.4995,-556.360176626185,61859.19,0,-14.232586388942373,0.49889008614480623,-10.028726803612244
2021-11-01,60911.11,60959.156,61241.20849999999,-584.2074812450155,61299.8,-1,-0.5557012420921487,-0.5390136936961211,-27.84730461883055
2021-11-02,63219.99,60174.1,61533.85799999999,-448.2791811042116,60911.11,-1,-1.20997374288533,2.740169485228775,135.9283001408039
2021-11-03,62896.48,58322.543,61811.28500000001,-383.79635199072663,63219.99,-1,-7.746674795820116,1.7556583720917502,64.48282911348497
2021-11-04,61395.01,59445.586,61797.41449999999,-441.77436219376887,62896.48,-1,-5.486625106047275,-0.6511672102398227,-57.97801020304223
2021-11-05,60937.12,57465.227,61800.492000000006,-505.8634201807081,61395.01,-1,-6.400818954993251,-1.3970309492034512,-64.08905798693922
2021-11-06,61470.61,62131.105,61797.60600000001,-506.00258959030725,60937.12,0,1.9593729876797548,-0.5291402388629851,-0.13916940959916246
2021-11-07,63273.59,59873.844,61860.79349999999,-383.8827439690692,61470.61,0,-2.597609247736439,2.2838318425385284,122.11984562123803
2021-11-08,67525.83,62494.914,62023.0555,-34.3540426711063,63273.59,0,-1.2306492132025328,8.872143520887969,349.5287012979629
2021-11-09,66947.66,59905.37,62070.367999999995,131.20006996341817,67525.83,0,-11.285250260900165,7.857681784648045,165.55411263452447
2021-11-10,64882.43,59748.07,62204.83200000001,77.5641277990735,66947.66,0,-10.754057255324536,4.3044855422163835,-53.63594216434467
2021-11-11,64774.26,65175.742,62409.134000000005,14.074003235391046,64882.43,1,0.45206720448047294,3.789711294503776,-63.49012456368246
2021-11-12,64122.23,64596.76,62550.90800000001,-87.00422685099375,64774.26,1,-0.27402594989120993,2.512069049421301,-101.07823008638479
2021-11-13,64380.0,64213.156,62727.297000000006,-148.08365465796714,64122.23,1,0.14180144701766734,2.6347428935125228,-61.0794278069734
2021-11-14,65519.1,63020.67,62849.313,-124.30878931152438,64380.0,0,-2.111413676607642,4.247917554802861,23.774865346442766
2021-11-15,63606.74,63074.137,63013.2095,-243.04893820205052,65519.1,0,-3.7316801989801425,0.9419144092319259,-118.74014889052614
2021-11-16,60058.87,64464.523,63095.48100000001,-548.7106518845578,63606.74,0,1.348573181867208,-4.812723434186997,-305.6617136825073
2021-11-17,60344.87,63457.18,63083.92999999999,-709.5886396439078,60058.87,0,5.658297746028184,-4.3419298702537885,-160.87798775934994
2021-11-18,56891.62,67528.55,62815.8255,-1008.2984063503206,60344.87,0,11.904370454356762,-9.431071633373657,-298.7097667064129
2021-11-19,58052.24,65988.21,62625.478,-1080.9950817059462,56891.62,0,15.989333644392614,-7.302519910506719,-72.69667535562553
2021-11-20,59707.51,65578.7,62545.8635,-974.1890362949599,58052.24,0,12.964983134156412,-4.538035516929105,106.80604541098626
2021-11-21,58622.02,60597.05,62431.40900000001,-933.1616388551165,59707.51,0,1.4898306448384766,-6.101718767872129,41.02739743984341
2021-11-22,56247.18,61526.27,62082.768500000006,-1015.6701882969334,58622.02,0,4.954195592799436,-9.399691155847865,-82.50854944181685
2021-11-23,57541.27,62281.93,61815.00800000001,-934.8259823358833,56247.18,0,10.728981768508216,-6.913754666180762,80.84420596105008
2021-11-24,57138.29,63851.066,61602.172000000006,-862.0058060477264,57541.27,0,10.965688463688764,-7.246306185437755,72.82017628815686
2021-11-25,58960.36,65015.984,61503.333999999995,-654.0701116025932,57138.29,0,13.787067087586975,-4.134692925752602,207.9356944451332
2021-11-26,53726.53,57880.516,61116.12999999999,-821.1472567414205,58960.36,-1,-1.8314752063929063,-12.091079719870994,-167.0771451388273
2021-11-27,54721.03,58835.293,60688.502,-815.1676937108134,53726.53,-1,9.508827331208625,-9.832953200920993,5.979563030607096
2021-11-28,57274.88,58574.97,60175.95450000001,-599.6609911004839,54721.03,-1,7.042884152582657,-4.8209862628768265,215.5067026103295
2021-11-29,57776.25,60474.55,59717.384000000005,-393.74168401040833,57274.88,0,5.586516778821715,-3.250534216301245,205.91930709007556
2021-11-30,56950.56,64357.555,59320.79049999999,-288.4186530391595,57776.25,0,11.39102085632072,-3.9956151629503167,105.32303097124884
2021-12-01,57184.07,58016.754,58941.280999999995,-183.41559241998448,56950.56,0,1.8721394596471086,-2.9812908206049946,105.00306061917502
2021-12-02,56480.34,55846.547,58559.186499999996,-143.51194296581411,57184.07,-1,-2.338978538953243,-3.549992109265384,39.90364945417036
2021-12-03,53601.05,56863.965,58020.23899999999,-285.0152224343842,56480.34,-1,0.6792183682853247,-7.6166335681588375,-141.5032794685701
2021-12-04,49152.47,55606.883,57201.90750000001,-632.3018290905227,53601.05,-1,3.7421520893713778,-14.071973911009882,-347.2866066561385
2021-12-05,49396.33,57104.797,56491.387,-789.4623985828998,49152.47,0,16.17889574013269,-12.559537615884702,-157.16056949237714
2021-12-06,50441.92,51231.844,56010.5395,-766.2531544753972,49396.33,0,3.7158909376465785,-9.942092237836775,23.209244107502627
2021-12-07,50588.95,50421.387,55522.743500000004,-686.8058265389136,50441.92,0,-0.040706779698310956,-8.886076567884306,79.44732793648359
2021-12-08,50471.19,51196.504,55201.721999999994,-591.6072271791359,50588.95,0,1.200961684814575,-8.569537015530045,95.19859935977775
2021-12-09,47545.59,48944.613,54676.389500000005,-669.3679005639406,50471.19,-1,-3.024649743249569,-13.041825850626088,-77.7606733848047
2021-12-10,47140.54,47348.848,54048.04099999999,-689.078514954685,47545.59,-1,-0.41379724965027576,-12.780298549581085,-19.710614390744468
2021-12-11,49389.99,47238.023,53586.4395,-500.3966760820349,47140.54,-1,0.20679321344218615,-7.831178072579356,188.68183887265013
2021-12-12,50053.9,47838.66,53276.7755,-291.0344519570831,49389.99,-1,-3.1409802750516818,-6.049306606403013,209.3622241249518
2021-12-13,46702.75,47407.523,52734.8495,-335.2536996464569,50053.9,-1,-5.287053681131742,-11.438545017559967,-44.21924768937379
2021-12-14,48343.28,46845.26,52295.099,-216.7733880251485,46702.75,0,0.30514631097740497,-7.556767413328738,118.48031162130837
2021-12-15,48864.98,48197.715,51790.33,-73.43412476584308,48343.28,-1,-0.30110732298263343,-5.648448272100214,143.33926325930543
2021-12-16,47632.38,48450.21,51485.622500000005,-33.8157896655016,48864.98,-1,-0.84880636910115,-7.48411364745567,39.61833510034148
2021-12-17,46131.2,47543.766,51056.131,-78.347656642336,47632.38,-1,-0.18603810055260178,-9.646110865705833,-44.53186697683441
2021-12-18,46834.48,50382.32,50534.111,-32.426748631395185,46131.2,0,9.215282308936258,-7.321056859989075,45.92090801094082
2021-12-19,46681.23,49670.836,49979.36,13.193120031439776,46834.48,0,6.056127744986165,-6.59898406062022,45.61986866283496
2021-12-20,46914.16,47591.32,49477.53999999999,80.84786978827651,46681.23,0,1.9495851169731317,-5.180896220790262,67.65474975683674
2021-12-21,48889.88,44793.63,49062.8305,269.80360002751877,46914.16,0,-4.520023578702045,-0.3525081986454064,188.95573023924226
2021-12-22,48588.16,47626.24,48668.2215,378.92722596393605,48889.88,0,-2.584669299147385,-0.16450467580779823,109.12362593641728
2021-12-23,50838.81,49009.086,48530.1095,594.3158335395883,48588.16,1,0.8663138046388184,4.757253844646691,215.38860757565226
2021-12-24,50820.0,49593.152,48613.486,718.832044860007,50838.81,1,-2.450210097856338,4.538892767327986,124.51621132041873
2021-12-25,50399.66,48824.863,48663.6525,752.6007829600837,50820.0,1,-3.9258888601928374,3.567359642805289,33.76873810007669
2021-12-26,50775.49,50964.234,48680.331,776.8149298468297,50399.66,1,1.1201948088538622,4.303912806180385,24.214146886745993
2021-12-27,50701.44,49559.574,48685.9555,763.2902895155444,50775.49,0,-2.394690393435884,4.139765727715884,-13.524640331285354
2021-12-28,47543.74,49971.473,48539.583,528.2896604734842,50701.44,0,-1.4397369063876733,-2.051610126110891,-235.00062904206015
2021-12-29,46464.66,50863.016,48485.5365,298.23988707137096,47543.74,0,6.981519806813688,-4.1679986360468515,-230.04977340211326
2021-12-30,47120.87,50494.31,48484.553,193.4152081471325,46464.66,0,8.672502055863523,-2.812613328620349,-104.82467892423847
2021-12-31,46216.93,47849.25,48325.9,72.56831472378667,47120.87,0,1.5457694223387586,-4.364057368822931,-120.84689342334582
2022-01-01,47722.65,48165.39,48209.3375,101.6274754241283,46216.93,0,4.215902321941331,-1.0095295335680563,29.059160700341636
2022-01-02,47286.18,49015.477,48238.509,98.94385940077268,47722.65,0,2.7090418543396027,-1.9742090287243288,-2.6836160233556257
2022-01-03,46446.1,49121.57,48143.65,50.52220510988218,47286.18,0,3.881451858661452,-3.526010179951048,-48.4216542908905
2022-01-04,45832.01,47586.652,47992.0015,-9.721818821999705,46446.1,0,2.455647177588649,-4.500732273064287,-60.244023931881884
2022-01-05,43451.13,46223.992,47782.939,-186.94803598926524,45832.01,0,0.8552585572834313,-9.06559766028624,-177.22621716726553
2022-01-06,43082.31,45567.53,47630.4945,-299.37487334773414,43451.13,0,4.870762279369956,-9.548892044360368,-112.4268373584689
2022-01-07,41566.48,46354.12,47367.0945,-437.81027690561086,43082.31,0,7.594326055752355,-12.246084673823503,-138.43540355787673
2022-01-08,41679.74,46274.227,47117.020000000004,-480.3277571497524,41566.48,0,11.325824468417812,-11.539948833776002,-42.51748024414155
2022-01-09,41864.62,48025.375,46864.543,-454.8315195271391,41679.74,0,15.224747083355133,-10.668882442745671,25.496237622613307
2022-01-10,41822.49,40435.094,46511.1735,-401.4927509243166,41864.62,-1,-3.4146404529648247,-10.08076801158328,53.33876860282248
2022-01-11,42729.29,41774.62,46218.229999999996,-272.0253507713637,41822.49,-1,-0.11445733204789568,-7.548839494718848,129.4674001529529
2022-01-12,43902.66,41696.875,45871.4225,-83.99701882687464,42729.29,-1,-2.416176351163337,-4.291915080680128,188.02833194448908
2022-01-13,42560.11,42562.54,45458.428,-29.489275767220533,43902.66,-1,-3.0524823268111847,-6.375755008510192,54.5077430596541
2022-01-14,43059.96,45419.367,45091.443,56.11783878431311,42560.11,0,6.718162118237005,-4.505251694872573,85.60711455153364
2022-01-15,43084.29,43108.875,44706.883,126.25529108353317,43059.96,0,0.11359741160930217,-3.629403105557596,70.13745229922006
2022-01-16,43071.66,42599.875,44325.394,180.37347543210217,43084.29,0,-1.1243425387768973,-2.8284779600605394,54.118184348569
2022-01-17,42201.62,43752.7,44058.288,166.4851175541562,43071.66,0,1.5811770866272543,-4.214117443691861,-13.888357877945964
2022-01-18,42352.12,45824.625,43852.66100000001,175.44865255677814,42201.62,0,8.584990339233416,-3.42177866925796,8.963535002621938
2022-01-19,41660.01,48931.164,43579.618,144.0921433076387,42352.12,0,15.534155226467995,-4.40482979910471,-31.356509249139435
2022-01-20,40680.91,42791.62,43302.817,70.46412499910411,41660.01,0,2.7163005811808443,-6.054818558339979,-73.62801830853459
2022-01-21,36445.31,42844.805,42738.95,-233.78197808490313,40680.91,0,5.319189485928403,-14.725771222737105,-304.24610308400725
2022-01-22,35071.42,42858.59,42128.21200000001,-483.4654622839887,36445.31,0,17.59699627675002,-16.750751254290137,-249.68348419908557
2022-01-23,36244.55,42991.39,41618.1345,-522.214551515051,35071.42,0,22.5824064865352,-12.911641918981248,-38.74908923106227
2022-01-24,36660.35,43908.375,41159.5515,-473.8635559141253,36244.55,0,21.14476521297684,-10.9311237271378,48.35099560092567
2022-01-25,36958.32,38419.168,40834.911,-379.8941580661626,36660.35,0,4.797602774523433,-9.49332545380104,93.96939784796268
2022-01-26,36809.34,39207.797,40521.2625,-289.9155097897101,36958.32,0,6.086523616333211,-9.160431514195789,89.97864827645253
2022-01-27,37160.1,40959.15,40300.9435,-174.60200004940316,36809.34,0,11.273792025339231,-7.793473867429437,115.31350974030693
2022-01-28,37716.56,41443.152,40102.7845,-35.92876796474502,37160.1,0,11.525944073751152,-5.950271358339229,138.67323208465814
2022-01-29,38166.84,42176.625,39917.8955,103.42213494547286,37716.56,0,11.825216827833723,-4.386642827901592,139.35090291021788
2022-01-30,37881.76,39094.086,39720.859000000004,188.72810697283012,38166.84,0,2.429454305098362,-4.630058478846094,85.30597202735726
2022-01-31,38466.9,39301.887,39507.7395,290.7931412078524,37881.76,0,3.748840388487752,-2.63452050958269,102.06503423502227
2022-02-01,38694.59,38167.76,39247.335999999996,374.5376128867374,38466.9,0,-0.7776511266829441,-1.4083656531490425,83.74447167888502
2022-02-02,36896.36,39847.29,38964.148499999996,312.26595883471464,38694.59,0,2.9789669886669,-5.3069002649961545,-62.27165405202277
2022-02-03,37311.61,39447.32,38676.731,302.286014203441,36896.36,0,6.913853595585037,-3.529566653396843,-9.97994463127361
2022-02-04,41574.25,37954.65,38601.229,570.4471357898965,37311.61,1,1.723427205365835,7.701881719879957,268.16112158645547
2022-02-05,41382.59,37759.33,38516.7755,713.3210557298517,41574.25,1,-9.1761652344901,7.44043202681905,142.87391993995516
2022-02-06,42380.87,37627.71,38525.738,844.4910858301737,41382.59,1,-9.073571911521238,10.006640236197436,131.17003010032204
2022-02-07,43839.99,39477.293,38600.1315,988.9341609811179,42380.87,0,-6.851150132713185,13.574716707895137,144.4430751509442
2022-02-08,44042.99,38611.336,38719.2805,1051.7079540795776,43839.99,0,-11.926677133138028,13.749505236803138,62.77379309845969
2022-02-09,44372.72,42860.22,38903.871,1065.6928747910797,44042.99,0,-2.6854926289064345,14.057338921363382,13.984920711502127
2022-02-10,43495.44,41435.816,39256.3775,968.9072748015699,44372.72,0,-6.618714367183262,10.798404666859543,-96.78559998950982
2022-02-11,42373.73,41284.266,39621.493,789.9592322643165,43495.44,0,-5.083692393961304,6.946323299831232,-178.9480425372534
2022-02-12,42217.87,40792.87,39920.159,628.7319282922209,42373.73,0,-3.730752299242958,5.75576615313582,-161.22730397209557
2022-02-13,42053.66,41721.383,40189.8245,485.09755689787204,42217.87,0,-1.1760119293086142,4.637580589584314,-143.63437139434888
2022-02-14,42535.94,43493.785,40468.7055,400.17149192871005,42053.66,1,3.424494220598151,5.108229864184823,-84.92606496916198
2022-02-15,44544.86,43692.355,40855.4815,453.009147231431,42535.94,1,2.7186785310257573,9.030314573578085,52.83765530272092
2022-02-16,43873.56,44137.37,41191.154500000004,417.34671787448485,44544.86,1,-0.9147832235862916,6.512091084992515,-35.66242935694612
2022-02-17,40515.7,44202.02,41331.1115,155.68243296410208,43873.56,0,0.74865028333694,-1.9728758080943505,-261.6642849103828
2022-02-18,39974.44,42784.188,41421.491500000004,-54.52456227612578,40515.7,0,5.59903321428484,-3.493479948687993,-210.20699524022785
2022-02-19,40079.17,39710.973,41531.362,-180.10988204719393,39974.44,-1,-0.6590895175767373,-3.496615401151551,-125.58531977106816
2022-02-20,38386.89,39206.938,41527.3615,-360.3430582494865,40079.17,-1,-2.1762738599626648,-7.5624152042503345,-180.23317620229255
2022-02-21,37008.16,40798.883,41443.04,-544.5490080305512,38386.89,-1,6.283376466548868,-10.70114547581451,-184.20594978106476
2022-02-22,38230.33,39671.0,41509.7385,-554.3641358883393,37008.16,0,7.195278014362227,-7.900335243017727,-9.81512785778807
2022-02-23,37250.01,40068.9,41506.658500000005,-593.6542082349941,38230.33,0,4.8091879863448685,-10.255338911466463,-39.290072346654824
2022-02-24,38327.21,38608.867,41344.3065,-516.6997765639178,37250.01,0,3.6479377790771004,-7.297489679745866,76.95443167107635
2022-02-25,39219.17,38138.19,41236.1355,-381.56354101136725,38327.21,-1,-0.49317076236438584,-4.891257329387713,135.13623555255054
2022-02-26,39116.72,38344.742,41072.928,-279.63540530903765,39219.17,-1,-2.229592855993633,-4.762767339109592,101.9281357023296
2022-02-27,37699.07,38235.227,40765.882,-287.1603503466798,39116.72,-1,-2.253495276444449,-7.522986991916422,-7.524945037642169
2022-02-28,43160.0,38378.543,40721.7325,76.73550662758907,37699.07,1,1.8023600283773584,5.987632034074193,363.8958569742689
2022-03-01,44421.2,42165.766,40724.1565,386.1628515476976,43160.0,1,-2.3036014249304912,9.078256783538292,309.4273449201085
2022-03-02,43892.98,40378.605,40744.0335,530.1529483775483,44421.2,1,-9.100597307704424,7.728607674544557,143.99009682985076
2022-03-03,42454.0,39833.297,40748.047,503.5710830414987,43892.98,0,-9.249048765884666,4.1865883780884054,-26.581865336049646
2022-03-04,39148.66,37634.27,40594.5865,251.21700625032645,42454.0,0,-11.352830048405332,-3.561870250852276,-252.35407679117225
2022-03-05,39397.96,35351.582,40461.801499999994,96.85834509400156,39148.66,0,-9.699126275969606,-2.629248972021167,-154.3586611563249
2022-03-06,38420.81,39952.824,40256.045,-66.4768854957458,39397.96,0,1.408357739207819,-4.558905376819806,-163.33523058974737
2022-03-07,37988.0,39392.76,39928.202000000005,-191.98613182369314,38420.81,0,2.529753325736762,-4.859227069628641,-125.50924632794734
2022-03-08,38730.63,37861.62,39671.0555,-211.75597195366174,37988.0,-1,-0.332681126276719,-2.3705583028916504,-19.7698401299686
2022-03-09,41941.71,37314.71,39742.356,-6.2006861590980975,38730.63,-1,-3.6558121117575353,5.534030242192987,205.55528579456364
2022-03-10,39422.0,35667.777,39714.734,-35.90302146509498,41941.71,-1,-14.958695428131088,-0.7370916798787995,-29.702335305996883
2022-03-11,38729.57,40735.027,39647.254,-94.80865949280798,39422.0,0,3.3306969300136977,-2.314621839888334,-58.905638027712996
2022-03-12,38807.36,40233.79,39668.277500000004,-119.56070188368159,38729.57,0,3.883903339231497,-2.1702921181793267,-24.752042390873612
2022-03-13,37777.34,40958.96,39706.7365,-192.03373236116005,38807.36,0,5.544311536522968,-4.859116286225141,-72.47303047747846
2022-03-14,39671.37,41884.414,39778.7885,-103.57447404200195,37777.34,0,10.871792620920383,-0.27003964688366455,88.4592583191581
2022-03-15,39280.33,41534.668,39880.3045,-64.47491725724876,39671.37,0,4.696832926994952,-1.5044381118002663,39.09955678475319
2022-03-16,41114.0,37659.79,40019.644,83.76001773661085,39280.33,0,-4.12557872477141,2.7345470639369,148.2349349938596
2022-03-17,40917.9,37241.24,40104.5805,162.90208773880704,41114.0,0,-9.419569292090285,2.0279965277283107,79.14207000219619
2022-03-18,41757.51,37674.99,40236.62,260.3146362128118,40917.9,0,-7.925410929568725,3.7798652073658254,97.41254847400478
2022-03-19,42201.13,37224.375,40461.723,338.2077734700128,41757.51,0,-10.85585562932273,4.298895032225888,77.89313725720098
2022-03-20,41262.11,37209.863,40366.828499999996,310.77553633404784,42201.13,0,-11.827329549587885,2.217864353648701,-27.432237135964954
2022-03-21,41002.25,41519.887,40195.881,261.3995224679881,41262.11,1,0.6247298520361645,2.006098585076413,-49.376013866059736
2022-03-22,42364.13,42257.402,40119.438500000004,303.7578224382237,41002.25,1,3.0611791883372255,5.595022223454082,42.35829997023558
2022-03-23,42882.76,44164.113,40140.8765,346.88635051838975,42364.13,1,4.2488380647732,6.830651792070369,43.12852808016606
2022-03-24,43991.46,47206.645,40383.0165,425.1030386757388,42882.76,1,10.083036938970341,8.935547199650133,78.21668815734904
2022-03-25,44313.16,47770.73,40628.7765,470.018660519538,43991.46,1,8.590918484519497,9.068408693035597,44.915621843799215
2022-03-26,44511.27,44608.324,40933.2995,482.7487753567201,44313.16,1,0.6660870467147829,8.740977501703707,12.7301148371821
2022-03-27,46827.76,43997.973,41375.2875,608.7280848527515,44511.27,0,-1.1531851231160037,13.178089699074608,125.97930949603142
2022-03-28,47122.21,44483.574,41794.8665,668.6564686004594,46827.76,0,-5.0059746211435305,12.746406308057004,59.928383747707926
2022-03-29,47434.8,43745.72,42069.521,683.6775158795899,47122.21,0,-7.165392391400996,12.753363652512236,15.021047279130471
2022-03-30,47067.99,42794.797,42451.8205,624.8481263902706,47434.8,0,-9.781854513985518,10.873902333587782,-58.82938948931928
2022-03-31,45510.34,46176.18,42790.859,445.3938656087312,47067.99,0,-1.8947278447624343,6.355284898580793,-179.45426078153946
2022-04-01,46283.49,45869.54,43164.665499999996,347.47262939017173,45510.34,1,0.7892691254339201,7.225411025135832,-97.92123621855944
2022-04-02,45811.0,45006.496,43566.3485,225.50211125356896,46283.49,1,-2.759070040418296,5.1522598915995905,-121.97051813660278
2022-04-03,46407.35,44102.75,43903.1475,162.54877209913116,45811.0,1,-3.728907904215145,5.703924758469765,-62.9533391544378
2022-04-04,46580.51,43359.938,44268.1565,112.50889675904318,46407.35,0,-6.566659160671744,5.223514333604574,-50.039875340087974
2022-04-05,45497.55,46948.688,44487.334,-7.232971093837477,46580.51,0,0.790411053893566,2.2707946491016977,-119.74186785288066
2022-04-06,43170.47,47404.258,44599.9625,-243.76597742947774,45497.55,0,4.190792278924903,-3.205142829436236,-236.53300633564027
2022-04-07,43444.19,47098.023,44684.296500000004,-374.5693836730534,43170.47,0,9.0977778039016,-2.775262445946758,-130.80340624357564
2022-04-08,42252.01,46003.562,44686.840500000006,-524.9431882013248,43444.19,0,5.891173250093965,-5.448652159688943,-150.37380452827142
2022-04-09,42753.97,45336.848,44761.4335,-570.387987227454,42252.01,0,7.301043562779612,-4.484806099876131,-45.4447990261292
2022-04-10,42158.85,41486.98,44819.2635,-616.3960799791372,42753.97,-1,-2.9634430001471235,-5.935870632947823,-46.00809275168319
2022-04-11,39530.45,40175.17,44677.5795,-788.6997022151705,42158.85,-1,-4.705247237531381,-11.520609571071331,-172.30362223603333
2022-04-12,40074.94,40893.89,44537.188500000004,-826.8464414758264,39530.45,-1,3.449089562603014,-10.019151747757947,-38.14673926065586
2022-04-13,41147.79,42481.242,44395.005000000005,-743.3032792830309,40074.94,0,6.004506026708955,-7.314370163940749,83.54316219279553
2022-04-14,39942.38,42472.426,44176.466,-731.5658072360005,41147.79,0,3.2192148867533326,-9.584483285738617,11.737472047030337
2022-04-15,40551.9,40068.637,43978.4975,-647.9580692970706,39942.38,0,0.31609713479768264,-7.79152925813347,83.60773793892997
2022-04-16,40378.71,41505.1,43656.045,-572.1601929718747,40551.9,0,2.3505718905895865,-7.507173405195086,75.79787632519583
2022-04-17,39678.12,42219.555,43283.840500000006,-537.5842036125717,40378.71,0,4.558948731893617,-8.330407972924682,34.57598935930298
2022-04-18,40801.13,44305.27,42952.157,-413.0546700191243,39678.12,0,11.66171565399267,-5.007960368556117,124.52953359344747
2022-04-19,41493.18,44784.47,42673.4165,-265.23346676925274,40801.13,0,9.76281477988478,-2.765741758689509,147.82120324987153
2022-04-20,41358.19,42274.477,42465.809,-162.73776791245086,41493.18,0,1.8829517585781559,-2.608260683318193,102.49569885680188
2022-04-21,40480.01,44197.926,42175.635,-141.0819482895863,41358.19,0,6.866199370064304,-4.020389971603273,21.655819622864556
2022-04-22,39709.18,43861.15,41870.544,-164.05785218208655,40480.01,0,8.352612653751809,-5.162015568749241,-22.97590389250024
2022-04-23,39441.6,43935.766,41522.2565,-181.3134605190719,39709.18,0,10.643850175198782,-5.010942745850058,-17.255608336985347
2022-04-24,39450.13,42159.82,41165.7375,-176.04518571067615,39441.6,0,6.891759747322627,-4.16756167674636,5.268274808395745
2022-04-25,40426.08,40228.445,40912.164000000004,-94.79582205875897,39450.13,0,1.97290937317571,-1.1881160820532557,81.24936365191718
2022-04-26,38112.65,39930.055,40659.273,-179.88669797369948,40426.08,-1,-1.2269933481059794,-6.263326449540796,-85.09087591494051
2022-04-27,39235.72,40539.26,40448.8495,-145.05640930032234,38112.65,-1,6.366945669613629,-2.9991693583274737,34.83028867337714
2022-04-28,39742.07,39781.652,40323.35249999999,-75.9147359395364,39235.72,-1,1.3914166574488727,-1.4415530057923482,69.14167336078594
2022-04-29,38596.11,39111.72,40115.4595,-94.16541121081161,39742.07,-1,-1.5861057312817368,-3.7874413478923175,-18.250675271275213
2022-04-30,37630.8,38204.54,39889.057,-154.49190398948542,38596.11,-1,-1.0145347225406929,-5.661344664026522,-60.32649277867381
2022-05-01,38468.35,37580.953,39835.952000000005,-122.62185791148545,37630.8,-1,-0.13246296916356523,-3.4330847672474505,31.870046077999973
2022-05-02,38525.16,38301.914,39758.463,-84.18101073102935,38468.35,-1,-0.43265681397824074,-3.1019886256669422,38.4408471804561
2022-05-03,37728.95,38022.883,39587.52099999999,-97.88272348503153,38525.16,-1,-1.303764053153844,-4.694840578676287,-13.701712754002187
2022-05-04,39690.0,39165.28,39574.901999999995,32.63687005122847,37728.95,1,3.806973822489105,0.29083584338378254,130.51959353626
2022-05-05,36552.97,38550.44,39374.955500000004,-78.71241001151782,39690.0,1,-2.8711478804484756,-7.166955401384523,-111.34928006274629
2022-05-06,36013.77,38332.402,39156.70849999999,-169.8564579107856,36552.97,1,4.8680923704694825,-8.026564592373736,-91.14404789926778
2022-05-07,35472.39,38171.51,38946.422,-243.31032141221317,36013.77,0,5.991435272536042,-8.920028648588051,-73.45386350142758
2022-05-08,34038.4,37993.1,38608.2855,-358.23547860856934,35472.39,0,7.106122712622411,-11.836540889649184,-114.92515719635617
2022-05-09,30076.31,37952.992,38037.442,-653.6504173934798,34038.4,0,11.500517613930144,-20.92972497992899,-295.4149387849104
2022-05-10,31017.1,32202.508,37520.3875,-732.3265662693468,30076.31,0,7.069343987011701,-17.332676801378984,-78.67614887586706
2022-05-11,29103.94,36342.27,36951.583999999995,-851.4940081015652,31017.1,0,17.168495865990057,-21.237638960213445,-119.1674418322184
2022-05-12,29029.75,36052.11,36417.6125,-870.4941573816632,29103.94,0,23.873638328693648,-20.286509721086198,-19.000149280097958
2022-05-13,29287.05,37388.582,35909.885,-802.5764193850468,29029.75,0,28.794020035480845,-18.442930129127404,67.91773799661632
2022-05-14,30086.74,37091.68,35441.715500000006,-647.2972968948411,29287.05,0,26.648739587974895,-15.10924464138877,155.27912249020574
2022-05-15,31328.89,29767.309,34986.856,-415.6896542556783,30086.74,-1,-1.061701620880167,-10.455257825967559,231.6076426391628
2022-05-16,29874.01,33109.727,34574.924,-319.5527422956711,31328.89,-1,5.684327030099057,-13.596310435852299,96.13691196000718
2022-05-17,30444.93,33923.594,34135.3845,-183.35576690445168,29874.01,-1,13.555541254756232,-10.81122874124942,136.19697539121944
2022-05-18,28715.32,33897.73,33584.047000000006,-175.5861356123978,30444.93,0,11.341134529624473,-14.497142050807652,7.769631292053873
2022-05-19,30319.23,34278.43,33170.203,-35.58191745168324,28715.32,0,19.373316012149612,-8.594982068695817,140.00421816071457
2022-05-20,29201.01,30215.787,32748.7135,6.326246666041243,30319.23,0,-0.3411791481017149,-10.833107993692648,41.90816411772448
2022-05-21,29445.06,30811.914,32297.549,71.47527942605029,29201.01,0,5.516603920549329,-8.831905479886409,65.14903276000905
2022-05-22,30293.94,30036.52,31885.988,186.2119494367139,29445.06,0,2.0086884905311746,-4.992939218317471,114.7366700106636
2022-05-23,29109.15,30212.496,31454.998000000003,195.80602089294962,30293.94,0,-0.2688455389097579,-7.457790968544972,9.594071456235724
2022-05-24,29654.58,31962.69,30953.227000000003,248.96812820820833,29109.15,0,9.802895148518589,-4.195514089694107,53.16210731525871
2022-05-25,29542.15,30246.77,30602.685999999998,284.10045379075655,29654.58,0,1.996958079493954,-3.465499727703629,35.13232558254822
2022-05-26,29201.35,30286.012,30262.065000000002,290.8688046298621,29542.15,0,2.5179674422816163,-3.505097884100122,6.768350839105551
2022-05-27,28629.8,30052.8,29919.935500000003,264.11548269773994,29201.35,0,2.9157925275715044,-4.311959496035691,-26.753321932122162
2022-05-28,29031.33,31140.908,29669.582000000002,279.251598736344,28629.8,0,8.770959640392181,-2.1511998382720736,15.136116038604086
2022-05-29,29468.1,30464.402,29639.171499999997,321.462206340354,29031.33,0,4.9362958698413,-0.5771804383938269,42.210607604009965
2022-05-30,31734.22,29736.709,29675.027499999997,494.4419968486495,29468.1,1,0.9115246126319696,6.939142684872001,172.97979050829554
2022-05-31,31801.04,30964.496,29809.8825,598.8363699669503,31734.22,1,-2.4255327726662297,6.679521464064815,104.39437311830079
2022-06-01,29805.83,30654.836,29848.6865,521.8114001019164,31801.04,1,-3.604297414487076,-0.1435791822866244,-77.02496986503388
2022-06-02,30452.62,30932.2,29906.964999999997,502.53103100355656,29805.83,1,3.7790231600663295,1.8245081037143105,-19.28036909835987
2022-06-03,29700.21,30869.885,29887.6385,430.01552268945966,30452.62,0,1.3702097409845229,-0.62711043564048,-72.5155083140969
2022-06-04,29864.04,29968.904,29814.395999999997,385.42684715987366,29700.21,1,0.9046882054874389,0.16651016508938793,-44.588675529586
2022-06-05,29919.21,29959.648,29816.656,352.8666883385772,29864.04,1,0.3201456919425474,0.3439486976675053,-32.560158821296454
2022-06-06,31373.1,30434.135,29863.0645,418.0114162621958,29919.21,1,1.7210506748841325,5.056532292591734,65.14472792361858
2022-06-07,31125.33,32138.258,29983.564999999995,431.4319816703661,31373.1,1,2.4388976942030003,3.807969465939113,13.420565408170319
2022-06-08,30204.77,31485.07,29977.841999999997,367.81010906644053,31125.33,1,1.1557799146225864,0.7569857763610988,-63.62187260392557
2022-06-09,30109.93,30522.635,30023.288,311.0919002972646,30204.77,1,1.0523661184144077,0.2885826495752225,-56.71820876917593
2022-06-10,29091.88,30570.355,30005.629000000004,202.04788971828725,30109.93,0,1.5291482535827872,-3.0452586079765345,-109.04401057897735
2022-06-11,28424.7,30731.182,29912.166999999998,87.85454319835094,29091.88,0,5.63491132448298,-4.972782480119201,-114.19334651993631
2022-06-12,26574.53,30107.209,29785.435999999998,-99.27599980478703,28424.7,0,5.919179391075365,-10.780120861752701,-187.13054300313797
2022-06-13,22487.41,30584.445,29427.077500000003,-464.84312524439815,26574.53,0,15.089317901389041,-23.58259157743409,-365.5671254396111
2022-06-14,22136.41,23200.488,29056.790499999996,-683.5972892245795,22487.41,0,3.1710111624682438,-23.816740875080463,-218.75416398018137
2022-06-15,22583.72,24715.105,28725.909000000003,-746.3601427498029,22136.41,0,11.649113242617029,-21.382052696748435,-62.76285352522336
2022-06-16,20401.31,28934.387,28314.4845,-874.1820135993732,22583.72,0,28.120551967302106,-27.947443295321158,-127.82187084957036
2022-06-17,20468.81,25019.22,27886.358500000002,-890.5045447818325,20401.31,0,22.635363626771998,-26.599200824302677,-16.322531182459215
2022-06-18,18970.79,30647.262,27361.493,-933.9639849775544,20468.81,0,49.72664125931111,-30.666100713144555,-43.45944019572198
2022-06-19,20574.0,19898.16,26803.482,-792.1121519406051,18970.79,0,4.888410847676871,-23.241316184218157,141.8518330369493
2022-06-20,20573.89,22256.059,26242.124499999998,-642.0616633342556,20574.0,0,8.175651763147663,-21.59975462352524,150.05048860634952
2022-06-21,20723.52,22109.54,25788.009,-483.7188654242618,20573.89,0,7.464067624061374,-19.638929860773658,158.3427979099938
2022-06-22,19987.99,22386.12,25264.7775,-383.86554997125495,20723.52,0,8.022764185934626,-20.885944869294807,99.85331545300687
2022-06-23,21110.13,22044.066,24835.2735,-206.4797180079795,19987.99,0,10.286559109995544,-14.999405986006147,177.38583196327545
2022-06-24,21237.69,21530.664,24403.956,-52.7980282141034,21110.13,0,1.9920960339893643,-12.974396446215522,153.6816897938761
2022-06-25,21491.19,21141.52,23982.555,86.12765033503274,21237.69,0,-0.45282923307571915,-10.388238450823948,138.92567854913614
2022-06-26,21038.07,21777.922,23465.8035,163.23069333028252,21491.19,0,1.3341833327982364,-10.34583580315075,77.10304299524978
2022-06-27,20742.56,23713.693,22946.665,207.2289033693114,21038.07,0,12.71800768499677,-9.605339163664956,43.99821003902889
2022-06-28,20281.29,24174.105,22450.491,217.120454041441,20742.56,0,16.543500265878457,-9.662153936855995,9.891550672129597
2022-06-29,20123.01,20390.537,21951.145,223.95733247335102,20281.29,0,0.5386595693617079,-8.328198825163799,6.836878431910009
2022-06-30,19942.21,20340.81,21493.661500000002,226.57358320732692,20123.01,0,1.082345766736694,-7.21818150899977,2.616250733975903
2022-07-01,19279.8,20293.756,21036.4165,195.15564598227593,19942.21,0,1.7628229738579673,-8.35035995793295,-31.41793722505099
2022-07-02,19252.81,19578.723,20670.3305,184.15894003122048,19279.8,0,1.5504447984418963,-6.857754403104482,-10.996705951055446
2022-07-03,19315.83,21056.324,20511.751500000002,191.86282415923324,19252.81,0,9.36753761528836,-5.830421161254807,7.70388412801276
2022-07-04,20236.71,18975.902,20416.766499999998,265.1933524186161,19315.83,0,-1.759839759668633,-0.881905075419258,73.33052825938285
2022-07-05,20175.83,19408.54,20296.372,312.55522343296843,20236.71,0,-4.0924188640347126,-0.5939090986310147,47.361871014352346
2022-07-06,20564.51,19431.668,20304.532,369.1351480105184,20175.83,0,-3.68838373068172,1.280393953428718,56.579924577549946
2022-07-07,21624.98,20416.32,20362.3405,470.5574915432485,20564.51,0,-0.7206088912402893,6.2008564290534345,101.42234353273011
2022-07-08,21594.75,20363.248,20493.5385,524.0910460614632,21624.98,0,-5.834604023333199,5.373457102100749,53.533554518214714
2022-07-09,21591.83,21567.75,20544.43,545.3508688897025,21594.75,0,-0.1250303893307401,5.098218835957004,21.259822828239294
2022-07-10,20862.47,22330.62,20558.859000000004,497.6649982508686,21591.83,1,3.421614289409458,1.4767891544953788,-47.685870638833876
2022-07-11,19963.61,22229.213,20520.8635,397.3137015675752,20862.47,1,6.551203623660087,-2.7155460587708644,-100.35129668329341
2022-07-12,19328.75,22882.273,20487.9015,285.15562188696094,19963.61,1,14.619918128534865,-5.657736591519634,-112.15807968061426
2022-07-13,20234.87,23319.857,20444.1385,269.1686074747254,19328.75,0,20.648554210049795,-1.023611241921502,-15.987014412235567
2022-07-14,20588.84,18744.43,20411.696,278.4474065617792,20234.87,0,-7.365702435943493,0.8678553707639005,9.278799087053812
2022-07-15,20830.04,19969.324,20378.6385,295.24456217701345,20588.84,0,-3.0089882735015676,2.215071924456582,16.79715561523426
2022-07-16,21195.6,19803.746,20386.515,323.1369859493341,20830.04,0,-4.926989608517318,3.9687263860448887,27.892423772320626
2022-07-17,20798.16,20053.953,20389.295000000002,307.0921698595156,21195.6,0,-5.386244668704819,2.0052924831388137,-16.044816089818482
2022-07-18,22432.58,20091.55,20496.8595,393.3180720332165,20798.16,0,-3.3974602500894306,9.443985796946128,86.22590217370089
2022-07-19,23396.62,21334.887,20660.54,495.4466379116201,22432.58,0,-4.893299305073254,13.243022689629594,102.1285658784036
2022-07-20,23223.3,21275.523,20824.5945,528.4760559055284,23396.62,0,-9.06582473237587,11.518618045599881,33.02941799390828
2022-07-21,23152.19,21531.238,21018.214,521.7823095963074,23223.3,0,-7.286052019954095,10.152984454340405,-6.6937463092209555
2022-07-22,22684.83,22162.65,21189.815,464.06475399284443,23152.19,0,-4.274064826588753,7.055347108976662,-57.71755560346298
2022-07-23,22451.07,22257.05,21346.576999999997,391.24222168048243,22684.83,0,-1.885750163214808,5.174098873088657,-72.822532312362
2022-07-24,22579.68,21406.438,21463.7255,335.00354675059054,22451.07,0,-4.652929682193319,5.199258162335331,-56.238674929891886
2022-07-25,21310.9,20750.152,21520.479,202.16573052569228,22579.68,0,-8.10254023196963,-0.9738584350283184,-132.83781622489826
2022-07-26,21254.67,20128.062,21554.987,105.20196600795906,21310.9,0,-5.550387360458739,-1.3932599449027863,-96.96376451773322
2022-07-27,22952.45,20671.607,21621.360500000003,147.50340681756677,21254.67,0,-2.7432210338951313,6.156363287129865,42.30144080960771
2022-07-28,23842.93,21700.865,21733.769500000002,223.01987878290848,22952.45,0,-5.4529462677186995,9.704531466573242,75.51647196534171
2022-07-29,23773.75,23448.785,21842.8655,253.64462387382366,23842.93,0,-1.6530889607527275,8.839886415085969,30.624745090915184
2022-07-30,23643.51,23756.617,21981.9175,250.05189055690943,23773.75,0,-0.07206609180293391,7.558906087241929,-3.5927333169142344
2022-07-31,23293.32,22640.686,22148.403,210.59402769829734,23643.51,0,-4.241436458144322,5.169298210801029,-39.45786285861209
2022-08-01,23268.01,23086.262,22345.366,170.9781390712094,23293.32,0,-0.8889169995947324,4.129017175194162,-39.61588862708794
2022-08-02,22987.79,26179.705,22483.012,116.68247884987267,23268.01,1,12.513726262473678,2.245152918123257,-54.29566022133673
2022-08-03,22818.37,22562.162,22594.4885,62.83714459508059,22987.79,1,-1.8515389718846433,0.9908677507791314,-53.84533425479208
2022-08-04,22622.98,20981.791,22684.135499999997,10.296164036164498,22818.37,1,-8.048686143554509,-0.2695959032690363,-52.54098055891609
2022-08-05,23312.42,20724.982,22789.9765,17.77132856028618,22622.98,0,-8.38968861805562,2.2924266727523723,7.475164524121681
2022-08-06,22954.21,20273.02,22897.779,-4.427490311099746,23312.42,0,-13.037687501983914,0.24644748296330618,-22.198818871385924
2022-08-07,23174.39,20753.326,22934.8695,-7.140098605642379,22954.21,0,-9.588148876066741,1.04435083007557,-2.7126082945426333
2022-08-08,23810.0,23078.623,22955.538500000002,29.031117596702074,23174.39,0,-0.41324476340045807,3.7222455051533534,36.17121620234445
2022-08-09,23149.95,21886.322,22951.871,4.925644674025762,23810.0,0,-8.079284898677026,0.8630189669504571,-24.105472922676313
2022-08-10,23954.05,21803.027,22991.964,37.730965422379256,23149.95,0,-5.818252982187869,4.184444617258444,32.805320748353495
2022-08-11,23934.39,22089.586,23054.442000000003,51.83072472776706,23954.05,0,-7.783502424433444,3.8168262758213647,14.099759305387806
2022-08-12,24403.68,21525.275,23152.072500000002,84.55258184383052,23934.39,0,-10.065494083513302,5.4060279052771545,32.72185711606346
2022-08-13,24441.38,23550.627,23245.1575,99.49529731299083,24403.68,0,-3.495591840554377,5.146114841338459,14.942715469160305
2022-08-14,24305.24,23454.537,23394.874499999998,91.19023681405781,24441.38,0,-4.037590719611581,3.8913031997671266,-8.305060498933017
2022-08-15,24094.82,23101.63,23536.882,63.80106865343663,24305.24,0,-4.9520561846951585,2.3704839069168053,-27.389168160621182
2022-08-16,23854.74,22385.785,23581.9965,23.84788953458508,24094.82,0,-7.092955430876843,1.156575101688275,-39.95317911885155
2022-08-17,23342.66,23796.018,23556.983,-39.29851530121971,23854.74,-1,-0.24616668165321273,-0.9098066590276026,-63.14640483580479
2022-08-18,23191.2,22855.666,23527.855499999998,-90.56825061141001,23342.66,-1,-2.086283158710275,-1.4308805152258657,-51.2697353101903
2022-08-19,20834.39,22541.13,23387.3995,-272.24013684515967,23191.2,-1,-2.8030853971549585,-10.916175182281384,-181.67188623374966
2022-08-20,21140.07,22954.898,23279.737,-355.58764241511125,20834.39,0,10.17792427568074,-9.191113284484276,-83.34750556995158
2022-08-21,21515.61,22650.176,23192.117,-367.66935891823175,21140.07,0,7.1433338737762,-7.228779502966451,-12.081716503120504
2022-08-22,21399.83,22636.004,23112.719,-364.96661768490696,21515.61,0,5.207353666709888,-7.411023341736639,2.7027412333247867
2022-08-23,21529.12,21261.473,23048.2565,-336.6673193077827,21399.83,-1,-0.646534779715548,-6.591112434035956,28.299298377124273
2022-08-24,21368.08,21048.547,22985.5115,-311.568940198627,21529.12,-1,-2.2322005033182917,-7.03674355908938,25.0983791091557
2022-08-25,21559.04,21677.094,22897.8425,-266.61858747808117,21368.08,-1,1.4461465419447992,-5.84684998160852,44.95035272054582
2022-08-26,20241.05,20585.652,22762.1845,-307.2717601865114,21559.04,-1,-4.514986085883234,-11.07597779114742,-40.65317270843025
2022-08-27,20037.6,19220.473,22605.345,-327.62078420089955,20241.05,-1,-5.042116608328122,-11.359017082021984,-20.349024014388135
2022-08-28,19555.61,19918.594,22392.625500000002,-351.2058897482906,20037.6,-1,-0.5939146903820745,-12.66941877807049,-23.585105547391038
2022-08-29,20285.73,19963.697,22249.4145,-297.42844054750844,19555.61,0,2.086804071184685,-8.825780561551404,53.777449200782144
2022-08-30,19811.66,20584.676,22042.295000000002,-274.15143655543227,20285.73,0,1.4736752448642492,-10.119794694699449,23.277003992076175
2022-08-31,20050.02,20319.0,21848.0765,-225.12127492839068,19811.66,0,2.560815196707394,-8.229816020646023,49.03016162704159
2022-09-01,20131.46,20332.75,21634.4655,-172.0209459916682,20050.02,0,1.4101232816725346,-6.947273552933394,53.10032893672246
2022-09-02,19951.86,20850.562,21409.9895,-135.42001445526444,20131.46,0,3.572033523649059,-6.810510112580855,36.60093153640378
2022-09-03,19831.9,21520.854,21186.322500000002,-106.96453179856849,19951.86,0,7.8638959757385996,-6.3929098596511995,28.45548265669595
2022-09-04,20000.3,21111.684,20981.5965,-66.45988677429102,19831.9,0,6.4531567512442,-4.676939145217098,40.504645024277465
2022-09-05,19796.84,19946.459,20778.701500000003,-44.10614157382906,20000.3,-1,-0.2692010401093947,-4.725326556137315,22.353745200461958
2022-09-06,18790.61,20142.936,20551.099,-85.43122816729851,19796.84,-1,1.74823631890241,-8.566398322542254,-41.32508659346945
2022-09-07,19292.84,19297.61,20356.181,-68.04153532717692,18790.61,-1,2.6981528273962336,-5.223676287806639,17.389692840121597
2022-09-08,19319.77,19279.51,20280.45,-44.93960785630793,19292.84,-1,-0.0690942047671579,-4.7369757574412805,23.101927470868986
2022-09-09,21360.11,19101.074,20291.451999999997,109.12514536836818,19319.77,0,-1.131979217402694,5.266542778703087,154.0647532246761
2022-09-10,21648.34,19696.889,20298.0885,225.1342464283946,21360.11,0,-7.7865766052937015,6.652111601543162,116.00910106002641
2022-09-11,21826.87,19714.639,20319.4405,303.695488990217,21648.34,0,-8.932330738176693,7.418656532398115,78.56124256182238
2022-09-12,22395.74,21818.617,20362.7715,378.88523262345245,21826.87,0,-0.03781033423481691,9.983751475087773,75.18974363323548
2022-09-13,20173.57,21952.658,20303.046,269.03900693121875,22395.74,0,-1.9784199891363339,-0.637717118899296,-109.8462256922337
2022-09-14,20226.71,20868.83,20236.429500000002,193.56591541444863,20173.57,0,3.4463908873094864,-0.048029717890712295,-75.47309151677013
2022-09-15,19701.88,21179.363,20209.471,106.26779161898884,20226.71,0,4.70987758884169,-2.511649117386597,-87.29812379545979
2022-09-16,19803.3,21091.979,20197.756,55.85788475580284,19701.88,0,7.055664310334846,-1.952969428881119,-50.409906863185995
2022-09-17,20113.62,19864.258,20225.6565,44.41556679170827,19803.3,0,0.307816437159467,-0.5539325756867371,-11.44231796409457
2022-09-18,19416.18,19928.47,20182.179,-6.416917112832891,20113.62,-1,-0.920517027143791,-3.7954226845376797,-50.832483904541164
2022-09-19,19537.02,20279.732,20168.447,-27.038327710716487,19416.18,-1,4.447591760454424,-3.1307665880273263,-20.621410597883596
2022-09-20,18875.0,20042.932,20109.696000000004,-77.54168490508658,19537.02,-1,2.5895025987842546,-6.139804400822386,-50.503357194370096
2022-09-21,18461.36,20038.727,20026.191,-128.0992333556536,18875.0,0,6.165438741721855,-7.813922278080732,-50.557548450567026
2022-09-22,19401.63,18871.281,19998.679500000002,-89.34510031957785,18461.36,0,2.220428234972935,-2.9854446139806425,38.75413303607576
2022-09-23,19289.91,19076.652,19971.579999999998,-63.575599877653474,19401.63,-1,-1.6750018233004187,-3.4132001574236903,25.76950044192438
2022-09-24,18920.5,19021.256,19917.59,-63.59576752388557,19289.91,-1,-1.3927184762655702,-5.006077542513929,-0.020167646232096104
2022-09-25,18807.38,19235.207,19868.117,-63.27856559941682,18920.5,-1,1.6633124454956263,-5.338890444424086,0.3172019244687476
2022-09-26,19227.82,19873.205,19889.9775,-28.571757855508736,18807.38,0,5.667057708862154,-3.329101302402183,34.70680774390809
2022-09-27,19079.13,19469.812,19879.292,-10.385025826492438,19227.82,0,1.2585540118432579,-4.025103107293762,18.186732029016298
2022-09-28,19412.82,19137.375,19883.9445,27.30189849326962,19079.13,0,0.3052812156529096,-2.369371429295639,37.686924319762056
2022-09-29,19591.51,19225.873,19795.5145,65.2815902708229,19412.82,0,-0.9630077089521241,-1.0305592208780567,37.979691777553285
2022-09-30,19422.61,19357.158,19684.228,79.12265310191316,19591.51,0,-1.1961905788527705,-1.3290742212496145,13.841062831090255
2022-10-01,19310.95,19721.674,19558.432,80.58110611307222,19422.61,0,1.5397715761424413,-1.2653468335293951,1.4584530111590652
2022-10-02,19056.8,19025.02,19391.485,64.92488510520099,19310.95,0,-1.4806649530447789,-1.7259379567887725,-15.656221007871238
2022-10-03,19629.08,18754.223,19364.2605,91.95509792716575,19056.8,0,-1.5877657515952275,1.3675683613118168,27.030212821964767
2022-10-04,20337.82,19122.582,19369.816,152.82234621436766,19629.08,0,-2.580344920648353,4.997486811438998,60.8672482872019
2022-10-05,20158.26,19768.24,19392.635,174.6696872562598,20337.82,0,-2.8005939949561935,3.9480194414013363,21.84734104189215
2022-10-06,19960.67,19654.799,19400.5035,169.36609263164507,20158.26,0,-2.4975428031734803,2.887381247605246,-5.303594624614732
2022-10-07,19530.09,20018.162,19371.326999999997,132.06794364907321,19960.67,1,0.2880269518758726,0.8195773061907564,-37.29814898257186
2022-10-08,19417.96,19529.812,19371.416,96.69318391894745,19530.09,1,-0.0014208843891663865,0.24027154235910295,-35.37475973012576
2022-10-09,19439.02,19355.053,19366.516,72.65786198779102,19417.96,1,-0.32396433829814836,0.37437812769215084,-24.03532193115643
2022-10-10,19131.87,19201.729,19379.3595,35.8786538734887,19439.02,0,-1.2206967448719144,-1.277077810543737,-36.77920811430232
2022-10-11,19060.0,19299.182,19409.2915,7.9730968871352275,19131.87,0,0.8745179672713698,-1.7996097384595382,-27.905556986353474
2022-10-12,19155.53,19146.31,19396.9865,-2.24286745195144,19060.0,0,0.45283602767576075,-1.2448144973447306,-10.215964339086668
2022-10-13,19375.13,18978.117,19401.2475,7.087169406108359,19155.53,0,-0.9261702103778848,-0.13461763219092115,9.330036858059799
2022-10-14,19176.93,19254.805,19414.069,1.4999921606347755,19375.13,0,-0.621029704058765,-1.2214801544179081,-5.587177245473583
2022-10-15,19069.39,19348.355,19427.1695,-7.361826210737661,19176.93,0,0.8939150779087148,-1.841645021936935,-8.861818371372436
2022-10-16,19262.98,19016.65,19428.927499999998,1.4226171595014137,19069.39,0,-0.2765668402345299,-0.8541258903765966,8.784443370239075
2022-10-17,19549.86,18848.184,19452.464,26.757207912685033,19262.98,0,-2.1533345632399534,0.5006872137123639,25.33459075318362
2022-10-18,19327.44,18649.215,19448.195,28.573708033559683,19549.86,0,-4.60691358531468,-0.6209059503979728,1.8165001208746503
2022-10-19,19123.97,18715.482,19424.818,16.698520098143035,19327.44,0,-3.1662629821900814,-1.5487815638735878,-11.875187935416648
2022-10-20,19041.92,18559.049,19405.783499999998,4.574845751179623,19123.97,0,-2.953995283798297,-1.8750260714801827,-12.123674346963412
2022-10-21,19164.37,19312.293,19398.4545,5.971253229985905,19041.92,0,1.419882914905649,-1.2067172670895037,1.3964074788062817
2022-10-22,19204.35,19039.4,19405.832000000002,10.491931653159924,19164.37,0,-0.6520934910722292,-1.0382548916222896,4.520678423174019
2022-10-23,19570.4,18901.646,19402.897999999997,37.51897355055874,19204.35,0,-1.5762236973654333,0.8632834126118896,27.027041897398817
2022-10-24,19329.72,18714.854,19352.493,38.43016135843612,19570.4,0,-4.371635144784988,-0.11767476159271785,0.9111878078773827
2022-10-25,20080.07,18730.74,19348.5835,86.08230106247389,19329.72,0,-3.098750347263184,3.7805687429263184,47.652139704037765
2022-10-26,20771.59,18827.863,19389.1295,156.58216784842398,20080.07,0,-6.2360674975236625,7.130080285450675,70.49986678595009
2022-10-27,20295.11,20851.234,19427.3805,162.81091404998696,20771.59,1,0.38342936193136806,4.466528567760339,6.228746201562984
2022-10-28,20591.84,20915.56,19486.0745,177.40262267345068,20295.11,1,3.057143059953848,5.674644731549196,14.591708623463717
2022-10-29,20809.67,21087.588,19554.606999999996,191.03160251060712,20591.84,1,2.407496807594658,6.4182471169070405,13.628979837156436
2022-10-30,20627.48,20076.863,19629.3875,177.37896740759857,20809.67,0,-3.521472078846028,5.084684888919732,-13.65263510300855
2022-10-31,20490.74,20373.049,19700.9245,149.8386685585274,20627.48,0,-1.233457367914062,4.009027596649084,-27.540298849071178
2022-11-01,20483.62,20620.21,19767.329,122.96809204518723,20490.74,1,0.6318509604826297,3.623610453390022,-26.870576513340154
2022-11-02,20151.84,20655.072,19806.1645,76.92657264886424,20483.62,1,0.837021315690298,1.7452924820451794,-46.041519396323
2022-11-03,20207.82,20310.809,19857.709,45.85325628534585,20151.84,1,0.7888539892635107,1.7630986535254436,-31.073316363518387
2022-11-04,21148.52,20040.432,19961.6655,82.14688887703429,20207.82,0,-0.8283345723338772,5.9456687118617495,36.293632591688436
2022-11-05,21299.37,19486.36,20063.485,108.16863662358526,21148.52,0,-7.859465461412904,6.159872026220761,26.02174774655097
2022-11-06,20905.58,21140.28,20131.271,91.38387230812867,21299.37,0,-0.7469268017082148,3.846299620128312,-16.784764315456584
2022-11-07,20591.13,20590.785,20194.455500000004,53.503711730323744,20905.58,0,-1.5057933994177712,1.9642743029144674,-37.88016057780493
2022-11-08,18547.23,20589.143,20165.6185,-106.10429839867709,20591.13,0,-0.00965183491630143,-8.025484068341376,-159.60801012900083
2022-11-09,15922.81,20494.178,20009.663,-370.44764777602387,18547.23,0,10.497242630705504,-20.42439695261235,-264.3433493773468
2022-11-10,17601.15,20610.805,19931.502,-411.1433472612715,15922.81,0,29.44200607493276,-11.691803256974808,-40.695699485247644
2022-11-11,17070.31,18183.988,19824.8,-449.57532445421225,17601.15,0,3.311364775881113,-13.894162866712389,-38.431977192940735
2022-11-12,16812.08,17857.844,19686.884,-466.15177018213603,17070.31,0,4.613470698540323,-14.602635947872688,-16.576445727923783
2022-11-13,16329.85,18628.676,19536.8905,-481.39333004155793,16812.08,0,10.805300600817972,-16.41530672447594,-15.241559859421898
2022-11-14,16619.46,18913.732,19363.859999999997,-444.64500313028293,16329.85,0,15.823062807527316,-14.172794060688304,36.748326911275
2022-11-15,16900.57,18976.773,19170.309,-376.76584466090856,16619.46,0,14.184055543922614,-11.839866535275991,67.87915846937437
2022-11-16,16662.76,16811.273,18988.6915,-325.1903582636901,16900.57,-1,-0.5283642060593206,-12.24903516916899,51.57548639721847
2022-11-17,16692.56,17149.826,18793.7275,-268.7179502681032,16662.76,-1,2.923082201718093,-11.180153059045894,56.47240799558688
2022-11-18,16700.45,17183.676,18588.2665,-212.92240607668373,16692.56,-1,2.9421238039581623,-10.155957791975926,55.79554419141948
2022-11-19,16700.68,17621.83,18391.926499999998,-160.47955170058776,16700.45,0,5.517097312497563,-9.195591881035398,52.442854376095966
2022-11-20,16280.23,17631.092,18181.401,-139.36828888725722,16700.68,0,5.571101277762341,-10.456680428532444,21.11126281333054
2022-11-21,15781.29,16253.948,17946.2845,-143.69314786441976,16280.23,-1,-0.16143357810362363,-12.063747791360381,-4.324858977162535
2022-11-22,16226.94,16415.607,17750.039500000003,-103.12512613057743,15781.29,-1,4.019426940858441,-8.580823158168194,40.56802173384233
2022-11-23,16603.11,16705.562,17569.804,-40.74476748100449,16226.94,-1,2.949554876027147,-5.502019259861974,62.38035864957294
2022-11-24,16598.95,16908.549,17342.3255,7.8581533802368995,16603.11,0,1.8396482835143502,-4.286481071987712,48.60292086124139
2022-11-25,16522.14,17012.445,17103.464,40.62353412755897,16598.95,0,2.4910931866172215,-3.3988670365254694,32.76538074732207
2022-11-26,16458.57,16743.217,16881.1135,62.49699277199272,16522.14,0,1.3380639364815974,-2.503054671126995,21.873458644433754
2022-11-27,16428.78,16637.023,16672.996,78.41028020300348,16458.57,0,1.0842584592707647,-1.464739750432378,15.913287431010758
2022-11-28,16212.91,16804.787,16556.28,77.69974319000949,16428.78,0,2.2887098699660062,-2.073956226881878,-0.7105370129939956
2022-11-29,16442.53,17197.373,16582.266,94.86000021919654,16212.91,0,6.0720934543829586,-0.8426833823555887,17.16025702918705
2022-11-30,17163.64,17392.482,16560.3905,153.47129417079896,16442.53,1,5.777410300452553,3.6427250915369296,58.61129395160242
2022-12-01,16977.37,17118.021,16555.7435,176.73413022749048,17163.64,1,-0.2657857868435799,2.5467083372003105,23.262836056691526
2022-12-02,17092.74,17396.11,16569.7765,195.4689086645053,16977.37,1,2.4664560824203106,3.156128871140788,18.734778437014825
2022-12-03,16885.2,17646.398,16597.544,189.33060525963413,17092.74,1,3.239143855812458,1.7331238886909954,-6.138303404871181
2022-12-04,17105.7,17643.36,16621.856000000003,194.80910610897388,16885.2,1,4.490082291000398,2.9108903361934866,5.478500849339753
2022-12-05,16966.35,17866.455,16625.145,183.87280705919943,17105.7,1,4.447377646778555,2.052343002121173,-10.936299049774448
2022-12-06,17088.96,16900.682,16646.455,179.51992020048698,16966.35,0,-0.38705059942178816,2.6582536642185817,-4.352886858712452
2022-12-07,16836.64,17079.838,16653.659,155.18525517674215,17088.96,0,-0.0533801318219431,1.0987435253718103,-24.334665023744833
2022-12-08,17224.1,17139.988,16679.841500000002,160.07762843216602,16836.64,1,1.8017150764641912,3.262971653537573,4.892373255423877
2022-12-09,17128.56,17173.883,16701.235500000003,151.8436958493349,17224.1,1,-0.2915518807949242,2.5586400479174056,-8.23393258283113
2022-12-10,17127.49,17231.086,16743.5985,141.4968576210042,17128.56,1,0.5985671737729189,2.292765799418814,-10.346838228330682
2022-12-11,17085.05,16786.871,16808.7865,127.40545271259273,17127.49,0,-1.988726347234776,1.6435660004367418,-14.091404908411477
2022-12-12,17209.83,16988.766,16857.931,122.0869276290505,17085.05,0,-0.5635592228293115,2.0874388440669334,-5.318525083542227
2022-12-13,17774.7,16954.152,16916.5105,150.35313439993482,17209.83,0,-1.4856489358116942,5.073088211661622,28.26620677088431
2022-12-14,17803.15,17073.504,16976.7205,163.61208275449465,17774.7,0,-3.944910990058908,4.868016175444498,13.258948354559834
2022-12-15,17356.34,17170.492,17018.4305,136.0668283525942,17803.15,0,-3.5536285011360427,1.98555031264488,-27.54525440190045
2022-12-16,16632.12,17096.25,17027.108,66.37647597886858,17356.34,0,-1.4985302200809627,-2.3197597619043773,-69.69035237372562
2022-12-17,16776.52,17230.414,17044.495000000003,29.20568984187875,16632.12,0,3.5972206940546423,-1.5722085048574461,-37.17078613698983
2022-12-18,16738.21,17202.344,17070.76,2.639400813511088,16776.52,0,2.538212632894066,-1.948067924333769,-26.566289028367663
2022-12-19,16438.88,17350.994,17070.5775,-32.551248438871056,16738.21,0,3.6609896794519896,-3.700504566995454,-35.190649252382144
2022-12-20,16895.56,17260.457,17057.173499999997,-22.9817447120208,16438.88,0,4.997767677907491,-0.9474811286875628,9.569503726850257
2022-12-21,16824.67,16792.648,17049.538500000002,-19.474998299625042,16895.56,-1,-0.6091041818087195,-1.3189125324418844,3.5067464123957564
2022-12-22,16821.43,16584.465,17035.973,-15.590447740588246,16824.67,-1,-1.4276960929991394,-1.2593527824915047,3.8845505590367964
2022-12-23,16778.5,16588.23,17030.638,-14.170120713835672,16821.43,-1,-1.3863240595478523,-1.4804965028321255,1.4203270267525738
2022-12-24,16836.12,17011.377,17017.159,-7.919614478608025,16778.5,0,1.3879485837530172,-1.0638614824013848,6.250506235227647
2022-12-25,16832.11,16668.822,17010.447,-2.8843395746609133,16836.12,-1,-0.9936834280998175,-1.0483969057368072,5.035274903947112
2022-12-26,16919.39,16694.121,17001.9685,6.957782966167613,16832.11,-1,-0.8197956539613903,-0.48569964119154574,9.842122540828527
2022-12-27,16706.36,16542.469,16995.4545,0.11586333887760247,16919.39,-1,-2.227747276940832,-1.7010107025969754,-6.841919627290011
2022-12-28,16547.31,16475.594,16961.614999999998,-13.38001254629279,16706.36,-1,-1.3813077773973539,-2.442603490292621,-13.495875885170392
2022-12-29,16633.47,16643.809,16936.860500000003,-14.659758090750032,16547.31,0,0.5831678608184574,-1.7913030576121314,-1.279745544457242
2022-12-30,16607.48,16432.414,16910.86,-15.339321870399687,16633.47,-1,-1.2087431997051796,-1.7939951013727335,-0.679563779649655
2022-12-31,16542.4,16635.992,16883.7275,-18.066750552327093,16607.48,-1,0.17168280497703708,-2.021635921333126,-2.7274286819274067
2023-01-01,16616.75,16649.092,16854.0735,-12.995490317765572,16542.4,-1,0.6449596000277984,-1.4081076601451787,5.071260234561521
2023-01-02,16672.87,16694.723,16798.982,-4.435783457661202,16616.75,0,0.46924131523914125,-0.7507121562485214,8.55970686010437
2023-01-03,16675.18,16680.258,16742.5835,2.4377817447770838,16672.87,0,0.044310382675574266,-0.40258721122699104,6.873565202438286
2023-01-04,16850.36,16673.154,16717.2845,18.920785722697104,16675.18,0,-0.012148013544683122,0.7960353848138374,16.48300397792002
2023-01-05,16831.85,16835.236,16727.271,28.158765851141368,16850.36,0,-0.0897528116610006,0.6252006080370067,9.237980128444264
2023-01-06,16950.65,16866.568,16735.9775,41.07005910229323,16831.85,1,0.20626585535755995,1.2827006967474746,12.91129325115186
2023-01-07,16943.57,16893.39,16746.2455,47.47990803405044,16950.65,1,-0.3378004678286759,1.1783208361539832,6.40984893175721
2023-01-08,17127.83,16710.488,16780.693000000003,61.58141822781006,16943.57,1,-1.3756352336018898,2.068669035301455,14.101510193759623
2023-01-09,17178.26,16350.489,16794.828,71.08361376484834,17127.83,0,-4.538466006420554,2.283036182329447,9.502195537038276
2023-01-10,17440.66,17084.48,16825.6275,90.57034345183119,17178.26,0,-0.5459198501477939,3.6553317253695363,19.486729686982855
2023-01-11,17943.26,17181.377,16881.719,130.41623385671576,17440.66,0,-1.4866584571627441,6.288109640967235,39.84589040488457
2023-01-12,18846.62,17228.182,16985.125,206.212386333981,17943.26,0,-3.985219850657007,10.959560203413275,75.79615247726522
2023-01-13,19930.01,17106.504,17139.8195,311.5872013219929,18846.62,0,-9.23304069244246,16.278995820230175,105.3748149880119
2023-01-14,20954.92,17068.611,17345.96,425.5351997730472,19930.01,0,-14.357236508536616,20.805766875975728,113.94799845105433
2023-01-15,20871.5,20659.195,17543.5655,467.1824490233968,20954.92,0,-1.4112422643465032,18.969544702871257,41.6472492503496
2023-01-16,21185.65,19226.406,17767.53,485.6369570498741,20871.5,0,-7.882010157391658,19.238014512990848,18.4545080264773
2023-01-17,21134.81,19159.818,17996.905,464.18761441372806,21185.65,0,-9.562282208122014,17.435803545109575,-21.44934263614607
2023-01-18,20677.47,19311.645,18199.105,391.851863422021,21134.81,0,-8.626363183534657,13.61805978920393,-72.33575099170707
2023-01-19,21071.59,19232.83,18422.3105,344.8585354767108,20677.47,0,-6.986541012391753,14.380821015908948,-46.99332794531017
2023-01-20,22667.21,21037.21,18728.551,392.10373595310784,21071.59,0,-0.16315362295868582,21.030238804913417,47.24520047639703
2023-01-21,22783.55,21336.426,19036.891,400.6412714017208,22667.21,0,-5.870966116915135,19.681044557118067,8.53753544861297
2023-01-22,22707.88,21178.938,19338.641499999998,371.3032684586333,22783.55,0,-7.042855481257308,17.422312213606126,-29.33800294308753
2023-01-23,22916.45,20745.723,19650.704999999998,337.05681592355313,22707.88,0,-8.640865390120085,16.6189711768611,-34.24645253508015
2023-01-24,22632.89,20094.78,19939.8315,269.3542903504897,22916.45,0,-12.312861298870464,13.505924059588963,-67.70252557306344
2023-01-25,23060.94,22674.04,20251.286,229.03059944953134,22632.89,1,0.1818109066053897,13.873953486213164,-40.323690900958354
2023-01-26,23009.65,22279.344,20554.235999999997,176.86890017501355,23060.94,1,-3.38926448791766,11.94602416747577,-52.16169927451779
2023-01-27,23074.16,21190.105,20860.7655,127.00873453105714,23009.65,1,-7.907745364444923,10.610322521481766,-49.86016564395641
2023-01-28,23022.6,20225.754,21155.503999999997,73.50808301515963,23074.16,0,-12.34457112956658,8.825580331246192,-53.500651515897516
2023-01-29,23742.3,19598.373,21483.706,69.58270964641952,23022.6,0,-14.873328612428653,10.513055801452511,-3.925373368740111
2023-01-30,22826.15,23657.82,21752.980499999998,-7.618783680603201,23742.3,0,-0.3558193077334516,4.933436592746468,-77.20149332702272
2023-01-31,23125.13,22909.342,22012.074,-49.137176969619304,22826.15,0,0.364458293996134,5.056570316817945,-41.5183932890161
2023-02-01,23732.66,21561.762,22256.375999999997,-46.31069793255574,23125.13,0,-6.7604734816625935,6.633083481335881,2.8264790370635637
2023-02-02,23488.94,22145.72,22434.322500000002,-70.05711560260897,23732.66,0,-6.6867316890521336,4.700910847653173,-23.746417670053233
2023-02-03,23431.9,22037.232,22558.1715,-97.14092785372941,23488.94,0,-6.1803877830374585,3.8732239445914356,-27.083812251120435
2023-02-04,23326.84,23341.867,22680.9385,-127.73989657245784,23431.9,0,-0.38423180578613536,2.847772370618614,-30.59896871872843
2023-02-05,22932.91,22881.402,22768.3015,-177.0819122461494,23326.84,0,-1.9095499272511842,0.7229722427911386,-49.34201567369155
2023-02-06,22762.52,22411.383,22849.687,-220.91571057482406,22932.91,-1,-2.2741430873796644,-0.38148006141178775,-43.833798328674675
2023-02-07,23240.46,22377.191,22977.836499999998,-217.12080726928002,22762.52,-1,-1.692820451118771,1.1429426786982384,3.7949033055440395
2023-02-08,22963.0,22388.295,23072.407,-231.3850926118214,23240.46,-1,-3.666730684870261,-0.47418979736270794,-14.26428534254137
2023-02-09,21796.35,22838.068,23028.864,-312.4394251856636,22963.0,-1,-0.5440562671471497,-5.352039944306427,-81.0543325738422
2023-02-10,21625.19,23050.754,22970.946000000004,-366.86550457255134,21796.35,0,5.7551099438667555,-5.858513619769968,-54.42607938688775
2023-02-11,21862.55,22813.969,22928.679500000002,-374.841453003579,21625.19,0,5.497194475516753,-4.649764065130758,-7.975948431027632
2023-02-12,21783.54,21822.213,22872.034,-372.62090165163556,21862.55,-1,-0.18450322297718827,-4.759060781389179,2.2205513519434135
2023-02-13,21773.97,21083.809,22829.088,-358.8450097620856,21783.54,-1,-3.2122024530907316,-4.621814064582863,13.77589188954994
2023-02-14,22199.84,21277.438,22786.033,-309.94196540725056,21773.97,-1,-2.280394893535727,-2.572597871687447,48.90304435483506
2023-02-15,24324.05,21116.8,22851.753,-132.49496920466981,22199.84,0,-4.878590200424869,6.442818631901012,177.44699620258075
2023-02-16,23517.72,20882.977,22873.931,-70.49941274071864,24324.05,0,-14.146794787463435,2.8145096704191364,61.995556463951175
2023-02-17,24569.97,20842.557,22951.2995,34.65442448892014,23517.72,0,-11.375096562825822,7.052631159294489,105.15383722963878
2023-02-18,24631.95,20966.502,22995.782,98.07099568960325,24569.97,0,-14.666147524294907,7.1150787566172,63.41657120068311
2023-02-19,24271.76,24346.943,23068.0625,104.83762890448611,24631.95,0,-1.157060811770894,5.218026004567998,6.766633214882859
2023-02-20,24842.2,23170.805,23153.916,134.89414670297674,24271.76,0,-4.535951708899554,7.291570030745554,30.05651779849063
2023-02-21,24452.16,21444.482,23189.891,116.36965983918958,24842.2,0,-13.67720080397469,5.4431864298111625,-18.52448686378716
2023-02-22,24182.21,21620.887,23224.554500000002,75.76525788913625,24452.16,0,-11.578826906293758,4.123461227211041,-40.60440195005333
2023-02-23,23940.2,22616.064,23249.9695,25.060523946464286,24182.21,0,-6.476436797443242,2.9687372278058324,-50.704733942671965
2023-02-24,23185.29,23431.87,23242.892,-62.10607424973546,23940.2,-1,-2.1233358926617183,-0.24782630319840987,-87.16659819619974
2023-02-25,23157.07,22844.156,23254.1,-121.03963503729005,23185.29,-1,-1.471336998588333,-0.4172597520437206,-58.9335607875546
2023-02-26,23554.85,22636.607,23293.7165,-131.72568170398574,23157.07,-1,-2.2475320846937876,1.1210469570195032,-10.686046666695688
2023-02-27,23492.09,22027.84,23306.298000000003,-140.7012984258913,23554.85,0,-6.482784463709167,0.7971750811733276,-8.975616721905567
2023-02-28,23141.57,22163.809,23315.2265,-166.1778183549879,23492.09,-1,-5.654164470892118,-0.744820128597082,-25.476519929096582
2023-03-01,23628.97,22459.902,23406.8575,-146.8084137376523,23141.57,-1,-2.9456413555778616,0.9489206314858922,19.36940461733559
2023-03-02,23465.32,22519.988,23498.863999999998,-141.55971257830288,23628.97,-1,-4.693313837843973,-0.1427473259983889,5.248701159349423
2023-03-03,22354.34,23761.984,23523.4535,-205.5704846156125,23465.32,0,1.2642673315343678,-4.969990907159952,-64.01077203730961
2023-03-04,22346.57,23062.146,23551.605000000003,-238.7633806132779,22354.34,0,3.1663045492508384,-5.116572734639543,-33.1928959976654
2023-03-05,22430.24,21780.062,23584.4185,-244.5205252731436,22346.57,-1,-2.5350982276027136,-4.893817924745519,-5.757144659865702
2023-03-06,22410.0,22498.502,23594.9265,-238.85365518577797,22430.24,-1,0.30433001664270376,-5.021954613844639,5.6668700873656235
2023-03-07,22197.96,22341.338,23488.622,-238.01933279376985,22410.0,-1,-0.3063904925256582,-5.49483916084988,0.8343223920081186
2023-03-08,21705.44,22251.5,23398.007999999998,-257.6147783754214,22197.96,0,0.24119333488302921,-7.2338123826609495,-19.595445581651546
2023-03-09,20362.22,22323.871,23187.6205,-342.69051151491374,21705.44,0,2.8491986052805256,-12.184952311083407,-85.07573313949234
2023-03-10,20150.69,22373.824,22963.557500000003,-391.3453368588153,20362.22,0,9.879100700954996,-12.249267126837832,-48.654825343901564
2023-03-11,20455.73,18178.125,22772.756,-380.7634306618471,20150.69,-1,-9.789069257678019,-10.174552434496736,10.581906196968191
2023-03-12,21997.11,18339.834,22630.5015,-253.83964238654414,20455.73,-1,-10.34378150095352,-2.7988398754662946,126.92378827530297
2023-03-13,24113.48,18325.533,22613.5675,-23.3755006443526,21997.11,-1,-16.6911780541853,6.632799092845472,230.46414174219154
2023-03-14,24670.41,18688.014,22637.9775,160.43787743736826,24113.48,0,-22.4997235078678,8.977977383359441,183.81337808172086
2023-03-15,24285.66,18602.203,22655.250500000002,244.91417157619375,24670.41,0,-24.597105905414622,7.196607691448823,84.4762941388255
2023-03-16,24998.78,23516.8,22745.925,332.20480868694966,24285.66,0,-3.1658979774484197,9.90443343148278,87.29063711075591
2023-03-17,27395.13,23624.059,22957.828,523.3461463220262,24998.78,0,-5.4991539837144,19.328056643685976,191.14133763507658
2023-03-18,26907.49,23870.164,23125.46,584.3168303554178,27395.13,0,-12.867126155269206,16.354399004387382,60.970684033391535
2023-03-19,27972.87,23770.98,23349.499,658.2812185401724,26907.49,0,-11.656641073730777,19.800728914997272,73.96438818475463
2023-03-20,27717.01,23866.207,23578.271,650.6936671120186,27972.87,0,-14.680878182145769,17.55319124120678,-7.587551428153802
2023-03-21,28105.47,26825.357,23802.096,632.0246265036651,27717.01,0,-3.216986890451021,18.07981112251627,-18.669040608353498
2023-03-22,27250.97,26163.863,23991.3785,526.625269731055,28105.47,0,-6.908287670513964,13.586511921355427,-105.39935677261008
2023-03-23,28295.41,26530.145,24288.431999999997,492.37586849318427,27250.97,0,-2.645136920814199,16.497475011972792,-34.24940123787076
2023-03-24,27454.47,25961.908,24543.826999999997,383.0745199778952,28295.41,0,-8.246926964037629,11.858961522178282,-109.30134851528908
2023-03-25,27462.95,27012.93,24795.4625,285.7967178890085,27454.47,0,-1.6082638364535944,10.757966301294033,-97.27780208888669
2023-03-26,27968.05,27317.77,25073.364999999998,232.19624456915903,27462.95,0,-0.528641201145546,11.544860452516053,-53.60047331984947
2023-03-27,27124.91,25850.838,25319.7125,122.21095085790898,27968.05,0,-7.570109855263414,7.129612944854719,-109.98529371125005
2023-03-28,27261.07,24943.305,25597.494,44.86844961814654,27124.91,0,-8.042811248037319,6.498979939208116,-77.34250123976244
2023-03-29,28348.6,23852.777,25996.813000000002,52.652186574523284,27261.07,0,-12.502417022699403,9.046443500593695,7.7837369563767425
2023-03-30,28028.53,22940.531,26390.704999999998,23.433615536294838,28348.6,0,-19.077022322089977,6.206067628735196,-29.218571038228447
2023-03-31,28465.36,29922.43,26791.1865,20.80458026975134,28028.53,1,6.757042511683635,6.248971093534812,-2.6290352665434966
2023-04-01,28452.73,30729.344,27113.9675,6.2482642466802645,28465.36,1,7.9534695854891675,4.9375381894958785,-14.556316023071076
2023-04-02,28171.87,29077.11,27316.887,-32.152827169576085,28452.73,1,2.1944445225466955,3.1298698127645372,-38.40109141625635
2023-04-03,27800.0,27123.58,27473.366499999996,-89.22107597246145,28171.87,0,-3.7210519638028963,1.1889096299865676,-57.068248802885364
2023-04-04,28165.47,24813.334,27667.357,-107.73925636026479,27800.0,0,-10.743402933902878,1.8003635114116654,-18.51818038780334
2023-04-05,28170.01,28774.846,27825.918500000007,-123.91239693171133,28165.47,0,2.163555953886084,1.2365863143025855,-16.173140571446538
2023-04-06,28033.82,29659.123,27857.853000000003,-146.46652763518478,28170.01,0,5.286164424063043,0.6316603077774762,-22.554130703473447
2023-04-07,27906.33,28045.773,27907.794999999995,-170.94877401385793,28033.82,0,0.042639345975683265,-0.005249429415662792,-24.482246378673153
2023-04-08,27938.38,27061.73,27906.070499999994,-184.7850292129417,27906.33,0,-3.026551793983665,0.11577946812686031,-13.83625519908378
2023-04-09,28323.76,24171.375,27936.407999999996,-168.2534064104791,27938.38,0,-13.483262093220869,1.3865490509732055,16.531622802462607
2023-04-10,29637.34,27538.227,28013.001500000002,-73.93536188179473,28323.76,0,-2.773408041517081,5.798516449585018,94.31804452868437
2023-04-11,30200.42,27974.074,28160.474,16.466754014254775,29637.34,0,-5.612061612985511,7.244004486572207,90.40211589604951
2023-04-12,29888.07,28007.574,28240.107,43.76998491065774,30200.42,0,-7.260977765375443,5.835540920577956,27.303230896402965
2023-04-13,30373.84,28054.94,28386.0755,80.92716983456353,29888.07,0,-6.13331856782656,7.002604146529523,37.15718492390579
2023-04-14,30466.93,28574.023,28536.2745,97.06841158919099,30373.84,0,-5.925548309005381,6.765618616403486,16.14124175462746
2023-04-15,30295.09,30241.895,28652.626500000002,82.06266452672867,30466.93,0,-0.7386220690762091,5.7323313798125906,-15.00574706246232
2023-04-16,30304.65,29324.459,28811.6135,59.71070115249836,30295.09,0,-3.203921875211462,5.182064864225678,-22.35196337423031
2023-04-17,29430.27,28888.344,28920.0735,-22.621079952288937,30304.65,0,-4.6735608231740065,1.7641604541565283,-82.3317811047873
2023-04-18,30380.01,28398.201,29021.644,-21.76844585603135,29430.27,0,-3.5068275898420245,4.68052740223813,0.8526340962575887
2023-04-19,28797.1,28639.74,29060.0725,-130.4003199263118,30380.01,-1,-5.7283383567846045,-0.9049271986503127,-108.63187407028045
2023-04-20,28243.65,28836.844,29048.987,-235.96535940344495,28797.1,-1,0.1380130290897398,-2.772341080258666,-105.56503947713315
2023-04-21,27262.84,28361.99,28989.492500000004,-360.80957658885654,28243.65,-1,0.4189976662895856,-5.95613220893744,-124.8442171854116
2023-04-22,27816.85,29059.277,28971.741500000004,-392.4220839119829,27262.84,0,6.589325777321804,-3.986268826815278,-31.61250732312635
2023-04-23,27590.6,29645.574,28961.271500000003,-412.8415428830358,27816.85,0,6.574159974080464,-4.732773904626404,-20.419458971052904
2023-04-24,27510.93,29732.174,28928.544499999996,-414.8796516636926,27590.6,0,7.761969033384563,-4.900400364076376,-2.038108780656785
2023-04-25,28300.79,26804.902,28935.083499999997,-348.8528773538001,27510.93,-1,-2.5663532866755148,-2.1921260396570004,66.02677430989246
2023-04-26,28415.29,27065.02,28954.157,-285.93037673478403,28300.79,-1,-4.366558208269101,-1.861104089474953,62.92250061901609
2023-04-27,29472.77,26486.244,29032.479000000003,-167.4216023892596,28415.29,-1,-6.788760063244123,1.5165463479711718,118.50877434552444
2023-04-28,29311.7,27126.807,29101.145,-97.66828088195257,29472.77,0,-7.95976543560378,0.723528232308386,69.75332150730702
2023-04-29,29230.45,25266.227,29146.479500000005,-56.81398534455167,29311.7,0,-13.801565373212746,0.288098259002415,40.8542955374009
2023-04-30,29233.21,30200.547,29126.272999999997,-30.723876596298794,29230.45,0,3.318788711771455,0.3671496178038355,26.090108748252874
2023-05-01,28068.26,30721.414,29019.665,-89.70585899706163,29233.21,0,5.090799342597001,-3.2784837454188476,-58.98198240076283
2023-05-02,28669.86,29039.914,28958.7545,-85.97589521380695,28068.26,0,3.4617538190824853,-0.9976067858857622,3.729963783254675
2023-05-03,29026.16,29318.758,28891.3705,-58.59334583784198,28669.86,0,2.2633448942548005,0.46653896186752014,27.38254937596497
2023-05-04,28838.16,28296.771,28809.932,-52.423660853475866,29026.16,0,-2.5128660340361932,0.09798009936295288,6.169684984366114
2023-05-05,29505.61,29374.832,28770.457999999995,-5.160908749966069,28838.16,0,1.8609787560995577,2.5552321760050036,47.2627521035098
2023-05-06,28848.2,29526.996,28697.635500000004,-19.1571171749286,29505.61,0,0.07248144929048889,0.5246582074679872,-13.996208424962532
2023-05-07,28430.1,29639.7,28647.627,-55.49968282924769,28848.2,0,2.743669340721429,-0.7593194368245644,-36.34256565431909
2023-05-08,27668.79,28916.328,28512.066000000003,-125.71974032446587,28430.1,0,1.7102582298338787,-2.957610998796094,-70.22005749521819
2023-05-09,27628.27,29450.117,28453.624500000005,-167.2068273206136,27668.79,0,6.43803790299467,-2.9007007525526483,-41.487086996147724
2023-05-10,27598.75,27875.51,28421.379500000003,-187.42673091966165,27628.27,0,0.8948796490876901,-2.8944038413054605,-20.219903599048052
2023-05-11,26968.62,27334.182,28406.6685,-231.15915885398246,27598.75,-1,-0.9586244281896824,-5.062362381565444,-43.73242793432081
2023-05-12,26795.01,25962.885,28355.576499999996,-257.6753570238777,26968.62,-1,-3.7292795640822516,-5.503561177816284,-26.51619816989526
2023-05-13,26775.28,24573.068,28314.8105,-261.60317661792925,26795.01,-1,-8.292371007232312,-5.437191606844767,-3.9278195940515275
2023-05-14,26917.62,23165.314,28285.145,-240.2279600053995,26775.28,-1,-13.482456754420491,-4.8347816495195675,21.375216612529755
2023-05-15,27162.14,26748.51,28228.2125,-197.0453976727008,26917.62,-1,-0.6282510651944674,-3.7766206414947523,43.182562332698694
2023-05-16,27033.84,26883.893,28159.139999999996,-165.80150989938443,27162.14,-1,-1.024394329294376,-3.9962157935220883,31.243887773316374
2023-05-17,27405.61,24529.668,28055.782,-111.38721394992808,27033.84,-1,-9.263101473005685,-2.317426047864211,54.414295949456346
2023-05-18,26821.28,24296.639,27931.261,-106.06483673425896,27405.61,-1,-11.344288005722188,-3.9739738209456412,5.322377215669121
2023-05-19,26880.26,23481.463,27813.751500000002,-90.49504639270651,26821.28,-1,-12.452116787025075,-3.3562229100954024,15.569790341552448
2023-05-20,27102.43,25994.588,27707.2125,-58.69790909239191,26880.26,-1,-3.294879251074947,-2.1827619793943582,31.797137300314603
2023-05-21,26747.78,26035.453,27641.1885,-55.0741640089571,27102.43,-1,-3.9368310332320764,-3.232163841290693,3.6237450834348124
2023-05-22,26849.27,26011.713,27550.158999999996,-40.06360372905823,26747.78,-1,-2.75188112574202,-2.5440470234672534,15.010560279898868
2023-05-23,27219.61,25396.953,27459.8315,-1.4541946826251433,26849.27,-1,-5.409148461019612,-0.8748105391688207,38.609409046433086
2023-05-24,26329.01,24852.16,27334.374,-30.544384046647167,27219.61,-1,-8.697589141615184,-3.6780209416904937,-29.090189364022024
2023-05-25,26473.79,26638.574,27182.783000000003,-34.39726474618095,26329.01,0,1.175753356278879,-2.6082428719679003,-3.8528806995337845
2023-05-26,26705.92,26276.256,27075.669,-16.57704367119834,26473.79,-1,-0.7461498358376374,-1.3656135329472503,17.820221074982612
2023-05-27,26854.27,26159.918,26996.877500000002,8.584430844100211,26705.92,-1,-2.0444981159607996,-0.5282370155585655,25.16147451529855
2023-05-28,28065.0,25031.453,27016.688000000002,104.80729875288904,26854.27,-1,-6.787810188100442,3.8802387620569845,96.22286790878883
2023-05-29,27736.4,24664.71,27022.0945,142.05058813757978,28065.0,0,-12.11576362907536,2.6434127820846833,37.24328938469074
2023-05-30,27694.4,28043.771,27026.877,158.34064598241275,27736.4,1,1.1081881007448642,2.469848810130749,16.290057844832972
2023-05-31,27210.35,27640.574,27038.9635,132.07218382753638,27694.4,1,-0.19435619204605065,0.6338501104156484,-26.268462154876374
2023-06-01,26817.93,27266.43,27040.1095,86.05249533832949,27210.35,1,0.20609689879035534,-0.8216664211363434,-46.019688489206885
2023-06-02,27242.59,27451.43,27063.475,82.01355465077017,26817.93,1,2.3622244054630603,0.6618329686043702,-4.038940687559318
2023-06-03,27069.22,27598.686,27071.055,66.14725835435985,27242.59,0,1.307128091987582,-0.006778457655230381,-15.866296296410326
2023-06-04,27115.21,27368.96,27068.7085,57.547821918984,27069.22,1,1.1073127984478268,0.17179061202716223,-8.59943643537585
2023-06-05,25728.2,27312.412,27003.4265,-37.627966247722014,27115.21,1,0.7272748740467099,-4.722461795728037,-95.17578816670601
2023-06-06,27230.08,27549.248,26994.65,2.369110241906867,25728.2,1,7.078023518454455,0.8721357750517242,39.99707648962888
2023-06-07,26339.34,27407.81,26970.552999999996,-27.703611761939953,27230.08,0,0.6526993195576298,-2.340378411966548,-30.07272200384682
2023-06-08,26498.61,27630.09,26951.470500000003,-33.04593688340168,26339.34,0,4.900463883111724,-1.6802812299239942,-5.342325121461727
2023-06-09,26477.81,26651.07,26920.239499999996,-34.024003184735136,26498.61,0,0.5753521128089338,-1.6434827780785337,-0.9780663013334561
2023-06-10,25841.21,26158.969,26874.911,-71.43673454897356,26477.81,-1,-1.2041828610447816,-3.846342039979224,-37.412731364238425
2023-06-11,25925.55,26093.326,26828.725,-83.55324559724829,25841.21,-1,0.97563609395613,-3.366447716020792,-12.116511048274731
2023-06-12,25905.19,25690.602,26763.003999999997,-85.67068294387889,25925.55,-1,-0.9062428280210035,-3.2052231505850335,-2.117437346630595
2023-06-13,25934.25,25867.908,26743.265999999996,-78.0607652822581,25905.19,-1,-0.14391632284881406,-3.025120417229504,7.609917661620784
2023-06-14,25128.6,26019.197,26676.0065,-117.84418030136135,25934.25,0,0.32754857235123436,-5.800742701123577,-39.783415019103245
2023-06-15,25598.49,26306.586,26620.635000000002,-103.57673209871439,25128.6,0,4.687829554770268,-3.839671743367506,14.26744820264696
2023-06-16,26345.0,26612.518,26595.171500000004,-38.28985868942118,25598.49,0,3.9612788806097483,-0.9406651128382608,65.28687340929321
2023-06-17,26516.99,26238.842,26517.771,18.975302360001365,26345.0,0,-0.4029538930537104,-0.002945194752602093,57.265161049422545
2023-06-18,26339.97,26225.777,26447.9495,45.894423738854584,26516.99,0,-1.0982115852892864,-0.40827172632040015,26.91912137885322
2023-06-19,26844.35,26419.219,26405.447000000004,95.76284397842647,26339.97,1,0.3008687937002162,1.6621684154788015,49.86842023957189
2023-06-20,28307.99,26308.225,26460.328999999998,218.4007244509607,26844.35,1,-1.9971628690022243,6.982758982324082,122.63788047253422
2023-06-21,29993.89,26298.508,26619.127,393.90654700609554,28307.99,1,-7.098639597866191,12.677962729581624,175.50582255513484
2023-06-22,29884.92,26306.77,26751.2435,477.9064632522725,29993.89,0,-12.2929052175293,11.714133961660503,83.99991624617695
2023-06-23,30688.5,26363.217,26932.2075,557.2963993915977,29884.92,0,-11.784214925537691,13.947213573191132,79.38993613932519
2023-06-24,30527.43,30665.232,27102.8185,566.8032370466415,30688.5,0,-0.07581855784740213,12.635628652422252,9.506837655043796
2023-06-25,30462.66,30538.67,27339.541500000003,536.864120089058,30527.43,0,0.03681908983166847,11.423448707067733,-29.93911695758345
2023-06-26,30267.99,29697.8,27491.436999999998,474.25696450232795,30462.66,0,-2.5108090322709833,10.099701226967523,-62.60715558673007
2023-06-27,30692.44,28762.7,27709.091999999997,432.8859502055793,30267.99,0,-4.973210250333773,10.766675429133521,-41.371014296748626
2023-06-28,30077.41,28340.176,27888.032,339.6702549592337,30692.44,0,-7.663985720099148,7.850600573034342,-93.2156952463456
2023-06-29,30447.31,29661.979,28086.507,280.9275932731514,30077.41,0,-1.381207638473525,8.405470285073184,-58.74266168608233
2023-06-30,30472.0,30164.283,28318.046499999997,224.20056202485625,30447.31,0,-0.9295625684994875,7.606292686891392,-56.727031248295134
2023-07-01,30585.9,30235.008,28551.064000000002,176.89278895793814,30472.0,0,-0.7777375541480703,7.127005844685855,-47.30777306691812
2023-07-02,30617.03,30435.963,28786.656,132.2834135923498,30585.9,0,-0.4902164375578336,6.358411341699431,-44.609375365588335
2023-07-03,31156.2,29247.475,29047.7535,123.82426406763716,30617.03,0,-4.473181724762326,7.258552713895765,-8.459149524712643
2023-07-04,30766.51,30711.795,29329.648999999998,78.90692259133277,31156.2,0,-1.4263776651998663,4.8990050989018,-44.91734147630439
2023-07-05,30504.81,29773.062,29574.965000000004,21.481111929105168,30766.51,0,-3.228989898431764,3.144027389381517,-57.425810662227605
2023-07-06,29895.43,29975.87,29752.4865,-63.01149415836494,30504.81,0,-1.7339588719778989,0.4804421976630465,-84.49260608747011
2023-07-07,30344.7,29967.848,29943.872000000003,-92.33561547722627,29895.43,0,0.2422365433445838,1.3385977605033768,-29.32412131886133
2023-07-08,30284.63,29720.824,30141.105000000003,-117.83841778257624,30344.7,0,-2.0559629235088854,0.4761769682962778,-25.502802305349974
2023-07-09,30160.71,30365.693,30306.923,-143.41537256764775,30284.63,0,0.26767161882116103,-0.4824409261210706,-25.576954785071507
2023-07-10,30411.57,29442.918,30412.101999999995,-143.4535617670772,30160.71,-1,-2.3798910279300425,-0.001749303616026296,-0.03818919942943921
2023-07-11,30622.1,29701.203,30443.5125,-129.7293522214227,30411.57,-1,-2.335844137609468,0.586619234557766,13.724209545654503
2023-07-12,30380.0,29498.912,30468.266500000005,-136.68869324541197,30622.1,-1,-3.667899623556185,-0.2896997766512419,-6.959341023989282
2023-07-13,31454.23,29443.291,30506.553000000004,-71.9306163089534,30380.0,0,-3.0833080460006586,3.1064702721411885,64.75807693645856
2023-07-14,30312.01,31856.922,30495.782,-106.90089313684166,31454.23,0,1.2802471241546858,-0.6026144861607446,-34.970276827888256
2023-07-15,30289.52,31631.734,30487.125,-130.8435688821461,30312.01,0,4.353800275864258,-0.6481588539424414,-23.942675745304427
2023-07-16,30231.99,31416.664,30485.325,-148.55719526281587,30289.52,0,3.7212344814312,-0.83100639406009,-17.71362638066978
2023-07-17,30138.0,30544.852,30457.603000000003,-163.4261967379773,30231.99,0,1.0348692312348555,-1.049337336230966,-14.86900147516144
2023-07-18,29859.13,28624.41,30446.689000000002,-187.15891313123734,30138.0,-1,-5.022197371258875,-1.9297960444894389,-23.732716393260034
2023-07-19,29909.21,29422.01,30419.784000000003,-193.78373257247858,29859.13,-1,-1.4639416298298074,-1.6784274339357708,-6.624819441241243
2023-07-20,29800.0,30084.805,30386.184,-199.06221300169926,29909.21,-1,0.58709236218543,-1.929113573458257,-5.278480429220679
2023-07-21,29901.72,30893.51,30351.975,-189.30536467608994,29800.0,0,3.669495857802013,-1.4834454759533684,9.756848325609326
2023-07-22,29794.0,29931.54,30310.8235,-183.57063997266886,29901.72,0,0.09972356941339439,-1.7050790454439442,5.7347247034210795
2023-07-23,30083.75,30399.305,30257.201,-154.87352672066135,29794.0,0,2.031632837148419,-0.573255272356491,28.69711325200751
2023-07-24,29176.5,30120.695,30177.7005,-189.3251387728438,30083.75,0,0.12280820210246396,-3.3176832012101087,-34.45161205218244
2023-07-25,29228.91,30294.316,30113.9055,-199.87636847216243,29176.5,0,3.831221723818827,-2.938826715784178,-10.55122969931864
2023-07-26,29351.96,30453.906,30086.732,-189.93055019747325,29228.91,0,4.191043217143575,-2.442179496264336,9.945818274689174
2023-07-27,29222.78,30064.111,30030.636,-183.32279477696218,29351.96,0,2.4262479511589716,-2.6901061968850737,6.607755420511069
2023-07-28,29314.14,30057.377,29982.1115,-164.66148463232915,29222.78,0,2.8559806874123583,-2.2279001263803573,18.661310144633035
2023-07-29,29352.9,29632.613,29941.721,-142.4050089026518,29314.14,0,1.0864152291351565,-1.96655696578029,22.256475729677362
2023-07-30,29281.09,30735.84,29885.197000000004,-125.79362353649516,29352.9,0,4.711424914574023,-2.0214255238136913,16.611385366156625
2023-07-31,29232.25,30412.496,29815.7045,-111.83866686515185,29281.09,0,3.863948007912273,-1.956869742923565,13.95495667134331
2023-08-01,29705.99,30282.371,29782.003999999997,-66.67551242207185,29232.25,0,3.5923375509924824,-0.25523467124641974,45.16315444308
2023-08-02,29186.01,29793.17,29668.593,-67.58411331242178,29705.99,0,0.2934759012407881,-1.626578651707556,-0.9086008903499305
2023-08-03,29193.64,29431.932,29612.6745,-63.497092055536996,29186.01,0,0.8426010976663189,-1.415051180196512,4.087021256884782
2023-08-04,29113.99,29076.803,29553.897999999997,-61.91844300689263,29193.64,-1,-0.40021479207457317,-1.488494005088587,1.5786490486443654
2023-08-05,29072.13,29609.188,29495.905,-59.441954282752704,29113.99,-1,1.7008919079796287,-1.4367248606204754,2.4764887241399265
2023-08-06,29088.42,29490.133,29443.425999999996,-52.68606128650717,29072.13,-1,1.4378128210764018,-1.2057224590643685,6.755892996245535
2023-08-07,29211.06,29657.402,29411.0225,-36.694984934809014,29088.42,0,1.9560441706699843,-0.6798896570154873,15.991076351698155
2023-08-08,29770.42,29279.07,29404.083000000002,12.200332218237122,29211.06,1,0.23282384309230372,1.2458711941467309,48.895317153046136
2023-08-09,29581.99,29472.906,29393.182500000003,31.406198872446765,29770.42,1,-0.9993602710341282,0.6423513343612893,19.205866654209643
2023-08-10,29455.75,29506.377,29370.884000000002,34.89372930078588,29581.99,1,-0.2556050045145766,0.288946018785128,3.487530428339113
2023-08-11,29426.03,29182.717,29352.4855,34.42664003393307,29455.75,0,-0.926926671787342,0.2505562944575851,-0.4670892668528097
2023-08-12,29430.17,28979.762,29319.8065,33.58775816747814,29426.03,0,-1.5165765862741214,0.37641278430674324,-0.8388818664549262
2023-08-13,29303.84,29272.596,29326.173499999997,24.156975582779367,29430.17,0,-0.5354175557769401,-0.07615552025564128,-9.430782584698775
2023-08-14,29430.93,29378.09,29336.2745,25.95294701824811,29303.84,1,0.25337922862669143,0.32265685269614164,1.7959714354687435
2023-08-15,29200.0,28875.484,29328.6765,11.784330568845519,29430.93,1,-1.8872853321318772,-0.4387395387582572,-14.168616449402592
2023-08-16,28730.51,29450.803,29304.063000000002,-26.899038747958684,29200.0,1,0.8589134738869862,-1.9572473619102015,-38.6833693168042
2023-08-17,26623.41,29972.459,29169.5265,-183.3670701855661,28730.51,0,4.322753004993652,-8.72868642554071,-156.4680314376074
2023-08-18,26054.0,27039.656,29004.5815,-306.90821909318896,26623.41,0,1.563459564345815,-10.17281183664036,-123.54114890762287
2023-08-19,26100.01,26585.752,28845.527499999997,-363.3610321837982,26054.0,0,2.0409609009173253,-9.518000667521155,-56.452813090609254
2023-08-20,26189.99,26851.404,28693.414500000003,-371.170590384502,26100.01,0,2.8789042489830527,-8.72473542666036,-7.809558200703805
2023-08-21,26126.92,26715.521,28514.461,-357.003429442812,26189.99,0,2.0066120085383705,-8.373088307718673,14.167160941690042
2023-08-22,26056.0,26670.355,28357.960499999997,-329.49163832005615,26126.92,0,2.0799829017350757,-8.117510777970079,27.511791122755824
2023-08-23,26432.72,26346.262,28219.914499999995,-265.7395879556177,26056.0,0,1.113991858880872,-6.333096792337887,63.752050364438446
2023-08-24,26180.05,26167.963,28073.2175,-222.17535817001533,26432.72,-1,-1.0016264288162593,-6.743678383142224,43.56422978560238
2023-08-25,26060.01,26094.002,27922.6115,-184.57765279712135,26180.05,-1,-0.32867793176483345,-6.670584877062809,37.597705372893984
2023-08-26,26017.37,26250.25,27769.059,-147.33040619181133,26060.01,-1,0.7300073944714589,-6.308060348750032,37.24724660531001
2023-08-27,26101.77,26285.082,27613.5945,-103.81219075872627,26017.37,0,1.0289742247198739,-5.4749283002616655,43.51821543308506
2023-08-28,26120.0,25931.008,27431.0735,-62.63095614972099,26101.77,-1,-0.654216888356615,-4.779519474511265,41.18123460900529
2023-08-29,27716.34,26220.89,27337.791000000005,75.78075785192266,26120.0,-1,0.38625813552833077,1.384709539991711,138.41171400164365
2023-08-30,27299.99,26454.994,27230.003000000004,139.2609884417983,27716.34,-1,-4.550910615813632,0.25702163896198377,63.480230589875646
2023-08-31,25940.78,26371.256,27055.740499999996,91.95935184023142,27299.99,0,-3.40195780520433,-4.120975731564241,-47.301636601566884
2023-09-01,25805.05,26273.9,26874.484500000002,55.5714584007153,25940.78,0,1.2841571865803618,-3.9793674926118223,-36.38789343951612
2023-09-02,25869.51,25831.54,26702.768,40.580600768083855,25805.05,0,0.10265069240323398,-3.120492976608274,-14.990857632631446
2023-09-03,25971.21,25373.832,26529.782,42.070914580873705,25869.51,0,-1.916070187452327,-2.1054526569423,1.49031381278985
2023-09-04,25826.02,25898.291,26361.083000000002,37.96135150525777,25971.21,0,-0.28076852936385766,-2.029745894734302,-4.109563075615938
2023-09-05,25792.1,26134.312,26214.1625,37.57179402491238,25826.02,0,1.1937282632012194,-1.6100552516220956,-0.3895574803453883
2023-09-06,25759.95,26144.682,26170.9895,39.56160877640946,25792.1,0,1.3670140881316428,-1.5705921245354477,1.9898147514970788
2023-09-07,26255.0,25884.623,26181.0395,76.49296202522191,25759.95,1,0.4839801586377274,0.2824964226496853,36.93135324881246
2023-09-08,25910.5,25708.803,26171.564,79.63652951907977,26255.0,1,-2.080355229956199,-0.9975101220546028,3.1435674938578586
2023-09-09,25901.61,25832.053,26157.145,82.67411487164713,25910.5,1,-0.30276245392794426,-0.9769223667185386,3.037585352567362
2023-09-10,25841.61,25748.89,26142.879500000003,82.03588559894763,25901.61,0,-0.5896134448785252,-1.152396009016536,-0.6382292726995047
2023-09-11,25162.52,25737.182,26098.205500000004,39.43133009428618,25841.61,0,-0.40410933906595053,-3.58524841870834,-42.60455550466145
2023-09-12,25840.1,24961.303,26068.5745,59.2461335246054,25162.52,0,-0.7996705640969205,-0.8764364925285817,19.814803430319216
2023-09-13,26222.0,24709.95,26070.672,98.14081637303832,25840.1,0,-4.373631608430303,0.5804530086527933,38.89468284843292
2023-09-14,26522.73,25490.918,26093.807999999997,141.55171191228504,26222.0,0,-2.788048322973076,1.6437692804361952,43.410895539246724
2023-09-15,26600.0,26251.734,26122.9395,170.93429105416874,26522.73,0,-1.0217486095888302,1.8262129344211036,29.382579141883696
2023-09-16,26559.67,25872.893,26145.834499999997,182.0893588100921,26600.0,0,-2.7334865484022557,1.5827970608473068,11.155067755923369
2023-09-17,26527.51,26208.139,26166.21,181.34138030200012,26559.67,0,-1.3235530717249058,1.380788429046466,-0.7479785080919896
2023-09-18,26762.51,26124.982,26118.5185,189.80822664355134,26527.51,0,-1.5173967633034477,2.4656509518332754,8.466846341551218
2023-09-19,27210.26,26130.28,26114.032,216.7514972384372,26762.51,0,-2.3623744675854335,4.1978504123759945,26.94327059488586
2023-09-20,27125.0,26352.973,26173.243,219.35354834329286,27210.26,0,-3.1506032788734784,3.6363739869759417,2.6020511048556614
2023-09-21,26568.08,26557.37,26211.394500000002,175.96240039740184,27125.0,0,-2.0926483294930875,1.3608032186154748,-43.39114794589102
2023-09-22,26580.14,26926.152,26246.926,141.92816245356775,26568.08,1,1.3477539353615249,1.2695353352998364,-34.034237943834086
2023-09-23,26575.96,26974.186,26277.163500000002,114.18290356573623,26580.14,1,1.4824810812697022,1.1370957143072034,-27.745258887831525
2023-09-24,26248.38,26693.066,26298.2815,70.93502881751678,26575.96,1,0.4406478872259022,-0.1897519425366252,-43.247874748219445
2023-09-25,26304.81,26376.182,26323.916999999998,44.582485644875376,26248.38,0,0.48689344113807775,-0.07258418266550656,-26.352543172641404
2023-09-26,26221.67,27035.727,26347.003000000004,21.1924090035384,26304.81,0,2.7786422426164594,-0.4757011641893614,-23.390076641336975
2023-09-27,26372.99,25893.104,26352.902500000004,15.799683131105311,26221.67,0,-1.2530341674462315,0.07622500026324544,-5.39272587243309
2023-09-28,27021.39,25665.324,26408.447000000004,53.65651731196457,26372.99,0,-2.683297499638841,2.3210111522271473,37.85683418085926
2023-09-29,26906.96,25751.24,26458.714499999995,67.83249750121999,27021.39,0,-4.700534523298022,1.6941318143026363,14.17598018925542
2023-09-30,26962.56,26086.94,26514.762,77.11896227271197,26906.96,0,-3.047614992087546,1.6888629813083085,9.286464771491978
2023-10-01,27992.57,26171.324,26656.264499999997,144.86276176351345,26962.56,0,-2.934572166923324,5.013101141759763,67.74379949080148
2023-10-02,27494.51,28202.77,26738.984999999997,147.84721515233946,27992.57,1,0.7509118714358857,2.8255560186746114,2.9844533888260116
2023-10-03,27426.46,28165.773,26799.208000000002,137.1905749317355,27494.51,1,2.441445355818313,2.340561706151901,-10.656640220603947
2023-10-04,27778.57,28560.424,26862.0,145.04354475682325,27426.46,1,4.134561398463385,3.4121435485071836,7.85296982508774
2023-10-05,27410.39,28663.768,26902.519500000002,117.7885052641474,27778.57,1,3.1866203988362263,1.8878176075664481,-27.25503949267585
2023-10-06,27931.09,28323.033,26971.0905,126.41498107787385,27410.39,1,3.3295520535278795,3.5593647946863767,8.626475813726444
2023-10-07,27956.67,28054.902,27042.548499999997,125.19355440605236,27931.09,1,0.44327788049087896,3.3803082575593835,-1.2214266718214901
2023-10-08,27917.05,28200.168,27100.2755,113.41742933085902,27956.67,1,0.8709834495667822,3.013897404843724,-11.776125075193335
2023-10-09,27590.12,28143.842,27119.2685,77.04919345560063,27917.05,1,0.8123773710868474,1.7362249280433235,-36.36823587525839
2023-10-10,27390.12,27904.46,27132.5245,35.098347350503445,27590.12,1,1.1393242852876357,0.9493974657610628,-41.950846105097185
2023-10-11,26875.52,27545.314,27147.896499999995,-28.30947129052697,27390.12,0,0.5666074231328706,-1.0033060940835505,-63.40781864103042
2023-10-12,26759.63,27504.646,27156.871000000003,-76.33289824460027,26875.52,0,2.340890462305472,-1.462764248502715,-48.0234269540733
2023-10-13,26862.0,27605.098,27171.173,-98.09339771809772,26759.63,0,3.1594893361754215,-1.1378713756671412,-21.760499473497447
2023-10-14,26852.48,27280.53,27201.377999999997,-109.16906541320799,26862.0,0,1.5580719859839178,-1.2826482540700601,-11.075667695110269
2023-10-15,27154.15,27271.049,27243.845,-92.85884556084125,26852.48,0,1.5587715850640254,-0.32923032707020505,16.310219852366743
2023-10-16,28500.78,27253.412,27357.8005,6.659859452809343,27154.15,1,0.3655504200094591,4.177892517346186,99.51870501365059
2023-10-17,28395.91,28823.074,27458.946500000002,60.46857778745601,28500.78,1,1.1308259589737584,3.412233968990755,53.80871833464667
2023-10-18,28320.0,28526.805,27523.877,84.51675951535685,28395.91,1,0.4609631721610617,2.892481317221406,24.04818172790084
2023-10-19,28713.71,28583.727,27614.214500000002,118.42838852277106,28320.0,1,0.9312378619350282,3.9816287368956207,33.911629007414206
2023-10-20,29669.04,28162.627,27749.538500000002,192.3158856696104,28713.71,0,-1.9192331707571022,6.917237560545369,73.88749714683934
2023-10-21,29909.8,28118.086,27845.4,241.34566297210722,29669.04,0,-5.227516840787571,7.413791865083633,49.029777302496825
2023-10-22,29992.46,29389.717,27970.297499999997,261.58523287147364,29909.8,0,-1.738838785698999,7.229678197023119,20.239569899366415
2023-10-23,33069.99,29382.238,28252.474,453.24806800977524,29992.46,0,-2.0345837545503076,17.051660679344398,191.6628351383016
2023-10-24,33922.73,29200.352,28559.681999999993,599.2944579389958,33069.99,0,-11.701359563459192,18.778388358805994,146.0463899292206
2023-10-25,34496.05,29322.248,28913.965000000004,689.895505739883,33922.73,0,-13.561650118150876,19.305844079149985,90.60104780088716
2023-10-26,34151.66,29023.135,29224.9935,680.8565109414408,34496.05,0,-15.865338884814356,16.857716324214078,-9.038994798442218
2023-10-27,33892.02,33047.977,29521.761000000006,613.6956441307116,34151.66,0,-3.2317124189570974,14.80351731050187,-67.1608668107292
2023-10-28,34081.0,30030.266,29829.9585,540.8569413977903,33892.02,0,-11.394288021192,14.250913222021408,-72.83870273292132
2023-10-29,34525.89,28563.48,30176.746999999996,483.37666223833,34081.0,0,-16.18942968589537,14.4122327035449,-57.480279159460224
2023-10-30,34474.73,27316.094,30530.9775,405.77749132075974,34525.89,0,-20.882289348659803,12.917216620398092,-77.59917091757029
2023-10-31,34639.77,27615.021,30919.190000000002,332.5085955172792,34474.73,0,-19.897787497175475,12.033238904382664,-73.26889580348052
2023-11-01,35421.43,32929.12,31352.28,304.3881023675517,34639.77,0,-4.938395682910126,12.978800903793925,-28.12049314972751
2023-11-02,34941.59,32406.668,31756.259499999996,224.84013108645036,35421.43,0,-8.511124568516856,10.03055948702019,-79.54797128110135
2023-11-03,34716.78,31294.996,32149.4745,132.9914115939523,34941.59,0,-10.436256353102412,7.985528659263151,-91.84871949249805
2023-11-04,35062.07,30226.84,32544.870499999997,74.32701889028431,34716.78,0,-12.933054725265416,7.734550672125129,-58.664392703668
2023-11-05,35011.88,31198.318,32870.4255,14.12918773698766,35062.07,0,-11.019747666424145,6.514836566383968,-60.19783115329665
2023-11-06,35046.09,34564.38,33202.9345,-38.52009559833118,35011.88,0,-1.2781407160940728,5.551182531772887,-52.64928333531884
2023-11-07,35399.12,33268.145,33556.8905,-63.24399030172526,35046.09,0,-5.073163564751437,5.489869509810514,-24.72389470339408
2023-11-08,35624.72,32247.758,33902.441,-77.15686405410793,35399.12,0,-8.902374373995745,5.08010322914507,-13.912873752382666
2023-11-09,36701.09,31093.986,34254.0435,-29.09425354007385,35624.72,0,-12.717948862124393,7.143817926196061,48.06261051403408
2023-11-10,37301.63,32018.648,34623.634999999995,24.993821099273646,36701.09,0,-12.75831743008177,7.734586504276638,54.0880746393475
2023-11-11,37130.0,37733.547,34980.512,30.68810222672505,37301.63,1,1.1579034883998438,6.144815719106677,5.694281127451404
2023-11-12,37064.13,37154.734,35180.219,12.430999231261694,37130.0,1,0.06661560732561271,5.3550291997898025,-18.257102995463356
2023-11-13,36462.93,36549.668,35307.22900000001,-54.07314254286575,37064.13,1,-1.3880321249952376,3.27327018498108,-66.50414177412745
2023-11-14,35551.19,36108.227,35359.986,-167.02603021051482,36462.93,0,-0.9727782092662337,0.5407355082097747,-112.95288766764907
2023-11-15,37858.2,34740.023,35545.313,-97.37712340330381,35551.19,0,-2.2816861053033732,6.506869133491651,69.648906807211
2023-11-16,36163.51,36749.383,35658.8875,-172.08526332560518,37858.2,0,-2.928869274027812,1.4151380914505676,-74.70813992230137
2023-11-17,36613.92,36488.48,35785.5335,-196.06979155349381,36163.51,0,0.8986142903440455,2.3148641894636017,-23.98452822788863
2023-11-18,36568.1,36332.914,35887.644,-218.22579064917159,36613.92,0,-0.767483890006856,1.896073200012791,-22.15599909567777
2023-11-19,37359.86,34597.92,36031.900499999996,-184.12446944580256,36568.1,0,-5.387696175081556,3.6855105658387477,34.101321203369025
2023-11-20,37448.78,31228.705,36172.351,-160.98374729882562,37359.86,0,-16.411075742454603,3.528742159999488,23.14072214697694
2023-11-21,35741.65,37571.027,36188.362,-260.1787917674433,37448.78,0,0.3264387885266254,-1.2344079016342313,-99.19504446861765
2023-11-22,37408.34,37426.027,36311.6995,-214.9492459334772,35741.65,0,4.712645733339111,3.020074838413977,45.229545833966085
2023-11-23,37294.28,36484.2,36440.5745,-194.72156443007793,37408.34,0,-2.470413766689451,2.3427333726585355,20.227681503399253
2023-11-24,37713.57,36439.594,36573.14949999999,-156.74397478094056,37294.28,0,-2.2917354886593837,3.118190573114322,37.97758964913737
2023-11-25,37780.67,36643.277,36711.589,-131.75062637868132,37713.57,0,-2.837951051173357,2.912107672593519,24.993348402259244
2023-11-26,37447.43,36943.9,36831.656,-141.45421867104278,37780.67,0,-2.214813984241143,1.6718607493510407,-9.703592292361463
2023-11-27,37242.7,37755.973,36923.835,-163.8728921021484,37447.43,0,0.823935464329594,0.8635749780595595,-22.418673431105617
2023-11-28,37818.87,38000.805,37033.542499999996,-142.8771950082171,37242.7,0,2.035579288021553,2.120584332433244,20.995697093931312
2023-11-29,37854.64,38227.867,37091.22,-129.93226017928237,37818.87,0,1.0814632682044634,2.058222943327284,12.94493482893472
2023-11-30,37723.96,36589.78,37112.3365,-133.03829028199084,37854.64,0,-3.341357228598659,1.6480328582922865,-3.1060301027084734
2023-12-01,38682.52,37431.098,37189.9625,-76.2259577033517,37723.96,0,-0.7763298014047283,4.013334243077001,56.81233257863914
2023-12-02,39450.35,37207.11,37309.273499999996,3.1656387972668654,38682.52,0,-3.814153330755072,5.738724716791934,79.39159650061856
2023-12-03,39972.26,36972.652,37484.74,76.84638679697946,39450.35,0,-6.280546703007701,6.636087111715339,73.6807479997126
2023-12-04,41991.1,37007.137,37806.735499999995,238.4406460706805,39972.26,0,-7.417952553220664,11.067775211641862,161.59425927370103
2023-12-05,44073.32,37301.113,38117.4915,450.16766201898486,41991.1,0,-11.16900180931197,15.624922484733823,211.72701594830437
2023-12-06,43762.69,43718.39,38497.4505,528.4857185523274,44073.32,0,-0.8053157216202448,13.676852445072962,78.31805653334254
2023-12-07,43273.14,41993.35,38830.4115,506.4572796829673,43762.69,0,-4.043029433291241,11.441363427219917,-22.028438869360116
2023-12-08,44170.99,40828.043,39210.556,510.0746768901183,43273.14,0,-5.650380423629993,12.650761697946852,3.6173972071510434
2023-12-09,43713.6,39605.473,39528.243,441.92594329017675,44170.99,0,-10.336008642210642,10.588269759422387,-68.14873359994158
2023-12-10,43789.51,38120.23,39845.2795,365.3947799638804,43713.6,0,-12.795490490945607,9.89886518426858,-76.53116332629634
2023-12-11,41253.4,42395.258,40120.867,120.09573926273401,43789.51,0,-3.183986729926875,2.8228029070259204,-245.2990407011464
2023-12-12,41492.39,41089.434,40325.0695,-41.29807997109401,41253.4,0,-0.39746155771403435,2.8947761639939684,-161.39381923382803
2023-12-13,42869.03,41864.58,40603.807,-68.94490928843243,41492.39,0,0.8970033420586295,5.578843875403107,-27.646829317338415
2023-12-14,43022.26,40085.81,40869.241500000004,-89.23045265564087,42869.03,0,-6.492382510754265,5.268065716365198,-20.285543367208447
2023-12-15,41940.3,39494.625,41077.223,-182.46224881739545,43022.26,0,-8.199557624355396,2.101108441532196,-93.23179616175457
2023-12-16,42278.03,42758.188,41318.753,-225.51081069531233,41940.3,0,1.950123151241162,2.3216504137963745,-43.04856187791688
2023-12-17,41374.65,42359.586,41525.3505,-313.53957277392647,42278.03,0,0.1929038261716574,-0.3629120481475503,-88.02876207861414
2023-12-18,42657.8,41528.066,41767.297000000006,-284.8925831821366,41374.65,0,0.3707980762374994,2.1320580070096393,28.64698959178986
2023-12-19,42275.99,41801.33,41988.3645,-290.22174508452053,42657.8,0,-2.007773197398841,0.6850123919449033,-5.32916190238393
2023-12-20,43668.93,41643.79,42285.613,-202.64526411979523,42275.99,0,-1.4954136792538697,3.2713656060750567,87.5764809647253
2023-12-21,43861.8,44928.586,42544.577000000005,-137.55202420262913,43668.93,0,2.8845587411919635,3.0961008261993017,65.0932399171661
2023-12-22,43969.04,45207.254,42770.5115,-95.11433706488788,43861.8,0,3.0674844768112504,2.802230924921252,42.43768713774125
2023-12-23,43702.16,44840.867,42957.0065,-92.76004475663785,43969.04,0,1.9828206108207027,1.7346495035681788,2.354292308250024
2023-12-24,42991.5,42831.434,43007.0265,-143.76224761977892,43702.16,-1,-1.9924104580872053,-0.03610224017696258,-51.002202863141065
2023-12-25,43576.13,43258.457,42982.167,-142.54360320920796,42991.5,-1,0.6209530517660468,1.3818823978790928,1.2186444105709597
2023-12-26,42508.93,42515.758,42919.47900000001,-213.74887268573275,43576.13,-1,-2.433378520534057,-0.9565563458960121,-71.20526947652479
2023-12-27,43428.85,43164.953,42927.264500000005,-199.31481737206855,42508.93,0,1.543259557462396,1.1684543747249345,14.434055313664203
2023-12-28,42563.76,42730.5,42846.903000000006,-245.4212387251664,43428.85,-1,-1.6080324484760673,-0.6608248908911891,-46.10642135309786
2023-12-29,42066.95,42257.61,42764.5705,-302.9941493170379,42563.76,-1,-0.7192753295291628,-1.6313048204237302,-57.572910591871505
2023-12-30,42140.28,41874.332,42682.109000000004,-327.6603783083067,42066.95,-1,-0.45788432189639877,-1.2694522662879781,-24.66622899126878
2023-12-31,42283.58,43477.78,42733.618,-325.1961660795687,42140.28,0,3.173925873297475,-1.0531240298914086,2.464212228738006
2024-01-01,44179.55,44439.18,42867.976,-193.2638042888525,42283.58,0,5.097959272843024,3.059565956647919,131.9323617907162
2024-01-02,44946.91,44976.96,42971.87,-58.68419323854221,44179.55,0,1.8049322310888116,4.596122998603507,134.5796110503103
2024-01-03,42845.23,43815.074,42963.0185,-112.46190028402998,44946.91,-1,-2.5181614959738132,-0.2741625335286791,-53.77770704548777
2024-01-04,44151.1,43014.4,43073.5585,-63.761005196216956,42845.23,-1,0.3948361054427687,2.5016310180176995,48.700895087813024
2024-01-05,44145.11,44515.547,43166.9125,-36.95600525407826,44151.1,-1,0.8254536693310053,2.2660816893031255,26.804999942138693
2024-01-06,43968.32,43578.98,43296.596000000005,-36.09591735404831,44145.11,0,-1.2824286342247206,1.5514476011000833,0.8600879000299528
2024-01-07,43929.02,43111.246,43360.15699999999,-42.68612441909613,43968.32,0,-1.9492987365676007,1.3119486629165225,-6.590207065047821
2024-01-08,46951.04,43674.145,43593.909499999994,141.86301842245643,43929.02,0,-0.580198394478176,7.700916340159873,184.54914284155257
2024-01-09,46110.0,44487.58,43715.963,189.68543287776686,46951.04,0,-5.2468739244114735,5.476345105333712,47.82241445531042
2024-01-10,46653.99,47012.21,43855.572499999995,237.2603002753666,46110.0,1,1.9566491813055735,6.3809849934121905,47.574867397599746
2024-01-11,46339.16,47198.367,43974.078499999996,226.83740655322822,46653.99,1,1.1668395082607126,5.37835374992567,-10.422893722138383
2024-01-12,42782.73,48598.863,43928.107,-26.77932228885902,46339.16,1,4.876444202376557,-2.6073898426809063,-253.61672884208724
2024-01-13,42847.99,46301.58,43920.9315,-188.34139716473408,42782.73,0,8.224926564994792,-2.4428933161401662,-161.56207487587506
2024-01-14,41732.35,45407.98,43828.7425,-358.66905845652434,42847.99,0,5.974587066394485,-4.7831454438830905,-170.32766129179026
2024-01-15,42511.1,42449.54,43828.851,-403.848938543101,41732.35,0,1.7185446362354422,-3.0065834945114207,-45.179880086576645
2024-01-16,43137.95,43161.312,43814.306,-376.9936596280304,42511.1,0,1.529512292083718,-1.5436875800337904,26.855278915070585
2024-01-17,42776.1,43954.04,43824.922999999995,-368.63321610889324,43137.95,0,1.8918123427283933,-2.393211278431674,8.360443519137164
2024-01-18,41327.5,44140.21,43787.9505,-440.8169018631795,42776.1,0,3.188955836319818,-5.619012700765703,-72.18368575428627
2024-01-19,41659.03,43765.96,43763.888,-445.09165058265626,41327.5,0,5.900334976710423,-4.809577247798459,-4.274748719476747
2024-01-20,41696.04,41194.98,43734.511000000006,-424.3594282350059,41659.03,-1,-1.113923034813818,-4.661012443925587,20.73222234765035
2024-01-21,41580.33,41919.605,43604.55,-397.8191708840634,41696.04,-1,0.5361791401533554,-4.6422219699549725,26.54025735094251
2024-01-22,39568.02,42702.47,43335.6055,-489.15970469500405,41580.33,-1,2.698724974044213,-8.693972211833987,-91.34053381094066
2024-01-23,39897.6,43423.664,43188.224,-499.0285703285651,39568.02,0,9.744344201453607,-7.61926213960547,-9.868865633561029
2024-01-24,40084.88,43592.254,42984.913,-465.2590969793809,39897.6,0,9.260341239197349,-6.74662991640812,33.76947334918418
2024-01-25,39961.09,40120.938,42775.712,-424.6995508547981,40084.88,0,0.08995287000984567,-6.579953596096782,40.55954612458282
2024-01-26,41823.51,39335.438,42668.4715,-254.28705885391616,39961.09,-1,-1.565654240162109,-1.9802947476100654,170.4124920008819
2024-01-27,42120.63,40158.332,42578.051999999996,-110.73277800104756,41823.51,-1,-3.9814400291845473,-1.0743140620900145,143.5542808528686
2024-01-28,42031.06,41508.88,42332.053,-15.963326201892187,42120.63,-1,-1.4523787838643378,-0.7110285910300693,94.76945179915538
2024-01-29,43302.7,41460.934,42191.688,130.1663944178947,42031.06,0,-1.3564407042077875,2.6332485204194604,146.1297206197869
2024-01-30,42941.1,42846.434,42006.0435,196.30113830150242,43302.7,0,-1.0536673377179646,2.2260046938245894,66.13474388360771
2024-01-31,42580.0,42704.168,41818.0855,208.41418680032268,42941.1,0,-0.5517605074159687,1.8219736530023571,12.113048498820262
2024-02-01,43082.94,42834.094,41833.096000000005,240.6984933433837,42580.0,1,0.5967443635509628,2.9876918504908105,32.28430654306101
2024-02-02,43200.0,42921.934,41850.696500000005,258.75879628150034,43082.94,1,-0.3737126719996414,3.224088516663025,18.06030293811665
2024-02-03,43011.09,42449.18,41914.6335,246.84096416499148,43200.0,1,-1.7380099826388888,2.6159276807227547,-11.917832116508862
2024-02-04,42582.88,42903.312,41918.222499999996,200.92400278237696,43011.09,0,-0.2505807223206771,1.5856051625280656,-45.91696138261452
2024-02-05,42708.7,42940.8,41896.759999999995,171.00304267801755,42582.88,1,0.8405274167693745,1.937954152063316,-29.92096010435941
2024-02-06,43098.95,42018.434,41912.902500000004,169.16212677022259,42708.7,1,-1.6162196607482717,2.829790897922169,-1.8409159077949653
2024-02-07,44349.6,42785.082,42064.0075,239.5409056616667,43098.95,1,-0.7282496876373951,5.433606153669497,70.37877889144411
2024-02-08,45288.65,43500.09,42245.4885,331.0646720166467,44349.6,0,-1.915485497614406,7.203518311783759,91.52376635497998
2024-02-09,47132.77,45694.633,42517.325,488.04876943553586,45288.65,1,0.8964339023132696,10.855445397846642,156.98409741888918
2024-02-10,47751.09,47106.457,42825.863,598.4927142219587,47132.77,1,-0.05582733361522525,11.500590192426477,110.44394478642289
2024-02-11,48299.99,46189.742,43262.4615,668.1822307047014,47751.09,1,-3.269763711152974,11.644109755520962,69.68951648274265
2024-02-12,49917.27,45880.484,43763.44499999999,775.333014667061,48299.99,0,-5.009329453277315,14.061564394667753,107.15078396235958
2024-02-13,49699.59,45922.434,44244.1805,781.4767730136732,49917.27,0,-8.002914434723687,12.330230639032843,6.1437583466122305
2024-02-14,51795.17,47284.863,44835.8845,869.8349239316531,49699.59,0,-4.858645149285933,15.521686652574008,88.35815091797986
2024-02-15,51880.0,47201.438,45338.708999999995,874.7876858173354,51795.17,0,-8.869036437181302,14.427607543920153,4.952761885682321
2024-02-16,52124.11,46935.613,45838.882999999994,835.3749931319226,51880.0,0,-9.530429295971473,13.711562299631094,-39.41269268541282
2024-02-17,51642.64,46353.08,46319.46199999999,722.0121623988182,52124.11,0,-11.071713023013727,11.492313965131997,-113.36283073310437
2024-02-18,52137.67,45427.848,46761.2105,628.9138216517065,51642.64,0,-12.03422664633334,11.497691018926888,-93.0983407471117
2024-02-19,51774.73,50746.72,47202.892,497.2101766577023,52137.67,0,-2.6678431352992917,9.685504015304833,-131.7036449940042
2024-02-20,52258.82,49725.75,47686.833,401.13583078691045,51774.73,0,-3.957490459148706,9.587524925381397,-96.07434587079183
2024-02-21,51849.39,49281.406,48125.15549999999,274.4929866440434,52258.82,0,-5.697437772226774,7.7386440860435375,-126.64284414286703
2024-02-22,51288.42,46645.207,48529.576499999996,125.03267333608801,51849.39,0,-10.037115130476943,5.684870338812874,-149.4603133079554
2024-02-23,50744.15,46811.613,48916.2295,-30.11345076993257,51288.42,0,-8.728689085664948,3.7368385067373193,-155.14612410602058
2024-02-24,51568.22,51642.18,49365.496499999994,-93.29741798536952,50744.15,0,1.7697206229683589,4.462070993249319,-63.18396721543695
2024-02-25,51728.85,49300.355,49816.504,-137.6556260923271,51568.22,0,-4.397794865229013,3.8387800155546796,-44.35820810695759
2024-02-26,54476.47,49029.258,50385.38,-2.479479401817116,51728.85,0,-5.21873613563804,8.119597391147995,135.17614669051
2024-02-27,57037.34,48389.844,51019.767,226.2268682569429,54476.47,0,-11.17294540193225,11.794591300269945,228.70634765876002
2024-02-28,62432.1,48172.188,51876.93949999999,681.9035917604124,57037.34,0,-15.542717279592628,20.346536634066485,455.6767235034695
2024-02-29,61130.98,60712.17,52576.85,827.0840078563601,62432.1,0,-2.7548778993498515,16.269765115255108,145.18041609594775
2024-03-01,62387.9,60701.137,53308.690500000004,931.4038014676862,61130.98,0,-0.7031513011078887,17.03138721818724,104.31979361132608
2024-03-02,61987.28,57796.0,53993.05499999999,896.7411443945557,62387.9,0,-7.360241328847422,14.806024589643997,-34.662657073130504
2024-03-03,63113.97,50852.707,54652.89,872.209555196217,61987.28,0,-17.962673904630112,15.481486889348398,-24.53158919833868
2024-03-04,68245.71,46411.246,55580.195999999996,1108.9189019794962,63113.97,0,-26.464384836273176,22.787818164585115,236.70934678327922
2024-03-05,63724.01,60844.04,56176.638,878.3728721632287,68245.71,0,-10.845620827301827,13.435072422810357,-230.5460298162675
2024-03-06,66074.04,60884.598,56886.340000000004,803.5815939110294,63724.01,0,-4.45579671422122,16.150977545751736,-74.79127825219939
2024-03-07,66823.17,52547.32,57621.29299999999,726.3378358548653,66074.04,0,-20.47206389604752,15.969577426872405,-77.2437580561641
2024-03-08,68124.19,48118.47,58445.370500000005,685.1710160399489,66823.17,0,-27.991340802898158,16.560455374305473,-41.16681981491638
2024-03-09,68313.27,42286.332,59254.15050000001,596.251498461028,68124.19,0,-37.92758191877218,15.288582189698241,-88.91951757892093
2024-03-10,68955.88,66008.16,60113.208,509.6470703881023,68313.27,0,-3.3743279307226897,14.710031778706615,-86.60442807292566
2024-03-11,72078.1,54464.742,61104.172000000006,586.114971407902,68955.88,0,-21.015086476309204,17.959375998090604,76.46790101979968
2024-03-12,71452.01,60386.992,62084.303,520.2406132952556,72078.1,0,-16.220055484953132,15.088688359761395,-65.8743581126464
2024-03-13,73072.41,60544.42,63173.5025,510.78213748887265,71452.01,0,-15.265614116383844,15.669397941011741,-9.458475806382921
2024-03-14,71388.94,55244.383,64205.742000000006,325.1704319167584,73072.41,0,-24.397754484216414,11.187781304668976,-185.61170557211426
2024-03-15,69499.85,68112.94,65102.3235,25.016049673783527,71388.94,0,-4.588949632814273,6.754791939184793,-300.15438224297486
2024-03-16,65300.63,63480.273,65780.9125,-478.68099089984116,69499.85,-1,-8.661279934417133,-0.7301244110896279,-503.6970405736247
2024-03-17,68393.48,65551.02,66476.763,-617.096112651443,65300.63,-1,0.38344720027969503,2.883288706461218,-138.41512175160187
2024-03-18,67609.99,60304.297,67005.3955,-765.2761310662827,68393.48,-1,-11.827418527321605,0.9023071880830948,-148.18001841483965
2024-03-19,61937.4,59378.2,66980.6605,-1222.0754771797983,67609.99,-1,-12.175406003240061,-7.529427841339362,-456.79934611351564
2024-03-20,67840.51,58460.72,67316.137,-1106.8457741294146,61937.4,0,-5.613217942632402,0.7789707243598846,115.2297030503837
2024-03-21,65501.27,61218.406,67471.8055,-1162.6046725057095,67840.51,-1,-9.761282381279262,-2.920531747145858,-55.75889837629484
2024-03-22,63796.64,62391.906,67562.2735,-1279.4638012117534,65501.27,-1,-4.7470281873923925,-5.573574281806838,-116.85912870604398
2024-03-23,63990.01,65293.977,67606.0755,-1304.4513392152003,63796.64,-1,2.3470461179460242,-5.348728606499284,-24.987538003446844
2024-03-24,67209.99,64438.285,67554.2895,-1074.4213680300109,63990.01,0,0.7005392814440847,-0.5096634167101909,230.02997118518942
2024-03-25,69880.01,67323.44,67862.0895,-729.2582525539055,67209.99,0,0.16879559125063812,2.9735608126242457,345.1631154761053
2024-03-26,69988.0,68982.29,68057.7875,-491.8665757635913,69880.01,0,-1.2846605738894354,2.83613759850773,237.39167679031425
2024-03-27,69469.99,68410.77,68190.1285,-373.2972069596067,69988.0,0,-2.253567129365034,1.8769014344942891,118.56936880398462
2024-03-28,70780.6,67509.2,68322.949,-217.86988481494473,69469.99,0,-2.8224948283424327,3.597109076775964,155.42732214466196
2024-03-29,69850.54,66017.85,68399.8125,-189.98622388013882,70780.6,0,-6.728889607463069,2.1209524514412865,27.883660934805903
2024-03-30,69582.18,71727.516,68431.1275,-200.8450012594776,69850.54,0,2.687131158900141,1.6820598199262324,-10.85877737933879
2024-03-31,71280.01,72295.5,68391.223,-109.48213454856977,69582.18,0,3.899446668672938,4.223914814332238,91.36286671090784
2024-04-01,69649.8,73137.81,68301.1125,-170.97632008834125,71280.01,0,2.606344331320949,1.9746201059316566,-61.49418553977148
2024-04-02,65463.99,72054.09,67920.6915,-487.7574498593067,69649.8,0,3.451975095405869,-3.617014853271926,-316.78112977096544
2024-04-03,65963.28,71488.41,67649.40849999999,-647.837465622245,65463.99,0,9.202641406367077,-2.4924512089414526,-160.08001576293827
2024-04-04,68487.79,68892.695,67598.80549999999,-570.5872382390437,65963.28,0,4.440978848383527,1.315089066181807,77.25022738320126
2024-04-05,67820.62,70951.336,67724.80500000001,-551.017674391757,68487.79,0,3.5970585961380954,0.1414769669694697,19.569563847286645
2024-04-06,68896.0,69438.914,67749.93100000001,-456.1657510378652,67820.62,0,2.3861387030964987,1.6916164829747036,94.85192335389183
2024-04-07,69360.39,67300.875,67837.451,-357.0528581609665,68896.0,0,-2.3152650371574546,2.244982642405002,99.11289287689874
2024-04-08,71620.0,62900.777,68321.58099999999,-145.0843916297872,69360.39,0,-9.313114669986716,4.8277849425059545,211.96846653117927
2024-04-09,69146.0,72407.19,68386.85549999999,-175.2492301325883,71620.0,0,1.099116866796984,1.110073704149198,-30.164838502801103
2024-04-10,70631.08,76545.06,68643.34599999999,-102.53857773770937,69146.0,0,10.700637057819685,2.895741708162087,72.71065239487893
2024-04-11,70006.23,74130.91,68953.8255,-103.57627048353947,70631.08,0,4.9550796193403785,1.5262452697421256,-1.0376927458300997
2024-04-12,67116.52,71872.64,69110.151,-295.08560245456465,70006.23,0,2.666063613195574,-2.88471515566504,-191.50933197102518
2024-04-13,63924.51,72410.07,68945.87700000001,-614.5591522014236,67116.52,0,7.887104862558422,-7.283056244247941,-319.4735497468589
2024-04-14,65661.84,65810.555,68734.9685,-681.5111956052089,63924.51,0,2.9504249426393696,-4.470982626550569,-66.9520434037853
2024-04-15,63419.99,69192.54,68406.568,-839.0665838790907,65661.84,0,5.377094310028479,-7.289618739533902,-157.55538827388182
2024-04-16,63793.39,71075.47,68122.738,-876.3395318683024,63419.99,0,12.07108161007279,-6.355217255066874,-37.27294798921173
2024-04-17,61277.37,70396.45,67647.5765,-1018.6665461505988,63793.39,0,10.350701107120974,-9.416754937259272,-142.32701428229643
2024-04-18,63470.08,71810.484,67328.5535,-916.5565014151455,61277.37,0,17.189240293765867,-5.730813004916247,102.11004473545336
2024-04-19,63818.01,64788.633,67040.345,-782.2313530845177,63470.08,0,2.077439972503577,-4.806560885090909,134.32514833062783
2024-04-20,64940.59,67241.84,66723.374,-583.5367314088078,63818.01,0,5.364996103764436,-2.6719032523744977,198.69462167570987
2024-04-21,64941.15,67520.11,66487.94149999999,-425.18716818832377,64940.59,0,3.9721218655389543,-2.3264241080466976,158.34956322048401
2024-04-22,66819.32,67397.74,66555.708,-179.63228043469405,64941.15,0,3.7827974827978847,0.39607722300844317,245.5548877536297
2024-04-23,66414.0,68597.72,66578.24399999999,-37.608756535821385,66819.32,0,2.6615038135676823,-0.24669319905762538,142.02352389887267
2024-04-24,64289.59,67518.52,66368.334,-77.54438329951677,66414.0,0,1.6630882607582738,-3.1321322605446236,-39.93562676369538
2024-04-25,64498.34,67662.06,66202.22,-80.361429170532,64289.59,0,5.245752072769485,-2.5737505479423572,-2.817045871015239
2024-04-26,63770.01,68158.734,65945.9205,-119.38468990264903,64498.34,0,5.675176097555385,-3.2995376870961888,-39.02326073211702
2024-04-27,63461.98,70934.43,65651.0,-151.96097490841828,63770.01,0,11.23477899329167,-3.334328494615462,-32.57628500576925
2024-04-28,63118.62,71974.29,65225.931000000004,-180.6970460001371,63461.98,0,13.413242168775694,-3.2307871542684476,-28.736071091718827
2024-04-29,63866.0,63906.094,64961.931000000004,-135.49942932554802,63118.62,0,1.2476092633203917,-1.6870357502150053,45.197616674589085
2024-04-30,60672.0,66117.49,64463.977,-297.5517764536928,63866.0,0,3.525337718817524,-5.882319361090612,-162.0523471281448
2024-05-01,58364.97,69259.76,63881.914000000004,-523.7268000156912,60672.0,0,14.15440040298655,-8.636159523961668,-226.1750235619984
2024-05-02,59060.61,70965.86,63479.1185,-585.4191425004683,58364.97,0,21.589815560600815,-6.960570033750542,-61.6923424847771
2024-05-03,62882.01,71708.27,63426.9935,-339.96992301170826,59060.61,0,21.41471860432867,-0.8592295959921148,245.44921948876004
2024-05-04,63892.04,62354.938,63338.50349999999,-93.51738177367702,62882.01,0,-0.8381928313042188,0.8739336571158637,246.45254123803124
2024-05-05,64012.0,62710.254,63368.10399999999,84.05552963949935,63892.04,0,-1.8496609182458423,1.0161200341421104,177.57291141317637
2024-05-06,63165.19,62141.75,63336.694,147.2587756533028,64012.0,0,-2.921717802911954,-0.27078142095639035,63.20324601380344
2024-05-07,62312.08,60211.285,63388.429500000006,134.72642868978437,63165.19,0,-4.676475830675096,-1.6980220341316452,-12.532346963518421
2024-05-08,61193.03,57392.184,63274.577000000005,58.1027073278849,62312.08,0,-7.895574030348532,-3.289705121221128,-76.62372136189947
2024-05-09,63074.01,60966.707,63237.377,136.64697439775568,61193.03,0,-0.36985089437473323,-0.2583393046172651,78.54426706987078
2024-05-10,60799.99,63000.01,63030.346999999994,42.856270987247854,63074.01,0,-0.11731976649336553,-3.5385446949863635,-93.79070341050783
2024-05-11,60825.99,57224.305,62824.589,-7.349764559221285,60799.99,-1,-5.881062336523407,-3.1812368879961985,-50.20603554646914
2024-05-12,61483.99,56121.688,62557.822499999995,12.743623813946215,60825.99,-1,-7.734033593205796,-1.7165439222249095,20.0933883731675
2024-05-13,62940.08,55132.977,62384.1265,126.7491945723109,61483.99,-1,-10.329540157527184,0.8911778222942711,114.00557075836468
2024-05-14,61577.49,61195.48,62248.521499999995,113.47028176124036,62940.08,0,-2.771841934821185,-1.0779878522897888,-13.27891281107054
2024-05-15,66206.5,59418.01,62333.929500000006,403.2193159161011,61577.49,0,-3.506928069413024,6.212620527958203,289.74903415486074
2024-05-16,65235.21,57449.47,62407.1895,509.39419238241203,66206.5,0,-13.226845173812238,4.531562024596539,106.17487646631093
2024-05-17,67024.0,55399.047,62585.2905,669.9233259075226,65235.21,0,-15.077997181276798,7.092256765988802,160.52913352511052
2024-05-18,66915.2,53612.375,62775.11949999999,733.4788008438626,67024.0,0,-20.010182919551205,6.5950977600289615,63.55547493634003
2024-05-19,66274.01,66497.21,62895.52,697.2737496576096,66915.2,0,-0.6246548803560283,5.371590854165762,-36.205051186252945
2024-05-20,71446.62,67565.42,63434.251000000004,969.8725679731531,66274.01,1,1.9485947432485304,12.630982274859667,272.59881831554344
2024-05-21,70148.34,66915.66,64023.419499999996,1006.5659702744821,71446.62,1,-6.341746817414169,9.566687546265786,36.693402301329
2024-05-22,69166.62,66157.4,64528.72000000001,911.3828514883764,70148.34,1,-5.689288673830338,7.187342318273145,-95.18311878610564
2024-05-23,67969.65,67460.65,64783.102,722.7177625177524,69166.62,0,-2.4664665737605733,4.918795027752754,-188.66508897062408
2024-05-24,68549.99,68694.11,65015.9995,597.1266735085246,67969.65,1,1.0658571509489985,5.435570516761812,-125.59108900922774
2024-05-25,69290.57,67192.81,65279.928,526.5180081188926,68549.99,1,-1.9798361750308135,6.143759839931207,-70.60866538963205
2024-05-26,68507.67,66701.44,65547.052,395.64770806538036,69290.57,1,-3.7366303957378424,4.516782844787592,-130.8703000535122
2024-05-27,69436.43,66029.47,65903.26950000001,342.19940154030473,68507.67,0,-3.6174069998293596,5.361130831301144,-53.44830652507562
2024-05-28,68398.39,66181.43,66263.5375,213.78302634026727,69436.43,0,-4.687741452865582,3.2217605345926383,-128.41637520003746
2024-05-29,67652.42,66359.7,66492.458,63.261886963907955,68398.39,0,-2.980606524510298,1.7445016094908081,-150.52113937635932
2024-05-30,68352.17,67346.164,66870.06700000001,-1.1052372097069565,67652.42,0,-0.4526902917885247,2.216392276083689,-64.36712417361491
2024-05-31,67540.01,68458.25,67205.768,-104.58250776744944,68352.17,0,0.15519624322095663,0.49734124011498293,-103.47727055774249
2024-06-01,67766.85,72215.53,67519.911,-160.6038934819842,67540.01,0,6.9225948441523855,0.36572767401902095,-56.021385714534745
2024-06-02,67765.63,71306.11,67761.1885,-198.13232399014805,67766.85,0,5.222700147638549,0.006554637098788217,-37.528430508163865
2024-06-03,68809.9,67415.14,68122.809,-154.93011311384157,67765.63,0,-0.5172081702774765,1.0086063832159364,43.20221087630648
2024-06-04,70537.84,69172.484,68339.376,-19.408892223442535,68809.9,0,0.5269363492753307,3.2169799150638902,135.52122089039904
2024-06-05,71108.0,69153.14,68633.01550000001,93.02927126665145,70537.84,0,-1.9630589411300328,3.6061135912059568,112.43816349009398
2024-06-06,70799.06,70755.97,68821.76849999999,128.7910864567698,71108.0,0,-0.49506560443269393,2.8730611594208115,35.76181519011834
2024-06-07,69355.6,71186.04,68943.7885,41.92300166209634,70799.06,1,0.5465878537087955,0.5973148690545352,-86.86808479467345
2024-06-08,69310.46,69633.555,69095.611,-28.111395490871246,69355.6,1,0.40076747587793077,0.3109444968943135,-70.03439715296759
2024-06-09,69648.14,70730.21,69005.687,-59.42869490827934,69310.46,1,2.048393471201884,0.9310145698571104,-31.317299417408094
2024-06-10,69540.0,71898.69,68975.27,-93.15290382132343,69648.14,0,3.231310269017953,0.818742717498599,-33.724208913044095
2024-06-11,67314.24,69597.14,68882.651,-261.5470851616733,69540.0,0,0.08216943485763589,-2.276931821337702,-168.39418134034986
2024-06-12,68263.99,69729.555,68897.368,-302.2725466422413,67314.24,0,3.588118483548198,-0.9193065256135721,-40.725461480568015
2024-06-13,66773.01,69868.64,68808.519,-415.9155782148007,68263.99,0,2.350654605744544,-2.9582223677856017,-113.64303157255938
2024-06-14,66043.99,69461.695,68646.19,-519.7301117153721,66773.01,0,4.026604929896084,-3.790742064490392,-103.81453350057143
2024-06-15,66228.25,69569.51,68532.21900000001,-552.4742375759897,66043.99,0,5.33813570697348,-3.3618771340236506,-32.7441258606176
2024-06-16,66676.87,69217.516,68394.24100000001,-520.826269457461,66228.25,0,4.513580873720806,-2.5109877306775195,31.647968118528752
2024-06-17,66504.33,71547.17,68299.538,-488.9315347360872,66676.87,0,7.304334884046004,-2.628433592039815,31.894734721373766
2024-06-18,65175.32,67221.33,68175.683,-531.2429459932182,66504.33,0,1.0781224696196448,-4.400928407273903,-42.311411257131
2024-06-19,64974.37,66143.336,68006.79299999999,-544.6463338638779,65175.32,0,1.4852492285423382,-4.459000147235274,-13.403387870659685
2024-06-20,64869.99,66438.125,67873.292,-531.8238740167633,64974.37,0,2.252819073120674,-4.424865674704571,12.822459847114601
2024-06-21,64143.56,62071.324,67692.1275,-541.7213790245396,64869.99,-1,-4.314268864925057,-5.242215943057786,-9.897505007776317
2024-06-22,64262.01,62204.11,67516.94649999999,-510.1875138691124,64143.56,-1,-3.023609268023162,-4.8209178120932785,31.53386515542718
2024-06-23,63210.01,63488.215,67236.952,-527.8708899440378,64262.01,-1,-1.2041253553226892,-5.98917987835023,-17.683376074925377
2024-06-24,60293.3,63709.484,66724.725,-693.2739988934645,63210.01,0,0.7901824014898874,-9.638743359376905,-165.40310894942672
2024-06-25,61806.01,63470.902,66259.6255,-658.3389221693927,60293.3,0,5.270241210466166,-6.721461925558262,34.93507672407179
2024-06-26,60864.99,63992.53,65762.922,-654.757934977567,61806.01,0,3.5377162350392752,-7.447862490051777,3.580987191825784
2024-06-27,61706.47,63913.723,65380.465500000006,-555.7694934080855,60864.99,0,5.0090087195446875,-5.619408598429151,98.98844156948144
2024-06-28,60427.84,60825.195,64936.3345,-536.2044016023276,61706.47,-1,-1.4281722605425349,-6.9429457863840485,19.565091805757902
2024-06-29,60986.68,61549.56,64503.2615,-448.96080015543794,60427.84,-1,1.8562943731730335,-5.451788666531226,87.24360144688967
2024-06-30,62772.01,61517.758,64164.862,-244.5760747924453,60986.68,-1,0.8708095152908794,-2.1707394929018924,204.38472536299264
2024-07-01,62899.99,62806.617,63944.1495,-82.69451417391701,62772.01,0,0.05513155863576451,-1.6329242130274975,161.88156061852828
2024-07-02,62135.47,62629.4,63637.7235,-12.70800013037865,62899.99,-1,-0.43019333150927047,-2.360633626374141,69.98651404353836
2024-07-03,60208.58,60749.48,63309.502,-78.13910347941146,62135.47,-1,-2.2305931398764685,-4.898035685069831,-65.43110334903281
2024-07-04,57050.01,62494.51,62859.803,-303.44218472577404,60208.58,-1,3.796687646096284,-9.242461354834342,-225.30308124636258
2024-07-05,56628.79,63898.758,62379.829999999994,-441.75627649833723,57050.01,0,12.004814394423414,-9.219390306129393,-138.3140917725632
2024-07-06,58230.13,64617.36,61957.493,-388.2147956382828,56628.79,0,14.106904588637686,-6.016000356889852,53.541480860054435
2024-07-07,55857.81,61764.113,61425.167,-469.9335695706536,58230.13,0,6.068994318319404,-9.063641617775339,-81.71877393237082
2024-07-08,56714.62,57242.418,61002.132,-425.0004111905521,55857.81,0,2.4788081894904264,-7.028462546194279,44.93315838010153
2024-07-09,58050.0,58923.08,60655.9135,-271.52986442439214,56714.62,0,3.893983817576486,-4.296223318770069,153.47054676615994
2024-07-10,57725.85,60566.566,60298.70650000001,-163.36382114548178,58050.0,0,4.335170381136951,-4.266851893415008,108.16604327891037
2024-07-11,57339.89,61012.48,59958.523,-92.83623628997611,57725.85,0,5.693515935668338,-4.367407449312922,70.52758485550567
2024-07-12,57889.1,61600.32,59639.8775,10.29507669814302,57339.89,0,7.430133389687354,-2.9355819853922465,103.13131298811913
2024-07-13,59204.02,59077.613,59439.578,177.29781979689596,57889.1,0,2.053086472669296,-0.3962982375144126,167.00274309875294
2024-07-14,60797.91,61332.266,59464.8085,392.9784942218198,59204.02,1,3.594765397687528,2.241832663095189,215.68067442492384
2024-07-15,64724.14,60619.562,59610.71499999999,775.812028153749,60797.91,1,-0.2933447876744505,8.578029973302638,382.8335339319292
2024-07-16,65043.99,60967.062,59819.66499999999,1011.4259907029807,64724.14,1,-5.804754609331232,8.733457467540156,235.6139625492317
2024-07-17,64087.99,59807.707,59938.741,1058.6872939711175,65043.99,0,-8.050371708054808,6.922482739502313,47.26130326813677
2024-07-18,63987.92,64251.0,60116.74500000001,1037.6257742844114,64087.99,1,0.2543534287781565,6.439428814717077,-21.061519686706106
2024-07-19,66660.0,64671.004,60400.411,1149.3920901895629,63987.92,1,1.0675200979341128,10.363487427262704,111.76631590515149
2024-07-20,67139.96,62863.316,60618.8085,1196.037670896436,66660.0,1,-5.695594950120012,10.757637210899663,46.64558070687326
2024-07-21,68165.34,60673.445,60882.076,1231.503016374403,67139.96,0,-9.63139490625256,11.962903498888565,35.46534547796682
2024-07-22,67532.01,60740.414,61151.903000000006,1149.439813361621,68165.34,0,-10.892523880171355,10.433210884704582,-82.06320301278197
2024-07-23,65936.01,66739.8,61438.2745,933.9587254963592,67532.01,0,-1.17309276741503,7.320738638257159,-215.48108786526177
2024-07-24,65376.0,68639.09,61854.574,710.1355475136576,65936.01,1,4.099556145420394,5.6930729164831035,-223.82317798270162
2024-07-25,65799.95,67701.37,62313.132000000005,553.9923758301932,65376.0,1,3.5569126093673518,5.595639134299961,-156.1431716834644
2024-07-26,67907.99,69040.09,62797.025,554.6670327625275,65799.95,1,4.924234364919735,8.138864858645778,0.674656932334301
2024-07-27,67896.5,69073.26,63398.9595,517.0690486171184,67907.99,1,1.7159509690980321,7.094028885442517,-37.5979841454091
2024-07-28,68249.88,67912.11,63975.722499999996,479.5601090081061,67896.5,0,0.022989955299610437,6.680905401263751,-37.50893960901226
2024-07-29,66784.69,68874.87,64412.45700000001,326.9233580019636,68249.88,1,0.9157337529384598,3.6828792294012205,-152.6367510061425
2024-07-30,66188.0,68181.84,64835.5645,164.80871247942468,66784.69,1,2.092027004991709,2.085946980534117,-162.11464552253892
2024-07-31,64628.0,68883.914,65199.97000000001,-56.600002233929445,66188.0,1,4.0731160671118625,-0.8772550048719475,-221.40871471335413
2024-08-01,65354.02,69079.42,65573.21599999999,-157.54902141869024,64628.0,0,6.887760529491861,-0.3342767266439838,-100.9490191847608
2024-08-02,61498.33,65479.043,65687.93149999999,-469.7392651435657,65354.02,0,0.19130111468277422,-6.378038407252921,-312.1902437248755
2024-08-03,60697.99,64743.19,65682.93549999999,-701.9099575925735,61498.33,0,5.2763406847795675,-7.589407297425059,-232.1706924490078
2024-08-04,58161.0,65250.926,65354.7785,-980.984325289937,60697.99,0,7.500966310828418,-11.00727240625565,-279.0743676973635
2024-08-05,54018.81,65414.5,64803.51950000001,-1375.0317207046141,58161.0,0,12.471415553377692,-16.642166325549663,-394.0473954146771
2024-08-06,56022.01,65961.37,64400.220499999996,-1425.166958414487,54018.81,0,22.108145639454115,-13.00959908980435,-50.135237709872854
2024-08-07,55134.16,58447.867,63957.532499999994,-1438.368359555557,56022.01,0,4.330185917106505,-13.795673715210935,-13.201401141069937
2024-08-08,61685.99,59394.547,63708.831999999995,-949.6669786060936,55134.16,0,7.727308940591453,-3.175135905803448,488.7013809494633
2024-08-09,60837.99,59768.582,63393.733499999995,-642.0765713508399,61685.99,-1,-3.1083362182401513,-4.031539647369084,307.5904072552537
2024-08-10,60923.51,58897.883,63031.64199999999,-403.0889232099544,60837.99,-1,-3.1889731851759042,-3.344561450580632,238.98764814088554
2024-08-11,58712.59,59755.32,62590.670999999995,-365.26299755449577,60923.51,-1,-1.9174694424205072,-6.19594092544558,37.825925655458605
2024-08-12,59346.64,57441.92,62261.20249999999,-273.1123926420846,58712.59,-1,-2.1642174617062486,-4.681185687025549,92.15060491241115
2024-08-13,60587.15,57953.844,62021.759999999995,-112.41747940986579,59346.64,-1,-2.3468830754361147,-2.3130752819655447,160.69491323221882
2024-08-14,58683.39,58818.93,61665.93199999999,-117.58795817077066,60587.15,-1,-2.918474152522443,-4.836612215639576,-5.170478760904871
2024-08-15,57541.06,59055.44,61147.5855,-177.58791574292127,58683.39,0,0.633997807982805,-5.898066899141918,-59.999957572150606
2024-08-16,58874.6,58276.81,60696.4905,-110.39963339072892,57541.06,0,1.2786497046630743,-3.0016405973258062,67.18828235219235
2024-08-17,59491.99,60916.45,60258.596000000005,-12.46574393086621,58874.6,0,3.4681326391177207,-1.2721935970761864,97.93388945986271
2024-08-18,58427.35,61266.02,59840.72899999999,-7.709773010132949,59491.99,0,2.981963674857745,-2.3619013732269103,4.755970920733262
2024-08-19,59438.5,60285.05,59503.25399999999,70.88440838028146,58427.35,0,3.1795054563487843,-0.10882430060042353,78.5941813904144
2024-08-20,59013.8,61623.93,59222.543999999994,99.84476025230697,59438.5,0,3.676791452509737,-0.35247388224320714,28.960351872025512
2024-08-21,61156.03,62483.13,59012.64450000001,259.7653492277709,59013.8,1,5.878843433654496,3.6320783760164974,159.92058897546394
2024-08-22,60375.84,61703.824,58956.52,306.2919012978931,61156.03,1,0.8957321440747562,2.4074012509557887,46.52655207012219
2024-08-23,64037.24,62573.156,59123.482500000006,562.0600653386532,60375.84,1,3.6393965698862383,8.311008236025327,255.7681640407601
2024-08-24,64157.01,59228.96,59423.28300000001,708.2694269945812,64037.24,0,-7.508566987740256,7.966114898094727,146.20936165592798
2024-08-25,64220.0,60488.34,59933.342500000006,772.9070612410162,64157.01,0,-5.7182685980066745,7.152375157450952,64.63763424643503
2024-08-26,62834.0,59725.3,60273.941999999995,688.7959372275816,64220.0,0,-6.998908780364372,4.247371111051613,-84.11112401343462
2024-08-27,59415.0,64509.027,60487.98400000001,384.5500015756711,62834.0,0,2.665797726947194,-1.7738795857372454,-304.2459356519105
2024-08-28,59034.9,65815.6,60355.429500000006,151.33593673364484,59415.0,0,10.772703126314903,-2.187921635119843,-233.21406484202626
2024-08-29,59359.01,64386.57,60281.480500000005,19.46485087132868,59034.9,0,9.06526531339936,-1.5302718054511004,-131.87108586231616
2024-08-30,59123.99,66358.34,60191.5045,-77.7002535815644,59359.01,0,11.791527099255864,-1.7735301831506882,-97.16510445289308
2024-08-31,58973.99,67125.016,60204.5745,-142.41589354763988,59123.99,0,13.532621233783448,-2.0440049783924716,-64.71563996607549
2024-09-01,57301.86,58248.758,60102.3355,-280.2145230370363,58973.99,-1,-1.22974922927887,-4.659511941927782,-137.79862948939643
2024-09-02,59132.13,57926.52,60029.5845,-232.44287131303514,57301.86,-1,1.090120863877716,-1.4950203428444517,47.771651724001174
2024-09-03,57487.73,57935.062,59969.8015,-292.0791689557682,59132.13,-1,-2.0243943521060332,-4.13886896057176,-59.63629764273304
2024-09-04,57970.9,57704.08,59991.29349999999,-279.46820064092316,57487.73,0,0.3763379159344034,-3.3678111974698317,12.610968314845024
2024-09-05,56180.0,57573.0,59856.56349999999,-366.72400368167666,57970.9,-1,-0.6863788555982423,-6.142289642137558,-87.2558030407535
2024-09-06,53962.97,56976.555,59580.1125,-538.359053786067,56180.0,-1,1.4178616723033106,-9.427881661015665,-171.6350501043903
2024-09-07,54160.86,57018.6,59366.788,-598.5424064233621,53962.97,-1,5.66245994707111,-8.769091566820157,-60.183352637295116
2024-09-08,54869.95,57800.043,59138.360499999995,-551.727294512427,54160.86,0,6.719211934134722,-7.217667963588538,46.815111910935116
2024-09-09,57042.0,58453.637,59039.7705,-345.68155588623404,54869.95,0,6.5312374418967085,-3.383770775328469,206.04573862619293
2024-09-10,57635.99,58361.92,58863.76849999999,-150.55462771204566,57042.0,0,2.31394739840819,-2.0857966305707953,195.12692817418838
2024-09-11,57338.0,58126.29,58711.87649999999,-29.08120972496772,57635.99,0,0.8506821215355234,-2.3400316629293756,121.47341798707794
2024-09-12,58132.32,58164.133,58416.63049999999,109.63473201039415,57338.0,0,1.4408120487285918,-0.48669445253264365,138.71594173536187
2024-09-13,60498.0,57746.75,58233.68000000001,351.9168791904508,58132.32,0,-0.6632627082490423,3.888334036248425,242.28214718005665
2024-09-14,59993.03,57291.434,58022.33150000001,462.4112206336682,60498.0,0,-5.300284978429039,3.3964483140426562,110.49434144321742
2024-09-15,59132.0,56468.85,57837.231499999994,460.73437654648137,59993.03,0,-5.874313128541764,2.238641903183083,-1.6768440871868506
2024-09-16,58213.99,59724.645,57777.181,384.1522720982715,59132.0,1,1.002239956791585,0.7560233857723192,-76.58210444820986
2024-09-17,60313.99,57247.66,57841.1355,456.3623489171408,58213.99,1,-1.659961538025478,4.275252341821681,72.21007681886931
2024-09-18,61759.99,57916.26,57961.184499999996,575.2702165797501,60313.99,1,-3.975409819927347,6.554050840696678,118.9078676626093
2024-09-19,62947.99,57651.207,58152.3845,699.4378934941292,61759.99,0,-6.652823241632647,8.246618846730176,124.16767691437906
2024-09-20,63201.05,57829.69,58363.7375,759.133395096155,62947.99,0,-8.130996071121569,8.288215777819232,59.69550160202584
2024-09-21,63348.96,62639.215,58666.092500000006,766.8490034951412,63201.05,0,-0.888964908415292,7.982238632988881,7.715608398986205
2024-09-22,63578.76,64317.586,58888.424,745.0583814040774,63348.96,1,1.5290321064465793,7.964784386146932,-21.790622091063824
2024-09-23,63339.99,62334.617,59181.037,674.3149445937574,63578.76,1,-1.9568529057502881,7.027509504438053,-70.74343681031996
2024-09-24,64262.7,63488.74,59495.627,649.1833597589323,63339.99,1,0.23484102420919553,8.012476278298566,-25.131584834825162
2024-09-25,63152.01,61863.547,59844.2275,522.7113814989252,64262.7,0,-3.733352512421665,5.527320909940731,-126.47197826000706
2024-09-26,65173.99,63288.934,60404.77849999999,538.0793939547242,63152.01,1,0.21681589192489356,7.8954208895907225,15.368012455798976
2024-09-27,65769.95,65407.97,60985.23299999999,549.3126913481992,65173.99,1,0.35900633059292836,7.845697662580061,11.233297393475027
2024-09-28,65858.0,63157.23,61534.6355,523.6999370640972,65769.95,1,-3.9725125703303674,7.025904134916024,-25.61275428410204
2024-09-29,65602.01,61928.047,61962.636,453.18600716777587,65858.0,0,-5.967313196574448,5.873497699484568,-70.51392989632132
2024-09-30,63327.59,63751.156,62247.216,228.3809572420164,65602.01,0,-2.8213369529378673,1.7356181841128384,-224.80504992575948
2024-10-01,60805.78,64990.527,62420.605,-97.65450366275445,63327.59,0,2.6259286730317757,-2.5870063258758935,-326.03546090477084
2024-10-02,60649.28,64501.562,62546.453,-318.8767746296512,60805.78,0,6.078011827165117,-3.033222363544744,-221.22227096689676
2024-10-03,60752.71,63975.656,62559.188500000004,-445.4924216882155,60649.28,0,5.484609627682309,-2.8876309672719054,-126.61564705856426
2024-10-04,62086.0,66802.75,62663.837,-426.6709089089841,60752.71,0,9.958469342355263,-0.9221219568792117,18.821512779231398
2024-10-05,62058.0,65580.88,62810.137,-403.5807350006934,62086.0,0,5.629099656122153,-1.1974770887699264,23.090173908290694
2024-10-06,62819.91,62974.54,63040.433,-327.69541910812177,62058.0,0,1.4769071876309259,-0.3498120008154033,75.88531589257161
2024-10-07,62224.0,61564.72,63135.9335,-308.60318082407866,62819.91,-1,-1.998078714216565,-1.4443969534401502,19.092238284043106
2024-10-08,62160.49,61633.45,63155.95849999999,-291.4286967099689,62224.0,-1,-0.9490723535131138,-1.5762067802359385,17.17448411410976
2024-10-09,60636.02,62162.46,63040.36,-368.92736777453115,62160.49,-1,0.0031707238794321554,-3.813969336469531,-77.49867106456225
2024-10-10,60326.39,63802.613,62896.627,-423.3336191738561,60636.02,0,5.222297375800726,-4.086446479872444,-54.40625139932496
2024-10-11,62540.0,59416.19,62856.179000000004,-298.4217787001339,60326.39,-1,-1.5087900896274407,-0.503019758805262,124.91184047372218
2024-10-12,63206.22,58021.11,62837.552,-165.73556851041616,62540.0,-1,-7.225600615606012,0.5867001311572384,132.68621018971777
2024-10-13,62870.02,58877.227,62814.0535,-98.72652206760574,63206.22,-1,-6.848999097715384,0.0890986919033891,67.00904644281042
2024-10-14,66083.99,58583.2,62905.118,150.39319884468534,62870.02,0,-6.818545280007859,5.053439371976066,249.1197209122911
2024-10-15,67074.14,59489.336,63101.2245,358.3353213507737,66083.99,0,-9.979200805671699,6.29609889741522,207.94212250608837
2024-10-16,67620.01,66786.45,63223.5255,500.3978228866132,67074.14,0,-0.4289087791509506,6.953874313763143,142.0625015358395
2024-10-17,67421.78,66709.55,63306.117000000006,545.0938717158356,67620.01,0,-1.3464403879857378,6.501209037982843,44.69604882922238
2024-10-18,68428.0,67493.61,63434.617000000006,602.0422795442403,67421.78,1,0.10653734594370122,7.871700399799046,56.9484078284047
2024-10-19,68378.0,65474.215,63573.41650000001,594.907229971348,68428.0,1,-4.316632308777109,7.557535467674595,-7.135049572892285
2024-10-20,69031.99,65541.766,63858.6365,591.5510251274361,68378.0,1,-4.1478755959519145,8.1012589424768,-3.3562048439118826
2024-10-21,67377.5,67715.6,64187.222499999996,442.06919974051743,69031.99,0,-1.9069252349526722,4.970268810120276,-149.48182538691867
2024-10-22,67426.0,66400.46,64526.0585,316.5080287919743,67377.5,0,-1.4500969351786577,4.494217634570072,-125.56117094854312
2024-10-23,66668.65,65709.81,64821.85549999999,160.3731344783596,67426.0,0,-2.54529039243022,2.8490306020320633,-156.13489431361472
2024-10-24,68198.28,65782.28,65127.46949999999,138.8442698156582,66668.65,0,-1.3295135719712252,4.715077253231844,-21.52886466270138
2024-10-25,66698.33,66983.45,65359.486,9.15526332145123,68198.28,0,-1.7813160023977128,2.0484310418230716,-129.68900649420698
2024-10-26,67092.76,65331.37,65573.1285,-60.65387335535593,66698.33,0,-2.049464965989406,2.3174607263095406,-69.80913667680716
2024-10-27,68021.7,62902.184,65863.0135,-55.02253546417546,67092.76,0,-6.245944281096791,3.2775398289360025,5.631337891180465
2024-10-28,69962.21,64389.676,66253.0995,62.279668000036054,68021.7,0,-5.339508155118143,5.59839543808816,117.30220346421152
2024-10-29,72736.42,66740.664,66858.1195,296.4886696064759,69962.21,0,-4.604694359283399,8.792201372041278,234.20900160643987
2024-10-30,72344.74,67157.016,67459.037,388.9795031959634,72736.42,0,-7.670716231291006,7.242473680731624,92.49083358948747
2024-10-31,70292.01,72414.8,67846.6375,280.9047188243808,72344.74,1,0.09683755170036516,3.604264839211815,-108.07478437158261
2024-11-01,69496.01,73203.79,68161.12700000001,132.34608347258336,70292.01,1,4.142404040658398,1.9584227238496028,-148.55863535179742
2024-11-02,69374.74,60395.668,68486.363,8.958692588143549,69496.01,1,-13.094769082786184,1.2971589687132425,-123.38739088443981
2024-11-03,68775.99,62883.234,68620.963,-122.67575578624496,69374.74,0,-9.357160293501646,0.2259178437935968,-131.6344483743885
2024-11-04,67850.01,62660.27,68659.7565,-273.18225599276,68775.99,-1,-8.892231822108275,-1.179361158963633,-150.50650020651506
2024-11-05,69372.01,66630.945,68747.35650000001,-270.78059094135506,67850.01,-1,-1.7967052436690796,0.9086218464269034,2.4016650514049616
2024-11-06,75571.99,66667.14,69154.867,126.48996924552148,69372.01,-1,-3.8990788575968827,9.279351227730663,397.27056018687654
2024-11-07,75857.89,66981.7,69526.3615,372.7200583411377,75571.99,0,-11.367024839494109,9.106658774312534,246.23008909561622
2024-11-08,76509.78,65414.652,69932.9505,533.8802405247509,75857.89,0,-13.76684436681537,9.404478794298821,161.1601821836132
2024-11-09,76677.46,66160.92,70315.224,601.153998021091,76509.78,0,-13.526189887096784,9.048162884327873,67.27375749634007
2024-11-10,80370.01,74106.11,70964.8495,829.6337789716981,76677.46,0,-3.35346348848802,13.253266323068857,228.47978095060716
2024-11-11,88647.99,71945.67,72025.949,1437.9176116809058,80370.01,0,-10.481942362580266,23.07785073404588,608.2838327092077
2024-11-12,87952.01,71244.72,73090.117,1676.393554862189,88647.99,0,-19.63188477257071,20.333656053663173,238.47594318128313
2024-11-13,90375.2,69775.68,74198.963,1865.8170766914322,87952.01,0,-20.666190929007758,21.801163177981334,189.42352182924333
2024-11-14,87325.59,71254.65,75230.326,1661.0517120236345,90375.2,0,-21.1568567068178,16.077644007550884,-204.7653646677977
2024-11-15,91032.07,85706.234,76427.2915,1647.3225362758167,87325.59,0,-1.8543884158125892,19.10937600084912,-13.729175747817862
2024-11-16,90586.92,83744.91,77555.5525,1485.3489399215732,91032.07,0,-8.005051131980197,16.802623512997332,-161.97359635424345
2024-11-17,89855.99,80184.62,78550.2415,1217.3263136173573,90586.92,0,-11.483228276775497,14.393015583535796,-268.0226263042159
2024-11-18,90464.08,75763.68,79436.6245,979.5629941054922,89855.99,0,-15.683217459960103,13.882079669686863,-237.76331951186512
2024-11-19,92310.79,76913.12,80434.927,850.0427805140016,90464.08,0,-14.979384980757004,14.76455992805215,-129.52021359149057
2024-11-20,94286.56,90582.61,81634.65449999999,801.4558005639665,92310.79,0,-1.8721328514250541,15.498204258339833,-48.58697995003513
2024-11-21,98317.12,91359.13,83075.70999999999,935.4484308468382,94286.56,0,-3.1048191677583716,18.346409558221055,133.9926302828717
2024-11-22,98892.0,85185.09,84551.573,954.1888078800166,98317.12,0,-13.356805254262936,16.960567960101695,18.740377033178447
2024-11-23,97672.4,82409.96,85996.39349999999,783.0145931791549,98892.0,0,-16.66670616682846,13.577321123356183,-171.17421470086174
2024-11-24,97900.04,71757.336,87498.89499999999,592.3536539610986,97672.4,0,-26.532637738501354,11.887172975155865,-190.66093921805623
2024-11-25,93010.01,100922.78,88680.795,71.52573743438461,97900.04,1,3.0875791777000363,4.8817954327089605,-520.827916526714
2024-11-26,91965.16,90745.05,89500.45349999999,-383.7144011258333,93010.01,1,-2.435182111043741,2.7538480573174025,-455.24013856021793
2024-11-27,95863.11,77037.0,90500.7145,-457.6684393355263,91965.16,1,-16.23240801190364,5.925252114998494,-73.95403820969295
2024-11-28,95643.98,73158.48,91457.4245,-550.4622520989287,95863.11,0,-23.68443235098465,4.577600476820778,-92.79381276340246
2024-11-29,97460.0,71769.44,92496.5515,-519.06693222783,95643.98,0,-24.961887303309624,5.366090323918723,31.395319871098764
2024-11-30,96407.99,98370.62,93298.4505,-593.3259803346855,97460.0,0,0.9343496690950134,3.332895115980515,-74.25904810685552
2024-12-01,97185.18,95029.68,93725.31,-611.8267768338883,96407.99,0,-1.4296639858376936,3.6915001934909526,-18.500796499202806
2024-12-02,95840.62,90937.46,94119.7405,-728.4201903395387,97185.18,0,-6.428674683218155,1.8283938001295228,-116.59341350565046
2024-12-03,95849.69,87173.34,94393.465,-812.3384151860564,95840.62,0,-9.043426732840414,1.5427180260836977,-83.91822484651766
2024-12-04,98587.32,86180.8,94956.5515,-695.3955244361805,95849.69,0,-10.087558055743322,3.8236103171880726,116.94289074987591
2024-12-05,96945.63,100797.01,95252.22949999999,-736.5801417747243,98587.32,0,2.2413509288009785,1.7778066811549205,-41.18461733854383
2024-12-06,99740.84,97663.79,95709.9255,-589.8856443184404,96945.63,0,0.7407853891918545,4.211595065968366,146.6944974562839
2024-12-07,99831.99,98603.625,96208.7255,-504.34444880765477,99740.84,0,-1.1401698642201095,3.7660456275351084,85.54119551078566
2024-12-08,101109.59,95474.34,96741.001,-384.7511987850812,99831.99,0,-4.364979852650443,4.5157574914900795,119.59325002257356
2024-12-09,97276.47,82814.19,96989.285,-575.3613414941183,101109.59,0,-18.094626335642346,0.29609971864417567,-190.61014270903706
2024-12-10,96593.0,96026.37,97104.607,-748.094192755616,97276.47,-1,-1.2851029776265537,-0.5268617172818625,-172.73285126149767
2024-12-11,101125.0,90821.49,97245.001,-566.0227934875675,96593.0,-1,-5.975078745354218,3.989921291686753,182.07139926804848
2024-12-12,100004.29,87748.11,97300.61549999999,-530.564113294271,101125.0,-1,-13.22807478368356,2.778681805974813,35.45868019329646
2024-12-13,101424.25,90219.414,97488.208,-425.5093607971694,100004.29,0,-9.784456184329686,4.037454458081742,105.05475249710162
2024-12-14,101420.0,86252.516,97664.20599999999,-372.2602152814775,101424.25,0,-14.958685299620159,3.8456197555120752,53.24914551569191
2024-12-15,104463.99,100477.67,98236.905,-158.8932168916317,101420.0,0,-0.9291344162887004,6.338844856726713,213.36699838984578
2024-12-16,106058.66,100978.69,98941.58,51.517432311471566,104463.99,0,-3.336367393204113,7.193214420064852,210.41064920310328
2024-12-17,106133.74,102166.09,99455.1115,151.95092279016535,106058.66,0,-3.6702012358066782,6.715218955840199,100.43349047869378
2024-12-18,100204.01,101899.11,99683.113,-205.37130149584846,106133.74,0,-3.989900501951599,0.52255290221524,-357.3222242860138
2024-12-19,97461.86,99095.555,99683.20599999999,-626.9825265800819,100204.01,-1,-1.1061985568242176,-2.228405454776395,-421.6112250842334
2024-12-20,97805.44,97782.61,99753.0785,-868.4341950056082,97461.86,-1,0.32910245607871574,-1.952459542388961,-241.45166842552635
2024-12-21,97291.99,94667.63,99758.41900000001,-1037.0223633743099,97805.44,-1,-3.2082133544923495,-2.472401853120791,-168.58816836870164
2024-12-22,95186.27,94415.34,99725.7015,-1250.3547989760946,97291.99,-1,-2.9567143708336165,-4.55191734098756,-213.3324356017847
2024-12-23,94881.47,96517.73,99677.2905,-1362.7685170195377,95186.27,0,1.3987905634919784,-4.8113471744098035,-112.41371804344317
2024-12-24,98663.58,101390.75,99681.1035,-1142.1123516201083,94881.47,0,6.86043333856442,-1.0207787276351687,220.65616539942948
2024-12-25,99429.6,97893.14,99805.302,-914.1383093107759,98663.58,-1,-0.7808751466346566,-0.37643491124348305,227.9740423093324
2024-12-26,95791.6,95674.305,99607.84,-972.499101220435,99429.6,-1,-3.7768383987263405,-3.8312646875988787,-58.360791909659156
2024-12-27,94299.03,98289.64,99331.19200000001,-1068.136798190088,95791.6,-1,2.607786721382662,-5.066044108279714,-95.637696969653
2024-12-28,95300.0,96113.91,99040.7125,-1020.5590537079061,94299.03,0,1.9245969444224413,-3.7769442541116556,47.57774448218197
2024-12-29,93738.2,89815.33,98863.799,-1046.9346828328753,95300.0,-1,-5.7551646117523605,-5.184505402225138,-26.375629124969237
2024-12-30,92792.05,92307.516,98673.7515,-1076.6046791128267,93738.2,-1,-1.5262554380177955,-5.960755936192409,-29.66999627995142
2024-12-31,93576.0,95074.77,98296.3015,-993.919430661302,92792.05,-1,2.460042037545239,-4.802115062284415,82.68524845152467
2025-01-01,94591.79,100349.48,98025.6765,-828.0857582384454,93576.0,0,7.238476278639822,-3.5030479998778765,165.8336724228567
2025-01-02,96984.79,98026.41,97803.7035,-529.0518399246826,94591.79,0,3.6309876893121555,-0.8373031599974224,299.0339183137628
2025-01-03,98174.18,100906.94,97641.4125,-237.81220232043665,96984.79,0,4.044085160157594,0.5456368218761555,291.2396376042459
2025-01-04,98220.5,95624.58,97329.23799999998,-39.13116678500282,98174.18,0,-2.597018762978202,0.9157186661628001,198.68103553543384
2025-01-05,98363.61,91421.734,96944.4855,97.38684146964763,98220.5,0,-6.921941575333052,1.463852732500195,136.51800825465045
2025-01-06,102235.6,94861.58,96749.5785,425.53221488998935,98363.61,0,-3.560292139542256,5.6703311632515305,328.1453734203417
2025-01-07,96954.61,92888.336,96587.1085,271.4923110841561,102235.6,0,-9.142866146919474,0.3804871123147852,-154.03990380583326
2025-01-08,95060.61,91796.67,96467.046,38.83404657004331,96954.61,0,-5.319951392718717,-1.4579445088429488,-232.65826451411277
2025-01-09,92552.49,93045.04,96204.3985,-270.18456702103333,95060.61,-1,-2.1203008664682463,-3.795989119977701,-309.01861359107664
2025-01-10,94726.11,93273.875,96076.10449999999,-311.4715870315923,92552.49,-1,0.7794333788318334,-1.4051303464327973,-41.28702001055899
2025-01-11,94599.99,89679.23,96046.7905,-328.839424633229,94726.11,-1,-5.3278694095007175,-1.5063496577743507,-17.367837601636666
2025-01-12,94545.06,88256.984,96029.97,-325.01206029315716,94599.99,-1,-6.705080650642781,-1.5462985149323734,3.8273643400718242
2025-01-13,94536.1,94973.516,95823.59599999999,-304.4261245241626,94545.06,0,0.4531761098887688,-1.3436106071410479,20.585935768994545
2025-01-14,96560.86,92251.39,95680.159,-143.93428164451421,94536.1,0,-2.4167586509280645,0.9204635623567483,160.4918428796484
2025-01-15,100497.35,89595.09,95915.44649999999,218.1648235732216,96560.86,0,-7.213861030235233,4.777023583995947,362.0991052177358
2025-01-16,99987.3,89924.5,96199.86,403.3805849719158,100497.35,0,-10.52052616312769,3.9370535466475753,185.2157613986942
2025-01-17,104077.48,89998.95,96638.734,760.6765226728706,99987.3,0,-9.989615556175636,7.697478735596847,357.2959377009548
2025-01-18,104556.23,85819.24,97179.6355,974.8921763700166,104077.48,0,-17.542928414965463,7.590679324990873,214.21565369714597
2025-01-19,101331.57,105226.45,97606.6115,849.6333906085902,104556.23,1,0.6410169197952185,3.8162973212116964,-125.25878576142645
2025-01-20,102260.01,104572.414,98040.812,781.269528678034,101331.57,1,3.198257031347677,4.303511888498016,-68.36386193055614
2025-01-21,106143.82,101985.38,98618.4135,938.9741872015275,102260.01,1,-0.2685577553727941,7.630833059386026,157.70465852349344
2025-01-22,103706.66,100696.77,98954.50700000001,824.5774253070572,106143.82,0,-5.1317604383373485,4.802361351767424,-114.39676189447027
2025-01-23,103910.34,101704.86,99241.31499999999,712.2824924344322,103706.66,0,-1.930252719545691,4.704718997324864,-112.29493287262494
2025-01-24,104870.5,105544.57,99573.81499999999,653.8449816578423,103910.34,1,1.5727311762236593,5.319355294361286,-58.43751077658999
2025-01-25,104746.85,110926.95,99892.977,561.5711833430621,104870.5,1,5.775173308985845,4.859073326045741,-92.27379831478015
2025-01-26,102620.0,108622.5,99912.197,323.80712201949837,104746.85,1,3.7000157999977987,2.710182621647285,-237.76406132356374
2025-01-27,102082.83,108537.35,100168.60800000001,108.02820932498457,102620.0,1,5.766275153478854,1.910999901286433,-215.7789126945138
2025-01-28,101335.52,108797.22,100482.3535,-96.31621298629307,102082.83,0,6.577392838736934,0.8490709764277234,-204.34442231127764
2025-01-29,103733.24,102598.914,101041.391,-81.85365459891273,101335.52,0,1.2467435530009574,2.664105247719721,14.46255838738034
2025-01-30,104722.94,102943.55,101541.23250000001,-20.675256886607713,103733.24,0,-0.7612729776877741,3.1334143004419306,61.178397712305014
2025-01-31,102429.56,102081.81,101932.71100000001,-142.89472145607078,104722.94,0,-2.5220142788199054,0.4874284173605344,-122.21946456946307
2025-02-01,100635.65,101338.19,102237.2405,-341.4567722840893,102429.56,-1,-1.0654858812241288,-1.566543161931298,-198.56205082801853
2025-02-02,97700.59,103650.92,102395.465,-649.5072043765585,100635.65,-1,2.9962263621291325,-4.58504192544074,-308.05043209246924
2025-02-03,101328.52,97753.68,102633.84800000001,-589.7192722643879,97700.59,-1,0.05433916775733237,-1.2718299327527975,59.787932112170665
2025-02-04,97763.13,102192.83,102497.137,-760.2283498617176,101328.52,0,0.8529761660389354,-4.618672422040429,-170.50907759732968
2025-02-05,96612.43,100315.875,102328.39349999999,-910.3121751183409,97763.13,0,2.611153100355927,-5.58590172726595,-150.0838252566233
2025-02-06,96554.35,99944.04,101952.237,-967.9229643642017,96612.43,0,3.4484269389559987,-5.294525317772075,-57.610789245860815
2025-02-07,96506.8,98706.57,101549.76550000001,-961.6753011428857,96554.35,0,2.229024702149612,-4.966004082008447,6.247663221315975
2025-02-08,96444.74,97672.586,101305.424,-914.4640516525523,96506.8,0,1.207983206882828,-4.79804911531686,47.211249490333444
2025-02-09,96462.75,100651.2,101015.561,-836.8583827038746,96444.74,0,4.361526740597771,-4.50703926695017,77.6056689486777
2025-02-10,97430.82,100958.12,100579.91100000001,-681.7323186601918,96462.75,0,4.660210482802947,-3.130934367201817,155.12606404368273
2025-02-11,95778.2,101637.8,100183.488,-651.84244493725,97430.82,0,4.317911801419708,-4.397219629645956,29.889873722941843
2025-02-12,97869.99,100092.61,99881.47050000001,-461.56988628869533,95778.2,0,4.504583898006021,-2.0138675271105515,190.27255864855465
2025-02-13,96608.14,96786.62,99468.35250000001,-393.71642874118595,97869.99,-1,-1.1069509790488434,-2.875500023990051,67.85345754750938
2025-02-14,97500.48,97114.16,99106.034,-267.7771498777662,96608.14,-1,0.5237822092424101,-1.6200365761786046,125.93927886341976
2025-02-15,97569.66,97569.84,98853.517,-163.95457848352999,97500.48,-1,0.07114195745498286,-1.298746912565593,103.8225713942362
2025-02-16,96118.12,98111.95,98555.2815,-176.11199368213556,97569.66,0,0.5558009785008952,-2.4728877670548806,-12.157415198605577
2025-02-17,95780.0,96655.16,98277.5055,-188.8688476722465,96118.12,0,0.5587252955009989,-2.54127888909431,-12.756853990110926
2025-02-18,95671.74,96825.22,97874.43049999999,-186.23308440474875,95780.0,0,1.0912703591564,-2.250527015837893,2.6357632674977367
2025-02-19,96644.37,96176.36,97470.50200000001,-104.68336039629821,95671.74,0,0.5274487272835163,-0.847571299058265,81.54972400845054
2025-02-20,98305.0,94460.59,97264.274,66.19828136021147,96644.37,0,-2.259600067753554,1.0699982194901234,170.88164175650968
2025-02-21,96181.98,94411.195,97041.5905,42.498957507512955,98305.0,0,-3.9609426656833326,-0.8858165819118656,-23.699323852698512
2025-02-22,96551.01,94540.37,96984.1115,57.022357184321095,96181.98,0,-1.7067779354303123,-0.4465695393827517,14.52339967680814
2025-02-23,96258.0,96744.79,96730.5855,52.36186722207162,96551.01,0,0.2007012277758723,-0.488558502522453,-4.660489962249471
2025-02-24,91552.88,95140.6,96420.073,-245.76829852098967,96258.0,-1,-1.160836956408818,-5.047904288560328,-298.1301657430613
2025-02-25,88680.4,95080.14,96023.47150000001,-594.696136581123,91552.88,-1,3.852703077172444,-7.6471631209459225,-348.92783806013335
2025-02-26,84250.09,93643.1,95408.2585,-1055.2332361232554,88680.4,-1,5.596165062967698,-11.695180978489404,-460.5370995421324
2025-02-27,84708.58,95953.74,94818.3475,-1247.1858579034688,84250.09,0,13.891560457086758,-10.662248147701584,-191.95262178021335
2025-02-28,84349.94,85007.766,94213.6075,-1310.0371975335247,84708.58,0,0.3531940034881924,-10.469472257497408,-62.85133963005592
2025-03-01,86064.53,88499.22,93693.69649999999,-1153.381048615855,84349.94,0,4.919124720183556,-8.142667847457584,156.65614891766973
2025-03-02,94270.0,89954.13,93535.6555,-450.492446195899,86064.53,0,4.5194028393578645,0.7850957969712486,702.888602419956
2025-03-03,86220.61,93841.09,93057.776,-478.40293368210314,94270.0,-1,-0.4549763975814151,-7.347226952855608,-27.910487486204147
2025-03-04,87281.98,98221.4,92528.3755,-380.38322305623933,86220.61,-1,13.918700456306214,-5.670039565322314,98.01971062586381
2025-03-05,90606.01,89128.02,92228.269,-63.306613605363964,87281.98,-1,2.1150338678155607,-1.7589606934941013,317.07660945087537
2025-03-06,89931.89,90359.4,91849.8395,119.44063236544935,90606.01,0,-0.2721801373882315,-2.088135929731268,182.7472459708133
2025-03-07,86801.75,89629.11,91311.44399999999,51.40323503891295,89931.89,0,-0.33667770687350107,-4.93880482275583,-68.0373973265364
2025-03-08,86222.45,90806.98,90816.6605,-7.582994203982707,86801.75,0,4.614223287548926,-5.058774981050973,-58.98622924289566
2025-03-09,80734.37,90205.79,90064.379,-371.05355965248054,86222.45,0,4.619839801003107,-10.359266453166802,-363.47056544849784
2025-03-10,78595.86,83223.164,89210.58499999999,-691.7078422327827,80734.37,0,3.082694597728334,-11.898503972370534,-320.65428258030215
2025-03-11,82932.99,87806.484,88525.01599999999,-553.8797222368007,78595.86,0,11.718968880803644,-6.316887872688985,137.82811999598198
2025-03-12,83680.12,88575.36,87793.772,-363.75190156662075,82932.99,0,6.803528215972913,-4.685585214404505,190.12782067017997
2025-03-13,81115.78,91849.94,87040.462,-361.31167129745154,83680.12,0,9.763152227793178,-6.8068135943487995,2.4402302691692057
2025-03-14,83983.2,92852.58,86412.07149999999,-129.1725714788363,81115.78,0,14.469192215127563,-2.8108011506239543,232.13909981861525
2025-03-15,84338.44,83813.02,85816.09349999999,74.74116629250148,83983.2,0,-0.2026316721677634,-1.7218839028136208,203.91373777133776
2025-03-16,82574.53,84014.15,85367.176,114.86474634752449,84338.44,0,-0.3845121661012491,-3.271334640377477,40.12358005502301
2025-03-17,84010.03,81294.51,85133.6575,254.14155612425293,82574.53,0,-1.5501416568765196,-1.319839336163846,139.27680977672844
2025-03-18,82715.03,81636.984,85056.9045,273.43119779266954,84010.03,0,-2.8247170308116765,-2.7533032312503276,19.289641668416607
2025-03-19,86845.94,83005.5,85163.77249999999,562.1497074133363,82715.03,1,0.3511695516522223,1.9752148720279046,288.71850962066674
2025-03-20,84223.39,88848.17,85157.445,572.3346176224522,86845.94,1,2.3054985356828395,-1.0968565343875776,10.18491020911597
2025-03-21,84088.79,87909.9,85058.658,564.8768443201966,84223.39,1,4.3770601462372865,-1.140234307482258,-7.457773302255646
2025-03-22,83840.59,87650.914,84537.1875,538.214772387767,84088.79,0,4.236146176559333,-0.8240131007433901,-26.662071932429626
2025-03-23,86082.5,86875.55,84530.28199999999,658.5997905037912,83840.59,1,3.6199135466484713,1.836286314530464,120.38501811602418
2025-03-24,87498.16,87384.945,84541.09099999999,810.6098674372511,86082.5,1,1.5130198501437575,3.497789021908906,152.0100769334599
2025-03-25,87392.87,87690.62,84380.434,875.5622794997905,87498.16,1,0.21995569678264834,3.570064595780583,64.95241206253945
2025-03-26,86909.17,87420.55,84229.298,856.3988953311459,87392.87,0,0.03166948859787378,3.1816387689708674,-19.163384168644598
2025-03-27,87232.01,86020.08,84250.811,835.0375282040075,86909.17,0,-1.0230127327185363,3.538481071713355,-21.361367127138465
2025-03-28,84424.38,88225.12,84160.9075,611.7358046145323,87232.01,1,1.1384664729151666,0.3130580548932454,-223.30172358947516
2025-03-29,82648.54,88187.38,84256.616,338.01978087871794,84424.38,1,4.457246606371282,-1.9085456743242586,-273.71602373581436
2025-03-30,82389.99,80834.58,84446.32250000001,143.1131844358854,82648.54,1,-2.1947899805610525,-2.435076435684933,-194.90659644283255
2025-03-31,82550.01,82299.09,84427.17349999999,34.20611172939766,82389.99,0,-0.11032438528030557,-2.2234115180937515,-108.90707270648772
2025-04-01,85158.34,83625.1,84501.0845,141.07842497850493,82550.01,1,1.3023518258810693,0.7778071771374714,106.87231324910726
2025-04-02,82516.29,82276.98,84571.11,42.20612172181609,85158.34,1,-3.3835364070037026,-2.4296949632090756,-98.87230325668884
2025-04-03,83213.09,84307.09,84532.6045,32.54153883911363,82516.29,1,2.1702426878377667,-1.5609533242288836,-9.664582882702462
2025-04-04,83889.87,80788.81,84510.176,77.94546187162769,83213.09,0,-2.9133367118081983,-0.7340015479319453,45.40392303251406
2025-04-05,83537.99,79234.66,84558.349,89.6607773487699,83889.87,0,-5.549196523966476,-1.2066921978337075,11.715315477142212
2025-04-06,78430.0,81120.375,84279.3475,-224.0815940369098,83537.99,-1,-2.8940306081101603,-6.94042808055675,-313.7423713856797
2025-04-07,79163.24,81783.27,84101.758,-352.0832651407716,78430.0,-1,4.2754984540354455,-5.872074636061705,-128.00167110386178
2025-04-08,76322.42,81331.0,83575.58200000001,-584.2418951551449,79163.24,-1,2.7383416848527102,-8.678565947647257,-232.15863001437333
2025-04-09,82615.22,80361.58,83495.1735,-285.29605409237,76322.42,0,5.292230153341576,-1.053897444742723,298.9458410627749
2025-04-10,79607.3,81891.55,83271.099,-262.035429540442,82615.22,-1,-0.8759561797450897,-4.399844656787824,23.260624551928004
2025-04-11,83423.84,82230.96,83250.2615,23.33000760263326,79607.3,-1,3.295754205330412,0.20850204776834638,285.36543714307527
2025-04-12,85276.9,81293.55,83209.9815,332.6604553455122,83423.84,-1,-2.553578359615185,2.483979040423173,309.33044774287896
2025-04-13,83760.0,80748.57,83023.0735,424.97491941095905,85276.9,0,-5.3101481028273705,0.8876165009718671,92.31446406544683
2025-04-14,84591.58,90172.16,82883.00899999999,525.3345957744734,83760.0,1,7.655391893505254,2.0614249176209456,100.35967636351438
2025-04-15,83643.99,86506.71,82719.75,510.73601853077867,84591.58,1,2.263973479984649,1.117314788789866,-14.598577243694763
2025-04-16,84030.38,87204.26,82559.6685,508.816533061677,83643.99,1,4.256453825911455,1.7813922060503486,-1.9194854691016872
2025-04-17,84947.91,88814.734,82585.845,547.6810974403877,84030.38,1,5.693600784620985,2.860132992524327,38.864564378710725
2025-04-18,84474.69,86934.766,82677.1525,520.0682775000189,84947.91,1,2.3389105452976966,2.1741647427927635,-27.61281994036881
2025-04-19,85077.01,83485.02,82811.50349999999,519.6893399377254,84474.69,0,-1.1715539441458764,2.735738881977917,-0.37893756229345854
2025-04-20,85179.24,81517.8,82942.965,503.30088414856834,85077.01,0,-4.18351929034647,2.696159945572248,-16.388455789157092
2025-04-21,87516.23,82367.64,83060.85949999999,619.207120294715,85179.24,0,-3.3008035467327543,5.363983140578993,115.90623614614663
2025-04-22,93442.99,83974.3,83607.1945,1039.636546709938,87516.23,0,-4.047172878676328,11.764293203260166,420.42942641522313
2025-04-23,93691.08,85529.46,84131.094,1264.1266089536014,93442.99,0,-8.468831169143886,11.363201814539586,224.49006224366326
2025-04-24,93980.47,90434.164,84635.624,1353.79200296313,93691.08,0,-3.476228406695708,11.041267918105035,89.66539400952865
2025-04-25,94638.68,90616.66,85190.65849999999,1374.703163742852,93980.47,0,-3.57926891619078,11.090443091245742,20.911160779721968
2025-04-26,94628.0,90625.28,86000.5585,1305.6040817878268,94638.68,0,-4.2407594336691865,10.031843572271686,-69.09908195502521
2025-04-27,93749.3,89768.805,86729.8615,1125.339867185792,94628.0,0,-5.135050209768779,8.093450604668618,-180.26421460203483
2025-04-28,95011.18,84285.25,87664.29950000001,1018.8911866936755,93749.3,0,-10.095062043129925,8.380698348020205,-106.44868049211641
2025-04-29,94256.82,96267.33,88246.3795,833.2948830559435,95011.18,1,1.322105593257559,6.81097687412775,-185.59630363773203
2025-04-30,94172.0,97257.695,88974.6145,648.6488785306078,94256.82,1,3.1837222097032263,5.841425140425873,-184.64600452533568
2025-05-01,96489.91,97103.09,89627.918,626.1361651311113,94172.0,1,3.1124896466040863,7.656087693568869,-22.512713399496533
2025-05-02,96887.14,99037.45,90208.43000000001,582.4252096863888,96489.91,1,2.640217122184067,7.403642874618249,-43.71095544472246
2025-05-03,95856.42,100450.234,90813.251,435.26310940545136,96887.14,1,3.677572044132999,5.553340448080638,-147.16210028093747
2025-05-04,94277.62,97129.97,91297.553,195.00507833725942,95856.42,1,1.3286003691771524,3.264125819451038,-240.25803106819194
2025-05-05,94733.68,96716.945,91852.0375,38.406599792711404,94277.62,1,2.587385333337864,3.137265735667526,-156.59847854454802
2025-05-06,96834.02,96769.555,92492.21949999999,47.30003087942123,94733.68,1,2.149050567337833,4.694233226828352,8.893431086709825
2025-05-07,97030.5,94432.336,93096.349,37.84667268462317,96834.02,0,-2.4802069174655808,4.225891823104683,-9.453358194798057
2025-05-08,103261.6,92547.055,94035.69450000001,402.4185532667552,97030.5,0,-4.6206556830068894,9.811067540953815,364.57188058213205
2025-05-09,102971.99,104732.516,94930.44350000001,565.2570751183962,103261.6,1,1.424455581745774,8.470988023984104,162.83852185164096
2025-05-10,104809.53,107063.266,95911.95800000001,727.578179924807,102971.99,1,3.973192734257146,9.276811969577333,162.32110480641086
2025-05-11,104118.0,92238.65,96742.04650000001,718.0082003371322,104809.53,1,-11.994025316686372,7.624351320705198,-9.56997958767488
2025-05-12,102791.32,89900.6,97209.463,559.031618178074,104118.0,0,-13.655082154382528,5.742092207627978,-158.97658215905813
2025-05-13,104103.72,87849.82,97730.095,481.8894612368963,102791.32,0,-14.535760108441067,6.52166049772079,-77.14215694117775
2025-05-14,103507.82,103504.94,98206.4625,337.2018845426319,104103.72,0,-0.5751787736307609,5.398175807422056,-144.6875766942644
2025-05-15,103763.71,99222.5,98662.71399999999,211.3536057340184,103507.82,0,-4.140092990075539,5.1701354981984515,-125.84827880861349
2025-05-16,103463.9,91391.734,99104.50899999999,67.96541518844379,103763.71,0,-11.923220194227833,4.398781694181043,-143.38819054557462
2025-05-17,103126.65,92828.88,99573.3765,-81.4440466056717,103463.9,0,-10.278964148364787,3.5684975491415574,-149.4094617941155
2025-05-18,106454.26,93340.91,100145.5305,7.273197183150842,103126.65,0,-9.489054235738283,6.299561716336409,88.71724378882254
2025-05-19,105573.74,105445.805,100711.3765,-27.976660495858596,106454.26,0,-0.9473132521892451,4.828018113723236,-35.24985767900944
2025-05-20,106849.99,101716.11,101345.276,-1.3750526855133103,105573.74,0,-3.6539679516895065,5.431643404868725,26.601607810345286
2025-05-21,109643.99,100528.875,102002.98,159.4617484755472,106849.99,0,-5.915877951883763,7.490967420755757,160.83680116106052
2025-05-22,111696.21,99866.38,102743.43350000001,348.30112512666074,109643.99,0,-8.917595198332352,8.713721349403796,188.83937665111353
2025-05-23,107318.3,98164.16,103316.5275,133.64297806646437,111696.21,0,-12.115051844641824,3.8733130088988004,-214.65814706019637
2025-05-24,107761.91,105599.77,103990.742,-15.27332196531188,107318.3,0,-1.601335990693109,3.6264459003475573,-148.91630003177625
2025-05-25,109004.19,103921.4,104704.2675,-64.17340283925523,107761.91,0,-3.563885943094367,4.106730893275196,-48.90008087394335
2025-05-26,109434.79,99416.89,105334.30600000001,-99.47508933976223,109004.19,0,-8.795349403541278,3.892828609892756,-35.301686500507
2025-05-27,108938.17,101473.62,105929.68950000001,-183.34928334670076,109434.79,0,-7.274809786266317,2.8400729901129282,-83.87419400693852
2025-05-28,107781.78,102398.63,106155.69849999998,-334.95805015995757,108938.17,0,-6.002980578340905,1.5317891766309795,-151.6087668132568
2025-05-29,105589.75,108484.98,106286.5865,-586.402641098261,107781.78,0,0.6524261916067828,-0.6556203590186848,-251.44459093830346
2025-05-30,103985.48,111404.8,106245.384,-848.3952511857601,105589.75,0,5.507207730864028,-2.127060880122575,-261.9926100874991
2025-05-31,104591.88,112126.2,106269.07800000001,-960.2516105218879,103985.48,0,7.828711397975953,-1.5782559062006767,-111.85635933612775
2025-06-01,105642.93,104810.04,106411.65849999999,-941.5766494434724,104591.88,0,0.20858126127955184,-0.7224100355507546,18.674961078415436
2025-06-02,105857.99,95360.45,106499.372,-893.271042989224,105642.93,-1,-9.733237117713408,-0.6022401709561234,48.30560645424839
2025-06-03,105376.89,104850.26,106592.8255,-871.3171412121555,105857.99,-1,-0.9519661080849969,-1.1407292135247948,21.953901777068495
2025-06-04,104696.86,106400.055,106639.48300000001,-877.7401770667148,105376.89,-1,0.9709573773718323,-1.8216733102503946,-6.423035854559203
2025-06-05,101508.68,109238.5,106541.722,-1059.676347615263,104696.86,0,4.337895138402431,-4.724010374076741,-181.93617054854826
2025-06-06,104288.44,109592.86,106599.8115,-958.808150689403,101508.68,0,7.9640276821647245,-2.1682697816027505,100.86819692586005
2025-06-07,105552.15,109461.64,106554.706,-780.5367841297018,104288.44,0,4.960473687208283,-0.9408838310717232,178.27136655970116
2025-06-08,105734.0,102858.64,106562.719,-630.3586665669957,105552.15,-1,-2.551828053715622,-0.7776819208226071,150.17811756270612
2025-06-09,110263.02,101222.984,106733.3705,-226.79848977135998,105734.0,-1,-4.26638132010517,3.3069783924794165,403.5601767956357
2025-06-10,110274.39,104281.69,106764.89050000001,26.632412295009544,110263.02,-1,-5.424604278025401,3.2871288337995255,253.43090206636953
2025-06-11,108645.12,104255.734,106612.33599999998,67.9174141667836,110274.39,0,-5.457890653487178,1.9067061807932006,41.28500187177406
2025-06-12,105671.73,104690.87,106530.00749999999,-111.86414808846826,108645.12,-1,-3.639604625131801,-0.8056673609076734,-179.78156225525186
2025-06-13,106066.59,108384.46,106445.2415,-205.57269622398258,105671.73,-1,2.5671302414562573,-0.3557242152529732,-93.70854813551432
2025-06-14,105414.64,107741.3,106265.764,-306.75641658453696,106066.59,-1,1.5789202566048401,-0.8009390493818838,-101.18372036055439
2025-06-15,105594.01,107742.67,106073.725,-353.5691520493806,105414.64,0,2.2084521419415752,-0.45224677459004203,-46.81273546484363
2025-06-16,106794.53,105636.42,105966.54299999999,-297.8759435505451,105594.01,0,0.04016503871763676,0.7813664356305445,55.693208498835475
2025-06-17,104551.17,108131.46,105805.0125,-399.9549818025057,106794.53,0,1.2518721113337934,-1.185050188430344,-102.07903825196058
2025-06-18,104886.78,109113.57,105769.86399999999,-430.07603713679816,104551.17,0,4.363796514663587,-0.8349107832832121,-30.121055334292464
2025-06-19,104658.59,107982.64,105803.51950000001,-448.51639591909793,104886.78,0,2.951621381646001,-1.0821279910258683,-18.440358782299768
2025-06-20,103297.99,111041.766,105738.825,-529.9143474086306,104658.59,0,6.099046074478935,-2.3083621366134834,-81.39795148953272
2025-06-21,102120.01,110880.64,105562.679,-633.6437194401982,103297.99,0,7.3405597001451754,-3.26125580803042,-103.72937203156755
2025-06-22,100963.87,111089.516,105317.973,-743.0943481621008,102120.01,0,8.78329881185872,-4.13424496880509,-109.4506287219026
2025-06-23,105333.93,103589.93,105315.825,-496.0305308010146,100963.87,0,2.600989529719894,0.01719114862367163,247.0638173610862
2025-06-24,106083.0,103427.71,105385.13200000001,-268.41442761810094,105333.93,0,-1.8096913905139522,0.6622072646832075,227.61610318291366
2025-06-25,107340.58,105312.07,105676.727,-31.85609616074764,106083.0,0,-0.7267231201040695,1.5744743873454776,236.5583314573533
2025-06-26,106947.06,103407.7,105809.65800000001,92.60953386779552,107340.58,0,-3.6639236298145597,1.0749510219567926,124.46563002854316
2025-06-27,107047.59,102887.75,105884.43000000001,171.6109771899271,106947.06,0,-3.795625611400629,1.0985184507297143,79.00144332213158
2025-06-28,107296.79,106279.23,105962.56949999998,227.0715988189031,107047.59,0,-0.7177774273105976,1.2591432109430023,55.460621628976014
2025-06-29,108356.93,108889.92,105867.26499999998,316.1047062327263,107296.79,1,1.4847898758201494,2.35168538641289,89.03310741382319
2025-06-30,107146.5,110700.31,105710.8705,275.89019521709935,108356.93,1,2.162651248978729,1.3580717793824197,-40.214511015626954
2025-07-01,105681.14,109076.17,105562.67149999998,139.8760454323487,107146.5,1,1.8009658504944164,0.11222575017914098,-136.01414978475066
2025-07-02,108849.6,108258.11,105721.56499999999,246.34738564898686,105681.14,1,2.438438282365236,2.958748293217205,106.47134021663817
2025-07-03,109584.78,111484.08,105897.47450000001,343.37480914710284,108849.6,1,2.420291967081178,3.481957919591357,97.02742349811598
2025-07-04,107984.24,111782.336,106025.95449999999,279.5538163553199,109584.78,1,2.005347765903259,1.8469869092289217,-63.82099279178294
2025-07-05,108198.12,110812.766,106156.15999999999,233.41664017464984,107984.24,1,2.61938744487158,1.9235435795718372,-46.13717618067005
2025-07-06,109203.84,107772.84,106276.6255,250.78329984591255,108198.12,0,-0.39305327116589023,2.754335194807255,17.36665967126271
2025-07-07,108262.94,110169.45,106462.21399999999,182.2422179490851,109203.84,1,0.8842300096773186,1.6914226487906872,-68.54108189682745
2025-07-08,108922.98,110930.79,106664.024,165.2017485524317,108262.94,1,2.4642311233188363,2.117823719082632,-17.040469396653407
2025-07-09,111233.99,109769.43,106992.794,286.3186751332639,108922.98,1,0.7771084554425559,3.9640015382718308,121.11692658083223
2025-07-10,116010.0,110525.414,107628.39450000001,644.3387946652676,111233.99,0,-0.6370138637479472,7.787541139991632,358.0201195320037
2025-07-11,117527.66,111233.9,108398.777,922.6683763457711,116010.0,0,-4.116974021636066,8.421573796907323,278.32958168050345
2025-07-12,117420.0,109378.12,109221.5835,1030.631902951271,117527.66,0,-6.934148788889359,7.506223804198926,107.96352660549996
2025-07-13,119086.64,120784.09,109909.219,1137.036322638256,117420.0,1,2.8650091551694774,8.350001104093007,106.40441968698497
2025-07-14,119841.18,119506.73,110597.128,1176.086001862488,119086.64,1,0.3527570871929887,8.358311076576957,39.04967922423202
2025-07-15,117758.09,119596.945,111118.00349999999,987.1005306564562,119841.18,1,-0.2037986337417514,5.975707167920818,-188.9854712060319
2025-07-16,118630.43,113526.984,111702.17199999999,851.4528120174141,117758.09,0,-3.593048787561005,6.202438033165552,-135.64771863904207
2025-07-17,119177.56,113696.32,112308.67050000001,733.652265281713,118630.43,0,-4.159227685088887,6.116081215652882,-117.80054673570112
2025-07-18,117924.84,119131.34,112840.073,516.6789153165341,119177.56,0,-0.03877932221468343,4.50617131380267,-216.97334996517884
2025-07-19,117840.0,114346.8,113314.22649999999,322.2738325781802,117924.84,0,-3.034172550075113,3.9940029065988556,-194.40508273835394
2025-07-20,117265.12,113641.91,113820.1575,120.19740296299324,117840.0,0,-3.5625371266123556,3.0266717035600608,-202.07642961518695
2025-07-21,117380.36,115158.625,114405.11850000001,-32.326205940951695,117265.12,0,-1.7963525727002156,2.600619219672404,-152.52360890394493
2025-07-22,119954.42,113341.1,114960.35949999999,11.19429890169522,117380.36,0,-3.441170599153044,4.344158735864085,43.520504842646915
2025-07-23,118755.99,117548.2,115418.92,-65.46697319005762,119954.42,0,-2.0059426530510494,2.891267740159072,-76.66127209175283
2025-07-24,118340.99,114094.42,115936.75749999999,-163.2912593573974,118755.99,0,-3.925333050568654,2.073744817298356,-97.82428616733978
2025-07-25,117614.31,112605.86,116407.567,-288.77051767192097,118340.99,0,-4.8462756860492755,1.0366533990011169,-125.47925831452358
2025-07-26,117919.99,113586.95,116843.3745,-358.4645768561086,117614.31,0,-3.4242065229987726,0.9214176709694395,-69.69405918418761
2025-07-27,119415.55,115536.42,117401.005,-312.78770111395806,117919.99,0,-2.0213435610026806,1.7159520908700894,45.676875742150514
2025-07-28,118062.32,118989.234,117857.972,-378.28323183609837,119415.55,0,-0.35700176819518303,0.17338496202871428,-65.4955307221403
2025-07-29,117950.76,119909.63,118193.81049999999,-429.9234265793075,118062.32,0,1.5646929625811121,-0.20563724866117045,-51.64019474320912
2025-07-30,117840.3,119438.67,118285.32549999999,-469.12221892960497,117950.76,0,1.2614686628555893,-0.3762305240475403,-39.19879235029748
2025-07-31,115764.08,118918.55,118197.14649999999,-622.8491022177354,117840.3,0,0.9150068991677696,-2.058481589485738,-153.72688328813047
2025-08-01,113297.93,116389.7,117991.04299999999,-863.7661794433157,115764.08,0,0.5404294017626178,-3.977516327235109,-240.91707722558021
2025-08-02,112546.35,115902.375,117664.02850000001,-1035.3145600926193,113297.93,0,2.298757797251907,-4.349399357850483,-171.54838064930368
2025-08-03,114208.8,116787.25,117382.4095,-997.9736897482053,112546.35,0,3.768136416685209,-2.7036499876925695,37.34087034441404
2025-08-04,115055.03,116096.05,117247.25649999999,-881.477223517523,114208.8,0,1.6524531165724505,-1.869746521531606,116.49646623068224
2025-08-05,114129.75,116946.336,117022.22249999999,-832.519065277864,115055.03,0,1.6438272516203778,-2.4717292478358024,48.95815823965904
2025-08-06,114992.27,116948.11,116812.95799999998,-712.4683788826881,114129.75,0,2.4694344594639,-1.558635301402076,120.05068639517594
2025-08-07,117472.01,116983.72,116790.3165,-449.32046665376424,114992.27,0,1.7318109730332272,0.5836900870116178,263.1479122289238
2025-08-08,116674.74,116354.15,116732.0535,-318.3836641919569,117472.01,-1,-0.9515982253985394,-0.0490983395576,130.93680246180736
2025-08-09,116462.25,116463.41,116691.90999999999,-239.1331933048276,116674.74,-1,-0.1811306800426598,-0.1968088447605228,79.25047088712927
2025-08-10,119294.01,120646.05,116787.5925,-1.6111983610373954,116462.25,-1,3.592406015683194,2.1461333745705873,237.52199494379022
2025-08-11,118686.0,121355.47,116724.17150000001,103.14661294797679,119294.01,1,1.7280488349750383,1.6807388519352127,104.75781130901419
2025-08-12,120134.08,120138.3,116793.076,250.17859685498615,118686.0,1,1.2236463230709604,2.860618209935665,147.03198390700936
2025-08-13,123306.43,120170.164,117041.348,525.4682291671091,120134.08,1,0.030036491310374423,5.3528792235031295,275.289632312123
2025-08-14,118295.09,123139.24,117075.38700000002,343.2545077220917,123306.43,0,-0.13558726215655828,1.0418099237203284,-182.21372144501743
2025-08-15,117342.05,121196.984,117046.48999999999,142.0473704418681,118295.09,1,2.4530979054160267,0.25251504765329763,-201.2071372802236
2025-08-16,117380.66,119426.83,116944.7455,2.444170329323015,117342.05,1,1.7766675501237597,0.3727525320921742,-139.6032001125451
2025-08-17,117405.01,118255.18,116911.88,-92.14425564448197,117380.66,1,0.7450287700716596,0.42179631359960174,-94.58842597380499
2025-08-18,116227.05,119189.04,116825.69450000001,-230.07841166683966,117405.01,0,1.5195510502490528,-0.5124253723139728,-137.93415602235768
2025-08-19,112872.94,118509.76,116577.32650000001,-526.3025090297477,116227.05,0,1.9640073567211738,-3.1776217650693916,-296.2240973629081
2025-08-20,114271.24,120016.27,116502.6845,-601.7238647864687,112872.94,0,6.328650106482561,-1.9153588688336172,-75.42135575672091
2025-08-21,112500.0,118666.445,116462.78799999999,-735.6978154402894,114271.24,0,3.8462917812915958,-3.4026216167862873,-133.9739506538208
2025-08-22,116935.99,111983.56,116682.26999999999,-501.54054083195507,112500.0,0,-0.4590555555555555,0.21744520397144806,234.15727460833438
2025-08-23,115438.05,112763.805,116743.7325,-426.46709489155785,116935.99,-1,-3.5679223415306147,-1.118417641820725,75.07344594039722
2025-08-24,113493.59,113638.72,116665.66050000003,-482.56364335669105,115438.05,-1,-1.5586985833527185,-2.718941020352797,-56.096548465133196
2025-08-25,110111.98,112033.19,116464.77200000003,-708.5500247641994,113493.59,-1,-1.2867709092645643,-5.454689766618896,-225.98638140750836
2025-08-26,111763.22,113586.055,116303.31950000001,-706.3738244327208,110111.98,0,3.155037887339783,-3.903671468293741,2.17620033147864
2025-08-27,111262.01,109202.52,115992.81950000001,-697.0581797820713,111763.22,-1,-2.2911800165564316,-4.078536516650513,9.31564465064946
2025-08-28,112566.9,108765.56,115787.42750000002,-566.9061920189712,111262.01,-1,-2.243755528054899,-2.7814138110979494,130.15198776310012
2025-08-29,108377.4,108907.62,115383.18500000001,-717.1861476646741,112566.9,-1,-3.250762713106601,-6.071755602863639,-150.2799556457029
2025-08-30,108816.33,109272.91,114859.301,-738.3472869226712,108377.4,0,0.8262850465133929,-5.261194302410046,-21.161139257997092
2025-08-31,108246.35,109373.84,114337.31850000001,-740.1733880120819,108816.33,0,0.5123438274383986,-5.3271920138655355,-1.826101089410713
2025-09-01,109237.42,110910.06,113792.4855,-628.4753655472255,108246.35,0,2.460787361421419,-4.002958086366782,111.69802246485642
2025-09-02,111240.01,110453.125,113189.1645,-385.4927508857295,109237.42,0,1.1129016045966682,-1.7220327657776855,242.98261466149597
2025-09-03,111705.71,110481.82,112859.69549999999,-170.16316079918215,111240.01,-1,-0.6815800245792811,-1.022495670298863,215.32959008654734
2025-09-04,110730.87,111914.31,112529.1365,-74.99794488766474,111705.71,-1,0.18674291582766323,-1.598045231600971,95.16521591151741
2025-09-05,110659.99,112495.99,112193.103,-2.278597737880091,110730.87,-1,1.5940651306180516,-1.3664948726839274,72.71934714978465
2025-09-06,110187.97,111023.8,111832.251,26.965421101498123,110659.99,0,0.3287609866944636,-1.470310205953024,29.244018839378214
2025-09-07,111137.34,110083.57,111577.76550000001,118.07525614654696,110187.97,0,-0.09474690159007482,-0.39472514799555836,91.10983504504884
2025-09-08,112065.23,109486.53,111537.38,241.54533733262087,111137.34,0,-1.4853772368494662,0.47324941647364427,123.47008118607391
2025-09-09,111546.39,108756.02,111401.1375,285.94822873904263,112065.23,0,-2.9529288990885005,0.1303869092000989,44.40289140642176
2025-09-10,113960.0,108064.67,111474.1375,464.9560388451564,111546.39,0,-3.121318516000383,2.2299903419302107,179.00781010611377
2025-09-11,115482.69,113851.72,111401.47249999999,661.0315571476292,113960.0,0,-0.0950168918918919,3.6635220418653027,196.0755183024728
2025-09-12,116029.42,113143.39,111431.04100000001,793.7360698110816,115482.69,0,-2.025671011820042,4.126658926214272,132.70451266345242
2025-09-13,115918.29,112090.695,111552.27599999998,835.9721006242872,116029.42,0,-3.394591378203906,3.9138726313392396,42.236030813205616
2025-09-14,115268.01,112461.76,111810.07749999998,782.9775141881519,115918.29,0,-2.9818695457809063,3.0926841098021867,-52.994586436135364
2025-09-15,115349.71,112316.91,111989.402,718.0009750004835,115268.01,0,-2.560210547575164,3.0005589278885556,-64.97653918766832
2025-09-16,116788.96,117167.625,112265.74949999999,733.9197575670207,115349.71,1,1.5760030952830253,4.029020890293896,15.918782566537175
2025-09-17,116447.59,116699.836,112459.78399999999,684.3999115883796,116788.96,1,-0.07631206108865633,3.54598404706167,-49.519845978641115
2025-09-18,117073.53,117991.22,112894.5905,656.6318916974835,116447.59,1,1.3255995680116726,3.7016295302475037,-27.768019890896085
2025-09-19,115632.38,117142.02,113235.393,510.53968887764364,117073.53,1,0.05850463166182925,2.11681783980739,-146.09220281983988
2025-09-20,115685.63,119153.625,113607.35699999999,392.1480687826279,115632.38,1,3.045206714589802,1.8293471962383703,-118.39162009501575
2025-09-21,115232.29,116052.49,113907.10049999999,264.101746562765,115685.63,1,0.3171199288105146,1.1633949895862794,-128.04632221986287
2025-09-22,112650.99,115151.41,113977.64950000001,0.3130666908796229,115232.29,0,-0.07019191408935256,-1.1639646069381424,-263.7886798718854
2025-09-23,111998.8,116189.03,113992.304,-211.6174747968475,112650.99,0,3.1407103035667907,-1.7488057790287324,-211.9305414877271
2025-09-24,113307.0,115200.516,114121.1105,-254.3447616187044,111998.8,0,2.8587052941638635,-0.713374148247528,-42.72728682185692
2025-09-25,108994.49,115408.69,114037.8355,-546.8997694852649,113307.0,0,1.8548611294977362,-4.422519489156733,-292.55500786656046
2025-09-26,109643.46,111417.26,114010.61000000002,-662.829178119607,108994.49,0,2.222835129096888,-3.830476830182742,-115.92940863434217
2025-09-27,109635.85,111227.445,113935.5355,-702.3665517327299,109643.46,0,1.444669214652651,-3.773787941690933,-39.537373613122895
2025-09-28,112163.95,110427.86,113940.47149999999,-528.5263395323519,109635.85,0,0.7223999950745985,-1.5591663581978317,173.840212200378
2025-09-29,114311.96,111259.94,114078.75,-253.11001893850852,112163.95,0,-0.8059742011582127,0.20442895806625372,275.4163205938434
2025-09-30,114048.93,112909.6,114083.1965,-81.75559132816682,114311.96,-1,-1.226781902348631,-0.030036412943612124,171.3544276103417
2025-10-01,118594.99,112659.69,114238.81150000003,322.4834019478541,114048.93,-1,-1.2181109458896222,3.813221131068909,404.2389932760209
2025-10-02,120529.35,113436.445,114463.80799999999,684.0914557612349,118594.99,-1,-4.349715521288045,5.2990915696252365,361.6080538133808
2025-10-03,122232.0,114217.305,114779.49350000001,983.6767972197914,120529.35,0,-5.236936325052782,6.4928902130065484,299.5853414585565
2025-10-04,122391.0,113925.875,115135.643,1127.928610363014,122232.0,0,-6.795376824399503,6.301573353787587,144.25181314322265
2025-10-05,123482.31,113291.06,115542.273,1224.1855275532341,122391.0,0,-7.435136161972694,6.871975765960564,96.25691719022007
2025-10-06,124658.54,121855.39,115935.75200000001,1287.9434566864786,123482.31,0,-1.3175323453213645,7.523811981656863,63.75792913324449
2025-10-07,121332.95,120201.71,116180.02000000002,1037.7582347258913,124658.54,0,-3.5752296332846463,4.435297910948869,-250.18522196058734
2025-10-08,123306.0,120088.75,116491.6435,939.6962157728535,121332.95,0,-1.0254428001626905,5.8496526405346785,-98.06201895303775
2025-10-09,121662.4,119108.96,116793.14450000001,709.174734819178,123306.0,0,-3.403758991857655,4.169127837807282,-230.52148095367556
2025-10-10,112774.5,120003.1,116647.58800000002,-56.21610846624867,121662.4,-1,-1.363854763262926,-3.3203326930343535,-765.3908432854266
2025-10-11,110644.4,114248.33,116418.19350000001,-685.3345167367584,112774.5,-1,1.3068806556446715,-4.95952851218226,-629.1184082705097
2025-10-12,114958.8,111912.48,116533.58399999999,-783.2256257797649,110644.4,-1,1.1460829129174237,-1.3513563609268082,-97.89110904300651
2025-10-13,115166.0,114414.47,116691.94399999999,-803.3489207570626,114958.8,-1,-0.47350115867598036,-1.3076686767682855,-20.123294977297746
2025-10-14,113028.14,111261.16,116678.001,-921.4992161370893,115166.0,-1,-3.390622015178091,-3.128148381630231,-118.1502953800267
2025-10-15,110763.28,112583.09,116766.4405,-1100.9018627441599,113028.14,-1,-0.3937481851864495,-5.14116939275887,-179.40264660707055
2025-10-16,108194.28,108903.14,116693.9815,-1326.1920394999133,110763.28,-1,-1.679382711490666,-7.283753104267846,-225.29017675575346
2025-10-17,106431.68,110952.0,116533.773,-1513.9483238021458,108194.28,0,2.548859329716877,-8.66881140113777,-187.75628430223242
2025-10-18,107185.01,110875.33,116284.826,-1504.3252273921594,106431.68,0,4.175117901925448,-7.825454371836964,9.623096409986374
2025-10-19,108642.78,111953.875,116001.36700000001,-1323.1086410543812,107185.01,0,4.4491902365825275,-6.343534727483008,181.21658633777815
2025-10-20,110532.09,111197.73,115825.525,-1013.2847455760129,108642.78,0,2.3516947582710985,-4.570180018609886,309.8238954783683
2025-10-21,108297.67,111734.266,115310.65899999999,-899.9510947398549,110532.09,0,1.087625887649463,-6.08182197623204,113.33365083615809
2025-10-22,107567.44,110814.83,114662.5635,-817.6697975244394,108297.67,0,2.3242957350790667,-6.187829125240167,82.2812972154154
2025-10-23,110078.18,110629.82,114054.87250000001,-550.4700667685893,107567.44,0,2.846939847689968,-3.4866484989495024,267.19973075585017
2025-10-24,111004.89,109383.3,113485.56700000001,-281.20855713409173,110078.18,-1,-0.6312632757917991,-2.1858964673454997,269.26150963449754
2025-10-25,111646.27,108867.7,112893.76499999998,-42.338060543084794,111004.89,-1,-1.9253087634247459,-1.1050167385240282,238.87049659100694
2025-10-26,114559.4,110144.03,112388.808,310.03622647981547,111646.27,-1,-1.3455342036952995,1.9313239802311897,352.37428702290026
2025-10-27,114107.65,110499.51,112027.54299999999,499.63503211412944,114559.4,0,-3.543918864362064,1.856781773746483,189.59880563431398
2025-10-28,112898.45,109110.61,111507.16549999997,527.792778048007,114107.65,0,-4.379233666629708,1.2477086057756743,28.15774593387755
2025-10-29,110021.29,109007.5,110925.10999999999,345.6380627804067,112898.45,0,-3.4464157833876343,-0.814801986673705,-182.1547152676003
2025-10-30,108322.88,108318.29,110702.52900000001,115.64971459651451,110021.29,0,-1.5478830847193246,-2.149588651222236,-229.98834818389219
2025-10-31,109608.01,107640.375,110650.7095,57.87550485513907,108322.88,0,-0.6300654118502061,-0.9423342197367497,-57.774209741375444
2025-11-01,110098.1,107507.51,110407.67450000001,60.20089486505594,109608.01,0,-1.916376538083298,-0.28039219320754954,2.325390009916873
2025-11-02,110540.68,108612.23,110176.40849999999,96.90446166475999,110098.1,0,-1.3495904447942388,0.3306256801790763,36.70356679970405
2025-11-03,106583.04,108690.58,109854.15349999999,-127.801083514722,110540.68,-1,-1.6736841812444008,-2.977687593760388,-224.705545179482
2025-11-04,101497.22,110141.44,109390.85049999999,-576.2798872050425,106583.04,-1,3.3386151305123275,-7.215987867285103,-448.47880369032055
2025-11-05,103885.16,105184.21,109175.39450000001,-663.2340725897418,101497.22,-1,3.6326028806503263,-4.845628929694415,-86.95418538469926
2025-11-06,101346.04,110854.46,108921.1125,-831.9551631129266,103885.16,0,6.708658808919384,-6.954641139935116,-168.72109052318478
2025-11-07,103339.08,110610.914,108728.81599999999,-751.9534699732885,101346.04,0,9.14182148853572,-4.957044689974358,80.00169313963806
2025-11-08,102312.94,110208.49,108412.324,-711.214135728158,103339.08,0,6.64744856205416,-5.626098376048088,40.73933424513052
2025-11-09,104722.96,109939.516,108121.86750000001,-476.3106060366322,102312.94,0,7.454165255147586,-3.1435893391316063,234.90352969152582
2025-11-10,106011.13,104280.87,108007.5405,-202.53098934593618,104722.96,-1,-0.4221546187197214,-1.8483991865364233,273.779616690696
2025-11-11,103058.99,106161.9,107782.11799999999,-188.88164335555757,106011.13,-1,0.14221944195858996,-4.382107243429734,13.649345990378606
2025-11-12,101654.37,105729.06,107360.92749999999,-239.80282216750402,103058.99,-1,2.590819587888446,-5.315301975199493,-50.92117881194645
2025-11-13,99692.02,107686.85,106795.28400000001,-363.57264915219184,101654.37,0,5.93430618132797,-6.651289957710126,-123.76982698468782
2025-11-14,94594.0,106710.44,105942.67050000001,-725.7968569407581,99692.02,0,7.040099598744208,-10.71208649587515,-362.2242077885662
2025-11-15,95596.24,95999.09,104994.5125,-827.5326797378402,94594.0,0,1.4853941581918515,-8.951203521231637,-101.73582279708216
2025-11-16,94261.44,97245.016,104002.202,-907.9245880580647,95596.24,0,1.7247285301179152,-9.365919002368816,-80.3919083202245
2025-11-17,92215.14,99136.85,102968.0365,-1014.0611916248631,94261.44,0,5.172222663371149,-10.442946049573356,-106.13660356679839
2025-11-18,92960.83,101419.8,102115.0135,-950.2806854917226,92215.14,0,9.981719785926693,-8.964581393312942,63.780506133140534
2025-11-19,91554.96,107386.38,101276.61750000001,-918.484557223152,92960.83,0,15.517882975550023,-9.599113536745044,31.796128268570556
2025-11-20,86637.23,91965.79,100128.0785,-1130.4277117026813,91554.96,0,0.4487239822943438,-13.473591725821452,-211.9431544795293
2025-11-21,85129.43,99153.85,98879.64499999999,-1263.8412764180584,86637.23,0,14.447162683409898,-13.906011697351865,-133.4135647153771
2025-11-22,84739.74,98976.375,97589.598,-1266.8045381134525,85129.43,0,16.26575556772788,-13.167241451286635,-2.963261695394067
2025-11-23,86830.0,97822.52,96601.946,-1026.696818868485,84739.74,0,15.438781659584977,-10.115682348676494,240.10771924496748
2025-11-24,88300.01,98335.734,95942.0855,-684.0666174928083,86830.0,0,13.25087455372567,-7.965300587509123,342.63020137567673
2025-11-25,87369.96,89551.87,95116.3255,-446.7456478623235,88300.01,0,1.4177316486147684,-8.144096672447674,237.3209696304848
2025-11-26,90484.02,91098.88,94573.2245,-28.767345772743283,87369.96,0,4.267969005021856,-4.32385014005734,417.9783020895802
2025-11-27,91333.95,90003.16,93972.96800000001,336.1064385366926,90484.02,0,-0.5314349981355868,-2.808273545217823,364.8737843094359
2025-11-28,90890.7,89837.06,93401.856,565.274272151677,91333.95,0,-1.638916854028537,-2.6885504288051862,229.16783361498437
2025-11-29,90802.44,95570.99,92705.83,718.7371464817152,90890.7,0,5.149363122409667,-2.0531502711318153,153.46287433003818
2025-11-30,90360.0,91411.35,91923.2735,792.4637540096328,90802.44,0,0.6705894274426961,-1.7006286226305851,73.72660752791762
2025-12-01,86286.01,91163.484,91084.6245,578.7851214287366,90360.0,0,0.8892036022576362,-5.268303543371373,-213.6786325808962
2025-12-02,91277.88,94314.69,90565.8,773.4106766495852,86286.01,1,9.304726803336957,0.7862570639247948,194.62555522084858
2025-12-03,93429.95,96658.95,90252.6965,1030.7586323234164,91277.88,1,5.895265232934852,3.5203973102343724,257.34795567383117
2025-12-04,92078.06,97530.94,90126.8995,1087.9653196479567,93429.95,1,4.389371395360913,2.1649036090495914,57.206687324540326
2025-12-05,89330.04,92186.38,89813.5895,925.1510202507557,92078.06,0,0.11764237050607097,-0.538392355424129,-162.814299397201
2025-12-06,89236.79,92554.52,89562.35699999999,800.2794365627396,89330.04,0,3.6096294566754996,-0.363508745085835,-124.87158368801602
2025-12-07,90395.31,93346.055,89471.3655,783.7966250873451,89236.79,1,4.604899714008098,1.0326706146001514,-16.482811475394556
2025-12-08,90634.34,92848.48,89355.041,775.6477176514122,90395.31,1,2.7138206202290833,1.4317032208624907,-8.14890743593287
2025-12-09,92678.8,92685.68,89411.233,886.599985746489,90634.34,1,2.2633139795578625,3.6545374561605817,110.95226809507676
2025-12-10,92015.37,94846.79,89680.14,891.5543076742651,92678.8,1,2.3392502519454257,2.6039544541299735,4.954321927776164
2025-12-11,92513.38,91069.56,90049.3375,901.8998115780441,92015.37,0,-1.0278799074545866,2.736324961857727,10.34550390377899
2025-12-12,90268.42,90912.17,90325.7715,737.9765260619715,92513.38,0,-1.7307854550336443,-0.06349406049634937,-163.9232855160726
2025-12-13,90240.01,92643.51,90496.272,613.1911139370145,90268.42,0,2.631139231749046,-0.2831740958345803,-124.78541212495702
2025-12-14,88172.17,92080.94,90489.88,387.92877542457563,90240.01,0,2.0400346808472265,-2.561291936733706,-225.26233851243887
2025-12-15,86432.08,89853.08,90442.986,131.53014119430554,88172.17,0,1.9063930546339074,-4.4347341650130865,-256.3986342302701
2025-12-16,87863.42,90847.47,90311.956,71.15018986704399,86432.08,0,5.108506876150613,-2.711198061085076,-60.37995132726155
2025-12-17,86243.22,92382.234,90057.41949999999,-58.10815122888516,87863.42,0,5.142998502676088,-4.235297348265668,-129.25834109592915
2025-12-18,85516.41,92004.42,89788.70499999999,-166.6156938973736,86243.22,0,6.680179468020789,-4.758165294844139,-108.50754266848844
2025-12-19,88136.94,91805.95,89655.43000000001,-42.42972376168518,85516.41,0,7.354779187994439,-1.6936955184978815,124.18597013568842
2025-12-20,88360.9,87671.734,89555.475,68.24720576268123,88136.94,0,-0.5278213936177071,-1.333893879743267,110.67692952436641
2025-12-21,88658.86,87746.086,89674.1175,169.22202075044152,88360.9,0,-0.6957987780794381,-1.1321633580614747,100.97481498776028
2025-12-22,88620.79,88263.625,89541.263,236.99213086519012,88658.86,0,-0.4457930092942776,-1.0279875100712088,67.7701101147486
2025-12-23,87486.0,91742.58,89244.0655,209.86729282361352,88620.79,0,3.5226363080266005,-1.969952276546609,-27.124838041576595
2025-12-24,87669.45,92651.08,89023.635,208.3347356689701,87486.0,0,5.9038910511396105,-1.5211522198571175,-1.5325571546434276
2025-12-25,87225.27,86634.69,88918.3965,182.39454620163315,87669.45,0,-1.1802999790691022,-1.9041352145840806,-25.94018946733695
2025-12-26,87369.56,86868.586,88825.035,179.65501981246553,87225.27,0,-0.4089228528613371,-1.6385864638274623,-2.7395263891676223
2025-12-27,87877.01,87994.35,88699.12,214.36738273073388,87369.56,0,0.7151135504173334,-0.9268524873752981,34.712362918268354
2025-12-28,87952.71,86504.484,88565.0385,242.6923218990196,87877.01,0,-1.5618711025784728,-0.6913885099253796,28.32493916828571
2025-12-29,87237.13,90570.53,88292.955,214.4781215709695,87952.71,0,2.976396349811158,-1.1958202101175537,-28.214200328050083
2025-12-30,88485.49,88068.47,88116.461,277.1505426092681,87237.13,1,0.9529643513031612,0.418796891990487,62.67242103829858
2025-12-31,87648.22,88239.54,87873.20300000001,259.7718289449972,88485.49,1,-0.27795623610154074,-0.2560314092568214,-17.37871366427089
2026-01-01,88839.04,90060.09,87801.73400000001,321.96552905196927,87648.22,1,2.75176580882076,1.1814185810954283,62.193700106972074
2026-01-02,89995.13,90540.7,87789.49,427.8231679750809,88839.04,1,1.9154451972916486,2.512419197332163,105.85763892311161
2026-01-03,90628.01,90987.45,87912.28199999999,521.1341500576865,89995.13,1,1.102640915125069,3.089133779964901,93.31098208260562
2026-01-04,91529.73,88877.984,88167.1645,617.6585854301151,90628.01,0,-1.9309986228319425,3.8138523781152074,96.52443537242857
2026-01-05,93859.71,88477.695,88466.97899999999,800.8776283368873,91529.73,0,-3.3344736049150323,6.095755796069418,183.2190429067722
2026-01-06,93747.97,90057.07,88842.21650000001,871.1802984955439,93859.71,0,-4.051407880441999,5.521872025784038,70.30267015865661
2026-01-07,91364.16,90326.72,89134.604,720.0399960778311,93747.97,0,-3.6494136886377393,2.501336069210558,-151.14030241771275
2026-01-08,91099.99,91245.68,89282.7565,571.6559090470785,91364.16,0,-0.12967920079383807,2.0353689460741524,-148.38408703075265
2026-01-09,90641.28,91534.09,89396.7755,419.0598956894204,91099.99,1,0.4765134990684354,1.3921134101755106,-152.59601335765808
2026-01-10,90504.7,92488.47,89489.0675,291.4257254580118,90641.28,1,2.0379111482097354,1.134923548063558,-127.63417023140858
2026-01-11,91013.65,90217.72,89608.7105,226.6599473624114,90504.7,1,-0.317089885939622,1.5678604146412676,-64.76577809560041
2026-01-12,91296.2,89694.84,89799.22050000001,189.72906564555842,91013.65,0,-1.449020284319983,1.667029503891948,-36.93088171685298
2026-01-13,95414.0,90812.89,90186.448,416.5047998101796,91296.2,0,-0.5293860806911975,5.796383066333864,226.77573416462116
2026-01-14,96951.78,94056.875,90672.77350000001,631.0786255573036,95414.0,0,-1.4223541618630389,6.924908390499368,214.57382574712398
2026-01-15,95604.8,95510.336,91084.5355,641.2192172701002,96951.78,0,-1.4867638969599104,4.962713456446187,10.140591712796663
2026-01-16,95550.94,94941.195,91468.232,603.7558609803764,95604.8,0,-0.6941123118295346,4.463525653365639,-37.46335628972383
2026-01-17,95147.77,94407.26,91827.98500000002,514.7509334837857,95550.94,0,-1.1969345225698484,3.615221438214057,-89.00492749659065
2026-01-18,93673.14,90875.56,92149.7855,328.55523747906886,95147.77,0,-4.490076330743226,1.6531286445588105,-186.19569600471686
2026-01-19,92631.0,93693.43,92357.061,118.05459430828705,93673.14,0,0.021660091142456185,0.29660861555566226,-210.5006431707818
2026-01-20,88427.66,95675.59,92396.033,-298.6545964911086,92631.0,0,3.2867978862367893,-4.294960369131857,-416.7091907993956
2026-01-21,89454.73,96879.96,92426.81749999999,-488.29348441412685,88427.66,0,9.55843560431204,-3.215611637823616,-189.63888792301827
2026-01-22,89559.67,95993.06,92405.0445,-583.4031844222566,89454.73,0,7.309096455827438,-3.079241523443025,-95.10970000812972
2026-01-23,89600.26,97082.8,92353.657,-617.0549859433386,89559.67,0,8.40012795379885,-2.9813621782189,-33.65180152108201
2026-01-24,89225.34,89172.266,92238.4375,-635.5325686498902,89600.26,-1,-0.47767090742816454,-3.2666397888624292,-18.47758270655163
2026-01-25,86670.36,87214.45,91878.97,-781.2084484621237,89225.34,-1,-2.253717245571714,-5.6689904120605625,-145.67587981223346
2026-01-26,88347.08,85175.59,91608.92549999998,-727.135446268443,86670.36,-1,-1.7246567915490378,-3.560619756423168,54.07300219368062
2026-01-27,89250.0,82803.5,91503.2175,-598.4231302344502,88347.08,-1,-6.2747744464220006,-2.4624461975886245,128.7123160339928
2026-01-28,89299.99,81225.98,91413.2175,-482.74372322030365,89250.0,-1,-8.990502450980392,-2.3117307953852446,115.67940701414659
2026-01-29,84650.16,89476.87,91113.6615,-680.1284589265435,89299.99,0,0.19807078085898414,-7.093888439550855,-197.3847357062399
2026-01-30,84260.49,88747.914,90801.451,-789.9648911978716,84650.16,0,4.840810770469893,-7.203586427269753,-109.83643227132802
2026-01-31,78741.09,87767.2,90187.823,-1164.7368305278114,84260.49,0,4.161752590092931,-12.6921047866961,-374.77193932993987
2026-02-01,76968.21,86514.14,89471.4235,-1444.1702240024729,78741.09,0,9.87165738371161,-13.974532885351934,-279.43339347466144
2026-02-02,78738.61,86312.92,88637.654,-1419.783495803932,76968.21,0,12.141001947427377,-11.167989622108,24.386728198540823
2026-02-03,75770.21,80305.71,87578.5755,-1505.4297654233528,78738.61,0,1.9902573051518175,-13.48316689622338,-85.64626961942076
2026-02-04,73165.83,82120.05,86456.62700000001,-1628.8907824690223,75770.21,0,8.380387061089039,-15.372791492316725,-123.46101704566945
2026-02-05,62909.86,82726.47,84824.573,-2254.175346791509,73165.83,0,13.067081655466763,-25.83533547525197,-625.2845643224869
2026-02-06,70580.26,84107.16,83596.1975,-2012.057962794705,62909.86,0,33.694712164357064,-15.57001142306742,242.11738399680416
2026-02-07,69289.38,84185.78,82377.0095,-1806.2641026299825,70580.26,0,19.27666637952312,-15.887478289679835,205.79386016472245
2026-02-08,70330.38,70869.64,81261.9785,-1481.093202544993,69289.38,0,2.2806678671392286,-13.45229183658135,325.1709000849896
2026-02-09,70138.0,74824.836,80347.4955,-1173.4808016539364,70330.38,0,6.3904900520941235,-12.70667546818557,307.6124008910565
2026-02-10,68841.29,79146.49,79316.82350000001,-960.8004388191075,70138.0,0,12.843953616441873,-13.207202504775065,212.68036283482888
2026-02-11,67082.52,78717.8,78192.96599999999,-846.0684255497436,68841.29,0,14.346777747773185,-14.2090095418557,114.73201326936396
2026-02-12,66272.17,78188.72,77026.5615,-736.2886721325776,67082.52,0,16.55602495255097,-13.961925977962808,109.77975341716592
2026-02-13,68853.96,68379.37,76007.99250000001,-417.2111343639899,66272.17,0,3.1796109701855273,-9.412210827696837,319.0775377685877
2026-02-14,69822.95,68627.29,75165.622,-85.65059155305244,68853.96,-1,-0.32920537540615874,-7.107866412653388,331.5605428109375
2026-02-15,68832.58,70040.71,74189.897,111.50654269616825,69822.95,-1,0.31187587677118045,-7.221086989782444,197.1571342492207
2026-02-16,68892.43,69516.29,73172.01849999999,280.8553624498909,68832.58,-1,0.9932928018970061,-5.848668094348112,169.34881975372264
2026-02-17,67503.52,73794.61,72082.19499999999,330.8003196325635,68892.43,0,7.115701064688832,-6.352019385647162,49.944957182672624
2026-02-18,66461.0,66873.62,71172.737,324.63889153461605,67503.52,0,-0.9331406902928974,-6.620143047189536,-6.161428097947464
2026-02-19,67003.73,66693.5,70309.899,384.06109421169276,66461.0,0,0.3498292231534283,-4.7022809689998395,59.42220267707671
2026-02-20,68020.01,69071.21,69773.845,510.820337817202,67003.73,0,3.0856206624616336,-2.5135994726964044,126.75924360550925
2026-02-21,67975.93,69774.766,69324.231,604.3062442479641,68020.01,0,2.5797638444922386,-1.9449202400817207,93.48590643076204
2026-02-22,67643.4,70104.11,68769.47050000001,652.2508405585713,67975.93,0,3.1307837568386447,-1.6374569875451,47.94459631060727
2026-02-23,64656.02,67973.59,68213.761,498.2247546156541,67643.4,0,0.4881389019475748,-5.215576663482903,-154.02608594291723
2026-02-24,64058.15,68185.64,67758.37700000001,377.0390506723752,64656.02,0,5.459075001832781,-5.460914448998691,-121.1857039432789
2026-02-25,67988.04,68215.23,68012.286,570.8815340565616,64058.15,0,6.489535777258629,-0.03564944133770065,193.84248338418638
2026-02-26,67485.18,69383.914,67857.53199999999,667.8271350775835,67988.04,0,2.0531170813278434,-0.5487261163580176,96.94560102102196
2026-02-27,65872.1,71364.13,67686.668,626.583838985378,67485.18,0,5.747858733576776,-2.68083516830818,-41.24329609220558
2026-02-28,66973.26,66175.69,67518.812,672.6768056054166,65872.1,0,0.4608741789012255,-0.8079999985781896,46.092966620038624
2026-03-01,65776.47,69960.65,67300.7355,622.9112131553616,66973.26,0,4.4605689457255115,-2.264857120320764,-49.76559245005501
2026-03-02,68830.06,69461.09,67300.174,785.5017088396175,65776.47,1,5.601735316595735,2.2732274065145783,162.59049568425598
2026-03-03,68338.0,68400.34,67362.948,844.6042070933308,68830.06,1,-0.6243147979240432,1.4474604050879663,59.10249825371329
2026-03-04,72666.77,67683.03,67682.67799999999,1141.473267260833,68338.0,1,-0.9584254002165705,7.363910748330643,296.8690601675021
2026-03-05,70890.72,73832.625,67784.516,1179.6104365455535,72666.77,1,1.6043853332135112,4.582468361948616,38.137169284720585
2026-03-06,68114.02,73556.81,67699.06950000001,987.0325395673394,70890.72,1,3.760848387489926,0.6129338306488713,-192.57789697821408
2026-03-07,67262.91,73362.42,67620.586,780.579168785431,68114.02,0,7.705318046123244,-0.528945430907671,-206.45337078190846
2026-03-08,65971.2,71815.05,67474.5245,546.3543861817063,67262.91,0,6.767677572974462,-2.227988283192722,-234.22478260372463
2026-03-09,68432.16,70784.32,67520.9565,545.2428511283049,65971.2,1,7.295790151611617,1.3495121325776884,-1.1115350534014397
2026-03-10,69948.63,68784.875,67695.338,628.7825879414434,68432.16,1,0.5154228655065053,3.328577811370114,83.53973681313846
2026-03-11,70191.86,67687.18,67854.7445,678.3124859594845,69948.63,1,-3.233015875364542,3.44429194630598,49.529898018041195
2026-03-12,70541.34,67522.96,67980.811,709.163852219064,70191.86,0,-3.8022914088613704,3.7665467097766676,30.851366259579436
2026-03-13,70930.0,68905.07,68128.5145,727.574645237009,70541.34,0,-2.319589743404359,4.112060156544284,18.410793017945025
2026-03-14,71211.95,67624.195,68306.942,728.7545310729661,70930.0,0,-4.660657955026082,4.252873741588377,1.1798858359570659
2026-03-15,72815.24,70586.11,68714.90299999999,801.7364194608327,71211.95,0,-0.8788421395566293,5.9671727980173594,72.98188838786666
2026-03-16,74884.67,68995.71,69256.229,943.8172271635574,72815.24,0,-5.2455077570299915,8.126981617783422,142.08080770272466
2026-03-17,73909.36,67524.19,69552.295,925.3004439996334,74884.67,0,-9.829091187822552,6.264444616816746,-18.516783163923947
2026-03-18,71246.54,68226.92,69740.363,697.2929897939936,73909.36,0,-7.688387675119904,2.159691941953322,-228.00745420563987
2026-03-19,69930.0,67839.13,69943.258,434.26054167488155,71246.54,0,-4.782558124927883,-0.01895536521904889,-263.032448119112
2026-03-20,70510.73,71395.266,70120.13149999999,283.15327290359164,69930.0,1,2.095331939081939,0.5570418817597446,-151.1072687712899
2026-03-21,68918.12,70327.414,70277.214,70.77698585192701,70510.73,1,-0.25998303733346106,-1.933904209691653,-212.37628705166463
2026-03-22,67859.0,68595.86,70228.66100000001,-134.98364857469338,68918.12,1,-0.4675992685232786,-3.3742078608048747,-205.76063442662038
2026-03-23,70906.45,67407.07,70357.08350000001,-63.43204889927341,67859.0,0,-0.665983417822249,0.7808261409812264,71.55159967541996
2026-03-24,70556.74,67205.67,70251.58200000001,-38.471606752223266,70906.45,0,-5.219240456968297,0.4343788300738847,24.960442147050145
2026-03-25,71336.53,70594.445,70273.8725,28.14766871008385,70556.74,1,0.05343970327993436,1.5121658479828348,66.61927546230712
2026-03-26,68820.31,68017.14,70309.187,-93.02221102453485,71336.53,1,-4.65314106951936,-2.117613733750054,-121.1698797346187
2026-03-27,66407.28,69571.8,70266.4055,-318.7454086719407,68820.31,1,1.0919550856425992,-5.492134502312054,-225.72319764740587
2026-03-28,66377.03,69915.945,70286.697,-445.3778791887481,66407.28,0,5.28355522542107,-5.562456576953675,-126.63247051680742
2026-03-29,66010.93,69916.18,70165.6355,-523.6819744075672,66377.03,0,5.331889190432294,-5.921282505878551,-78.30409521881904
2026-03-30,66797.37,65814.03,70008.0725,-492.84396279702605,66010.93,-1,-0.2982820420799905,-4.58618897127899,30.838011610541116
2026-03-31,68284.48,65410.773,69912.70349999999,-349.3759589954079,66797.37,-1,-2.075825084879832,-2.3289379733398423,143.46800380161812
2026-04-01,68113.92,66091.63,69791.33249999999,-247.82681622148516,68284.48,-1,-3.2113405381427755,-2.403468224367247,101.54914277392277
2026-04-02,66901.99,64737.72,69589.932,-243.76793042807026,68113.92,-1,-4.956697911381401,-3.8625443692055845,4.058885793414902
2026-04-03,66964.3,65873.75,69377.5495,-219.15220614452426,66901.99,-1,-1.5369348505179072,-3.4784300071019243,24.615724283546
2026-04-04,67300.42,68359.47,69101.80850000001,-164.96884395235338,66964.3,0,2.0834515555303303,-2.6068615845271474,54.183362192170875
2026-04-05,69034.18,68836.734,68809.284,-5.52332349600681,67300.42,0,2.2827708578936083,0.3268396165842873,159.44552045634657
2026-04-06,68853.66,68563.58,68556.499,89.38779211849624,69034.18,0,-0.6816940173693569,0.4334541645716292,94.91111561450305
2026-04-07,71924.22,67805.51,68590.383,346.1471931284341,68853.66,0,-1.522289719239331,4.860502091087608,256.75940100993785
2026-04-08,71069.93,68798.38,68647.37950000001,439.6265145198806,71924.22,0,-4.346014718685863,3.5289773879860666,93.47932139144649
2026-04-09,71787.97,70692.77,68711.2415,525.205134369185,71069.93,0,-0.5306837399445772,4.477765839815305,85.5786198493044
2026-04-10,72962.7,71112.766,68913.4705,629.2934150390322,71787.97,0,-0.9405536540453798,5.875817123446136,104.08828066984722
2026-04-11,73043.16,69557.234,69172.6785,668.2586708774297,72962.7,0,-4.667406256895642,5.595390526911589,38.965255838397525
2026-04-12,70740.98,69843.03,69164.405,510.7858380917671,73043.16,0,-4.381147735119898,2.279460077766876,-157.4728327856626
2026-04-13,74417.99,70707.2,69357.4675,618.8581561764405,70740.98,0,-0.047747253430749655,7.296290770709017,108.07231808467338
2026-04-14,74131.55,75259.74,69497.21849999999,633.3550782889681,74417.99,1,1.1311138442465252,6.66836975640977,14.496922112527614
2026-04-15,74809.99,76080.62,69796.7025,648.5736455770582,74131.55,1,2.6292006406179245,7.182699641147096,15.218567288090071
2026-04-16,75154.29,78721.41,70234.053,640.6444789166138,74809.99,1,5.228467815595209,7.005486355742553,-7.929166660444366
2026-04-17,77072.0,79920.1,70768.8015,717.573613152875,75154.29,1,6.341369950404703,8.90674755880951,76.92913423626123
2026-04-18,75691.76,79871.11,71252.84300000001,631.554574274603,77072.0,1,3.631811001401287,6.229810367005267,-86.019038878272
2026-04-19,73801.79,77083.24,71603.064,413.9428190736678,75691.76,1,1.8383535902719204,3.0707149627004724,-217.61175520093525
2026-04-20,75840.97,76618.555,71980.8885,375.0645808227496,73801.79,1,3.816661746957637,5.362647753368591,-38.87823825091823
2026-04-21,76336.15,74858.28,72392.0,350.86178886289144,75840.97,0,-1.295722813144401,5.448323019118127,-24.202791959858132
2026-04-22,78178.23,74913.65,72955.812,422.28235908252896,76336.15,0,-1.8634704036030034,7.158330305473114,71.42057021963751
2026-04-23,78257.48,73781.805,73520.47099999999,436.431656653097,78178.23,0,-5.623592798788097,6.443115686786073,14.149297570568024
2026-04-24,77437.13,77140.08,74027.30649999999,355.53761410000084,78257.48,0,-1.4278531266276349,4.60616988678362,-80.89404255309614
2026-04-25,77625.0,77011.695,74456.8475,282.8447495084017,77437.13,0,-0.5493936661908888,4.255018317824961,-72.69286459159912
2026-04-26,78657.55,80328.266,74947.042,272.3637483367622,77625.0,1,3.4824677938808377,4.950839821003211,-10.481001171639491
2026-04-27,77371.32,82835.94,75219.397,152.82547473003956,78657.55,1,5.312125155182175,2.860861806695964,-119.53827360672267
2026-04-28,76342.77,79536.64,75483.03899999999,-12.705175176250123,77371.32,1,2.798608870832232,1.1389724253153273,-165.53064990628968
2026-04-29,75780.0,76638.25,75682.6405,-168.63161621495533,76342.77,0,0.3870438549714608,0.12864178543031404,-155.9264410387052
2026-04-30,76346.57,75895.56,75851.834,-237.9082174845821,75780.0,0,0.15249736078120876,0.6522399972557082,-69.27660126962678
2026-05-01,78231.13,74379.71,76111.23250000001,-164.58950027400851,76346.57,0,-2.5762245278340687,2.7852623461326704,73.3187172105736
2026-05-02,78686.85,70483.3,76508.526,-96.54838628513517,78231.13,0,-9.903772481619534,2.847165033606853,68.04111398887335
2026-05-03,78568.57,76642.586,76716.05500000001,-71.79328510863343,78686.85,0,-2.597974200898887,2.414768329784423,24.75510117650174
2026-05-04,79861.01,76213.66,77002.528,14.725764636884378,78568.57,0,-2.997272000750436,3.7121924100985213,86.5190497455178
2026-05-05,80905.52,78086.43,77307.3045,119.56591283868988,79861.01,0,-2.2220859872671217,4.654431458026073,104.8401482018055
2026-05-06,81447.01,79295.12,77621.9405,198.0194006507395,80905.52,0,-1.9904733478012426,4.927819989246466,78.45348781204962
2026-05-07,80006.0,76017.09,77768.64050000001,128.85173466789,81447.01,0,-6.666808578976681,2.8769430526434254,-69.16766598284948
2026-05-08,80193.17,75608.66,77993.711,74.39683743567775,80006.0,0,-5.496267467439942,2.820046606065459,-54.45489723221226
2026-05-09,80678.4,79428.805,78337.5415,50.870161754067794,80193.17,0,-0.9531551284230293,2.9881694717212786,-23.52667568160996
2026-05-10,82210.07,78200.79,78655.9965,114.62741611313777,80678.4,0,-3.070971830750231,4.51850292177026,63.757254359069975
2026-05-11,81745.65,77564.27,78926.47150000001,102.1032265857275,82210.07,0,-5.651128338049106,3.5719048963185687,-12.524189527410272
2026-05-12,80504.47,78098.71,79042.7835,-7.3798778960663185,81745.65,0,-4.461324929828064,1.849234598374178,-109.48310448179382
2026-05-13,79313.61,77228.09,79095.59,-168.66754153792567,80504.47,0,-4.0698066206758465,0.2756411577434394,-161.28766364185935
2026-05-14,81089.99,77624.14,79278.233,-164.2235811654689,79313.61,0,-2.130112820485665,2.2853145579064713,4.443960372456786
2026-05-15,79113.21,78864.27,79352.6435,-295.2788137353614,81089.99,-1,-2.7447488432296083,-0.30173348919371434,-131.0552325698925
2026-05-16,78148.05,79353.22,79327.1685,-439.1599583196437,79113.21,-1,0.3033737981305443,-1.486399328623455,-143.8811445842823
2026-05-17,77457.67,80288.484,79331.486,-565.000896682142,78148.05,-1,2.7389479008113407,-2.362007942218561,-125.84093836249826
2026-05-18,77001.87,81165.7,79364.441,-656.6796944406419,77457.67,0,4.7871735942999605,-2.976863404103118,-91.67879775849997
2026-05-19,76834.36,77881.32,79417.15900000001,-702.245670070386,77001.87,0,1.1421155258956759,-3.2521926401321064,-45.565975629744116
2026-05-20,77552.23,79510.57,79477.44200000001,-658.4169352842569,76834.36,0,3.483090524213385,-2.422337648964613,43.82873478612919
2026-05-21,77615.52,79237.055,79446.6615,-601.1280035760593,77552.23,0,2.17250321170649,-2.3048690346793212,57.28893170819754
2026-05-22,75539.5,78640.01,79289.29400000001,-673.561335735991,77615.52,0,1.3199522627690903,-4.7292563861143835,-72.43333215993164
2026-05-23,76752.01,80076.09,79198.466,-612.1035102624273,75539.5,0,6.005591445535117,-3.0890194262096005,61.45782547356362
2026-05-24,77064.96,76619.34,79058.6635,-525.959731800689,76752.01,-1,-0.17285052209055474,-2.5218026864316885,86.1437784617383
2026-05-25,77322.01,76668.07,78879.488,-431.2277142530569,77064.96,-1,-0.515006674239507,-1.9745031813593958,94.73201754763215
2026-05-26,75930.01,78856.21,78603.638,-440.3344270546385,77322.01,-1,1.9841710497437992,-3.401404906984091,-9.106712801581637
2026-05-27,74449.3,79927.42,78325.803,-518.70550914294,75930.01,0,5.264600748768512,-4.949203010405137,-78.37108208830142
2026-05-28,73617.51,78966.72,77997.02,-593.7870212179644,74449.3,0,6.067778676226636,-5.614970930940707,-75.08151207502442
2026-05-29,73460.78,72091.41,77636.139,-618.4366847400627,73617.51,-1,-2.07301734329237,-5.378112633859853,-24.649663522098308
2026-05-30,73884.38,72700.98,77219.8545,-571.7396193782765,73460.78,-1,-1.034298080554003,-4.319451935771255,46.697065361786144
2026-05-31,73674.39,72112.57,76816.29149999999,-521.9028672720301,73884.38,-1,-2.398084260164333,-4.090149939092013,49.83675210624642
2026-06-01,71408.9,70159.13,76361.513,-602.6984310095544,73674.39,-1,-4.7713421006946914,-6.485744985173371,-80.79556373752428
2026-06-02,66760.83,70767.07,75733.874,-911.8133804110433,71408.9,-1,-0.898809094524624,-11.848124922277178,-309.11494940148896
2026-06-03,64142.75,67104.695,74886.512,-1216.2027545212327,66760.83,0,0.5150704574823264,-14.346725081814467,-304.38937411018935
2026-06-04,63885.99,68097.445,74125.15099999998,-1348.2077376019904,64142.75,0,6.165459560901271,-13.813342518519779,-132.0049830807577
2026-06-05,61056.47,69065.445,73270.57200000001,-1526.3602993002878,63885.99,0,8.107341394412144,-16.669860308992828,-178.1525616982974
2026-06-06,60884.62,66730.92,72441.91949999999,-1551.0130431101788,61056.47,0,9.293776523601839,-15.953883579796624,-24.652743809891035
2026-06-07,63332.01,66918.266,71758.4265,-1307.4738870453261,60884.62,0,9.90996679456979,-11.74275539612062,243.5391560648527
2026-06-08,63085.99,64771.727,71071.008,-1077.5111053095638,63332.01,0,2.273284177306228,-11.235267691714746,229.9627817357623
2026-06-09,61730.0,64800.137,70279.8965,-936.4925875398703,63085.99,0,2.717159101014349,-12.16549386921764,141.01851776969352
2026-06-10,61510.99,66804.8,69474.67,-783.921171563521,61730.0,0,8.220957192612993,-11.462710078363813,152.57141597634927
2026-06-11,63625.99,68069.56,68878.9945,-481.3688880978643,61510.99,0,10.662440159067513,-7.62642448272093,302.5522834656567
2026-06-12,63580.01,69122.39,68220.3945,-237.48335123517154,63625.99,0,8.638609198850975,-6.802048762705401,243.8855368626928
2026-06-13,64458.01,63194.227,67590.04699999999,16.353640186097437,63580.01,0,-0.6067684442012545,-4.633873090811713,253.83699142126898
2026-06-14,65746.45,64297.0,67011.269,289.2775046802644,64458.01,0,-0.24979052254328363,-1.8874720907016447,272.923864494167
2026-06-15,66328.74,64427.566,66531.2055,514.133366227436,65746.45,0,-2.0060149160144722,-0.3043165962173813,224.85586154717157
2026-06-16,65675.01,64858.273,66092.491,617.0220961683626,66328.74,0,-2.2169372771139706,-0.6316617722881709,102.88872994092662
2026-06-17,64509.4,66081.336,65637.0855,603.9972897525386,65675.01,0,0.618691854786174,-1.718061506554857,-13.02480641582406
2026-06-18,62958.01,65347.945,65111.94700000001,493.00669589443896,64509.4,0,1.2998808119436833,-3.3080519002142648,-110.9905938580996
2026-06-19,63543.91,65571.07,64594.9235,461.70454742943,62958.01,0,4.1504811103464005,-1.627083744436966,-31.30214846500894
2026-06-20,64298.01,65814.484,64126.1045,491.67229605927287,63543.91,1,3.5732367979874016,0.26807413508176026,29.967748629842845
2026-06-21,63311.99,65720.51,63721.259,446.300856510275,64298.01,1,2.212351225955512,-0.6422801533158663,-45.37143954899784
2026-06-22,64020.01,65540.26,63584.21800000001,463.17918449161516,63311.99,1,3.519503671421483,0.685377619962227,16.878327981340135
2026-06-23,62734.57,64107.96,63513.80900000001,389.9160317727483,64020.01,0,0.1373803870071216,-1.2268812283010906,-73.26315271886688
2026-06-24,61077.99,64805.805,63373.40900000001,239.4205355512072,62734.57,0,3.3015842580892802,-3.6220538491151846,-150.4954962215411
2026-06-25,59794.0,65091.98,63310.2855,71.63866078678802,61077.99,0,6.571909895446792,-5.554050929054803,-167.78187476441917
2026-06-26,60097.27,66232.984,63270.918000000005,2.9493680383238825,59794.0,0,10.768612862494564,-5.015966419200695,-68.68929274846414
2026-06-27,60029.0,65815.29,63105.7675,-23.74734483647626,60097.27,0,9.514607007106985,-4.875572585342539,-26.69671287480014
2026-06-28,59577.01,61019.04,62930.31850000001,-47.1584253324545,60029.0,0,1.649267957986973,-5.328605638631887,-23.41108049597824
2026-06-29,60260.21,62280.52,62856.829000000005,5.26976979759047,59577.01,0,4.537840236107851,-4.131005399588334,52.42819513004497
2026-06-30,58624.71,63521.188,62712.515,-45.5018469484512,60260.21,0,5.411493753506669,-6.518324133548145,-50.77161674604167
2026-07-01,60024.0,62349.8,62532.4155,35.481341470602274,58624.71,0,6.35413084559395,-4.011384303553735,80.98318841905348
2026-07-02,61560.0,63803.19,62431.415,203.4442603632474,60024.0,0,6.296133890193922,-1.3957956903587734,167.96291889264512
2026-07-03,62583.26,62279.43,62337.677500000005,383.93393591765107,61560.0,1,1.1686642097141,0.3939551645952751,180.48967555440368
2026-07-04,63144.01,64016.15,62207.5555,532.4222020323207,62583.26,1,2.2895714245310934,1.5053709995082507,148.4882661146696
2026-07-05,63650.0,62730.277,62073.618500000004,648.3604512385032,63144.01,1,-0.6552207505510056,2.539535374436075,115.93824920618249
2026-07-06,64042.02,63017.934,61991.969000000005,729.0682620792975,63650.0,0,-0.9930344167321288,3.306962229252618,80.70781084079431
2026-07-07,63363.99,63501.645,61934.6985,713.5136946593498,64042.02,0,-0.8437826738600638,2.307739497593581,-15.554567419947716
2026-07-08,62290.0,61885.055,61901.297999999995,611.5436453802463,63363.99,0,-2.334031225779813,0.6279383673020957,-101.97004927910348
2026-07-09,63230.0,61999.723,61885.6025,587.8897897804036,62290.0,0,-0.46600954206132605,2.172391389418886,-23.6538555998427
2026-07-10,64161.72,61946.664,61878.788,612.6946513333926,63230.0,0,-2.0296314051874114,3.689361207268637,24.804861552988996
2026-07-11,63819.0,61406.453,61904.1385,583.8439476441733,64161.72,0,-4.29425345049977,3.093268958100433,-28.850703689219245
2026-07-12,63780.0,59079.234,61892.138,540.9273791016217,63819.0,0,-7.426887956564659,3.0502452508588425,-42.91656854255166
2026-07-13,62334.52,62377.844,61872.1355,400.4532056877546,63780.0,0,-2.198426230793352,0.7473226780737189,-140.4741734138671
2026-07-14,65043.98,64026.715,62070.435,470.44155408179245,62334.52,1,2.7146994053214866,4.790597971481923,69.98834839403787
2026-07-15,64756.28,63907.14,62318.549,476.33084818529807,65043.98,1,-1.7478010647564972,3.9117261860509616,5.88929410350562
2026-07-16,63830.2,64501.184,62505.195499999994,399.90979575328225,64756.28,1,-0.3939330768382601,2.1198309826900754,-76.42105243201581
2026-07-17,63931.67,63144.82,62700.32899999999,340.5686957153747,63830.2,0,-1.0737545668037969,1.9638509392829624,-59.34110003790755
2026-07-18,64834.22,63655.49,62963.18949999999,345.39056664848533,63931.67,0,-0.4319951578771496,2.97162598473511,4.821870933110631
2026-07-19,64722.54,62941.234,63186.306,324.66277016033354,64834.22,0,-2.9197322417081613,2.431276802286882,-20.727796488151796
2026-07-20,65255.51,63649.61,63517.846,329.4076073091402,64722.54,0,-1.6577387491282032,2.7357098979710432,4.744837148806653
2026-07-21,66556.16,62997.336,63844.454000000005,398.1102231210608,65255.51,0,-3.4605109399957215,4.247363443659489,68.70261581192062
2026-07-22,66114.49,62817.195,64072.1785,391.2006651336735,66556.16,0,-5.617759028615839,3.1875168720851335,-6.909557987387302
2026-07-23,65098.97,69590.34,64197.964,299.74768007795444,66114.49,1,5.25732520964768,1.4034806462086573,-91.45298505571907
2026-07-24,64139.99,67975.336,64247.763,163.02369452631058,65098.97,1,4.4184507642747635,-0.167745918250883,-136.72398555164386
2026-07-25,64375.0,67834.43,64284.013,80.9181086026606,64139.99,1,5.759962992666513,0.14153907908643007,-82.10558592364998
2026-07-26,65399.99,66831.555,64351.9115,87.580637243875,64375.0,1,3.8160072815533983,1.6286672385792238,6.662528641214408
2026-07-27,63755.86,65887.67,64371.50499999999,-21.004577227501215,65399.99,0,0.7456910543870144,-0.9563936713923181,-108.58521447137622
