timestamp,actual,predicted,sma20,macd_hist,prev_actual,position,pred_ret_pct,sma_dist_pct,macd_hist_slope
2019-01-01,139.1,119.65358,114.15,4.037048060377445,131.45,0,-8.974074011476551,21.857205431449835,
2019-01-02,152.01,117.92656,117.43350000000001,4.4968996075121375,139.1,0,-15.221740152234226,29.443472263025438,0.4598515471346927
2019-01-03,146.3,116.42819,120.5575,4.159193102835255,152.01,0,-23.40754414928499,21.352881405138632,-0.33770650467688235
2019-01-04,151.97,123.108765,123.968,4.05606116740408,146.3,0,-15.851835510295631,22.588087248322143,-0.10313193543117549
2019-01-05,152.83,124.80794,127.376,3.789154827163973,151.97,0,-17.87330550630367,19.983356362266054,-0.26690634024010684
2019-01-06,153.86,153.6233,130.368,3.4358022867549867,152.83,1,0.5190775858234966,18.019759450171836,-0.3533525404089861
2019-01-07,149.34,161.77844,132.8155,2.684771344286043,153.86,1,5.146524361635568,12.441695434644314,-0.7510309424689439
2019-01-08,147.6,155.65356,135.25849999999997,1.8951475351869655,149.34,1,4.227644605012051,9.124380353175606,-0.7896238090990773
2019-01-09,148.1,142.3119,136.961,1.2613599921865681,147.6,0,-3.582720252556526,8.13297215995793,-0.6337875430003974
2019-01-10,124.95,146.48697,137.824,-0.7536908518418288,148.1,-1,-1.089149902673443,-9.340898537264923,-2.015050844028397
2019-01-11,124.65,124.72618,138.2965,-2.0689070463390795,124.95,-1,-0.17912682651185702,-9.86756714739708,-1.3152161944972507
2019-01-12,123.35,127.22805,138.0125,-2.9356368405153166,124.65,-1,2.0682312329992683,-10.624037677746578,-0.8667297941762371
2019-01-13,114.16,133.52267,136.819,-3.9726590969255335,123.35,0,8.247000049085432,-16.561296311184844,-1.037022256410217
2019-01-14,126.95,129.65039,136.7865,-3.650288204891246,114.16,0,13.569017716363001,-7.191133627953042,0.3223708920342876
2019-01-15,118.95,125.45195,136.2665,-3.811224723659603,126.95,-1,-1.1800314507741752,-12.707818869641477,-0.16093651876835713
2019-01-16,121.48,114.80471,136.6505,-3.5859658539730255,118.95,-1,-3.484900892657763,-11.101679101064388,0.2252588696865776
2019-01-17,121.54,114.52968,135.9625,-3.279912126904597,121.48,-1,-5.721371135391374,-10.607704330238116,0.3060537270684285
2019-01-18,119.17,113.797714,135.2765,-3.086862930470163,121.54,-1,-6.370154489552056,-11.906354762283174,0.19304919643443386
2019-01-19,122.6,119.19742,134.518,-2.597584707282148,119.17,0,0.02300764696704145,-8.859780847172875,0.4892782231880153
2019-01-20,117.47,120.35054,133.81900000000002,-2.4886434232823,122.6,-1,-1.8347959533990064,-12.217248671713296,0.10894128399984782
2019-01-21,115.63,121.24996,132.6455,-2.4081686108162574,117.47,-1,3.2178103796946833,-12.82780041539291,0.0804748124660426
2019-01-22,117.81,126.04147,130.9355,-2.0877189419347215,115.63,-1,9.004128157633728,-10.024401327371102,0.3204496688815359
2019-01-23,116.44,127.73148,129.4425,-1.855450556080152,117.81,0,8.421597028667053,-10.045000675975817,0.23226838585456955
2019-01-24,116.39,130.05472,127.6635,-1.6021601192876531,116.44,0,11.692475109565551,-8.830636791252001,0.25329043679249885
2019-01-25,115.11,139.13957,125.77749999999999,-1.4238154509715342,116.39,0,19.545985173601416,-8.481246645862726,0.17834466831611895
2019-01-26,115.34,112.37166,123.85149999999999,-1.2021846248236239,115.11,-1,-2.3788912125833437,-6.872343088295245,0.2216308261479103
2019-01-27,112.05,111.09012,121.98700000000001,-1.1869392823745053,115.34,-1,-3.6846554463298755,-8.145949978276382,0.01524534244911857
2019-01-28,105.5,109.6008,119.88200000000002,-1.5071918581273582,112.05,-1,-2.1858102984856065,-11.99679685023608,-0.32025257575285293
2019-01-29,104.45,115.18191,117.69949999999999,-1.666507514005799,105.5,0,9.177163652899141,-11.2570571667679,-0.15931565587844077
2019-01-30,108.29,122.08545,116.8665,-1.4007327526428286,104.45,0,16.884106480373383,-7.338715542948575,0.2657747613629704
2019-01-31,106.44,108.27382,115.95599999999999,-1.2423818591255813,108.29,0,-0.014942312562049823,-8.206561109386312,0.1583508935172473
2019-02-01,106.73,101.546326,115.125,-1.0202617401937415,106.44,-1,-4.5975895494233825,-7.292073832790441,0.2221201189318398
2019-02-02,110.42,104.19007,114.93800000000002,-0.5505107699940215,106.73,-1,-2.379770349520259,-3.930814874106052,0.46975097019972
2019-02-03,107.36,107.16021,113.9585,-0.37968920707850273,110.42,-1,-2.9521738310435452,-5.790265754638751,0.17082156291551875
2019-02-04,107.68,111.955215,113.39500000000001,-0.18861646181115077,107.36,0,4.280193232210845,-5.039904757705369,0.19107274526735196
2019-02-05,107.27,108.69614,112.6845,-0.041024016333164326,107.68,0,0.9436631450681352,-4.805008674662446,0.14759244547798644
2019-02-06,104.5,109.242615,111.83250000000001,-0.07893740486481082,107.27,0,1.8389249054663503,-6.556680750229146,-0.0379133885316465
2019-02-07,104.48,113.296684,111.098,-0.05545628402109681,104.5,0,8.417879679556668,-5.956902914543911,0.02348112084371401
2019-02-08,119.25,113.662476,110.93050000000001,0.9492644506866279,104.48,1,8.78874003248229,7.49974082871707,1.0047207347077247
2019-02-09,119.19,116.21654,111.0165,1.567758524342822,119.25,1,-2.5437840875589623,7.362419099863537,0.6184940736561941
2019-02-10,125.12,118.15131,111.49100000000001,2.290445295417579,119.19,1,-0.8714541641595072,12.224305100860148,0.7226867710747569
2019-02-11,120.89,118.83141,111.64500000000001,2.386945743438124,125.12,0,-5.026044382158757,8.280711182766796,0.09650044802054492
2019-02-12,122.41,120.876595,111.94350000000001,2.4474172572414243,120.89,0,-0.0110889705872854,9.34980592888375,0.060471513803300514
2019-02-13,121.86,118.389496,112.21699999999998,2.3444557933023575,122.41,0,-3.2844572750515657,8.593172157516255,-0.1029614639390668
2019-02-14,120.42,119.22833,112.4825,2.082313905427451,121.86,0,-2.159582701845355,7.0566532571733385,-0.26214188787490666
2019-02-15,121.67,122.987686,112.799,1.901066223668428,120.42,1,2.1322755001050995,7.864431422264377,-0.18124768175902295
2019-02-16,122.67,118.73343,113.33,1.7597354356727053,121.67,1,-2.413553912157374,8.241418865260746,-0.14133078799572263
2019-02-17,133.75,121.18356,114.74249999999999,2.2901038350801595,122.67,1,-1.2117361763904189,16.565352855306454,0.5303683994074542
2019-02-18,145.69,119.88738,116.8045,3.2633410652897052,133.75,0,-10.364573826299651,24.729783527175744,0.9732372302095458
2019-02-19,143.44,122.70358,118.56200000000001,3.5501307310786587,145.69,0,-15.777621824646937,20.98311431993386,0.2867896657889535
2019-02-20,148.44,145.88795,120.66199999999999,3.846220970634242,143.44,1,1.7066053485178923,23.021332316719437,0.29609023955558333
2019-02-21,145.69,147.3729,122.60999999999999,3.62926587983182,148.44,1,-0.7188801622814759,18.823913220781353,-0.21695509080242203
2019-02-22,147.36,146.02837,124.457,3.3759193026707974,145.69,1,0.2322507302266386,18.40233976393455,-0.2533465771610226
2019-02-23,157.79,146.17564,126.97849999999998,3.6643924251642845,147.36,0,-0.803716123168822,24.265131498639544,0.2884731224934871
2019-02-24,132.1,143.44225,128.1995,1.9638994921876165,157.79,0,-9.092942845935456,3.042523566784577,-1.700492932976668
2019-02-25,137.87,132.84438,129.7295,1.1091313973009687,132.1,1,0.5634940275182198,6.274979861943509,-0.8547680948866478
2019-02-26,136.22,136.50302,131.3155,0.35320060215184235,137.87,1,-0.9914983388450203,3.7348980128012412,-0.7559307951491263
2019-02-27,135.02,138.22885,132.8425,-0.2732408138198501,136.22,1,1.4747109957123594,1.6391591546380182,-0.6264414159716925
2019-02-28,135.34,138.22789,133.647,-0.6880560812902079,135.02,0,2.375862845984615,1.2667699237543768,-0.4148152674703578
2019-03-01,135.32,137.73595,134.4535,-0.9686126636985213,135.34,0,1.7703167247476237,0.6444607243396431,-0.2805565824083134
2019-03-02,132.56,132.51024,134.8255,-1.3229639983548962,135.32,-1,-2.0763829090593084,-1.680320117485196,-0.3543513346563749
2019-03-03,130.6,134.34285,135.311,-1.6509233379634365,132.56,-1,1.3449379386280251,-3.4816090340031574,-0.3279593396085403
2019-03-04,125.65,129.00812,135.473,-2.1322005424446635,130.6,-1,-1.2188991762777521,-7.250891321517945,-0.481277204481227
2019-03-05,136.72,126.752205,136.216,-1.6571263773406706,125.65,0,0.8772024632069444,0.3700005873025127,0.4750741651039929
2019-03-06,137.4,123.99435,137.065,-1.2668224749924861,136.72,0,-9.307821373133159,0.244409586692451,0.39030390234818446
2019-03-07,136.81,135.9167,137.822,-1.0282723949505388,137.4,-1,-1.079547110256327,-0.7342804486946934,0.23855008004194733
2019-03-08,133.52,138.64893,138.3645,-1.0673079116726325,136.81,-1,1.3441457358745688,-3.501259354820046,-0.03903551672209371
2019-03-09,137.27,143.06175,138.5405,-0.8265734325288383,133.52,-1,7.146309406333079,-0.9170603541924551,0.2407344791437942
2019-03-10,135.37,142.03012,138.0245,-0.7817901117318282,137.27,0,3.467706599846554,-1.923209285308032,0.044783320797010084
2019-03-11,132.67,137.57889,137.486,-0.9114450697085248,135.37,0,1.6317411091476104,-3.502902113669758,-0.12965495797669657
2019-03-12,133.57,134.9505,136.7425,-0.9118168768239037,132.67,0,1.718927028176123,-2.3200541163135187,-0.0003718071153788749
2019-03-13,131.65,137.76094,136.0405,-1.0090246157288432,133.57,0,3.137636109723605,-3.2273477383573295,-0.0972077389049395
2019-03-14,132.2,139.53654,135.2825,-1.0019020495205804,131.65,0,5.9905391567069355,-2.278565224622557,0.007122566208262793
2019-03-15,136.56,141.10097,134.221,-0.684331809391244,132.2,0,6.732955678688786,1.7426483188174715,0.3175702401293363
2019-03-16,140.92,138.01143,134.662,-0.18726680774691884,136.56,0,1.0628506392851569,4.647190744233697,0.4970650016443252
2019-03-17,138.67,143.15627,134.702,-0.025162874623273712,140.92,0,1.5869041007586397,2.9457617555789737,0.16210393312364513
2019-03-18,137.59,141.27495,134.7705,-0.006779788064657177,138.67,0,1.8785231990460807,2.092075046096887,0.018383086558616535
2019-03-19,138.55,143.13539,134.947,0.050761671124898156,137.59,1,4.0303737447136845,2.669937086411709,0.05754145918955533
2019-03-20,139.01,143.58226,135.13049999999998,0.09780589325699407,138.55,1,3.63208959353008,2.8709284728466242,0.047044222132095914
2019-03-21,134.85,146.77116,135.10700000000003,-0.15925601154675273,139.01,1,5.5831695132937895,-0.19021960372151953,-0.2570619048037468
2019-03-22,135.98,137.31017,135.278,-0.2554917171148028,134.85,0,1.8243718244519418,0.5189313857389954,-0.09623570556805006
2019-03-23,137.28,136.82271,135.612,-0.2344485218623238,135.98,0,0.6197294674825877,1.2299796478187819,0.021043195252478997
2019-03-24,136.09,132.5185,136.134,-0.2993719300133686,137.28,-1,-3.4684632485840994,-0.03232109539129293,-0.0649234081510448
2019-03-25,133.98,131.71436,135.997,-0.4728040689187796,136.09,-1,-3.215257940517307,-1.4831209511974706,-0.17343213890541098
2019-03-26,134.18,133.85791,135.83599999999998,-0.5566593592628604,133.98,-1,-0.09112542450364963,-1.2191171707058348,-0.08385529034408079
2019-03-27,139.45,134.54182,135.96800000000002,-0.2551494886005752,134.18,0,0.26965594039372903,2.560896681572113,0.3015098706622852
2019-03-28,137.86,136.83199,136.185,-0.16511348291807826,139.45,0,-1.8773858202704743,1.229944560707869,0.09003600568249692
2019-03-29,143.25,138.00499,136.48399999999998,0.2334785854032435,137.86,1,0.10517164081200046,4.957357638990666,0.39859206832132177
2019-03-30,142.46,137.1815,136.8385,0.40964745388154955,143.25,1,-4.236297873718368,4.108127464127418,0.17616886847830604
2019-03-31,141.38,136.69789,137.274,0.41772991464313414,142.46,1,-4.0447204581275065,2.9910980957792406,0.008082460761584587
2019-04-01,141.24,143.3686,137.65749999999997,0.37907188848905804,141.38,1,1.4065685156194774,2.6024735303198443,-0.0386580261540761
2019-04-02,163.31,145.32468,139.2405,1.729670680138389,141.24,1,2.8920111255110914,17.28627805846719,1.350598791649331
2019-04-03,159.96,149.31764,140.6285,2.2540408267913605,163.31,0,-8.567973662412552,13.746502309275863,0.5243701466529715
2019-04-04,157.36,148.05328,141.6685,2.2757843487747267,159.96,0,-7.443558582516728,11.0762096019934,0.021743521983366154
2019-04-05,164.77,153.08218,142.861,2.614979250499327,157.36,0,-2.718490189444197,15.335885931079876,0.3391949017246003
2019-04-06,165.5,157.61127,144.2025,2.7031033087792666,164.77,0,-4.344682229869673,14.76916142230545,0.08812405827993963
2019-04-07,174.21,154.43695,146.0335,3.1323454557281742,165.5,0,-6.684621943447885,19.294545429644568,0.4292421469489076
2019-04-08,178.72,153.29657,148.042,3.4777187925310074,174.21,0,-12.00472428435868,20.722497669580253,0.3453733368028331
2019-04-09,174.6,154.41293,149.8215,3.19374687958076,178.72,0,-13.600641590415524,16.538681030426215,-0.28397191295024715
2019-04-10,177.12,153.5728,151.935,2.9466699260292124,174.6,0,-12.043070055774804,16.576167440023696,-0.2470769535515478
2019-04-11,164.07,173.88686,153.3395,1.7353131179826473,177.12,0,-1.8253974259815051,6.997870737807288,-1.211356808046565
2019-04-12,163.19,171.43127,154.63500000000002,0.7557715429410727,164.07,1,4.486666919036086,5.532382707666426,-0.9795415750415746
2019-04-13,162.99,154.35619,155.98,0.014549908091870734,163.19,1,-5.413207970411214,4.494165918707539,-0.741221634849202
2019-04-14,167.23,134.23357,157.64249999999998,-0.2551240771930523,162.99,1,-17.643066271440162,6.081799007247415,-0.26967398528492303
2019-04-15,159.95,135.12366,158.93099999999998,-0.9497023830046434,167.23,0,-19.19891333698349,0.6411587418439484,-0.6945783058115911
2019-04-16,165.37,166.00272,160.227,-1.0615426483105885,159.95,0,3.7841300809335023,3.209821066362099,-0.11184026530594515
2019-04-17,165.75,163.8178,161.62150000000003,-1.1214927030424384,165.37,0,-0.9386256274991335,2.5544249991492305,-0.05995005473184989
2019-04-18,173.33,157.64989,163.12550000000002,-0.6837330099229613,165.75,0,-4.886945951758107,6.255613009615294,0.43775969311947716
2019-04-19,172.64,148.32596,164.6345,-0.48318028950487957,173.33,0,-14.425686117837008,4.8625895544372435,0.2005527204180817
2019-04-20,172.88,151.25005,166.2095,-0.3813659161477121,172.64,0,-12.389917877451808,4.0133085052298485,0.10181437335716748
2019-04-21,168.59,173.78226,167.577,-0.6350009105690653,172.88,0,0.5218978945384831,0.6044982306641158,-0.2536349944213532
2019-04-22,170.52,168.09242,167.9375,-0.6997355525273665,168.59,0,-0.29514058642175744,1.5377744696687818,-0.06473464195830125
2019-04-23,169.16,165.75842,168.39749999999998,-0.8510428913633712,170.52,0,-2.7923863174041226,0.4527976959278001,-0.15130733883600467
2019-04-24,164.78,142.97775,168.76850000000002,-1.2394701845167742,169.16,-1,-15.477800493292222,-2.363296468239047,-0.38842729315340296
2019-04-25,154.72,139.34186,168.26600000000002,-2.115816997921466,164.78,-1,-15.437639331134696,-8.050348852412263,-0.8763468134046919
2019-04-26,157.95,150.99304,167.8885,-2.399083638933833,154.72,-1,-2.40884049108874,-5.919702659801001,-0.283266641012367
2019-04-27,159.31,152.07887,167.1435,-2.4096408468063615,157.95,-1,-3.7170796576992253,-4.686691375973333,-0.010557207872528451
2019-04-28,157.85,156.03621,166.1,-2.423189392020624,159.31,-1,-2.054981415827437,-4.966887417218543,-0.013548545214262298
2019-04-29,155.11,162.85785,165.1255,-2.5140662833021503,157.85,0,3.1725366620803017,-6.06538663016916,-0.09087689128152654
2019-04-30,161.83,157.19424,164.36100000000002,-2.0392020016736248,155.11,0,1.34372018874709,-1.5399030183559395,0.47486428162852556
2019-05-01,160.19,164.94896,164.167,-1.7635031990776686,161.83,0,1.927306031382268,-2.4225331522169524,0.27569880259595614
2019-05-02,161.81,165.83594,164.098,-1.4150250825091977,160.19,0,3.524525563393472,-1.394288778656663,0.34847811656847094
2019-05-03,168.06,161.6641,164.35150000000002,-0.740497188746754,161.81,0,-0.09017179557621734,2.2564442673172964,0.6745278937624437
2019-05-04,163.7,163.60236,164.175,-0.5723851482935935,168.06,-1,-2.6524122592935573,-0.2893254149535695,0.16811204045316042
2019-05-05,163.05,166.94386,164.33,-0.49242935044367364,163.7,-1,1.9815900519481209,-0.7789204649181531,0.07995579784991991
2019-05-06,173.0,165.35854,164.7115,0.2056699899339023,163.05,-1,1.4158453030368299,5.032131939785624,0.6980993403775759
2019-05-07,169.18,167.39722,164.88299999999998,0.3753762120812496,173.0,0,-3.2386030075867054,2.6060903792386276,0.16970622214734732
2019-05-08,170.85,170.93318,164.759,0.5545029998472955,169.18,1,1.0362819261705318,3.6969148878058307,0.17912678776604585
2019-05-09,170.9,172.23093,164.672,0.6254958535430841,170.85,1,0.8082683720643141,3.782063738826278,0.07099285369578867
2019-05-10,172.91,176.01877,164.6735,0.7486478790728239,170.9,1,2.99518332975241,5.001715515854103,0.1231520255297398
2019-05-11,190.2,173.78934,165.754,1.8714640135212708,172.91,1,0.5085519392765765,14.748362030478901,1.1228161344484469
2019-05-12,188.11,175.71458,166.6335,2.320938597762968,190.2,0,-7.615886251006336,12.888464804496106,0.4494745842416972
2019-05-13,195.84,173.57806,167.9675,2.9462131128487328,188.11,0,-7.725233126976909,16.593983955229437,0.6252745150857648
2019-05-14,216.4,170.27907,170.5485,4.4609633066178,195.84,0,-13.051946490418679,26.884727804700724,1.5147501937690673
2019-05-15,248.1,168.20627,175.2175,7.154575252807604,216.4,0,-22.270670836161337,41.5954456603935,2.6936119461898036
2019-05-16,264.25,218.54558,180.5325,9.437199921277806,248.1,0,-11.91230229627985,46.372536800853034,2.282624668470202
2019-05-17,244.3,224.39551,184.782,9.017239817852904,264.25,0,-15.082116248817407,32.20984727949692,-0.4199601034249021
2019-05-18,233.6,172.36166,188.5695,7.495128216512928,244.3,0,-29.446719681391993,23.88005483389413,-1.5221116013399758
2019-05-19,259.51,169.8561,193.7895,7.681282772865655,233.6,0,-27.287630838890596,33.91334411823137,0.1861545563527276
2019-05-20,250.37,167.11333,198.2165,6.674070618783034,259.51,0,-35.60428229109969,26.311381746726436,-1.0072121540826213
2019-05-21,253.43,226.09218,202.8785,5.735042997020457,250.37,0,-9.696777431510741,24.917130203545472,-0.9390276217625768
2019-05-22,243.64,226.96211,206.96999999999997,4.054849195637438,253.43,0,-10.443865198769757,17.71754360535344,-1.6801938013830195
2019-05-23,244.56,213.09258,210.795,2.6724306850590835,243.64,0,-12.537935038071662,16.017932114139338,-1.3824185105783542
2019-05-24,248.87,204.06442,215.05349999999999,1.7593714907873164,244.56,0,-16.558544893923017,15.724691762747419,-0.9130591942717672
2019-05-25,250.22,187.89627,219.41199999999998,0.9954514462859834,248.87,0,-24.500232751254423,14.041164567115757,-0.763920044501333
2019-05-26,264.45,249.97786,223.98449999999997,1.1847575573723823,250.22,0,-0.09677104265433872,18.06620547403951,0.18930611108639894
2019-05-27,270.53,208.906,229.05199999999996,1.438789354326051,264.45,0,-21.003590145821512,18.108551769903784,0.25403179695366873
2019-05-28,271.03,150.53613,234.061,1.3606913345942324,270.53,0,-44.35510560289062,15.794600552847319,-0.07809801973181862
2019-05-29,268.83,158.82509,238.95749999999998,0.9031058243341654,271.03,0,-41.399443419187335,12.501176987539628,-0.457585510260067
2019-05-30,254.56,158.90408,243.03999999999996,-0.5406852676549647,268.83,0,-40.89049464272844,4.739960500329181,-1.4437910919891301
2019-05-31,267.9,252.00848,246.925,-0.7636869684009753,254.56,0,-1.0023240545573744,8.494482130201463,-0.22300170074601056
2019-06-01,264.33,247.20392,250.73600000000002,-1.287247509768303,267.9,0,-7.725301061205199,5.4216386956799045,-0.5235605413673277
2019-06-02,268.88,248.12054,254.388,-1.450613273265784,264.33,0,-6.1322799403799175,5.696809597937006,-0.163365763497481
2019-06-03,249.91,251.70755,256.0635,-2.8773372367681063,268.88,-1,-6.386659458186504,-2.4031148523705954,-1.4267239635023223
2019-06-04,241.39,228.80035,255.72799999999998,-4.347665796518861,249.91,-1,-8.446899282179084,-5.606738409560156,-1.4703285597507545
2019-06-05,245.63,225.84833,254.79699999999997,-4.944025219625786,241.39,-1,-6.438407706732358,-3.5977660647495746,-0.5963594231069251
2019-06-06,248.76,206.57246,255.01999999999998,-5.020904746372324,245.63,-1,-15.900963241762888,-2.4547094345541494,-0.07687952674653786
2019-06-07,248.77,213.57509,255.77849999999998,-4.955821639818179,248.76,-1,-14.144119431992053,-2.740066111889768,0.06508310655414462
2019-06-08,243.25,219.64494,254.96550000000002,-5.146787229909647,248.77,-1,-11.70762421622194,-4.594935393219875,-0.19096559009146752
2019-06-09,230.98,217.7774,253.996,-5.907267112366958,243.25,-1,-10.471776038990237,-9.061560024567324,-0.7604798824573109
2019-06-10,246.51,232.59113,253.65,-5.197246997084635,230.98,0,0.6975173124431813,-2.8149024246008336,0.7100201152823225
2019-06-11,244.29,230.96693,253.68249999999998,-4.723684354796058,246.51,-1,-6.305247574499383,-3.7024627240743784,0.47356264228857725
2019-06-12,261.15,234.54822,254.512,-3.194746354082687,244.29,-1,-3.987794108052926,2.6081284968881535,1.5289380007133708
2019-06-13,254.67,213.837,254.802,-2.5666917815072043,261.15,-1,-18.11717188771419,-0.051804930887514616,0.6280545725754827
2019-06-14,262.47,217.23898,255.4145,-1.619050898107016,254.67,0,-14.697850883772379,2.7623725356234763,0.9476408834001884
2019-06-15,267.82,257.0161,255.583,-0.6734395393639012,262.47,0,-2.0779086062216736,4.7878771279779935,0.9456113587431147
2019-06-16,267.73,259.34253,255.44299999999998,-0.12430394356649987,267.82,0,-3.1653613259371944,4.8100750460964035,0.5491355957974013
2019-06-17,273.16,262.26062,255.5495,0.5000985477982134,267.73,0,-2.042871505924819,6.891228509545129,0.6244024913647133
2019-06-18,264.66,263.54572,255.34099999999998,0.24882477803889458,273.16,0,-3.5196531951855228,3.6496293192241147,-0.2512737697593188
2019-06-19,268.14,266.37088,256.02000000000004,0.22583476923072077,264.66,1,0.6464445427919217,4.7340051558471785,-0.022990008808173812
2019-06-20,271.22,264.91998,256.186,0.3210919847983895,268.14,1,-1.2008715931393066,5.868392496077089,0.09525721556766875
2019-06-21,294.35,262.10526,257.687,1.7642830550909387,271.22,1,-3.360646291957415,14.227725884503295,1.4431910702925492
2019-06-22,310.79,263.40854,259.78249999999997,3.545717162141292,294.35,0,-10.511792485694121,19.634694407821947,1.7814341070503534
2019-06-23,308.52,265.7749,262.713,4.243659835537224,310.79,0,-14.484088180523832,17.436137534115158,0.6979426733959322
2019-06-24,311.64,284.8374,266.2255,4.560208809608621,308.52,0,-7.676195272996883,17.05865891884886,0.3165489740713969
2019-06-25,318.26,293.9952,269.857,4.8340817665233615,311.64,0,-5.661914792634326,17.93653675835719,0.27387295691474023
2019-06-26,339.39,292.186,274.3885,5.981825801515292,318.26,0,-8.192671200065393,23.68958611603619,1.1477440349919306
2019-06-27,298.35,294.48816,276.86749999999995,3.635950709133697,339.39,0,-13.230160234630512,7.759126658058485,-2.345875092381595
2019-06-28,311.05,288.44867,280.2575,2.64459166549965,298.35,0,-3.318696352071819,10.98721711283374,-0.9913590436340467
2019-06-29,317.62,255.36322,284.5895,2.1569558805404903,311.05,0,-17.90283870283114,11.606366362778676,-0.48763578495915993
2019-06-30,292.7,311.73383,286.899,-0.003927623372220523,317.62,0,-1.8532127436579102,2.021965918319683,-2.160883503912711
2019-07-01,295.07,326.95535,289.438,-1.358700299931911,292.7,0,11.703229512539508,1.9458398689874878,-1.3547726765596906
2019-07-02,291.48,312.4047,290.9545,-2.5144554280405824,295.07,0,5.8747733092200605,0.18061243252811773,-1.1557551281086713
2019-07-03,301.14,296.71735,293.278,-2.6335686206539606,291.48,0,1.7968115107061315,2.6807329564440447,-0.11911319261337816
2019-07-04,282.73,286.37164,294.291,-3.8820500085676724,301.14,-1,-4.9041498750062225,-3.928424586548681,-1.2484813879137118
2019-07-05,287.47,281.05014,295.2735,-4.286723149819329,282.73,-1,-0.5941568348391196,-2.6428040443859624,-0.40467314125165643
2019-07-06,288.29,269.8707,296.3015,-4.381694927582185,287.47,-1,-6.122135519711849,-2.7038337639195063,-0.09497177776285604
2019-07-07,304.72,286.29053,297.8795,-3.2713928118396183,288.29,0,-0.6935629596066532,2.2963983758533297,1.1103021157425665
2019-07-08,311.97,287.73157,300.245,-2.042242229171041,304.72,0,-5.575096028218537,3.905144132291969,1.2291505826685771
2019-07-09,307.46,291.59885,302.211,-1.5488748778815449,311.97,0,-6.529843755634563,1.7368659645082298,0.49336735128949627
2019-07-10,289.23,301.47842,303.11150000000004,-2.414593481762463,307.46,-1,-1.9454810146797488,-4.5796678779920965,-0.8657186038809179
2019-07-11,268.63,297.27295,301.82550000000003,-4.232522949007146,289.23,-1,2.7808143065207553,-10.998242361894551,-1.8179294672446833
2019-07-12,274.62,290.6503,300.017,-4.845422414495487,268.63,-1,8.197259826626077,-8.46518697273821,-0.6128994654883408
2019-07-13,268.79,288.44946,298.03049999999996,-5.4141843059581785,274.62,0,5.0358542315290205,-9.81124415118585,-0.5687618914626915
2019-07-14,225.85,292.5183,293.74100000000004,-8.281399665986946,268.79,0,8.827824899317301,-23.112537916055313,-2.8672153600287675
2019-07-15,228.2,241.6636,289.238,-9.529759985352523,225.85,0,7.001817461292066,-21.10303625388089,-1.2483603193655775
2019-07-16,198.88,249.12085,282.2125,-11.697397379332038,228.2,0,9.167769329261619,-29.528280993931872,-2.167637393979515
2019-07-17,210.81,256.61066,277.8355,-11.668449333033408,198.88,0,29.02788452246644,-24.124166998097802,0.02894804629863046
2019-07-18,225.73,256.61343,273.5695,-10.046832020991973,210.81,0,21.72735346420503,-17.487146776230542,1.621617312041435
2019-07-19,220.73,246.37102,268.725,-8.76031742821366,225.73,0,9.14411795333128,-17.860266071262455,1.2865145927783121
2019-07-20,228.2,222.44388,265.5,-6.9355071454137995,220.73,0,0.7764591010864564,-14.048964218455747,1.8248102827998611
2019-07-21,225.38,200.66797,262.0155,-5.509839459999856,228.2,-1,-12.064869084136717,-13.982188076659579,1.4256676854139432
2019-07-22,217.51,195.22267,258.317,-4.718803641447723,225.38,-1,-13.380658661465494,-15.797256858820758,0.7910358185521336
2019-07-23,212.48,207.67574,253.88400000000001,-4.175012913658588,217.51,-1,-4.5212930561202604,-16.308235257046533,0.5437907277891352
2019-07-24,216.31,201.99113,250.56300000000002,-3.2397568269755617,212.48,-1,-4.936401240796924,-13.67041422716044,0.935256086683026
2019-07-25,219.14,220.99141,247.1465,-2.164599109457022,216.31,0,2.1642130746418613,-11.331942795062853,1.0751577175185396
2019-07-26,218.81,227.84679,243.67249999999999,-1.2548455626819788,219.14,0,3.9731616770208324,-10.203244108383172,0.9097535467750433
2019-07-27,207.3,217.28317,238.80149999999998,-1.2070763645510496,218.81,-1,-0.6977868436443158,-13.19150005339161,0.04776919813092917
2019-07-28,211.62,212.22571,233.78399999999996,-0.6891016076043712,207.3,-1,2.3761254258622713,-9.480546145159618,0.5179747569466784
2019-07-29,210.89,204.28401,228.95549999999997,-0.2242728087838124,211.62,-1,-3.4665854641242286,-7.890397915752183,0.46482879882055883
2019-07-30,209.58,202.9443,224.973,0.14637495744693751,210.89,0,-3.7676962302992614,-6.842154391860357,0.3706477662307499
2019-07-31,218.42,197.12483,222.4625,1.085977578280655,209.58,0,-5.942918144231176,-1.817160195538582,0.9396026208337176
2019-08-01,216.84,195.71683,219.57350000000002,1.6654793379368424,218.42,0,-10.394273696283244,-1.2449134344536206,0.5795017596561873
2019-08-02,217.61,184.38469,217.0145,2.135073959966041,216.84,0,-14.967400234710071,0.2744056272737607,0.46959462202919866
2019-08-03,222.14,187.34097,216.829,2.7462521418491903,217.61,0,-13.909759248016812,2.4493956066762186,0.6111781818831492
2019-08-04,221.79,212.57846,216.5085,3.0964437223299406,222.14,0,-4.3042852735394845,2.4393961438003564,0.3501915804807503
2019-08-05,233.54,223.71584,218.2415,4.029832646493757,221.79,1,0.8683148795207495,7.009895001638089,0.9333889241638165
2019-08-06,226.28,222.62941,219.01500000000001,4.057469984584827,233.54,1,-4.671829326865175,3.3171243978722855,0.027637338091070163
2019-08-07,226.1,218.24344,219.0335,3.958532245910785,226.28,1,-3.55160035323355,3.226218820408746,-0.09893773867404221
2019-08-08,221.39,215.84985,219.0665,3.487329868224057,226.1,0,-4.533457091718264,1.0606368385855416,-0.471202377686728
2019-08-09,210.53,227.1317,218.18300000000005,2.407073471369465,221.39,0,2.593476944938096,-3.507606000467519,-1.0802563968545922
2019-08-10,206.48,217.13954,217.238,1.4308147232558603,210.53,0,3.1394773314855655,-4.9521722718861385,-0.9762587481136045
2019-08-11,216.42,212.51245,217.1835,1.4604647840018146,206.48,0,2.921566820939079,-0.3515460428623822,0.02965006074595422
2019-08-12,211.41,212.71902,217.12999999999997,1.1616419245317626,216.42,0,-1.7100893363815095,-2.634366508543256,-0.29882285947005194
2019-08-13,209.3,218.68735,216.7795,0.8550269984722139,211.41,0,3.442291004261567,-3.4502801233511473,-0.30661492605954876
2019-08-14,187.1,210.57843,215.17749999999995,-0.7244442284675277,209.3,0,0.6108123152323165,-13.048529702222567,-1.5794712269397415
2019-08-15,188.03,223.36728,213.63849999999996,-1.541164914766803,187.1,0,19.383901150579575,-11.986837578432711,-0.8167206862992753
2019-08-16,184.88,224.12938,212.5175,-2.093857932973112,188.03,0,19.198733857608328,-13.004811368475544,-0.552693018206309
2019-08-17,185.59,226.03523,211.21599999999998,-2.20098193447906,184.88,0,22.260510895686565,-12.132603590637062,-0.10712400150594803
2019-08-18,194.33,227.58704,210.388,-1.505743967753176,185.59,0,22.628932664913247,-7.632564594938872,0.6952379667258839
2019-08-19,202.28,187.21207,210.023,-0.391030646048808,194.33,-1,-3.6628072606439495,-3.686739071435031,1.114713321704368
2019-08-20,196.6,196.85634,208.93199999999996,0.05922306737278049,202.28,-1,-2.6812643360804027,-5.902398866616874,0.4502537134215885
2019-08-21,187.45,202.46175,207.4625,-0.15217894741950033,196.6,-1,2.9815596214752382,-9.646321624389959,-0.21140201479228082
2019-08-22,190.35,199.99484,206.09949999999998,0.0021377842926675328,187.45,0,6.692367313575293,-7.641697335510268,0.15431673171216786
2019-08-23,194.02,198.51915,204.69350000000003,0.42672513178842664,190.35,0,4.291646850682135,-5.214381502099489,0.4245873474957591
2019-08-24,190.6,192.00836,203.134,0.5450154655321704,194.02,0,-1.0368200100988352,-6.170311223133494,0.11829033374374376
2019-08-25,186.54,192.44656,200.784,0.42303828492051565,190.6,0,0.9688162228243079,-7.094190772173081,-0.12197718061165475
2019-08-26,188.67,192.8089,198.9035,0.5509274756396447,186.54,0,3.3606191303641357,-5.144957228002534,0.12788919071912908
2019-08-27,187.24,196.88464,196.9605,0.600277346139551,188.67,0,4.35397442873139,-4.935253515298746,0.049349870499906245
2019-08-28,173.03,192.67401,194.5425,-0.21914460655812995,187.24,0,2.90216365652037,-11.05799503964429,-0.8194219526976809
2019-08-29,169.01,177.51999,192.4665,-0.8893389851492177,173.03,0,2.5949193860439657,-12.187315714682818,-0.6701943785910878
2019-08-30,168.5,181.90251,190.5675,-1.2048407310974039,169.01,0,7.6282537108335,-11.579886391960851,-0.31550174594818614
2019-08-31,171.57,186.84969,188.325,-1.0502755713710794,168.5,0,10.890021168513538,-8.896853843090401,0.15456515972632445
2019-09-01,170.74,197.32277,186.29149999999998,-0.8556792413697778,171.57,0,15.010065375671195,-8.347938580128442,0.1945963300013016
2019-09-02,178.05,198.79863,184.72899999999998,-0.12476716099360452,170.74,0,16.43354208781901,-3.615566586729736,0.7309120803761733
2019-09-03,178.75,174.01054,184.3115,0.4824312342895123,178.05,0,-2.268720121739862,-3.017446008523611,0.6071983952831168
2019-09-04,174.72,177.81084,183.646,0.6773008370338562,178.75,0,-0.5254059904938811,-4.860438016618924,0.19486960274434395
2019-09-05,173.75,179.20407,183.0895,0.7972536998390201,174.72,0,2.566432603549609,-5.101057133259957,0.11995286280516382
2019-09-06,169.08,186.0878,182.264,0.6260196155726607,173.75,0,7.100891552383093,-7.233463547381818,-0.17123408426635933
2019-09-07,177.62,188.28911,181.4285,1.1228560814553266,169.08,0,11.360958289784229,-2.0991740547929396,0.49683646588266583
2019-09-08,181.19,187.81996,180.374,1.6926482316552907,177.62,1,5.742574905895483,0.4523933604621523,0.5697921501999641
2019-09-09,180.54,197.34747,179.571,2.0051297163304813,181.19,1,8.917419915299549,0.5396194262993436,0.31248148467519066
2019-09-10,179.81,196.2346,179.18900000000002,2.130277555687913,180.54,1,8.69314494396585,0.34656145187482534,0.12514783935743168
2019-09-11,178.28,193.83054,178.5855,2.0755383743654896,179.81,0,7.797417211874685,-0.1710665199582245,-0.05473918132242339
2019-09-12,180.72,192.86002,177.9205,2.159544565371468,178.28,1,8.178155636717872,1.5734555602080675,0.08400619100597861
2019-09-13,180.95,176.47394,177.438,2.180150848529678,180.72,1,-2.3495252388881966,1.9792829044511326,0.02060628315820967
2019-09-14,188.13,174.6099,177.51749999999998,2.5985028410456152,180.95,1,-3.503789003134492,5.978283831171582,0.41835199251593735
2019-09-15,189.03,167.21504,177.5355,2.837525993457758,188.13,0,-11.117290110956352,6.474479751936929,0.2390231524121429
2019-09-16,197.22,170.1523,178.0345,3.410382787972491,189.03,0,-9.986616953058872,10.776282125093726,0.5728567945147329
2019-09-17,207.84,173.28989,179.775,4.309753913008976,197.22,0,-12.133715406850534,15.611180642469751,0.8993711250364846
2019-09-18,210.21,205.6563,181.835,4.830312846830919,207.84,0,-1.0506660044422709,15.604806555393624,0.5205589338219436
2019-09-19,220.24,202.2893,184.422,5.563985123311031,210.21,0,-3.76799075180772,19.421760961273606,0.733672276480112
2019-09-20,218.03,194.02817,186.745,5.598962748505986,220.24,0,-11.901485777057134,16.75279123939061,0.03497762519495495
2019-09-21,215.05,190.65749,188.9605,5.132277747532501,218.03,0,-12.554471420486143,13.806853813363118,-0.4666850009734853
2019-09-22,211.2,190.7319,190.618,4.308405863547138,215.05,0,-11.30811296155691,10.797511252872233,-0.8238718839853627
2019-09-23,201.29,207.23582,191.745,2.907290115493062,211.2,0,-1.8769769957571267,4.977965527132383,-1.4011157480540763
2019-09-24,165.81,200.40442,191.29950000000002,-0.42062606681549264,201.29,-1,-0.4399528315800547,-13.324394470450795,-3.3279161823085546
2019-09-25,169.96,203.80974,191.11,-2.2517158586056487,165.81,-1,22.917639562860916,-11.066924807702371,-1.831089791790156
2019-09-26,165.92,200.31915,190.952,-3.566169665296524,169.96,-1,17.862528143110872,-13.109053584146807,-1.3144538066908753
2019-09-27,173.79,201.52739,190.7605,-3.7197038067532135,165.92,0,21.46057710123385,-8.896233759085353,-0.15353414145668953
2019-09-28,173.49,174.4878,190.3755,-3.6504598353901634,173.79,0,0.4015150289142114,-8.869576179707988,0.06924397136305016
2019-09-29,169.24,172.93683,189.8105,-3.6889723779428305,173.49,-1,-0.31884914791559116,-10.837387815742535,-0.03851254255266712
2019-09-30,180.85,175.41954,189.8625,-2.7724496623078934,169.24,-1,3.651347438710369,-4.746856277569302,0.9165227156349371
2019-10-01,175.66,176.042,189.7315,-2.371192762731506,180.85,-1,-2.658552697656031,-7.41653336425423,0.4012568995763872
2019-10-02,180.24,177.5412,189.7075,-1.6850260405764819,175.66,0,1.070931760485457,-4.990577599725894,0.6861667221550243
2019-10-03,174.69,175.67667,189.39450000000002,-1.4988857739425443,180.24,-1,-2.531809665021296,-7.763953018699077,0.18614026663393757
2019-10-04,175.55,173.28488,188.7655,-1.2234226939226893,174.69,-1,-0.8043496526436102,-7.001014486227616,0.275463080019855
2019-10-05,176.25,172.98962,188.1265,-0.9138364331971869,175.55,-1,-1.4584881666548055,-6.31303936447018,0.30958626072550244
2019-10-06,170.1,181.67224,186.7705,-1.0341596263051969,176.25,0,3.0764489140070923,-8.925660101568504,-0.12032319310800998
2019-10-07,179.85,177.87961,185.371,-0.4005762820603076,170.1,0,4.5735497673703005,-2.9783515220827503,0.6335833442448893
2019-10-08,180.6,194.48087,183.8905,0.09888160836456406,179.85,0,8.1350377973398,-1.7893800930445065,0.49945789042487165
2019-10-09,192.62,188.81349,182.5095,1.2070895548836917,180.6,1,4.547891373914212,5.539711631449323,1.1082079465191277
2019-10-10,191.14,187.98224,181.165,1.774466488527842,192.62,1,-2.407725693317804,5.506030414263238,0.5673769336441503
2019-10-11,180.72,183.87033,179.44850000000002,1.3985439019373356,191.14,1,-3.8033217481705095,0.7085598375021104,-0.3759225865905065
2019-10-12,179.68,181.59406,177.8725,1.0465080561447895,180.72,1,0.48365160235793,1.0161773180227436,-0.3520358457925461
2019-10-13,180.99,183.58507,176.85750000000002,0.8754845638941688,179.68,1,2.1733458086728796,2.3366269454221578,-0.17102349225062063
2019-10-14,186.72,176.78203,177.903,1.1069601097789532,180.99,0,-2.324974750957413,4.956071567089936,0.23147554588478436
2019-10-15,180.49,173.84013,178.42950000000002,0.8127976791898848,186.72,0,-6.897957547669137,1.1547978333179156,-0.29416243058906844
2019-10-16,174.47,170.8948,178.857,0.2161452080174744,180.49,0,-5.316191529612102,-2.452797486259973,-0.5966524711724104
2019-10-17,177.16,171.21652,179.0255,0.016534561274757387,174.47,0,-1.8647777745188994,-1.042030325288854,-0.199610646742717
2019-10-18,172.74,173.61018,178.988,-0.37753531730393974,177.16,-1,-2.003734637717139,-3.4907368091715596,-0.39406987857869713
2019-10-19,171.79,171.62697,179.1155,-0.6505229080883752,172.74,-1,-0.6443392475459919,-4.0898191390471546,-0.27298759078443546
2019-10-20,175.22,174.1381,178.834,-0.5523039652214368,171.79,-1,1.3668474880986645,-2.020868514935641,0.09821894286693844
2019-10-21,173.98,178.89539,178.75,-0.5233384353837516,175.22,0,2.097583462040578,-2.6685314685314743,0.02896552983768519
2019-10-22,171.2,178.42146,178.298,-0.6363844322330823,173.98,0,2.552858381822809,-3.9809756699458285,-0.1130459968493307
2019-10-23,162.35,170.89247,177.68099999999998,-1.2184372153596965,171.2,-1,-0.1796312421281695,-8.62838457685402,-0.5820527831266142
2019-10-24,160.38,169.32886,176.92249999999999,-1.622099605321634,162.35,-1,4.29864947451494,-9.350139185236468,-0.4036623899619376
2019-10-25,181.5,172.49922,177.185,-0.41554275267444396,160.38,-1,7.556566779996145,2.435307729209582,1.2065568526471901
2019-10-26,179.49,177.64778,177.6545,0.2618631640395255,181.5,0,-2.122434505746384,1.03318519936168,0.6774059167139694
2019-10-27,183.75,168.73167,177.84949999999998,0.9716367009697597,179.49,0,-5.9938301886813035,3.3176927683237927,0.7097735369302343
2019-10-28,181.72,178.21017,177.9055,1.2608624715390127,183.75,0,-3.014870987457483,2.14411583677852,0.2892257705692529
2019-10-29,190.46,170.55302,177.79749999999999,1.955777835398498,181.72,0,-6.1451550231167795,7.121866167972005,0.6949153638594854
2019-10-30,183.13,168.96509,177.397,1.8385354943022134,190.46,0,-11.285788149414579,3.2317344712706553,-0.11724234109628462
2019-10-31,182.18,170.49739,177.46999999999997,1.6213607759707824,183.13,0,-6.898164829863858,2.653969685017207,-0.21717471833143098
2019-11-01,182.85,167.90485,177.6285,1.452624243407954,182.18,0,-7.835741469202852,2.9395620635202078,-0.1687365325628285
2019-11-02,182.91,179.5796,177.72449999999998,1.280853675726974,182.85,0,-1.788567075450332,2.9177181536591856,-0.17177056768097998
2019-11-03,181.54,180.83441,177.4655,1.0220073467319029,182.91,0,-1.1347593783315548,2.2959392107198306,-0.2588463289950711
2019-11-04,185.71,174.61275,177.7265,1.0733732658480042,181.54,0,-3.8158272598970915,4.492014415407956,0.05136591911610133
2019-11-05,188.68,172.39073,178.43699999999998,1.2374538945369062,185.71,0,-7.172079149467756,5.7404013741544775,0.16408062868890205
2019-11-06,191.16,175.27869,179.137,1.4294894788454435,188.68,0,-7.1026677319072,6.711622947799727,0.1920355843085373
2019-11-07,186.68,192.78296,179.834,1.1815508292564714,191.16,1,0.8490055369193363,3.806844089549253,-0.24793864958897216
2019-11-08,183.74,190.41055,180.4315,0.7664284162247144,186.68,1,1.9983677836488203,1.8336598653782792,-0.415122413031757
2019-11-09,184.89,193.23383,180.91500000000002,0.5275472616242849,183.74,1,5.166989051700088,2.197164414227657,-0.23888115460042947
2019-11-10,188.96,202.17447,181.66400000000002,0.5967984497310734,184.89,1,9.348514789410265,4.01620574246961,0.06925118810678854
2019-11-11,184.98,199.48915,182.353,0.34045834089950366,188.96,1,5.572158658433824,1.4406124385121062,-0.25634010883156977
2019-11-12,187.09,183.21571,183.58999999999997,0.281355286208544,184.98,0,-0.9537714882816668,1.9064219184051576,-0.05910305469095967
2019-11-13,188.11,181.32573,184.97650000000002,0.2787723565554012,187.09,0,-3.0810148216809106,1.6939989674364029,-0.0025829296531427737
2019-11-14,184.92,179.339,185.14749999999998,0.04244280447687232,188.11,0,-4.662694956886105,-0.12287500506352614,-0.2363295520785289
2019-11-15,180.0,181.46254,185.173,-0.4385071106185292,184.92,-1,-1.8697059956459146,-2.7936038191312997,-0.4809499150954015
2019-11-16,182.37,183.20224,185.10399999999998,-0.5813379252508173,180.0,-1,1.7790222167968752,-1.4770075200968,-0.14283081463228808
2019-11-17,183.82,187.88773,185.209,-0.5621420748366373,182.37,-1,3.025566611875923,-0.7499635546868727,0.019195850414180038
2019-11-18,178.2,188.2296,184.596,-0.8923069756404696,183.82,0,2.3988679137326976,-3.4648638107001313,-0.3301649008038323
2019-11-19,175.94,191.60721,184.2365,-1.2076755388735736,178.2,0,7.523685887740257,-4.503179337427713,-0.315368563233104
2019-11-20,174.72,200.56909,183.86350000000002,-1.4281149959523989,175.94,0,13.998574398587587,-4.972982674647234,-0.22043945707882528
2019-11-21,161.01,199.85571,182.7715,-2.37132658590599,174.72,0,14.386282561026215,-11.906396785056758,-0.9432115899535913
2019-11-22,149.56,162.65327,181.10399999999998,-3.568480383006477,161.01,0,1.0206040221929207,-17.417616397208228,-1.1971537971004866
2019-11-23,151.84,156.97696,179.619,-3.977693642783006,149.56,0,4.959186432545883,-15.465513113868798,-0.409213259776529
2019-11-24,139.96,164.89293,177.3315,-4.766181554680903,151.84,0,8.596502290008189,-21.07437200948506,-0.7884879118978976
2019-11-25,145.69,165.21875,175.18200000000002,-4.616365479809671,139.96,0,18.04712060588739,-16.835062963089825,0.14981607487123227
2019-11-26,147.47,165.77806,172.9975,-4.127850391561149,145.69,0,13.788222193071551,-14.75599358372231,0.48851508824852186
2019-11-27,152.62,152.75275,171.2945,-3.2281803584908015,147.47,0,3.5822517000279728,-10.901984593784386,0.8996700330703478
2019-11-28,150.72,150.29071,169.6435,-2.5605254150526076,152.62,-1,-1.5262020382526893,-11.15486299209813,0.667654943438194
2019-11-29,154.57,153.3331,168.1275,-1.7005050879856283,150.72,-1,1.7337442709888375,-8.063820612332904,0.8600203270669793
2019-11-30,151.37,156.58063,166.248,-1.211036286700148,154.57,-1,1.300787631109696,-8.94928059284923,0.4894688012854802
2019-12-01,150.73,160.712,164.5355,-0.8133473503327062,151.37,0,6.171636133470549,-8.390590480473833,0.39768893636744185
2019-12-02,148.65,146.91734,162.6135,-0.5840754191813975,150.73,-1,-2.5294611957483926,-8.58692543976975,0.22927193115130873
2019-12-03,147.17,150.51399,160.5665,-0.432760993287566,148.65,-1,1.2539470632830856,-8.343272102213104,0.15131442589383148
2019-12-04,145.38,151.4315,158.5895,-0.35703809958311616,147.17,-1,2.8956331425551745,-8.329366067740924,0.07572289370444985
2019-12-05,148.1,154.19553,156.9945,-0.04403260714977364,145.38,0,6.063781897817361,-5.665485096611661,0.3130054924333425
2019-12-06,148.45,152.1817,155.29850000000002,0.25014125207931137,148.1,0,2.7560443350143524,-4.409894493507683,0.294173859229085
2019-12-07,147.14,152.18445,153.4645,0.41058328419610035,148.45,0,2.515626973518027,-4.1211485392387175,0.16044203211678898
2019-12-08,150.44,154.32988,152.0765,0.7720577892957703,147.14,0,4.886420932949709,-1.0761031454564065,0.36147450509966994
2019-12-09,147.38,154.46974,150.64849999999998,0.8329464451958861,150.44,0,2.6786372117050417,-2.169620009492288,0.06088865590011583
2019-12-10,145.56,154.22276,149.19050000000001,0.7794772798748681,147.38,0,4.642938703707045,-2.4334659378445753,-0.053469165321017975
2019-12-11,143.39,158.97026,148.3095,0.6330210209622926,145.56,0,9.212874842070065,-3.317049818116862,-0.14645625891257552
2019-12-12,144.87,143.20628,148.075,0.6674514223262724,143.39,0,-0.12812360043521087,-2.1644436940739387,0.03443040136397979
2019-12-13,144.8,141.32808,147.723,0.7130145437412176,144.87,0,-2.44489595938924,-1.9787033840363393,0.04556312141494523
2019-12-14,141.79,147.41135,147.8145,0.5739179082963073,144.8,0,1.8034160466483862,-4.075716523074541,-0.13909663544491035
2019-12-15,142.46,151.35332,147.653,0.5599127180262133,141.79,0,6.744705029086815,-3.5170297928250585,-0.014005190270093948
2019-12-16,132.73,150.5292,146.916,-0.039933260662597725,142.46,0,5.664190174270403,-9.655857769065321,-0.5998459786888111
2019-12-17,121.88,133.12982,145.379,-1.0469127460058907,132.73,0,0.30122939602483256,-16.16395765550733,-1.006979485343293
2019-12-18,132.78,139.85373,144.482,-0.8658677833060686,121.88,0,14.747070272437545,-8.099278802895862,0.18104496269982207
2019-12-19,128.1,142.48138,143.1585,-0.9419885029923956,132.78,0,7.306359600349261,-10.51876067435745,-0.07612071968632694
2019-12-20,128.19,150.59602,141.99949999999998,-0.8687480776084673,128.1,0,17.561298641350756,-9.725034243078312,0.07324042538392828
2019-12-21,126.99,153.42911,140.81249999999997,-0.7860750979496691,128.19,0,19.688827261109,-9.816245006657775,0.08267297965879816
2019-12-22,132.09,133.43129,139.9845,-0.2979809240084972,126.99,0,5.072281024373233,-5.63955295050523,0.48809417394117194
2019-12-23,127.8,136.87708,139.01600000000002,-0.17993200738694526,132.09,0,3.6241011396112475,-8.068136041894473,0.11804891662155192
2019-12-24,127.75,138.02222,138.1345,-0.02901161233304972,127.8,0,7.998604692390457,-7.517672992626753,0.15092039505389554
2019-12-25,125.09,136.7193,136.98399999999998,-0.03189748714812435,127.75,0,7.020977938478473,-8.682765870466607,-0.0028858748150746294
2019-12-26,125.58,134.56345,135.8405,0.07006347198309104,125.09,0,7.573304057016446,-7.55334381130811,0.10196095913121539
2019-12-27,126.29,127.88092,134.798,0.24627563066582248,125.58,0,1.8322347588439654,-6.311666345197997,0.17621215868273143
2019-12-28,128.11,132.62459,133.68149999999997,0.5300659650665942,126.29,0,5.015906257578039,-4.167741983744915,0.2837903344007717
2019-12-29,134.36,132.34055,133.03050000000002,1.1479115807577926,128.11,1,3.3022758990686603,0.9993948756112289,0.6178456156911984
2019-12-30,131.59,135.12842,132.33200000000002,1.3644964365931065,134.36,1,0.5719097713233003,-0.5607109391530534,0.21658485583531384
2019-12-31,129.16,137.6266,131.6205,1.3368131281407898,131.59,1,4.587432307053392,-1.8693896467495537,-0.0276833084523167
2020-01-01,130.77,129.17622,130.9155,1.4122549656421368,129.16,0,0.012560974669259765,-0.11114039208496962,0.07544183750134703
2020-01-02,127.19,128.93402,130.035,1.2139463710274327,130.77,0,-1.4039756854831078,-2.1878724958664963,-0.19830859461470407
2020-01-03,134.35,125.713684,129.66299999999998,1.5370868532747526,127.19,0,-1.1607169730078999,3.6147551730254674,0.32314048224731984
2020-01-04,134.2,124.96182,129.25,1.7001115023416293,134.35,0,-6.987850755663841,3.829787234042544,0.16302464906687675
2020-01-05,135.37,128.69531,129.382,1.8345970458689198,134.2,0,-4.10185357675111,4.6281553848294195,0.13448554352729047
2020-01-06,144.15,133.65787,130.49550000000002,2.42561588040385,135.37,0,-1.2647799130969783,10.46357920388058,0.5910188345349301
2020-01-07,142.8,132.01917,130.9965,2.6197973495881546,144.15,0,-8.415424877514745,9.010546083292311,0.19418146918430468
2020-01-08,140.72,130.10428,131.6275,2.5025115900265638,142.8,0,-8.890561229374569,6.90775103986629,-0.11728575956159082
2020-01-09,137.74,132.03482,132.105,2.133012891376125,140.72,0,-6.171958103581136,4.265546345709867,-0.36949869865043894
2020-01-10,144.84,131.57767,132.9975,2.263222224470791,137.74,0,-4.473887587971456,8.904302712457001,0.1302093330946663
2020-01-11,142.38,142.02316,133.512,2.084557875159166,144.84,0,-1.9447922937055568,6.642099586554013,-0.17866434931162534
2020-01-12,146.54,130.505,134.449,2.139385171425399,142.38,0,-8.3403533622612,8.993001063600309,0.05482729626623328
2020-01-13,143.58,132.86848,135.2405,1.8784285122463162,146.54,0,-9.329545177377971,6.16642204073485,-0.26095665917908284
2020-01-14,165.64,126.64246,137.268,3.025660997002058,143.58,0,-11.796584702547694,20.66905615292711,1.1472324847557418
2020-01-15,166.4,128.46902,139.309,3.6291670006995402,165.64,0,-22.44082066034585,19.446697629011773,0.6035060036974822
2020-01-16,164.21,165.80692,141.20499999999998,3.6637052838802004,166.4,0,-0.3564211038442793,16.29191600863994,0.03453828318066021
2020-01-17,169.85,165.63016,143.292,3.831157050960174,164.21,1,0.8648422572943895,18.534181950143758,0.16745176707997356
2020-01-18,174.14,166.69403,145.281,3.9782524884185717,169.85,1,-1.8580919860354692,19.864263048850145,0.1470954374583977
2020-01-19,166.79,159.30063,147.041,3.352973137966088,174.14,1,-8.521517938377519,13.430947830877098,-0.6252793504524838
2020-01-20,166.87,165.77904,148.9265,2.74288554876017,166.79,0,-0.6061289792038219,12.048560867273453,-0.6100875892059179
2020-01-21,169.49,168.4074,150.8625,2.330146935840957,166.87,1,0.9213126440820297,12.34733615046814,-0.4127386129192132
2020-01-22,168.07,169.7581,152.9065,1.7996050400502543,169.49,1,0.15818184966203222,9.91684460765239,-0.5305418957907024
2020-01-23,162.81,170.67464,154.3295,0.9738767186720807,168.07,1,1.5497333496878203,5.4950608924411775,-0.8257283213781736
2020-01-24,162.54,170.8237,155.7465,0.3226477879183278,162.81,1,4.9221177760407056,4.361895772938714,-0.6512289307537529
2020-01-25,160.35,171.64001,156.9955,-0.30833510285563115,162.54,0,5.598630889896338,2.1366854463981464,-0.630982890773959
2020-01-26,167.86,162.00995,158.18099999999998,-0.27381690511655954,160.35,0,1.0352034489982886,6.118939695665112,0.03451819773907161
2020-01-27,170.08,163.36314,159.54500000000002,-0.16095637644140126,167.86,0,-2.6789324908266265,6.603152715534799,0.11286052867515828
2020-01-28,175.64,162.93373,161.291,0.20860912140602927,170.08,0,-4.201710325081402,8.896342635360925,0.36956549784743054
2020-01-29,173.72,170.50795,163.09,0.2418674989126668,175.64,0,-2.921914239864737,6.517873566742287,0.033258377506637515
2020-01-30,184.69,168.06775,165.0825,0.8846500512904738,173.72,0,-3.253655869538625,11.877394636015318,0.642782552377807
2020-01-31,179.99,183.09882,166.963,0.8737357360525113,184.69,0,-0.8615431707354203,7.802327461772977,-0.01091431523796249
2020-02-01,183.6,178.63225,168.81599999999997,0.9820024006893853,179.99,0,-0.7543486166983285,8.757463747512098,0.10826666463687395
2020-02-02,188.44,169.02563,171.059,1.235551421516007,183.6,0,-7.938107426130172,10.160821704791914,0.2535490208266218
2020-02-03,189.69,161.30869,172.2615,1.3349476652523542,188.44,0,-14.397853267493963,10.117466758387675,0.09939624373634715
2020-02-04,188.91,172.56874,173.387,1.1999209460917957,189.69,0,-9.025915522839071,8.952804996914415,-0.13502671916055853
2020-02-05,203.78,184.636,175.3655,1.9210523552456849,188.91,0,-2.2624521799195034,16.203015986610826,0.7211314091538892
2020-02-06,213.19,188.63446,177.5325,2.7881812812558167,203.78,0,-7.4322993182752235,20.085054849112133,0.8671289260101318
2020-02-07,223.33,184.5113,179.99200000000002,3.741594356681297,213.19,0,-13.452175635491667,24.077736788301696,0.9534130754254804
2020-02-08,223.05,183.8216,182.805,4.025601269138717,223.33,0,-17.690594976814026,22.015262164601626,0.2840069124574196
2020-02-09,228.49,184.97939,185.886,4.231011132999239,223.05,0,-17.06819754495559,22.919423732825503,0.20540986386052218
2020-02-10,222.89,220.624,188.55599999999998,3.6621996262251475,228.49,0,-3.442604525396356,18.208914062665738,-0.5688115067740913
2020-02-11,236.69,221.37198,191.987,3.8676549869269596,222.89,0,-0.6810629638989463,23.284389047175072,0.20545536070181214
2020-02-12,265.74,201.08493,197.1335,5.512039715771941,236.69,0,-15.042912493167487,34.80205038717418,1.6443847288449813
2020-02-13,268.32,192.82442,202.42249999999999,6.27029951643496,265.74,0,-27.438693040468955,32.55443441317048,0.7582598006630192
2020-02-14,285.15,183.95476,208.6625,7.328514575943085,268.32,0,-31.442025309172,36.656083388246564,1.0582150595081252
2020-02-15,264.88,279.73248,213.51349999999996,6.134923903799365,285.15,0,-1.8998832508657648,24.057729370742383,-1.1935906721437206
2020-02-16,258.85,258.63953,217.952,4.487295819350777,264.88,0,-2.3559625614665114,18.764682131845557,-1.6476280844485878
2020-02-17,267.85,250.28473,222.5625,3.5904093001196067,258.85,0,-3.3089708310194212,20.348216793035675,-0.8968865192311704
2020-02-18,282.61,237.18864,228.007,3.570495797588162,267.85,0,-11.447211346208823,23.947948966479103,-0.01991350253144475
2020-02-19,258.45,217.36172,231.695,1.6093745328983857,282.61,0,-23.087744646857644,11.54750857808757,-1.9611212646897762
2020-02-20,256.96,264.3685,235.5435,-0.022574583731103104,258.45,0,2.2899979709264406,9.092375718285576,-1.6319491166294888
2020-02-21,265.27,250.7762,239.627,-0.7371909482630983,256.96,0,-2.406522672470294,10.701214804675589,-0.7146163645319952
2020-02-22,261.57,237.92181,243.2835,-1.6041494799533638,265.27,0,-10.309566115714643,7.516539346071554,-0.8669585316902655
2020-02-23,274.48,178.03714,247.52299999999997,-1.4574781546856599,261.57,0,-31.93518373950448,10.890705106192174,0.14667132526770388
2020-02-24,265.52,163.51566,251.3535,-2.075542445743956,274.48,0,-40.42711471962325,5.636086229155348,-0.6180642910582961
2020-02-25,246.67,254.7427,253.498,-3.7669543683682534,265.52,-1,-4.058938573806816,-2.693512374851085,-1.6914119226242974
2020-02-26,223.93,231.39587,254.03500000000003,-6.282118245617966,246.67,-1,-6.192129556315113,-11.850729230224188,-2.5151638772497122
2020-02-27,227.79,242.6893,254.25799999999998,-7.469876766969399,223.93,-1,8.377305647795904,-10.40989860692682,-1.1877585213514337
2020-02-28,226.76,198.94319,254.4435,-8.058422078907569,227.79,-1,-12.663772980236043,-10.880018550287199,-0.5885453119381694
2020-02-29,217.21,203.20802,253.87949999999995,-8.765899363855102,226.76,-1,-10.386301344465924,-14.443663233935764,-0.707477284947533
2020-03-01,217.81,240.07904,253.62550000000002,-8.84310523150331,217.21,0,10.528539444474813,-14.121411293422787,-0.07720586764820858
2020-03-02,231.97,229.22858,253.3895,-7.635699179049615,217.81,0,5.242448308230222,-8.453191627908813,1.2074060524536954
2020-03-03,223.91,229.1131,251.298,-7.087042669614373,231.97,-1,-1.2315824699179845,-10.898614394066012,0.5486565094352418
2020-03-04,224.26,228.45692,249.09500000000003,-6.427179735968284,223.91,-1,2.0306928848539885,-9.970091732070108,0.6598629336460888
2020-03-05,228.38,225.73018,246.25649999999996,-5.476964440111127,224.26,-1,0.6555689079674581,-7.259300769725863,0.9502152958571575
2020-03-06,244.88,227.48471,245.25650000000002,-3.592027976747552,228.38,-1,-0.39201738621622756,-0.1535127509362734,1.8849364633635748
2020-03-07,237.23,218.60123,244.1755,-2.7530475011135707,244.88,-1,-10.731286014929504,-2.8444704730818655,0.8389804756339814
2020-03-08,199.43,220.04826,240.75449999999995,-4.531460529899187,237.23,-1,-7.242649095896516,-17.164580516667375,-1.7784130287856161
2020-03-09,202.81,213.21635,236.7645,-5.218838239080055,199.43,0,6.91287888989479,-14.341043526373252,-0.6873777091808684
2020-03-10,200.7,209.90419,233.877,-5.524806857795885,202.81,0,3.4979488503902965,-14.185661693967349,-0.3059686187158297
2020-03-11,194.61,222.56113,230.75950000000003,-5.8170784167597995,200.7,0,10.892439815139207,-15.665443892884156,-0.29227155896391466
2020-03-12,107.82,223.22104,222.887,-11.22227073765033,194.61,0,14.701731061281208,-51.62571168349882,-5.405192320890531
2020-03-13,134.06,245.01022,216.51149999999998,-12.309905258909348,107.82,0,127.24005137142636,-38.08181089688076,-1.0876345212590177
2020-03-14,122.54,239.36592,208.9145,-13.016060819150614,134.06,0,78.5513359842666,-41.34442559037309,-0.7061555602412657
2020-03-15,123.78,246.33488,201.82750000000001,-12.602115289968392,122.54,0,101.02406124004789,-38.67039922706272,0.4139455291822216
2020-03-16,111.02,122.79288,195.04500000000002,-12.372536330107526,123.78,-1,-0.7974816632205333,-43.079802096951994,0.2295789598608664
2020-03-17,115.67,124.357605,189.632,-11.13128463249182,111.02,-1,12.013695712906463,-39.00291090111374,1.2412516976157058
2020-03-18,118.11,124.28216,184.148,-9.436671115001712,115.67,-1,7.445455085976673,-35.861372374394506,1.694613517490108
2020-03-19,136.3,122.93515,179.625,-6.520097345253575,118.11,0,4.085301961294027,-24.119693806541402,2.916573769748137
2020-03-20,133.48,122.28201,175.4385,-4.316462675193211,136.3,-1,-10.284656684187004,-23.916358153996992,2.2036346700603637
2020-03-21,132.66,132.9167,171.18099999999998,-2.537729172427021,133.48,-1,-0.4220090871232974,-22.50308153358141,1.7787335027661904
2020-03-22,122.32,142.72908,165.69850000000002,-1.720319800480432,132.66,-1,7.590140358959231,-26.179174826567547,0.8174093719465887
2020-03-23,135.92,138.06256,161.29899999999998,-0.01658389116561665,122.32,0,12.869981225601911,-15.734133503617501,1.7037359093148154
2020-03-24,138.42,137.7413,157.007,1.4450333987832735,135.92,0,1.3399812317792728,-11.838325679746774,1.4616172899488902
2020-03-25,136.1,136.8612,152.39299999999997,2.36738037216638,138.42,0,-1.126133467210293,-10.691435958344531,0.9223469733831067
2020-03-26,138.4,132.09584,147.069,3.1928140741749402,136.1,0,-2.9420716722251523,-5.894512099762685,0.82543370200856
2020-03-27,131.33,126.63977,141.77399999999997,3.3089852374977866,138.4,0,-8.49727564464415,-7.366653970403574,0.11617116332284638
2020-03-28,130.98,133.8382,138.3515,3.395827352085604,131.33,0,1.9098422300930764,-5.328095466980841,0.08684211458781732
2020-03-29,124.5,133.21802,134.43599999999998,3.0607921233349558,130.98,0,1.7086712308176901,-7.390877443541894,-0.3350352287506482
2020-03-30,132.06,135.39642,131.004,3.367919284828993,124.5,1,8.752147260918674,0.8060822570303285,0.3071271614940372
2020-03-31,132.72,125.29637,127.90950000000001,3.613423228814426,132.06,1,-5.121633000181027,3.760862172082598,0.24550394398543318
2020-04-01,135.69,124.30591,129.303,3.9466162924457997,132.72,1,-6.339731613076401,4.939560567040209,0.3331930636313736
2020-04-02,141.28,126.02397,129.664,4.475511808833122,135.69,0,-7.123611498550233,8.958538993089844,0.5288955163873226
2020-04-03,141.31,128.32875,130.60250000000002,4.734317446752382,141.28,0,-9.167079126308352,8.198541375547926,0.25880563791925937
2020-04-04,144.1,123.147835,131.61849999999998,4.975615247184189,141.31,0,-12.852710510344611,9.48308938333138,0.24129780043180737
2020-04-05,142.68,136.41977,133.20149999999998,4.913277446553511,144.1,0,-5.3297923059615675,7.11591085685974,-0.06233780063067762
2020-04-06,171.32,132.97592,135.984,6.571055205297835,142.68,0,-6.801288456083985,25.985410048240958,1.6577777587443236
2020-04-07,164.63,137.05205,138.31,6.950409796342353,171.32,0,-20.00230695219928,19.029715855686497,0.3793545910445175
2020-04-08,173.11,138.80186,140.1505,7.460859688793525,164.63,0,-15.688595867081673,23.517218989586212,0.510449892451172
2020-04-09,169.52,139.30038,141.9525,7.239434938900915,173.11,0,-19.530711962633955,19.420228597594285,-0.22142474989260919
2020-04-10,157.81,168.84064,143.20999999999998,6.0361932264193365,169.52,0,-0.4007567207224871,10.19481879757002,-1.2032417124815789
2020-04-11,158.33,168.51418,145.0105,5.047375904704024,157.81,1,6.782951280045029,9.185196934015126,-0.9888173217153122
2020-04-12,158.59,158.92351,146.144,4.2166944917191005,158.33,1,0.37485485405777486,8.516257937376832,-0.8306814129849238
2020-04-13,156.29,151.50601,147.0375,3.355691375959922,158.59,1,-4.466856697843104,6.292612428802174,-0.8610031157591784
2020-04-14,158.45,151.3041,148.15500000000003,2.797796891593533,156.29,0,-3.1901641773455944,6.948803617832647,-0.5578944843663889
2020-04-15,152.73,159.53116,148.87150000000003,1.9498708400062794,158.45,1,0.6823341415371641,2.591832553578061,-0.8479260515872538
2020-04-16,172.29,153.78708,150.91950000000003,2.5734746969335753,152.73,1,0.6921226068368266,14.160197986343686,0.6236038569272959
2020-04-17,170.69,144.51836,152.90500000000003,2.730467411832935,172.29,1,-16.119126865609033,11.631405120826633,0.1569927148993595
2020-04-18,187.4,137.9378,156.05,3.749045622089149,170.69,0,-19.18811577961143,20.089714834988783,1.018578210256214
2020-04-19,180.03,142.4096,158.4485,3.708979198191792,187.4,0,-24.00768039829576,13.620513920926994,-0.04006642389735671
2020-04-20,170.2,174.2469,160.3225,2.8420302082755997,180.03,0,-3.2122965806697157,6.161019195683699,-0.8669489899161924
2020-04-21,170.74,169.47493,162.075,2.1575657560337143,170.2,0,-0.42601068767901074,5.346290297701694,-0.6844644522418855
2020-04-22,182.7,168.43169,164.14600000000002,2.347240026312564,170.74,0,-1.3519465846508267,11.303351894045528,0.18967427027884964
2020-04-23,185.51,169.20212,166.356,2.4855830155668412,182.7,0,-7.388003327902635,11.5138618384669,0.13834298925427735
2020-04-24,187.59,191.8894,168.5305,2.5322483431683587,185.51,1,3.4388465834052124,11.309228893286386,0.046665327601517426
2020-04-25,194.21,187.55414,171.107,2.8029663024905833,187.59,1,-0.019117125862920952,13.502077647320105,0.27071795932222464
2020-04-26,197.38,173.23018,172.41,2.9733651606305855,194.21,1,-10.802647220530453,14.48291862420973,0.17039885814000222
2020-04-27,196.34,183.03708,173.99550000000002,2.796504094615698,197.38,0,-7.266653735220448,12.841998787324949,-0.1768610660148875
2020-04-28,196.24,186.81258,175.152,2.4648733904951303,196.34,0,-4.852512837962051,12.039828263451186,-0.3316307041205677
2020-04-29,215.36,198.3131,177.44400000000002,3.2745782586257643,196.24,1,1.0564080171083512,21.367868172493854,0.809704868130634
2020-04-30,206.08,215.49493,179.85750000000002,2.9373190062856196,215.36,1,0.0626551272433304,14.579597737097421,-0.33725925234014476
2020-05-01,212.02,219.25053,182.54199999999997,2.8634546500550524,206.08,1,6.390981200318893,16.148612374138576,-0.0738643562305672
2020-05-02,213.9,215.68571,185.3075,2.6929270960430163,212.02,1,1.7289476095083844,15.429758644415365,-0.17052755401203612
2020-05-03,209.86,208.75552,187.98600000000002,2.0868139631280265,213.9,0,-2.4050847678164473,11.635972891598307,-0.6061131329149898
2020-05-04,206.48,208.402,190.3875,1.276821067012147,209.86,0,-0.6947523120882737,8.452498194471803,-0.8099928961158795
2020-05-05,205.29,205.37369,193.0155,0.5183520014681076,206.48,0,-0.535796326936926,6.359333835883641,-0.7584690655440394
2020-05-06,198.97,202.72406,194.34949999999998,-0.49662876797720656,205.29,0,-1.2499098550373824,2.3774180021044673,-1.0149807694453141
2020-05-07,212.0,200.90286,196.415,-0.3831754225681223,198.97,0,0.9714341603398131,7.934730035893393,0.11345334540908425
2020-05-08,211.31,190.62958,197.6105,-0.443093860490972,212.0,0,-10.080387907208136,6.9325769632686525,-0.05991843792284968
2020-05-09,210.07,202.64842,199.1125,-0.6426271644732076,211.31,0,-4.0989909416445345,5.503170318287391,-0.19953330398223557
2020-05-10,187.54,210.35667,199.9795,-2.2764218815842785,210.07,0,0.13646603243487615,-6.220387589727952,-1.633794717111071
2020-05-11,185.73,204.9443,200.72899999999998,-3.396047227151879,187.54,0,9.280316423121405,-7.472263599180984,-1.1196253455676004
2020-05-12,189.76,204.71701,201.08200000000002,-3.754273125768643,185.73,0,10.22290986811333,-5.630538785172233,-0.3582258986167641
2020-05-13,199.58,209.49892,201.7855,-3.2384287868801795,189.76,0,10.402042909979222,-1.0929923111422777,0.5158443388884635
2020-05-14,203.29,199.9987,202.5705,-2.584320460968595,199.58,0,0.20979206480091941,0.35518498498052886,0.6541083259115847
2020-05-15,194.86,198.8468,202.603,-2.6466966355780848,203.29,-1,-2.1856452566223092,-3.8217597962517806,-0.062376174609489965
2020-05-16,200.45,209.43105,202.75650000000002,-2.2541255486302614,194.86,-1,7.47769964704226,-1.1375714218779807,0.3925710869478234
2020-05-17,207.0,230.80228,203.2895,-1.5305789916491834,200.45,-1,15.142068651198873,1.825229537187113,0.723546556981078
2020-05-18,214.91,228.71515,204.223,-0.5472324063142464,207.0,0,10.490410109073068,5.233005097369044,0.983346585334937
2020-05-19,214.58,220.75471,204.184,0.02279285421363131,214.91,1,2.7196105187382233,5.091486110566947,0.5700252605278777
2020-05-20,209.98,222.45749,204.379,0.03132127561150089,214.58,1,3.6711198684275614,2.740496822080546,0.008528421397869579
2020-05-21,198.74,226.56406,203.715,-0.7363533929701385,209.98,1,7.897921895649293,-2.4421372996588344,-0.7676746685816394
2020-05-22,207.36,222.0574,203.388,-0.6811972443985566,198.74,0,11.732617271034073,1.9529175762581903,0.05515614857158191
2020-05-23,206.6,211.90619,203.225,-0.7102551572642568,207.36,0,2.1924136597433144,1.6607208758764918,-0.029057912865700253
2020-05-24,199.9,214.2951,202.89600000000002,-1.1680316564366997,206.6,0,3.7246393903527375,-1.4766185632047992,-0.4577764991724429
2020-05-25,204.15,220.97081,202.839,-1.1690576601036273,199.9,0,10.540675305914673,0.6463254107937857,-0.0010260036669276218
2020-05-26,200.89,226.83958,202.935,-1.3603536534948564,204.15,0,11.114173083804033,-1.0077118289107427,-0.19129599339122905
2020-05-27,208.29,229.01897,202.7495,-0.9774823207839312,200.89,0,14.002173664594904,2.7326824480454848,0.3828713327109252
2020-05-28,220.21,237.88608,203.1945,0.035878940921909575,208.29,1,14.209072869969457,8.373996343404965,1.0133612617058407
2020-05-29,220.67,242.66776,203.72449999999998,0.6598648009490189,220.21,1,10.198335737229515,8.317850823047799,0.6239858600271093
2020-05-30,243.66,224.11082,206.5305,2.4433953332422416,220.67,1,1.5592625118778947,17.977732102522392,1.7835305322932227
2020-05-31,231.57,224.17046,208.8225,2.6159177454151097,243.66,0,-7.998663739383899,10.893222713069713,0.17252241217286812
2020-06-01,248.23,231.76578,211.746,3.598443197454701,231.57,1,0.08454358850051036,17.23007754573875,0.9825254520395914
2020-06-02,237.71,229.52802,213.6525,3.2943915722726054,248.23,1,-7.534135625541329,11.26010694936872,-0.3040516251820957
2020-06-03,244.52,216.91019,215.714,3.2983287780214496,237.71,1,-8.750079185739718,13.353792521579505,0.0039372057488442636
2020-06-04,243.21,247.28105,218.13150000000002,2.9693840327634753,244.52,1,1.1291721068796734,11.496963987319571,-0.32894474525797435
2020-06-05,240.03,240.79599,220.1105,2.322932298516994,243.21,0,-0.9925619874863832,9.049772727788996,-0.6464517342464813
2020-06-06,241.94,236.13255,221.85750000000002,1.8308988790678011,240.03,0,-1.6237332414340138,9.051981564743127,-0.4920334194491929
2020-06-07,244.56,236.6543,223.33999999999997,1.502582625060267,241.94,0,-2.184716510291807,9.501208919136756,-0.32831625400753417
2020-06-08,246.4,220.13907,224.93099999999998,1.2408895316534512,244.56,0,-9.985660531764957,9.544704820589436,-0.2616930934068158
2020-06-09,243.8,238.79619,226.622,0.748494263390544,246.4,0,-3.085962518469082,7.5800231222034915,-0.49239526826290714
2020-06-10,247.78,233.00732,229.074,0.5555257730678047,243.8,0,-4.426856349979496,8.165920182997628,-0.19296849032273933
2020-06-11,230.51,210.2779,230.2315,-0.7970435983081714,247.78,0,-15.135243737829427,0.12096520241582048,-1.352569371375976
2020-06-12,237.55,217.16173,231.779,-1.252300384270308,230.51,0,-5.7907561905021705,2.4898718175503456,-0.4552567859621366
2020-06-13,238.11,229.90094,233.6895,-1.5319579281807325,237.55,0,-3.219978976465485,1.8916125884988433,-0.2796575439104245
2020-06-14,231.77,233.59334,235.07049999999998,-2.1237433968721042,238.11,-1,-1.8968804280814333,-1.404046871045057,-0.5917854686913717
2020-06-15,230.86,231.92429,236.56900000000002,-2.5287718744250043,231.77,-1,0.0665685328868554,-2.413249411376809,-0.40502847755290006
2020-06-16,235.3,237.70787,237.91950000000003,-2.4483243419010137,230.86,-1,2.9662438202366905,-1.101002650056013,0.08044753252399062
2020-06-17,233.82,241.20944,238.6,-2.440027387462556,235.3,0,2.511450122682475,-2.0033528918692376,0.008296954438457682
2020-06-18,231.27,235.61911,239.12999999999997,-2.5401115419429114,233.82,0,0.7694423519895142,-3.286915067118286,-0.10008415448035546
2020-06-19,229.0,250.90436,238.397,-2.6792219251587586,231.27,0,8.489798897460215,-3.9417442333586377,-0.13911038321584712
2020-06-20,228.89,259.05157,238.263,-2.691548153760654,229.0,0,13.12295838734989,-3.9338881823866982,-0.012326228601895473
2020-06-21,228.04,245.41644,237.25349999999997,-2.664852857734733,228.89,0,7.220255524965601,-3.8833989804154556,0.026695296025921245
2020-06-22,243.13,247.20695,237.5245,-1.591771737613616,228.04,0,8.405084615003814,2.3599670770804724,1.0730811201211168
2020-06-23,243.14,240.86932,237.45550000000003,-0.877831340908986,243.13,0,-0.9298220168351276,2.3939222296387985,0.71394039670463
2020-06-24,234.58,253.88953,237.02400000000003,-0.9713359509800306,243.14,0,4.4211262512081575,-1.0311192115566425,-0.0935046100710446
2020-06-25,232.5,250.9245,236.64750000000004,-1.1502774496680535,234.58,0,6.967558833540258,-1.7526067251925483,-0.1789414986880229
2020-06-26,229.64,244.52661,236.03249999999997,-1.4205447886983742,232.5,0,5.172736055107527,-2.7083134737800876,-0.27026733903032074
2020-06-27,220.94,239.05182,234.85150000000004,-2.103342982447153,229.64,0,4.09851021061499,-5.923530401125836,-0.6827981937487788
2020-06-28,224.93,239.19824,233.77799999999996,-2.1942740163302066,220.94,0,8.263891639132797,-3.78478727681816,-0.09093103388305357
2020-06-29,227.93,231.95651,232.98449999999997,-1.9676457185694929,224.93,0,3.123866292256199,-2.1694576248634405,0.2266282977607137
2020-06-30,225.6,229.19347,231.87550000000002,-1.889521099276891,227.93,0,0.5543220227804285,-2.706409258416703,0.07812461929260195
2020-07-01,230.99,228.57957,231.8995,-1.4115921648234235,225.6,0,1.3207334153195671,-0.3921957572137844,0.4779289344534674
2020-07-02,226.46,229.41797,231.34500000000003,-1.337981376599878,230.99,-1,-0.6805624702368107,-2.1115649787114563,0.0736107882235455
2020-07-03,224.87,233.02432,230.683,-1.3309747068168636,226.46,-1,2.8986675394178296,-2.5199082723911115,0.007006669783014452
2020-07-04,229.17,226.82985,230.55300000000003,-0.9871619088727497,224.87,-1,0.8715476689483069,-0.5998620707603189,0.3438127979441139
2020-07-05,227.56,253.58777,230.388,-0.82518124129798,229.17,0,10.654871298462938,-1.2274944875601173,0.1619806675747697
2020-07-06,241.6,260.60574,230.70299999999997,0.21496646909278314,227.56,1,14.521771580331835,4.723388945960833,1.040147710390763
2020-07-07,239.39,257.50525,230.9815,0.7134790181531999,241.6,1,6.583298436853273,3.6403348320103444,0.49851254906041675
2020-07-08,246.95,254.8447,231.76550000000003,1.4682447022280873,239.39,1,6.455865343131246,6.55166536865925,0.7547656840748874
2020-07-09,241.98,254.27774,232.4145,1.541077068224453,246.95,1,2.9672972174592576,4.115707066469599,0.07283236599636567
2020-07-10,241.26,252.65703,233.033,1.4503814935764123,241.98,1,4.412359781073724,3.5304012736393573,-0.09069557464804068
2020-07-11,239.19,242.51787,233.59050000000002,1.1724846267257676,241.26,1,0.5213744682053373,2.3971437194577594,-0.27789686685064474
2020-07-12,242.79,249.32007,233.57350000000002,1.150995253789931,239.19,1,4.235155466104353,3.9458671467439443,-0.021489372935836526
2020-07-13,239.5,241.84213,233.3915,0.8490165843305828,242.79,0,-0.3904062900616241,2.617276121881042,-0.30197866945934826
2020-07-14,240.44,245.87,233.68449999999999,0.6550765160547698,239.5,1,2.6597056856732775,2.8908635360924717,-0.193940068275813
2020-07-15,238.61,252.4221,233.98999999999995,0.3607516281316463,240.44,1,4.983407037862228,1.9744433522800384,-0.2943248879231235
2020-07-16,233.57,253.7507,234.18650000000002,-0.1867404497832741,238.61,1,6.345376096683651,-0.2632517245870408,-0.5474920779149204
2020-07-17,232.67,255.88484,234.773,-0.5995816308455364,233.57,0,9.553813383116548,-0.8957588819838774,-0.4128411810622623
2020-07-18,235.67,257.53473,235.31000000000003,-0.6561289647745085,232.67,0,10.686693172263835,0.15298967319704082,-0.056547333928972154
2020-07-19,239.11,235.74689,235.869,-0.45681869048286106,235.67,0,0.032624944639225405,1.3740678088260916,0.1993102742916475
2020-07-20,236.01,239.7274,236.3895,-0.5239163372340492,239.11,0,0.2582082444893245,-0.16054012551319213,-0.06709764675118812
2020-07-21,245.59,241.24811,237.11949999999996,0.0559261503184012,236.01,1,2.2194432058625733,3.572249435411278,0.5798424875524504
2020-07-22,263.74,250.30968,238.9835,1.5576517913055925,245.59,1,1.921770888075017,10.359083367680203,1.5017256409871913
2020-07-23,275.3,244.19302,241.50500000000002,3.1343643853652257,263.74,1,-7.4114568584057725,13.993499099397521,1.5767125940596332
2020-07-24,279.15,265.06662,244.004,4.176245430812157,275.3,0,-3.717174038123188,14.403862231766688,1.0418810454469316
2020-07-25,305.26,262.47427,247.88900000000004,6.239349985445266,279.15,0,-5.973751143958213,23.143826470718725,2.0631045546331084
2020-07-26,311.0,254.57811,251.359,7.5201997487032655,305.26,0,-16.602859941947536,23.72741775707255,1.2808497632579998
2020-07-27,321.93,250.8188,255.48599999999996,8.55767672123351,311.0,0,-19.350867562738646,26.006904487917165,1.0374769725302437
2020-07-28,316.77,254.77351,258.977,8.341895199086766,321.93,0,-20.860586526901713,22.31588133309136,-0.2157815221467434
2020-07-29,317.71,300.9052,262.7635,7.722182038818346,316.77,0,-5.0082986386514605,20.91100932968238,-0.6197131602684198
2020-07-30,334.87,276.5264,267.444,7.899300833339382,317.71,0,-12.9626396068496,25.211259179491773,0.17711879452103574
2020-07-31,346.33,264.97733,272.801,8.1848088118143,334.87,0,-20.871584364244892,26.953346945209145,0.28550797847491793
2020-08-01,387.0,250.35654,280.01149999999996,10.368745356148139,346.33,0,-27.71156502028863,38.20860928926136,2.1839365443338394
2020-08-02,372.42,245.38739,286.65749999999997,10.07853619047712,387.0,0,-36.59240564942668,29.91810784647185,-0.29020916567101906
2020-08-03,385.94,336.3508,293.9325,10.02309900057508,372.42,0,-9.68508684803532,31.30225476937732,-0.055437189902040274
2020-08-04,389.61,309.8774,301.4825,9.466269787205505,385.94,0,-19.708397448133937,29.23138158931281,-0.5568292133695749
2020-08-05,400.72,305.63184,309.84,9.077595549714509,389.61,0,-21.554416997125333,29.33126775109736,-0.3886742374909957
2020-08-06,394.77,286.46625,317.945,7.705273517988111,400.72,0,-28.512116301009748,24.16298416392772,-1.372322031726398
2020-08-07,379.34,278.74258,325.1285,5.1658061638616175,394.77,0,-29.391143139418997,16.67386894720088,-2.5394673541264936
2020-08-08,397.03,358.55078,333.0245,4.129784916449644,379.34,0,-5.4803655691464055,19.21945682674998,-1.0360212474119734
2020-08-09,390.14,340.01434,340.731,2.512353716036074,397.03,0,-14.3605412030026,14.500881927385532,-1.61743120041357
2020-08-10,395.44,314.9992,348.2235,1.3875055966893086,390.14,0,-19.259956286725597,13.559251457756297,-1.1248481193467654
2020-08-11,379.0,297.14648,353.9865,-0.7601930105398083,395.44,0,-24.856745808466517,7.066229926847499,-2.147698607229117
2020-08-12,387.18,297.06897,359.5805,-1.863485060938956,379.0,0,-21.61768608797823,7.675471834540537,-1.1032920503991477
2020-08-13,424.54,359.2757,366.85,-0.38788023305114905,387.18,0,-7.207062399715573,15.725773476897913,1.475604827887807
2020-08-14,438.11,346.40378,373.49249999999995,1.10943538850168,424.54,0,-18.40491400664911,17.300882882521087,1.4973156215528292
2020-08-15,432.32,349.72977,379.5585,1.3038285566611378,438.11,0,-20.173069127455864,13.900755746479138,0.19439316815945773
2020-08-16,433.62,342.57703,385.14300000000003,1.1208803091909942,432.32,0,-20.75845985214945,12.586753491560271,-0.1829482474701436
2020-08-17,430.89,339.12183,390.849,0.4512723240216232,433.62,0,-21.79285407225797,10.244621324347765,-0.669607985169371
2020-08-18,421.95,420.6126,396.061,-0.8855988327315885,430.89,0,-2.3851540153446904,6.5366193591391255,-1.3368711567532117
2020-08-19,407.46,404.1789,399.6905,-2.9227861985958867,421.95,0,-4.21166156109284,1.9438790764353904,-2.0371873658642983
2020-08-20,415.94,402.1095,403.171,-3.819572110083179,407.46,0,-1.3131357506718402,3.167142478005612,-0.8967859114872923
2020-08-21,387.97,388.8803,403.21950000000004,-6.2720137525608095,415.94,-1,-6.505671476993376,-3.78193514946574,-2.4524416424776305
2020-08-22,395.24,379.26352,404.3605,-7.307719564822651,387.97,-1,-2.244111841866807,-2.255536829141321,-1.0357058122618419
2020-08-23,390.71,393.8097,404.59900000000005,-8.137542057298326,395.24,-1,-0.36188331575435406,-3.4327815936272863,-0.8298224924756745
2020-08-24,407.68,400.74414,405.50249999999994,-7.404193330798577,390.71,0,2.568181163778767,0.5369880580267856,0.7333487264997487
2020-08-25,382.93,373.42752,404.613,-8.37511980010617,407.68,-1,-8.401805153072724,-5.358947932963101,-0.9709264693075923
2020-08-26,385.81,375.42358,404.165,-8.580984731528538,382.93,-1,-1.9602580146828419,-4.541462026647537,-0.2058649314223686
2020-08-27,383.27,374.39673,404.3615,-8.622866070762402,385.81,-1,-2.9582622234713982,-5.216001028782413,-0.04188133923386417
2020-08-28,395.11,396.59995,404.26550000000003,-7.62241892059458,383.27,0,3.4779515924438105,-2.2647245436476813,1.0004471501678225
2020-08-29,398.65,391.83258,404.691,-6.53341913441038,395.11,-1,-0.8294954401543274,-1.492743846539705,1.0889997861841998
2020-08-30,428.94,400.2547,406.366,-3.723989948894758,398.65,-1,0.40253347724351507,5.555090731015885,2.809429185515622
2020-08-31,433.79,412.0364,409.1055,-1.5985375075427708,428.94,-1,-3.940782517204475,6.033773684294152,2.125452441351987
2020-09-01,475.4,419.36115,413.5165,2.336372544547544,433.79,0,-3.326230429578545,14.96518276779765,3.9349100520903146
2020-09-02,439.5,457.1586,414.26449999999994,2.2473088968324646,475.4,0,-3.837063556265114,6.0916395201616504,-0.08906364771507924
2020-09-03,381.4,456.7002,411.429,-1.7811088533232589,439.5,0,3.9135825511945397,-7.298707674957283,-4.0284177501557235
2020-09-04,385.26,456.2569,409.07599999999996,-4.109259164309254,381.4,0,19.626873878515017,-5.821901064838801,-2.328150310985995
2020-09-05,335.01,424.7825,404.14549999999997,-8.693477254010569,385.26,0,10.258656808571649,-17.106586612989624,-4.584218089701315
2020-09-06,352.8,401.24445,400.24100000000004,-10.089474593465896,335.01,0,19.77088618273522,-11.853108502127474,-1.3959973394553273
2020-09-07,353.59,356.65448,396.823,-10.475880776867395,352.8,0,1.0925396770036107,-10.8947818044821,-0.38640618340149935
2020-09-08,337.39,367.1559,393.3195,-11.269624188964347,353.59,0,3.8366227287651378,-14.219864512184119,-0.7937434120969513
2020-09-09,350.85,354.51367,390.065,-10.358551681344059,337.39,0,5.075334738729664,-10.053452629689916,0.9110725076202879
2020-09-10,367.93,370.5938,389.063,-8.172064331721906,350.85,0,5.627422270245468,-5.431768119816066,2.186487349622153
2020-09-11,373.63,362.65814,387.98249999999996,-6.008410174485055,367.93,-1,-1.4328426358699364,-3.6992647864272135,2.1636541572368504
2020-09-12,387.78,374.0356,387.83599999999996,-3.4195361046508923,373.63,-1,0.10856034410295734,-0.014439092812421533,2.588874069834163
2020-09-13,366.42,361.39264,385.77299999999997,-2.9582269158133876,387.78,-1,-6.8047245448047144,-5.016680794145768,0.4613091888375047
2020-09-14,377.12,357.4074,385.48249999999996,-1.8018800670362936,366.42,-1,-2.4596338442310097,-2.169359179729289,1.156346848777094
2020-09-15,364.06,366.64313,384.395,-1.7827155338636764,377.12,-1,-2.778127004294059,-5.290131245203496,0.019164533172617126
2020-09-16,365.11,370.0767,383.48699999999997,-1.5727890759511496,364.06,0,1.6526645810657923,-4.79207900137422,0.20992645791252684
2020-09-17,389.36,395.8431,383.1995,0.22985307392142484,365.11,1,8.417493120117049,1.6076482354491624,1.8026421498725744
2020-09-18,384.39,405.2537,382.4865,1.0710050648607021,389.36,1,4.082004475794409,0.4976646234573006,0.8411519909392773
2020-09-19,385.25,405.46338,380.302,1.635035016909674,384.39,1,5.482291138232008,1.301071253898212,0.5640299520489718
2020-09-20,371.04,411.2494,377.16450000000003,1.0303440923572382,385.25,0,6.7487059437865025,-1.6238272690033158,-0.6046909245524357
2020-09-21,340.36,414.23004,370.4125,-1.3286048239742518,371.04,0,11.640265605839325,-8.113252117571628,-2.35894891633149
2020-09-22,344.21,322.74664,365.648,-2.4567765729886375,340.36,-1,-5.174919771299143,-5.863015796613149,-1.1281717490143857
2020-09-23,320.72,327.76245,362.61400000000003,-4.493555848356204,344.21,-1,-4.778347179955545,-11.553332193461918,-2.036779275367566
2020-09-24,348.97,323.4008,360.79949999999997,-3.680893734698925,320.72,-1,0.8358653509340227,-3.2786907964118406,0.8126621136572787
2020-09-25,351.92,311.133,361.645,-2.7310554453096625,348.97,-1,-10.842480555500838,-2.6891011903938855,0.9498382893892625
2020-09-26,353.92,312.87152,361.70099999999996,-1.7994320320100066,351.92,-1,-11.095839680582593,-2.1512243538170894,0.9316234132996559
2020-09-27,357.49,373.7798,361.896,-0.823767587140062,353.92,0,5.6113769089766,-1.2174768441762291,0.9756644448699445
2020-09-28,353.96,380.37173,362.7245,-0.3228728994508234,357.49,0,6.400664247710599,-2.4162966659268945,0.5008946876892386
2020-09-29,359.79,380.741,363.1715,0.4522568010199439,353.96,0,7.566108406162603,-0.9311027985400727,0.7751297004707673
2020-09-30,359.83,386.0059,362.7665,0.988103056711374,359.79,0,7.286442061363046,-0.809473862663731,0.5358462556914301
2020-10-01,352.85,405.5888,361.7275,0.8956290519996237,359.83,0,12.716784635062048,-2.4541954924632488,-0.09247400471175027
2020-10-02,345.6,366.71085,359.61850000000004,0.3949116317789194,352.85,0,3.9282544841336553,-3.8981587432237266,-0.5007174202207043
2020-10-03,345.95,364.3828,358.595,0.14867774379379917,345.6,0,5.4348415798611045,-3.526262217822345,-0.24623388798512025
2020-10-04,352.37,360.10297,357.3575,0.4618915436597284,345.95,0,4.091043881657396,-1.395661207614227,0.31321379986592923
2020-10-05,353.62,343.08566,356.8355,0.7783470648212845,352.37,0,-2.6348262219267045,-0.9011154999993048,0.31645552116155606
2020-10-06,340.75,344.09644,355.6175,0.1773658892414991,353.62,0,-2.6931634107587255,-4.180756008914074,-0.6009811755797854
2020-10-07,341.58,342.1118,353.2285,-0.09324466629206007,340.75,0,0.3996436944011372,-3.29772371142193,-0.27061055553355917
2020-10-08,350.95,349.7264,351.5565,0.40261590741936715,341.58,0,2.38492005155729,-0.17251849987129794,0.4958605737114272
2020-10-09,365.02,341.62823,350.545,1.6519172821327572,350.95,0,-2.6561519124430086,4.129284400005695,1.24930137471339
2020-10-10,370.52,333.52615,350.519,2.7572878793532487,365.02,0,-8.627978312297095,5.70611008247769,1.1053705972204915
2020-10-11,374.16,346.41617,352.209,3.5895148288791736,370.52,0,-6.5054063983346,6.232379070381513,0.8322269495259249
2020-10-12,386.51,399.4868,354.32399999999996,4.754584541290637,374.16,1,6.76897206774424,9.083776430611541,1.165069712411463
2020-10-13,381.04,403.80127,357.34,4.91913134057796,386.51,1,4.473692668042227,6.63233894890022,0.16454679928732308
2020-10-14,378.69,406.69852,358.826,4.635843361897558,381.04,1,6.733811895261155,5.535830736903116,-0.2832879786804021
2020-10-15,377.64,403.99445,360.11199999999997,4.15910858254855,378.69,1,6.682100346135692,4.867374594570584,-0.476734779349008
2020-10-16,365.5,415.3159,360.691,2.8688989796293485,377.64,1,9.976667580545463,1.3332741876010288,-1.2902096029192012
2020-10-17,368.32,364.05698,361.2325,2.084627485896941,365.5,0,-0.3948081208319083,1.9620327628327952,-0.7842714937324073
2020-10-18,378.11,352.7911,362.44,2.098638834093489,368.32,0,-4.216141622031282,4.323474230217419,0.014011348196548035
2020-10-19,379.3,349.52365,363.4155,2.058648773031607,378.11,0,-7.5603260630380404,4.370892270692913,-0.03999006106188219
2020-10-20,368.52,340.4893,363.85,1.2183185070360083,379.3,0,-10.232193954632713,1.2834959461316364,-0.8403302659955987
2020-10-21,390.38,331.17526,365.7265,2.000633759568227,368.52,0,-10.133707139050284,6.740966268509394,0.7823152525322188
2020-10-22,413.98,392.3093,369.14549999999997,3.8654644150117146,390.38,1,0.49420965579611653,12.145481930566687,1.8648306554434875
2020-10-23,409.11,381.77557,372.3035,4.4853381845529725,413.98,1,-7.779222732869044,9.886154709799943,0.619873769541258
2020-10-24,412.14,381.5243,375.29200000000003,4.786338840687722,409.11,1,-6.742858401850972,9.818488004007534,0.30100065613474936
2020-10-25,405.86,396.4792,377.904,4.26664557062626,412.14,0,-3.799876980705886,7.397645962995898,-0.5196932700614623
2020-10-26,392.52,394.95108,380.4925,2.7995231722157143,405.86,0,-2.6878528748175206,3.161034711590892,-1.4671223984105453
2020-10-27,403.45,401.0492,383.586,2.357953552597678,392.52,1,2.1729324202429225,5.178499736695285,-0.4415696196180363
2020-10-28,388.23,415.8605,385.45,0.9081221936442034,403.45,1,3.0760947206322062,0.7212349202231235,-1.4498313589534746
2020-10-29,387.13,419.8792,386.5555,-0.1986299157479614,388.23,1,8.152180775772411,0.14862031454732902,-1.1067521093921648
2020-10-30,382.49,403.08627,387.15400000000005,-1.2577906358269875,387.13,0,4.121683463787198,-1.204688573539223,-1.059160720079026
2020-10-31,386.46,411.05722,387.76899999999995,-1.679262195202302,382.49,0,7.468749629790156,-0.3375721112311632,-0.42147155937531444
2020-11-01,396.67,381.38528,388.277,-1.2768987067043929,386.46,0,-1.3131282865424247,2.1616011249700677,0.40236348849790904
2020-11-02,383.02,379.29404,388.37600000000003,-1.899043077724758,396.67,-1,-4.380458097351864,-1.3790759470204264,-0.6221443710203651
2020-11-03,387.88,381.8724,388.8355,-1.9451220305258774,383.02,-1,-0.2996172508330131,-0.24573373573144147,-0.0460789528011194
2020-11-04,402.49,384.63016,390.078,-1.0010632557937447,387.88,-1,-0.8378474088111969,3.1819277170207076,0.9440587747321327
2020-11-05,416.69,382.0175,392.6375,0.49022192693522015,402.49,0,-5.0864651116137996,6.125879468975839,1.4912851827289648
2020-11-06,455.91,413.142,397.017,3.841923020933586,416.69,0,-0.8514727276834992,14.833873612464965,3.351701093998366
2020-11-07,435.21,419.88937,399.872,4.351284120438885,455.91,0,-7.900819508390504,8.837327944942372,0.5093610995052993
2020-11-08,454.3,413.31195,403.62199999999996,5.581807412776829,435.21,0,-5.0316052747883155,12.55580716611088,1.2305232923379439
2020-11-09,444.32,402.41376,407.41200000000003,5.331933576664518,454.3,0,-11.421140804706418,9.05913424248671,-0.24987383611231095
2020-11-10,450.34,401.79886,410.41,5.17620436580599,444.32,0,-9.56993638760845,9.729295095148741,-0.15572921085852798
2020-11-11,463.09,433.34628,412.8655,5.505342025440328,450.34,0,-3.7735304527724836,12.164857562571825,0.3291376596343376
2020-11-12,462.39,411.48483,415.5295,5.250235539635343,463.09,0,-11.14365830320847,11.277298001706258,-0.2551064858049852
2020-11-13,476.43,412.44962,418.74399999999997,5.571015261552464,462.39,0,-10.800489742746246,13.775958580899077,0.32077972191712156
2020-11-14,460.89,395.57187,421.4955,4.335509532205595,476.43,0,-16.97167078133527,9.346363128431975,-1.235505729346869
2020-11-15,448.08,412.53513,424.27349999999996,2.3536622031895966,460.89,0,-10.491630165023782,5.611121128234507,-1.9818473290159986
2020-11-16,460.55,428.2447,427.1285,1.6158601994275799,448.08,0,-4.426734078422098,7.8246944420707205,-0.7378020037620168
2020-11-17,482.15,433.09656,431.8245,2.275450902974768,460.55,0,-5.961012351061233,11.654155797088858,0.6595907035471882
2020-11-18,478.41,423.83383,436.3884999999999,2.153997634842174,482.15,0,-12.095026073398445,9.629378409376079,-0.12145326813259416
2020-11-19,471.25,421.11172,440.82649999999995,1.3262021110292856,478.41,0,-11.976813851400346,6.9014680378788595,-0.8277955238128882
2020-11-20,510.12,434.77087,447.0095,3.033583737357837,471.25,0,-7.740928589190982,14.118380034428798,1.7073816263285515
2020-11-21,552.35,474.53278,454.79350000000005,6.447974720144561,510.12,0,-6.9762456130114,21.450724339727802,3.414390982786724
2020-11-22,560.03,468.24402,463.64399999999995,8.533701556382507,552.35,0,-15.226936081345618,20.788794851222068,2.0857268362379457
2020-11-23,608.58,445.96872,474.679,12.266088087000497,560.03,0,-20.36699471770764,28.208747385074982,3.7323865306179904
2020-11-24,604.97,421.22046,484.803,13.478224902890972,608.58,0,-30.786345429627172,24.786769058772332,1.2121368158904744
2020-11-25,569.5,430.47202,492.44350000000003,10.983225437941734,604.97,0,-28.84407237038872,15.647784974316844,-2.494999464949238
2020-11-26,519.83,572.8213,495.63950000000006,5.364212947408319,569.5,1,0.5831938652326603,4.8806642731259275,-5.6190124905334145
2020-11-27,518.68,537.03906,499.813,1.1658944564173055,519.83,1,3.310517380682138,3.774811779605565,-4.198318490991014
2020-11-28,537.52,502.15207,503.974,-0.6488199759742912,518.68,1,-3.186537153582764,6.656295761289272,-1.8147144323915967
2020-11-29,576.3,467.84882,510.57300000000004,0.39959577519164924,537.52,0,-12.961598467411676,12.873183658360295,1.0484157511659404
2020-11-30,616.66,487.57104,518.889,3.2875275204916363,576.3,0,-15.39631356552576,18.842372838892317,2.887931745299987
2020-12-01,585.26,606.946,524.9975000000001,2.5899936036251106,616.66,0,-1.5752628860768039,11.478626088695647,-0.6975339168665258
2020-12-02,596.89,603.55566,531.7225000000001,2.4218961070173606,585.26,1,3.1260745758295476,12.255922967337266,-0.16809749660774997
2020-12-03,615.85,445.36386,538.6935000000001,3.0567145349364324,596.89,1,-25.38594027643546,14.322894187511064,0.6348184279190718
2020-12-04,567.24,450.65582,544.011,-0.15761953659119854,615.85,1,-26.82376832769242,4.269950423796585,-3.214334071527631
2020-12-05,596.8,391.15488,551.4469999999999,-0.6270410933977004,567.24,0,-31.042437643857205,8.22436245006321,-0.4694215568065019
2020-12-06,601.54,587.3927,558.4965,-0.9339220725443909,596.8,0,-1.5762901817505788,7.707031288468236,-0.30688097914669044
2020-12-07,591.28,512.05945,563.9530000000001,-2.0779749184731173,601.54,0,-14.875245496195177,4.845616567338037,-1.1440528459287265
2020-12-08,554.94,528.9983,567.7795,-5.346406278339657,591.28,-1,-10.533369805231866,-2.2613532189872885,-3.2684313598665398
2020-12-09,573.09,476.01013,572.8715,-6.285410319180897,554.94,-1,-14.223135503669324,0.03814118873081708,-0.9390040408412403
2020-12-10,558.99,428.1987,575.3149999999999,-7.758944238106437,573.09,-1,-25.282468730710384,-2.837575936660774,-1.4735339189255399
2020-12-11,544.43,559.45856,574.919,-9.501937968085624,558.99,0,0.08382209501176065,-5.303181839528705,-1.7429937299791867
2020-12-12,568.04,546.0191,575.3195000000001,-8.8648762092492,544.43,0,0.29188398947638816,-1.2652969350074346,0.637061758836424
2020-12-13,590.7,529.16016,574.4255,-6.809859544019002,568.04,0,-6.844560902401234,2.833178540994435,2.055016665230198
2020-12-14,586.29,544.9553,573.4915,-5.6858466953082925,590.7,0,-7.744147237916886,2.2316808531599843,1.1240128487107093
2020-12-15,588.64,549.7759,574.4485,-4.759925010968956,586.29,0,-6.227996570596456,2.4704564464873737,0.9259216843393361
2020-12-16,637.18,580.4138,580.316,-1.048114651828417,588.64,0,-1.3974894061947856,9.79879927487781,3.7118103591405394
2020-12-17,642.7,577.2622,586.517,1.4722104924105324,637.18,0,-9.403589718564605,9.579091484134302,2.5203251442389494
2020-12-18,653.85,574.3589,592.3335,3.469554159936493,642.7,0,-10.633439128870396,10.385450088505896,1.9973436675259606
2020-12-19,658.03,585.81757,596.42,4.581682181629741,653.85,0,-10.404899301373598,10.329968813923077,1.1121280216932483
2020-12-20,638.18,549.10156,597.496,3.5366935553809604,658.03,0,-16.553719055362215,6.809083240724618,-1.0449886262487809
2020-12-21,607.58,629.8075,598.612,0.5003453089936976,638.18,0,-1.311934702248966,1.4981323461607978,-3.036348246387263
2020-12-22,636.45,617.5909,600.5899999999999,0.1691179032215544,607.58,1,1.6476647268929538,5.970795384538559,-0.33122740577214316
2020-12-23,585.56,584.8436,599.0755,-3.5397109986220556,636.45,1,-8.108472318377334,-2.2560595450823957,-3.70882890184361
2020-12-24,612.31,590.5877,601.329,-4.208261007425371,585.56,1,0.8586152605251904,1.826121806864461,-0.6685500088033152
2020-12-25,626.82,613.85583,602.83,-3.7077133369217634,612.31,0,0.25245953208955507,3.9795630608961083,0.5005476705036074
2020-12-26,637.44,655.0733,604.625,-2.7404375097803566,626.82,0,4.507402958210682,5.4273309902832425,0.9672758271414068
2020-12-27,685.11,676.1742,609.3165000000001,0.8393587425709441,637.44,1,6.076523960833559,12.439101846084895,3.5797962523513007
2020-12-28,730.41,657.662,618.09,5.715812418024466,685.11,1,-4.0063657945895566,18.17211085764208,4.876453675453522
2020-12-29,732.0,641.7219,626.0355000000001,8.346856508064121,730.41,1,-12.142231920684953,16.926276545020198,2.631044090039655
2020-12-30,752.17,614.40576,635.6945000000001,10.599305711339476,732.0,0,-16.06478665044399,18.32255902796074,2.2524492032753543
2020-12-31,736.42,733.00256,645.2940000000001,10.17989341889566,752.17,0,-2.548285164715086,14.1216251817001,-0.41941229244381617
2021-01-01,728.91,678.3174,653.3375,8.610451902484897,736.42,0,-7.889874960959774,11.567145617693765,-1.5694415164107625
2021-01-02,774.56,665.9388,662.5305000000001,9.77538911287538,728.91,0,-8.639093751178981,16.909334740061002,1.1649372103904838
2021-01-03,978.28,621.3852,682.1299999999999,22.658492032481824,774.56,0,-19.775718747276674,43.41547798806681,12.883102919606443
2021-01-04,1041.43,541.1743,704.7695,33.18846836713318,978.28,0,-44.68104056034571,47.76888046375447,10.529976334651359
2021-01-05,1099.56,994.8611,727.8885,41.29554388143861,1041.43,0,-4.471631892265929,51.06159803321524,8.107075514305428
2021-01-06,1208.42,655.97375,756.1744999999999,50.602354993907966,1099.56,0,-40.342159147039496,59.80702866864729,9.306811112469354
2021-01-07,1224.87,622.95715,784.7255,54.160535403048286,1208.42,0,-48.44862272055143,56.08897633631121,3.55818040914032
2021-01-08,1216.93,560.5127,812.6705,52.249104123917945,1224.87,0,-54.23900533832161,49.74457667652513,-1.9114312791303405
2021-01-09,1276.0,574.1046,844.5615,51.166961963925104,1216.93,0,-52.82353017364906,51.08432008799832,-1.0821421599928414
2021-01-10,1254.25,1237.5305,876.8949999999999,45.38696639191818,1276.0,0,-3.0148497195826804,43.03308834010915,-5.779995572006925
2021-01-11,1087.01,835.7771,899.423,27.577166246601365,1254.25,0,-33.36439309472792,20.856371251346694,-17.809800145316814
2021-01-12,1050.16,684.06805,922.653,11.41926804871585,1087.01,0,-37.068835226978706,13.819604986923583,-16.157898197885515
2021-01-13,1129.89,580.5767,948.5319999999999,4.557610138115365,1050.16,0,-44.71540325365599,19.119861006270764,-6.861657910600485
2021-01-14,1231.62,543.7161,978.7719999999999,5.275955876082378,1129.89,0,-51.878844357567445,25.83318689132913,0.7183457379670131
2021-01-15,1168.53,1175.3519,1005.3265000000001,0.17719186021872702,1231.62,0,-4.568622731772982,16.23388023691804,-5.098764015863651
2021-01-16,1227.83,1146.9988,1032.4625,-0.4900981996306655,1168.53,0,-1.8425903231517355,18.922479024661897,-0.6672900598493925
2021-01-17,1232.45,1078.1294,1057.5645,-1.833278612801763,1227.83,0,-12.19229090906314,16.536627316820876,-1.3431804131710976
2021-01-18,1258.45,800.1381,1083.8870000000002,-2.1610822032898795,1232.45,0,-35.07743741664216,16.105276657068483,-0.32780359048811647
2021-01-19,1365.36,839.8292,1114.5465,3.3331294564153495,1258.45,0,-33.26479211467977,22.50363712954103,5.494211659705229
2021-01-20,1376.99,1291.6936,1146.575,6.100307945006421,1365.36,0,-5.395382645190639,20.095937902012512,2.767178488591071
2021-01-21,1110.96,1239.7356,1165.6775,-10.720341566947639,1376.99,-1,-9.967712495869614,-4.69405131350652,-16.82064951195406
2021-01-22,1232.62,533.21045,1188.5805,-14.170592035728674,1110.96,-1,-52.004532186689886,3.705218115222306,-3.450250468781036
2021-01-23,1233.6,579.54987,1201.3465,-16.728885604930767,1232.62,-1,-52.98227631202997,2.6847791207615623,-2.5582935692020925
2021-01-24,1392.51,560.3407,1218.9005000000002,-8.477155732353395,1233.6,0,-54.576791647034085,14.243123208169967,8.251729872577371
2021-01-25,1317.88,1311.9456,1229.8165,-8.767137961992773,1392.51,0,-5.785555820739168,7.160702429996688,-0.2899822296393779
2021-01-26,1365.97,1272.1995,1237.694,-6.544012724659808,1317.88,0,-3.4662136999859703,10.36411261588083,2.2231252373329653
2021-01-27,1239.03,1106.7849,1238.402,-14.017350881780715,1365.97,0,-18.974434862451226,0.05071051241841737,-7.4733381571209065
2021-01-28,1329.69,1014.01996,1244.0400000000002,-13.257807682728952,1239.03,0,-18.160177033962555,6.884826854441968,0.7595431990517625
2021-01-29,1379.5,894.4099,1249.2150000000001,-9.954604798088596,1329.69,0,-32.73545622593424,10.429349631568611,3.3032028846403563
2021-01-30,1378.05,1386.3682,1255.4050000000002,-8.478849544244213,1379.5,0,0.4978734369336716,9.769357299038935,1.4757552538443832
2021-01-31,1312.55,1278.1737,1266.682,-12.29406094513034,1378.05,0,-7.247653854744926,3.621114060198214,-3.8152114008861275
2021-02-01,1374.17,1256.0618,1282.8825000000002,-11.085025979943296,1312.55,0,-4.303701376852307,7.115811463637542,1.209034965187044
2021-02-02,1511.87,1138.6338,1301.9815,-1.9097574593131554,1374.17,0,-17.140252729829648,16.120697567515343,9.17526852063014
2021-02-03,1664.49,1050.0436,1323.625,12.734121452728303,1511.87,0,-30.54670182611186,25.75238455000472,14.643878912041458
2021-02-04,1595.67,1720.3354,1344.982,15.8771559686637,1664.49,1,3.3551087251200062,18.638762451839515,3.1430345159353976
2021-02-05,1719.19,1772.8535,1369.55,23.885423171175972,1595.67,1,11.104019980635089,25.52955350297544,8.008267202512272
2021-02-06,1676.35,1686.029,1391.7450000000001,23.85217110298656,1719.19,1,-1.9288704137195454,20.449507632504503,-0.0332520681894124
2021-02-07,1611.62,1354.7876,1409.4035,17.32906109068911,1676.35,0,-19.182295006636437,14.347665519491049,-6.523110012297451
2021-02-08,1750.15,1008.85144,1428.6429999999998,20.012267966282764,1611.62,0,-37.40140725296983,22.5043625314372,2.6832068755936547
2021-02-09,1769.13,1782.5925,1448.25,20.65014405684002,1750.15,1,1.853699928398989,22.156395649922327,0.6378760905572562
2021-02-10,1740.78,1649.2585,1479.741,16.90505203338074,1769.13,1,-6.775729035069503,17.640857420318827,-3.7450920234592786
2021-02-11,1785.62,1536.0608,1507.391,15.241409202289958,1740.78,1,-11.760199966932925,18.457652991161535,-1.6636428310907831
2021-02-12,1840.26,1528.3102,1537.724,15.560264157670048,1785.62,0,-14.41011073665939,19.674271845922938,0.3188549553800897
2021-02-13,1814.96,1357.8682,1558.8465,11.967946379484488,1840.26,0,-26.21324356001326,16.429680536217,-3.59231777818556
2021-02-14,1800.42,1926.8232,1582.9735,6.771897229876316,1814.96,1,6.163399864873053,13.736584977575431,-5.1960491496081715
2021-02-15,1779.25,1906.4974,1603.6375,0.4045001738745384,1800.42,1,5.891816160864544,10.950885097161917,-6.367397056001778
2021-02-16,1781.99,1801.8599,1630.7855,-4.838327177612371,1779.25,1,1.2707524676830124,9.271881556464665,-5.242827351486909
2021-02-17,1849.88,1715.9419,1656.795,-4.932710027667014,1781.99,0,-3.7064240241948614,11.654127396569885,-0.09438285005464309
2021-02-18,1939.61,1579.2349,1684.8005,-0.3901794794929856,1849.88,0,-14.630415849609168,15.124016166899276,4.542530548174028
2021-02-19,1955.0,1995.0793,1713.648,2.077235766993084,1939.61,1,2.8598195360472003,14.084105954081592,2.4674152464860697
2021-02-20,1913.0,1957.6217,1743.6705000000002,-0.5525672073762848,1955.0,1,0.13410251158887468,9.711095072148082,-2.629802974369369
2021-02-21,1933.53,1835.9995,1771.6384999999998,-2.2475712646344164,1913.0,1,-4.0251170037245165,9.137953369155175,-1.6950040572581315
2021-02-22,1777.58,1631.6514,1784.9240000000002,-14.525225198161195,1933.53,-1,-15.612823840979967,-0.4114460895814207,-12.277653933526778
2021-02-23,1577.89,1027.3984,1780.5939999999998,-35.55054283608567,1777.58,-1,-42.20240790850482,-11.384066216105397,-21.025317637924474
2021-02-24,1623.39,1610.8564,1781.98,-45.22806485053714,1577.89,-1,2.0892739869382466,-8.899650950066775,-9.677522014451469
2021-02-25,1481.75,1724.239,1770.1079999999997,-59.12545041453129,1623.39,0,6.212248053263535,-16.29041843774503,-13.897385563994149
2021-02-26,1444.59,1606.5524,1758.52,-68.13681240641797,1481.75,0,8.422633248797874,-17.851943679912658,-9.011361991886687
2021-02-27,1458.13,1753.8047,1750.8455000000001,-70.22246586143999,1444.59,0,21.40501370631114,-16.718522565240622,-2.085653455022012
2021-02-28,1419.18,1600.4147,1734.297,-71.04762394788156,1458.13,0,9.758023828572375,-18.169725254670908,-0.8251580864415757
2021-03-01,1569.86,1358.131,1724.3335,-58.77579631057224,1419.18,-1,-4.301710745267518,-8.95844684337456,12.271827637309322
2021-03-02,1486.78,1558.353,1711.6335,-53.72239640047912,1569.86,-1,-0.7329935571484019,-13.13677840495643,5.05339991009312
2021-03-03,1567.69,1662.0302,1700.7369999999999,-42.870371821476745,1486.78,-1,11.78722819564344,-7.822902659258886,10.852024579002375
2021-03-04,1539.23,1735.818,1685.6855,-35.834790341153536,1567.69,0,10.724568834658793,-8.68818649742197,7.035581480323209
2021-03-05,1528.31,1707.218,1671.3530000000003,-30.35906170605679,1539.23,0,10.913769714605678,-8.558515167053299,5.475728635096747
2021-03-06,1650.35,1640.1196,1663.8494999999998,-17.5936743344095,1528.31,0,7.315899844027067,-0.8113414103859694,12.76538737164729
2021-03-07,1726.16,1696.8755,1661.1950000000002,-3.838643846322463,1650.35,0,2.81912856553156,3.9107389559925183,13.755030488087037
2021-03-08,1833.18,1577.7068,1663.7545000000002,11.81611268083282,1726.16,0,-8.600200033057485,10.18332332083849,15.654756527155282
2021-03-09,1870.51,1484.0598,1664.786,23.366548177648387,1833.18,0,-19.04451202538076,12.35738407218705,11.550435496815567
2021-03-10,1795.12,1359.721,1657.5615000000003,24.492197696235237,1870.51,0,-27.307475112903703,8.298847433413458,1.125649518586851
2021-03-11,1825.78,1751.454,1651.1005,25.736825492573338,1795.12,0,-2.4324847646849457,10.57958010430013,1.2446277963381007
2021-03-12,1766.1,1670.6768,1643.7555,21.166833942069687,1825.78,0,-8.495176975730919,7.442986502554663,-4.5699915505036515
2021-03-13,1922.35,1686.502,1643.1965,26.92382279347627,1766.1,0,-4.506995463167426,16.988442952501416,5.756988851406582
2021-03-14,1848.1,1711.9578,1646.7224999999999,24.08043567713242,1922.35,0,-10.94453332265846,12.228988187141432,-2.843387116343848
2021-03-15,1793.48,1674.848,1657.502,17.193411129147265,1848.1,0,-9.37459972615456,8.203791005983707,-6.887024547985156
2021-03-16,1805.12,1839.9578,1666.5885000000003,12.32231332708394,1793.48,1,2.5914849160222015,8.312279845924749,-4.871097802063325
2021-03-17,1823.58,1819.6361,1683.6799999999998,9.377261772881113,1805.12,1,0.8041630694046717,8.309179891665881,-2.945051554202827
2021-03-18,1776.08,1797.0764,1700.2544999999998,3.5630173802404244,1823.58,1,-1.4533820278997867,4.459655892691368,-5.814244392640688
2021-03-19,1809.1,1760.2701,1717.8029999999999,1.3856882538794366,1776.08,0,-0.8901546325862252,5.3147537872503445,-2.1773291263609877
2021-03-20,1806.1,1684.8174,1737.149,-0.6998241662040101,1809.1,0,-6.869858890470396,3.9692047141609628,-2.0855124200834467
2021-03-21,1782.98,1932.0618,1747.8049999999998,-3.9008780015483,1806.1,0,6.974241048564592,2.0125242804546377,-3.2010538353442897
2021-03-22,1680.97,1919.1698,1757.5145,-12.659011661353148,1782.98,0,7.638324591677276,-4.3552698996224475,-8.758133659804848
2021-03-23,1668.08,1941.8356,1762.534,-18.72481681036553,1680.97,0,15.518752344721348,-5.35898881950647,-6.065805149012384
2021-03-24,1581.84,1881.9739,1764.6645,-27.423491074579154,1668.08,0,12.82275891762536,-10.360297948986913,-8.698674264213622
2021-03-25,1585.74,1889.2394,1767.5359999999996,-31.501369914356754,1581.84,0,19.433026088783482,-10.285278489377282,-4.0778788397776005
2021-03-26,1698.84,1780.3469,1769.9605,-25.428567671629253,1585.74,0,12.272309699454198,-4.018197016261097,6.0728022427275015
2021-03-27,1712.63,1715.8156,1769.284,-19.591636850490797,1698.84,0,0.9992437049876729,-3.2020862676653374,5.836930821138456
2021-03-28,1687.01,1777.7198,1761.9755,-16.678928053221828,1712.63,0,3.8005785623755504,-4.254627831090729,2.9127087972689694
2021-03-29,1816.74,1846.5754,1759.2869999999998,-5.799665252187859,1687.01,0,9.458476206609623,3.265697978783462,10.879262801033969
2021-03-30,1840.46,1845.9095,1761.5539999999996,2.7504783963990285,1816.74,1,1.605598263837285,4.47934040057815,8.550143648586888
2021-03-31,1919.37,1819.5503,1766.2334999999998,12.90839059373387,1840.46,1,-1.1361130929903414,8.670229615733145,10.157912197334841
2021-04-01,1968.05,1849.9619,1776.3309999999997,21.58289761676259,1919.37,1,-3.6161910385959923,10.79297720976554,8.67450702302872
2021-04-02,2133.69,1883.6578,1786.898,36.287825193453784,1968.05,0,-4.288110723098369,19.407487164908137,14.704927576691194
2021-04-03,2008.52,1834.5442,1794.9190000000003,35.36012483350664,2133.69,0,-14.02011588126087,11.900314164594592,-0.9277003599471456
2021-04-04,2075.69,1833.8107,1809.0294999999999,36.87692430460134,2008.52,0,-8.698411320509006,14.740528001339955,1.5167994710947
2021-04-05,2107.38,1965.3704,1824.1425000000004,37.49807509511888,2075.69,0,-5.314841747653794,15.527158651256666,0.6211507905175395
2021-04-06,2112.21,1932.5632,1838.574,35.72568074504204,2107.38,0,-8.295455379576778,14.883056107613832,-1.772394350076837
2021-04-07,1963.47,1819.4398,1847.9435,22.66406582663103,2112.21,0,-13.860846254115952,6.251625117326364,-13.06161491841101
2021-04-08,2080.46,1856.7662,1861.5115,20.11790941763283,1963.47,0,-5.434448433051563,11.761866633646903,-2.5461564089982005
2021-04-09,2066.87,1818.9832,1874.55,15.916949084025575,2080.46,0,-12.568222686479194,10.259528953615531,-4.200960333607256
2021-04-10,2133.49,2012.7114,1892.0755000000001,15.981547859982982,2066.87,0,-2.6203183663583047,12.759242429807882,0.06459877595740693
2021-04-11,2151.36,2058.9836,1915.595,15.568793782204693,2133.49,0,-3.4922290435799925,12.307664198330027,-0.4127540777782883
2021-04-12,2137.69,2093.0603,1939.0754999999997,12.83018788728458,2151.36,0,-2.7098996572226466,10.24274196646806,-2.738605894920113
2021-04-13,2299.19,2067.5178,1974.943,19.92704295642629,2137.69,0,-3.2826171116661,16.41804345745675,7.096855069141711
2021-04-14,2432.6,2075.5781,2017.286,30.978489605215174,2299.19,0,-9.725680565764467,20.58775999040294,11.051446648788882
2021-04-15,2514.04,2224.5437,2058.046,40.54205231525904,2432.6,0,-8.552836423091545,22.15664761623405,9.563562710043868
2021-04-16,2422.67,2133.2043,2093.548,37.55096641493034,2514.04,0,-15.148353021307337,15.720776404457904,-2.9910859003286987
2021-04-17,2317.6,2009.9089,2125.0775,25.887779412470593,2422.67,0,-17.03744482133865,9.059551945752569,-11.66318700245975
2021-04-18,2235.64,2042.4248,2146.0225,10.816313705869874,2317.6,0,-11.873282503991195,4.175981379505566,-15.07146570660072
2021-04-19,2161.12,2089.5718,2162.0555,-5.1511730744472,2235.64,-1,-6.533620021839378,-0.04326900951432779,-15.967486780317074
2021-04-20,2330.03,2226.1619,2182.5885,-5.296351994365523,2161.12,-1,3.009636912081472,6.755350355781696,-0.14517891991832244
2021-04-21,2357.06,2158.954,2202.039,-4.559183042461157,2330.03,-1,-7.342218702656197,7.039884398051067,0.7371689519043656
2021-04-22,2397.94,2040.635,2215.2515,-2.413353208733838,2357.06,0,-13.424562388499867,8.246851429736092,2.145829833727319
2021-04-23,2367.39,2029.7905,2233.1949999999997,-4.050085176638007,2397.94,0,-15.352739128428986,6.009103548951175,-1.6367319679041685
2021-04-24,2213.35,1963.6886,2240.0780000000004,-15.843465748553513,2367.39,-1,-17.052593842467335,-1.1931727377350483,-11.793380571915506
2021-04-25,2320.49,2176.244,2250.7335,-16.6806005021229,2213.35,-1,-1.6764679565195253,3.099278524090034,-0.8371347535693872
2021-04-26,2532.6,2228.5598,2271.7529999999997,-3.86973001380197,2320.49,-1,-3.961671265416993,11.48219018528864,12.81087048832093
2021-04-27,2666.13,2181.369,2306.8859999999995,11.817906629054377,2532.6,0,-13.868400201991033,15.572681094774543,15.687636642856347
2021-04-28,2748.24,2180.896,2340.275,25.177833056713894,2666.13,0,-18.19993788398353,17.432353035433856,13.359926427659516
2021-04-29,2757.04,2205.371,2374.7835,31.64258808819713,2748.24,0,-19.753329630963812,16.096477847349032,6.464755031483236
2021-04-30,2772.42,2784.752,2406.73,33.79449049800428,2757.04,1,1.0051342427023198,15.19447549164219,2.1519024098071498
2021-05-01,2944.77,2631.0886,2446.4004999999997,43.07080836790317,2772.42,1,-5.0977621339164,20.371541781486734,9.27631786989889
2021-05-02,2949.56,2463.5771,2486.994,45.53483708030899,2944.77,1,-16.340592017797654,18.599401526501463,2.4640287124058204
2021-05-03,3431.04,2477.7234,2543.5865,73.91734552883679,2949.56,0,-15.996847371408784,34.8898494311084,28.3825084485278
2021-05-04,3239.01,1912.3969,2583.907,73.90688961859257,3431.04,0,-44.261889963802886,25.353195761302555,-0.010455910244218103
2021-05-05,3524.26,3170.5964,2634.418,86.39126766311699,3239.01,0,-2.112175153924354,33.77755542210841,12.48437804452442
2021-05-06,3489.73,3084.9624,2687.7709999999997,85.44819812900741,3524.26,0,-12.464959953472507,29.837326171016816,-0.9430695341095827
2021-05-07,3479.53,2933.2034,2745.8675000000003,77.49643188157722,3489.73,0,-15.947555566172026,26.718787414177847,-7.951766247430186
2021-05-08,3910.26,2879.682,2829.5985,93.53108750456693,3479.53,0,-17.239343107671875,38.19133703951286,16.034655622989703
2021-05-09,3923.95,2007.4901,2917.7400000000002,96.9317097316175,3910.26,0,-48.660955734281416,34.4859377463379,3.400622227050576
2021-05-10,3945.88,4112.1875,2998.5325000000003,92.54022892770115,3923.95,1,4.797143184801034,31.59370458716054,-4.391480803916352
2021-05-11,4173.45,3271.4053,3089.352,96.40756406918945,3945.88,1,-17.093138325607978,35.09143665079279,3.8673351414882973
2021-05-12,3823.21,2512.4104,3160.6155000000003,68.15441627657594,4173.45,1,-39.80015573708503,20.96409702477254,-28.253147792613504
2021-05-13,3717.91,2311.492,3228.1415,36.72600962601507,3823.21,0,-39.540544637637616,15.171841135216646,-31.428406650560873
2021-05-14,4075.01,2098.5454,3321.2244999999994,34.380522992323904,3717.91,0,-43.55577703182029,22.696011666781363,-2.3454866336911664
2021-05-15,3646.68,3673.3247,3387.5339999999997,0.18393362181535622,4075.01,0,-9.857283613261076,7.649989638480388,-34.19658937050855
2021-05-16,3582.1,3492.1655,3440.0089999999996,-28.97041217199734,3646.68,0,-4.23712726798759,4.130541518932083,-29.154345793812695
2021-05-17,3282.51,3436.8481,3470.828,-68.36781813898119,3582.1,-1,-4.054935804939838,-5.4257370287435664,-39.397405966983854
2021-05-18,3375.07,2775.0737,3502.1695,-86.93817770651827,3282.51,-1,-15.458788230081561,-3.629164722038719,-18.570359567537082
2021-05-19,2438.92,2686.7383,3486.2635,-156.93277839631634,3375.07,-1,-20.39459088996673,-30.042006291262837,-69.99460068979806
2021-05-20,2768.62,2551.5137,3486.0735,-174.34859324989816,2438.92,0,4.616538134707163,-20.580561482711136,-17.41581485358182
2021-05-21,2430.98,2446.3262,3460.3839999999996,-200.08678202976716,2768.62,-1,-11.640955715302205,-29.74825915274142,-25.738188779869006
2021-05-22,2294.87,2488.1255,3427.6494999999995,-216.37482313046132,2430.98,-1,2.350718158160494,-33.04828863044485,-16.28804110069416
2021-05-23,2096.39,2396.9187,3360.917,-229.37299441868936,2294.87,-1,4.446818389358661,-37.62446379961183,-12.998171288228036
2021-05-24,2648.43,2243.7068,3331.388,-191.20853292634493,2096.39,0,7.027165131935142,-20.50070421097753,38.16446149234443
2021-05-25,2705.11,2759.9656,3290.4305,-154.15388355192692,2648.43,0,4.211384713655833,-17.788569003356848,37.054649374418005
2021-05-26,2884.94,2807.7432,3260.1910000000003,-111.52681568061898,2705.11,0,3.7940477120154035,-11.510092506850064,42.62706787130794
2021-05-27,2742.23,2683.3455,3223.326,-87.9712023021077,2884.94,-1,-6.987824392036751,-14.925452777658855,23.555613378511282
2021-05-28,2412.1,2607.3179,3148.418,-89.36423368923259,2742.23,-1,-4.919796257288776,-23.38692003412508,-1.3930313871248927
2021-05-29,2278.74,2723.2927,3066.1575,-93.56048639819636,2412.1,-1,12.901319373548986,-25.680921479082535,-4.196252708963769
2021-05-30,2385.98,2182.5112,2988.1625,-83.72599623491237,2278.74,-1,-4.222893771612812,-20.152267488799552,9.834490163283988
2021-05-31,2706.15,2230.2366,2914.7975,-51.8333248469049,2385.98,-1,-6.527440621227966,-7.158215965260023,31.89267138800747
2021-06-01,2634.57,2286.603,2855.3655,-32.66931050796454,2706.15,-1,-15.503463320815552,-7.7326527899843205,19.164014338940362
2021-06-02,2706.22,2340.6636,2804.781,-13.272917155419904,2634.57,-1,-11.15576453771394,-3.514035498671738,19.396393352544635
2021-06-03,2857.25,2281.8362,2743.893,10.348433687239421,2706.22,0,-15.681792993894614,4.131247100378913,23.621350842659325
2021-06-04,2689.51,2786.3857,2696.0345,15.012892921268303,2857.25,0,-2.4801560175868405,-0.24200357970196557,4.664459234028882
2021-06-05,2627.73,2836.0784,2648.316,14.27892332868177,2689.51,0,5.449630941718929,-0.7773241561807498,-0.7339695925865328
2021-06-06,2711.92,2979.5408,2619.7864999999997,19.482718864258715,2627.73,1,13.388391177342228,3.5168323830968817,5.203795535576944
2021-06-07,2592.05,3022.7485,2580.6355,15.068361451829901,2711.92,1,11.461567271757644,0.44231353091129366,-4.414357412428814
2021-06-08,2507.23,2997.509,2584.0510000000004,7.059405289161546,2592.05,1,15.642407870339106,-2.972890240943401,-8.008956162668355
2021-06-09,2610.18,2252.779,2576.129,9.184219907430105,2507.23,0,-10.148687885260827,1.3217893979688102,2.1248146182685588
2021-06-10,2471.09,2143.085,2578.1345,2.081939388674243,2610.18,0,-17.895127503179854,-4.152013791367361,-7.102280518755862
2021-06-11,2354.01,2224.6543,2581.0915,-9.031510703048696,2471.09,-1,-9.972753041168072,-8.797886475547255,-11.113450091722939
2021-06-12,2370.74,2178.7869,2594.809,-13.516472520704653,2354.01,-1,-7.443601971343589,-8.635279128444537,-4.484961817655957
2021-06-13,2509.33,2271.6685,2587.8540000000003,-5.804089906007377,2370.74,-1,-4.178929067242708,-3.0343288299881035,7.712382614697276
2021-06-14,2580.77,2576.0,2581.6369999999997,4.876928625875806,2509.33,0,2.656884507019805,-0.03358334266202934,10.681018531883183
2021-06-15,2543.54,2630.2888,2564.567,9.912532963723123,2580.77,0,1.9187613913434758,-0.8199044906996013,5.035604337847317
2021-06-16,2367.89,2613.0461,2545.85,2.289492660900194,2543.54,0,2.7326538044664144,-6.990199736826602,-7.623040302822929
2021-06-17,2373.28,2825.837,2543.909,-1.3197968541851282,2367.89,0,19.339872800784672,-6.707354704904928,-3.6092895150853224
2021-06-18,2234.09,2808.0867,2541.6765000000005,-11.447889965101595,2373.28,0,18.320917461145537,-12.101717114668222,-10.128093110916467
2021-06-19,2164.67,2081.8562,2530.611,-20.65226104145978,2234.09,-1,-6.814130085543785,-14.460578887865413,-9.204371076358186
2021-06-20,2243.47,2141.171,2507.477,-19.28902788921137,2164.67,-1,-1.0855743167549823,-10.528790493392364,1.3632331522484122
2021-06-21,1885.49,2071.523,2470.023,-39.204003675414384,2243.47,-1,-7.664334748458852,-23.665083280601035,-19.914975786203016
2021-06-22,1879.28,2057.135,2428.676,-48.87327920250874,1885.49,0,9.103469642672462,-22.621214192424183,-9.669275527094356
2021-06-23,1968.14,2079.0205,2384.2205,-45.435331510046524,1879.28,0,10.628565610898857,-17.45142699678993,3.4379476924622168
2021-06-24,1989.52,1913.8539,2349.221,-38.165112774936574,1968.14,-1,-2.7582447470232094,-15.311501131651728,7.27021873510995
2021-06-25,1808.82,1886.8547,2308.2755,-41.6833051655355,1989.52,-1,-5.160303172216161,-21.637603483639637,-3.5181923905989265
2021-06-26,1829.64,1875.8599,2264.1615,-38.823494888147025,1808.82,-1,3.706276096087508,-19.191276770672058,2.859810277388476
2021-06-27,1982.28,1927.8923,2233.673,-23.615061038781448,1829.64,0,5.370036399749399,-11.254691264119673,15.208433849365576
2021-06-28,2084.41,1969.436,2212.532,-4.633607098710627,1982.28,-1,-0.6479389815641571,-5.7907411056653775,18.98145394007082
2021-06-29,2165.33,2174.9878,2190.2895,14.374651836051811,2084.41,-1,4.34548831413926,-1.139552556865197,19.008258934762438
2021-06-30,2275.68,2180.4316,2180.519,34.24865838609554,2165.33,-1,0.6974290581574205,4.36414449954346,19.87400655004373
2021-07-01,2106.41,2268.8948,2168.139,35.70071572853891,2275.68,0,-0.2981625100793977,-2.847096057955706,1.4520573424433678
2021-07-02,2154.13,2310.9277,2157.3085,39.296558673956724,2106.41,0,9.709303239872586,-0.1473363684424358,3.5958429454178145
2021-07-03,2226.99,2177.729,2143.1915,45.56239613652414,2154.13,1,1.095523664135864,3.9099865784275405,6.2658374625674185
2021-07-04,2322.69,2141.6472,2130.2875,54.52701840693379,2226.99,1,-3.832203252063314,9.031762144780934,8.964622270409649
2021-07-05,2196.53,2034.5125,2112.937,50.4303813987795,2322.69,1,-12.407060297677479,3.9562466841179034,-4.096637008154289
2021-07-06,2322.5,2089.142,2110.6675,54.33735913292445,2196.53,0,-4.888979898123413,10.036279991993053,3.906977734144945
2021-07-07,2316.57,1952.279,2107.832,54.51464161262838,2322.5,0,-15.940622056646934,9.902971394304684,0.1772824797039334
2021-07-08,2116.33,1944.3352,2101.944,39.82026977069785,2316.57,0,-16.068359467742184,0.6844140471867931,-14.694371841930533
2021-07-09,2146.99,2079.9092,2101.06,31.219676490918886,2116.33,0,-1.7209424008779315,2.1860394277174304,-8.600593279778963
2021-07-10,2110.69,2190.1829,2094.421,22.545016142276182,2146.99,1,2.0117867958455897,0.7767779257370049,-8.674660348642703
2021-07-11,2140.45,2039.6898,2107.169,18.443082239078123,2110.69,1,-3.3638374495573746,1.5794176926482857,-4.101933903198059
2021-07-12,2031.58,1954.7053,2114.784,8.533196586665092,2140.45,1,-8.677833060074978,-3.934397082633506,-9.909885652413031
2021-07-13,1940.15,1914.6838,2113.3845,-3.4039769463530334,2031.58,-1,-5.753953184682608,-8.197017627412334,-11.937173533018125
2021-07-14,1994.58,1953.2863,2113.6375,-6.6698460895376,1940.15,-1,0.6770741892540478,-5.632824928588744,-3.265869143184567
2021-07-15,1919.51,1869.9135,2119.1719999999996,-12.578692911156665,1994.58,-1,-6.250265612387692,-9.421698663440232,-5.908846821619065
2021-07-16,1876.26,1890.5784,2121.5029999999997,-17.77500797610577,1919.51,-1,-1.507240434244937,-11.559870525754606,-5.196315064949104
2021-07-17,1899.59,1856.6721,2117.3685,-17.962829622127856,1876.26,-1,-1.0439854209637784,-10.285337672681921,-0.18782164602208695
2021-07-18,1891.64,1994.2727,2107.73,-16.956854304763866,1899.59,0,4.984375843109571,-10.252261912104487,1.0059753173639905
2021-07-19,1818.73,1807.9476,2090.4,-19.36231240748812,1891.64,-1,-4.4243285278415865,-12.996077305778803,-2.4054581027242534
2021-07-20,1786.03,1841.8726,2065.9175,-21.169653910221086,1818.73,-1,1.2724570768475794,-13.547854645696164,-1.8073415027329673
2021-07-21,1995.5,1838.9993,2060.372,-7.004390117294676,1786.03,-1,2.9657546389548344,-3.148557639105941,14.16526379292641
2021-07-22,2024.56,2019.093,2053.8935,4.932246391726181,1995.5,0,1.1823110788336257,-1.4281899231873603,11.936636509020857
2021-07-23,2124.25,2055.1497,2048.7565000000004,19.342484292944505,2024.56,1,1.5109287056508602,3.6848449291069763,14.410237901218323
2021-07-24,2184.75,2102.1672,2041.8595,32.00261946329876,2124.25,1,-1.0395557807167235,6.99805740796563,12.660135170354252
2021-07-25,2189.79,2194.2588,2041.5225000000003,39.28989086301118,2184.75,1,0.43523465213411144,7.262594460751702,7.287271399712424
2021-07-26,2228.08,2317.15,2036.8015,44.85993224566869,2189.79,1,5.816078361109971,9.391121324292028,5.570041382657507
2021-07-27,2299.49,2196.805,2035.9475000000002,51.07305251439593,2228.08,0,-1.403677981013919,12.944464432407985,6.213120268727245
2021-07-28,2300.9,2135.2952,2045.176,52.77989785428879,2299.49,0,-7.14048915126288,12.50376495714795,1.7068453398928582
2021-07-29,2382.92,2294.2197,2056.9725000000003,56.59686753355205,2300.9,0,-0.2903330626059407,15.845982384305074,3.8169696792632593
2021-07-30,2461.81,2304.6577,2074.5285,61.20758541377324,2382.92,0,-3.284301829530579,18.668410677414172,4.610717880221188
2021-07-31,2531.05,2220.5264,2094.0585,65.31876291474609,2461.81,0,-9.801066402870244,20.868161037525937,4.11117750097285
2021-08-01,2555.69,2217.171,2120.264,65.90618098613348,2531.05,0,-12.401141880346108,20.536404900521816,0.5874180713873898
2021-08-02,2606.93,2136.8376,2153.603,65.80151782728919,2555.69,0,-16.38901249821477,21.049701360928626,-0.10466315884428923
2021-08-03,2509.04,2493.8303,2179.326,55.60145500237684,2606.93,0,-4.338424036486398,15.129172964485345,-10.20006282491235
2021-08-04,2724.78,2367.4717,2219.5895,59.49690233541723,2509.04,0,-5.642330146689569,22.76053747776335,3.8954473330403943
2021-08-05,2826.99,2372.5674,2267.126,64.64211172530472,2724.78,0,-12.926277247612658,24.69487800854472,5.1452093898874836
2021-08-06,2891.58,2408.6611,2316.7254999999996,67.75277442103895,2826.99,0,-14.797677642563285,24.81323316033775,3.1106626957342343
2021-08-07,3160.31,2479.3086,2380.159,82.29847219981576,2891.58,0,-14.257651742300057,32.777264039923374,14.545697778776812
2021-08-08,3011.85,2989.7036,2439.815,76.43725288850749,3160.31,0,-5.398406698037532,23.445835032574184,-5.861219311308275
2021-08-09,3160.52,2966.4138,2508.5395,76.88055458346216,3011.85,0,-1.5085804950653223,25.990441848733102,0.44330169495466976
2021-08-10,3141.66,3121.6116,2565.8475000000003,70.38556974429707,3160.52,0,-1.2310767764284036,22.44141555567895,-6.494984839165085
2021-08-11,3160.5,2941.128,2622.6445,62.12778213515793,3141.66,0,-6.382997215246075,20.508135967341367,-8.257787609139143
2021-08-12,3045.96,2878.2527,2668.73,44.544388990137065,3160.5,0,-8.930463991555925,14.135187898363641,-17.583393145020864
2021-08-13,3322.32,2963.4414,2725.6085,46.88243659948159,3045.96,0,-2.709116132516515,21.89278100651654,2.338047609344528
2021-08-14,3263.16,2704.9797,2779.2769999999996,40.065335891644,3322.32,0,-18.581601521583565,17.410391263627208,-6.8171007078375965
2021-08-15,3307.09,2890.1182,2833.2275,34.3549752252043,3263.16,0,-11.431919854910573,16.72518355832704,-5.710360666439698
2021-08-16,3146.53,2901.9634,2875.5795,16.509268305744257,3307.09,0,-12.250244810203235,9.422465975988507,-17.845706919460042
2021-08-17,3011.72,2793.0046,2911.1205,-6.401460217678277,3146.53,0,-11.235404122259288,3.4556968699852795,-22.910728523422534
2021-08-18,3014.55,2998.5222,2942.702,-22.487374438727244,3011.72,0,-0.4382141501575445,2.441565608750052,-16.085914221048967
2021-08-19,3184.12,2957.2258,2978.8175,-22.76016652946086,3014.55,0,-1.9015829865776046,6.892080498385678,-0.272792090733617
2021-08-20,3284.82,2896.4985,3016.506,-17.450547291527158,3184.12,0,-9.032997024099277,8.894860477651969,5.309619237933703
2021-08-21,3223.43,2914.2285,3049.893,-19.224751597290464,3284.82,0,-11.281941913864387,5.6899373191125004,-1.7742043057633055
2021-08-22,3238.0,2908.1968,3081.4465,-20.454545701087113,3223.43,0,-9.779434411674828,5.080519814314479,-1.2297941037966496
2021-08-23,3321.28,3303.9727,3122.0585,-16.847114470116082,3238.0,0,2.037450779802347,6.381094396533572,3.607431230971031
2021-08-24,3170.62,3200.9722,3144.3505,-25.288017909871257,3321.28,0,-3.6223333182161754,0.8354507552513589,-8.440903439755175
2021-08-25,3226.87,3246.336,3164.3445,-27.575948671393547,3170.62,0,2.388048315471426,1.9759384605563566,-2.28793076152229
2021-08-26,3093.2,3206.2944,3174.4255000000003,-37.94477779713188,3226.87,-1,-0.6376323312141453,-2.558746456642327,-10.36882912573833
2021-08-27,3273.45,3013.7234,3180.0824999999995,-32.71488145841437,3093.2,-1,-2.569397754045158,2.9360087356224347,5.229896338717509
2021-08-28,3244.48,3166.117,3191.714,-31.259533795724252,3273.45,-1,-3.278897085357187,1.653218302141109,1.4553476626901158
2021-08-29,3223.47,2982.0806,3194.8615,-31.667056442671793,3244.48,0,-8.087565144298933,0.8954535274846755,-0.40752264694754103
2021-08-30,3229.64,3028.1548,3199.2605,-31.41408736956913,3223.47,0,-6.059160309968754,0.9495788167296789,0.2529690731026619
2021-08-31,3429.2,3065.9285,3212.6955,-18.34709887378375,3229.64,0,-5.069033489897477,6.739029578122173,13.066988495785381
2021-09-01,3826.82,2962.0078,3251.7385,14.74801886350238,3429.2,0,-13.623941079552077,17.68535508005949,33.09511773728613
2021-09-02,3785.82,3878.308,3274.9134999999997,30.63616181923109,3826.82,1,1.3454540707101414,15.600610519941993,15.88814295572871
2021-09-03,3938.11,3905.5234,3308.661,47.171913858197684,3785.82,1,3.161889300072371,19.024282028288788,16.535752038966592
2021-09-04,3885.52,3820.4016,3337.5824999999995,50.06426598180491,3938.11,1,-2.9889563438267372,16.417197177897492,2.8923521236072247
2021-09-05,3950.29,3720.4497,3377.7705,51.62911191384839,3885.52,0,-4.248344956884793,16.949626980281813,1.5648459320434824
2021-09-06,3926.77,2842.4614,3423.5229999999997,46.52773614553604,3950.29,0,-28.044234074428715,14.699682169507852,-5.1013757683123515
2021-09-07,3434.57,3972.3428,3444.524,7.499415508683569,3926.77,0,1.1605664054044422,-0.28898042225862625,-39.02832063685247
2021-09-08,3499.0,3905.983,3460.268,-15.2419943126921,3434.57,0,13.725529255663732,1.119335265360948,-22.74140982137567
2021-09-09,3424.93,3769.1565,3467.2735000000002,-35.38694853415811,3499.0,0,7.7209629648649605,-1.2212333408368392,-20.14495422146601
2021-09-10,3208.86,2909.4048,3466.5449999999996,-61.829917147412374,3424.93,-1,-15.052138725280512,-7.433482040475445,-26.442968613254266
2021-09-11,3267.21,2314.7378,3468.0055,-73.1804088660553,3208.86,-1,-27.864170048903663,-5.789941797958514,-11.350491718642928
2021-09-12,3404.21,3239.6357,3472.1520000000005,-69.29016471139235,3267.21,-1,-0.8439695585071065,-1.9567691736997819,3.890244154662952
2021-09-13,3285.35,3300.3955,3477.8885,-72.22171676342307,3404.21,-1,-3.0495913056920707,-5.536074546380659,-2.9315520520307246
2021-09-14,3434.37,3311.1733,3488.2634999999996,-62.01527802999702,3285.35,0,0.7860148795029477,-1.54499509569732,10.206438733426054
2021-09-15,3613.55,3314.062,3514.281,-42.04315347739811,3434.37,0,-3.5030584439431363,2.824731431550301,19.972124552598913
2021-09-16,3567.98,3150.2473,3529.0075000000006,-31.244253109322898,3613.55,0,-12.821261240245056,1.104347327116743,10.79890036807521
2021-09-17,3399.81,3522.0063,3536.7740000000003,-34.51388175800129,3567.98,-1,-1.288506447450659,-3.8725686176159515,-3.269628648678392
2021-09-18,3435.64,3341.5054,3547.3825000000006,-33.3325249683424,3399.81,-1,-1.7149378614172544,-3.149998625747315,1.1813567896588921
2021-09-19,3328.62,3310.5522,3552.3315000000002,-38.46368712033822,3435.64,-1,-3.6408865278739877,-6.2975963814188045,-5.131162151995824
2021-09-20,2977.28,3154.356,3529.7355,-62.78669495287857,3328.62,-1,-5.23532403725117,-15.651470202229023,-24.32300783254035
2021-09-21,2765.9,3020.9006,3476.6895000000004,-88.78870378154073,2977.28,0,1.4651169781016498,-20.444434281519825,-26.002008828662163
2021-09-22,3076.92,2658.005,3441.2445,-80.93929464346252,2765.9,-1,-3.900904486333565,-10.58699839549325,7.849409138078215
2021-09-23,3152.5,2553.7122,3401.964,-67.12470527673231,3076.92,-1,-17.004271862670304,-7.332940619007136,13.814589366730203
2021-09-24,2928.53,2425.2083,3354.1144999999997,-69.25903052488152,3152.5,-1,-23.070317146609835,-12.688430880937412,-2.13432524814921
2021-09-25,2921.73,2523.6143,3302.6865,-67.26080422399329,2928.53,-1,-13.826586792264383,-11.534746031753235,1.9982263008882342
2021-09-26,3059.37,2700.627,3259.3165,-53.406000657489294,2921.73,-1,-7.56753864576809,-6.1346144199251595,13.854803566503996
2021-09-27,2925.59,2902.6353,3233.8675,-50.045683092871826,3059.37,-1,-5.12310528290955,-9.532780795749972,3.3603175646174677
2021-09-28,2804.91,2936.6238,3199.163,-52.489183810675115,2925.59,0,0.37714714969885915,-12.32362964938017,-2.443500717803289
2021-09-29,2850.45,2750.4202,3170.439,-47.714907496788186,2804.91,-1,-1.9426589082849308,-10.09289249848365,4.774276313886929
2021-09-30,3000.61,2627.8074,3160.0265,-31.88158790998375,2850.45,-1,-7.810788715926427,-5.044783643428301,15.833319586804436
2021-10-01,3309.91,2807.7617,3162.1615,0.28192458272542353,3000.61,-1,-6.426969224591003,4.672389439944787,32.163512492709174
2021-10-02,3387.76,3267.1147,3161.339,26.22358029414427,3309.91,0,-1.2929431285518294,7.162186655717728,25.941655711418846
2021-10-03,3417.73,3217.4624,3167.958,43.79023366593481,3387.76,0,-5.026849530552643,7.884321698709387,17.566653371790537
2021-10-04,3386.31,3347.298,3165.555,51.16915164259253,3417.73,0,-2.060780234157614,6.973658647535744,7.378917976657725
2021-10-05,3515.27,3370.5989,3160.641,61.89423144542117,3386.31,0,-0.46395997551538243,11.220160720562692,10.725079802828638
2021-10-06,3574.89,3269.0647,3160.9865,69.58820796685214,3515.27,0,-7.003880291823244,13.09412425519691,7.693976521430969
2021-10-07,3587.47,3602.2065,3170.3695,71.81842820259801,3574.89,1,0.7641226154860745,13.156210971623342,2.2302202357458754
2021-10-08,3563.13,3636.0435,3176.7439999999997,67.98732314560718,3587.47,1,1.3539752815006176,12.162956788460148,-3.831105056990836
2021-10-09,3574.82,3617.1106,3189.054,62.702323245682756,3563.13,1,1.5149768799657855,12.096565313726266,-5.284999899924422
2021-10-10,3414.22,3614.9072,3210.9010000000003,45.6450420754351,3574.82,1,1.121377483691482,6.332147892445127,-17.057281170247656
2021-10-11,3542.12,3483.222,3249.712,40.410655664165205,3414.22,1,2.0210157467335206,8.997966589039272,-5.234386411269895
2021-10-12,3491.46,3755.5488,3270.4390000000003,31.373639715604597,3542.12,1,6.025454477121049,6.758144701674598,-9.037015948560608
2021-10-13,3607.42,3686.383,3293.185,30.988736825383363,3491.46,1,5.5828523494648365,9.541978358336994,-0.3849028902212339
2021-10-14,3790.82,3831.9187,3336.2994999999996,40.28022167463375,3607.42,1,6.22324822648527,13.623492135523222,9.291484849250388
2021-10-15,3868.99,3801.8389,3383.6625,48.34226437037299,3790.82,1,0.29067239245070553,14.34325970749151,8.062042695739237
2021-10-16,3829.96,3945.804,3422.192,47.621478943974964,3868.99,1,1.985374867294183,11.915403928242483,-0.7207854263980238
2021-10-17,3846.85,3831.183,3468.255,44.89371654270647,3829.96,0,0.03193520216268482,10.9160081943225,-2.7277624012684925
2021-10-18,3744.96,3984.0002,3515.2574999999997,33.36842969835416,3846.85,1,3.5652610354088434,6.534443067115292,-11.525286844352308
2021-10-19,3877.03,3854.6885,3566.5865,31.78792677622107,3744.96,1,2.930030669553212,8.704219006044022,-1.5805029221330926
2021-10-20,4161.15,3803.4023,3624.6135000000004,46.15449899720596,3877.03,1,-1.8990736788211646,14.80258515838997,14.366572220984892
2021-10-21,4052.99,3678.8577,3661.7674999999995,44.62368091455005,4161.15,0,-11.590361654455492,10.683979799372855,-1.5308180826559123
2021-10-22,3972.2,4114.8584,3690.9895000000006,34.853917650094274,4052.99,1,1.5264878136264886,7.6188377127596585,-9.769763264455776
2021-10-23,4167.12,4245.345,3728.4590000000003,37.94801925729138,3972.2,1,6.876421500522385,11.765209165502412,3.0941016071971035
2021-10-24,4082.33,4174.649,3763.2599999999998,31.00581427413303,4167.12,1,0.18067456135772691,8.4785531693266,-6.942204983158348
2021-10-25,4220.37,3801.4023,3798.5150000000003,32.28679011830417,4082.33,0,-6.8815518649888645,11.105787393231289,1.280975844171138
2021-10-26,4131.52,3713.7793,3826.3465000000006,24.101567655880103,4220.37,0,-12.003466594753538,7.975584542591735,-8.185222462424065
2021-10-27,3922.0,4015.5332,3843.0730000000003,2.6563885317261224,4131.52,0,-2.80736380012684,2.0537470924960224,-21.44517912415398
2021-10-28,4286.02,3933.2837,3879.2175,10.620245645403116,3922.0,1,0.2877024835861805,10.486715426500325,7.963857113676994
2021-10-29,4418.89,4077.6633,3921.421,21.823979696158972,4286.02,1,-4.861308858145212,12.685937062100717,11.203734050755855
2021-10-30,4322.68,3961.769,3966.844,19.801995900381087,4418.89,1,-10.34470097764937,8.970254439045252,-2.021983795777885
2021-10-31,4287.21,3661.0935,4004.0985,13.42753626096976,4322.68,0,-15.305007406068116,7.070542845037403,-6.374459639411327
2021-11-01,4319.43,4255.7295,4045.4970000000003,8.948402384398719,4287.21,0,-0.7342889154601719,6.7713064674130266,-4.479133876571041
2021-11-02,4589.89,4049.7136,4094.6205,21.075550585451737,4319.43,0,-6.2442585469176555,12.095614233358143,12.127148201053018
2021-11-03,4603.35,3763.0757,4135.247,26.526294483683102,4589.89,0,-18.013815503339956,11.319831681154719,5.450743898231366
2021-11-04,4532.32,3627.677,4168.4135,22.05424729947839,4603.35,0,-21.1948471883927,8.730095994555244,-4.472047184204712
2021-11-05,4474.24,3380.2908,4200.6275000000005,12.3733916600427,4532.32,0,-25.41809114351204,6.513610168956882,-9.680855639435691
2021-11-06,4518.0,4608.897,4234.1849999999995,6.4062316624495,4474.24,1,3.009605489563596,6.702942833154444,-5.9671599975932
2021-11-07,4612.59,4438.86,4277.5665,6.308803288306791,4518.0,1,-1.751663052650509,7.832105006432986,-0.09742837414270866
2021-11-08,4807.98,4209.2754,4324.114,16.313957810496333,4612.59,1,-8.743777560437847,11.189945500974305,10.005154522189542
2021-11-09,4732.33,4158.202,4352.673,14.792406428800888,4807.98,0,-13.514570600595253,8.722387369784041,-1.5215513816954456
2021-11-10,4628.78,4033.9539,4381.4625,4.311673626665311,4732.33,0,-14.757553733110857,5.644633498517907,-10.480732802135577
2021-11-11,4719.0,4793.793,4418.8025,1.1210383520545975,4628.78,1,3.5649343617540747,6.793639226917253,-3.190635274610713
2021-11-12,4665.46,4571.5044,4443.7195,-6.510029075187134,4719.0,1,-3.1255690923659674,4.989975177326109,-7.631067427241732
2021-11-13,4644.28,3649.523,4471.817,-14.444262911709018,4665.46,1,-21.77571023610212,3.856664975333287,-7.934233836521884
2021-11-14,4626.5,3636.2056,4492.1235,-21.902688477918645,4644.28,0,-21.70572044738366,2.9913803571963307,-7.458425566209627
2021-11-15,4563.78,3609.89,4513.7365,-31.489948800055572,4626.5,0,-21.973632495879713,1.1086934294901745,-9.587260322136927
2021-11-16,4209.76,4481.799,4528.1245,-60.42725498355068,4563.78,-1,-1.7963436422220123,-7.0308247929137035,-28.93730618349511
2021-11-17,4287.8,4510.5635,4528.2135,-72.26506786714762,4209.76,-1,7.145383028070479,-5.309235087965699,-11.83781288359694
2021-11-18,3996.9,4463.142,4507.114,-96.14487409168623,4287.8,-1,4.089325291379025,-11.320192921678917,-23.879806224538612
2021-11-19,4294.76,4403.4014,4505.718,-88.52812818289786,3996.9,0,10.170416252283017,-4.682006286234505,7.616745908788374
2021-11-20,4412.17,4446.157,4511.965999999999,-72.88335991753732,4294.76,0,3.525161512226522,-2.211807447130572,15.64476826536054
2021-11-21,4258.31,4241.6704,4508.91,-70.17260911571906,4412.17,-1,-3.864302369214016,-5.557884278018401,2.710750801818264
2021-11-22,4085.97,4239.2554,4483.714,-76.73016477954096,4258.31,-1,-0.4474692755165875,-8.870860184213358,-6.557555663821901
2021-11-23,4339.44,4279.507,4470.5185,-61.40407447869859,4085.97,-1,4.736619112169208,-2.932064815300519,15.326090300842367
2021-11-24,4269.36,4197.66,4457.3705,-53.6734106443143,4339.44,-1,-3.2672382553970007,-4.217968867519546,7.730663834384288
2021-11-25,4524.85,4267.7505,4459.901,-30.209217774766664,4269.36,0,-0.037699133330280715,1.4562879310549837,23.464192869547638
2021-11-26,4041.2,4519.277,4436.061,-45.21492059423353,4524.85,-1,-0.12316749795574138,-8.901162540370835,-15.005702819466869
2021-11-27,4095.29,4410.0894,4410.196,-49.12582051691956,4041.2,-1,9.12821328983347,-7.140408272104006,-3.9108999226860277
2021-11-28,4294.78,4548.0703,4384.536,-36.48664108837099,4095.29,-1,11.056123314832405,-2.047103730018417,12.639179428548573
2021-11-29,4444.53,4654.208,4370.146,-17.227889384446804,4294.78,0,8.368950395887573,1.7020941634444255,19.258751703924183
2021-11-30,4630.26,4309.7656,4370.22,7.505731780268995,4444.53,0,-3.03214006880367,5.950272526325905,24.7336211647158
2021-12-01,4582.95,4485.402,4363.4175000000005,19.485142308287042,4630.26,0,-3.1285099439610344,5.031205471399409,11.979410528018047
2021-12-02,4511.21,4446.9805,4355.705,21.23900409660323,4582.95,0,-2.9668560916003845,3.5701453610839144,1.7538617883161898
2021-12-03,4215.73,4531.847,4334.2775,2.1647776145003093,4511.21,0,0.45746413864018665,-2.7351155988512637,-19.074226482102922
2021-12-04,4117.25,4640.72,4308.8150000000005,-16.397042811513323,4215.73,0,10.081058674150158,-4.4458859338356485,-18.561820426013632
2021-12-05,4196.44,4588.5635,4290.448,-22.288799242007933,4117.25,0,11.447288276458801,-2.191099857171109,-5.89175643049461
2021-12-06,4347.59,4113.3667,4297.3395,-15.287229641936298,4196.44,0,-1.9796136911584488,1.1693397740625358,7.001569600071635
2021-12-07,4306.4,4122.8994,4298.2695,-12.811253689166112,4347.59,0,-5.168164107873561,0.1891575202531926,2.4759759527701863
2021-12-08,4436.91,4525.0483,4320.2699999999995,-2.3149345939064503,4306.4,0,5.077288218552628,2.699831260546224,10.496319095259661
2021-12-09,4105.64,4536.676,4310.814,-16.80629878163749,4436.91,0,2.248541918812871,-4.759518735904633,-14.49136418773104
2021-12-10,3897.94,4419.539,4285.1025,-38.275543830276035,4105.64,0,7.645557391783002,-9.035081424540017,-21.469245048638545
2021-12-11,4089.37,3796.7427,4276.6555,-37.43415425053931,3897.94,-1,-2.596174497779598,-4.3792514968764715,0.8413895797367275
2021-12-12,4130.0,3832.6055,4278.857,-32.19138184067294,4089.37,-1,-6.2788285542760836,-3.4788963501234087,5.242772409866369
2021-12-13,3781.93,3933.914,4250.9815,-49.19729798989652,4130.0,-1,-4.747843523002421,-11.033957687183538,-17.00591614922358
2021-12-14,3858.99,4073.8743,4230.463,-52.01384886123418,3781.93,0,7.719451908896388,-8.780906487067726,-2.816550871337661
2021-12-15,4019.08,3879.6814,4205.174499999999,-40.371801509617896,3858.99,0,0.5361868386384836,-4.425369268266972,11.642047351616284
2021-12-16,3958.11,3800.3132,4201.0199999999995,-34.293197522709704,4019.08,-1,-5.443205101120777,-5.782167187968622,6.078603986908192
2021-12-17,3875.42,4026.3394,4190.0265,-33.32826104456649,3958.11,-1,1.7237862380972198,-7.508460865342973,0.9649364781432155
2021-12-18,3959.93,3744.8582,4173.284000000001,-24.872780618533398,3875.42,-1,-3.368972800448082,-5.112376727776033,8.455480426033091
2021-12-19,3924.14,3988.6553,4147.2645,-19.786197476854795,3959.93,0,0.7253985155671985,-5.3800402650952295,5.086583141678602
2021-12-20,3944.73,4384.07,4112.987999999999,-13.434684347664003,3924.14,0,11.720525369093613,-4.090894502974464,6.351513129190792
2021-12-21,4014.15,3738.7705,4084.548,-3.4764575342748003,3944.73,-1,-5.221130272223955,-1.7235199586343384,9.958226813389203
2021-12-22,3979.51,3890.653,4057.9629999999997,1.5874182910366557,4014.15,-1,-3.07653983603316,-1.9333098897155918,5.063875825311456
2021-12-23,4111.41,3905.1357,4052.7470000000003,13.942728682742114,3979.51,-1,-1.8689300394395345,1.447487346236998,12.355310391705459
2021-12-24,4046.36,4056.3977,4049.2025000000003,17.61981602730586,4111.41,0,-1.3380396244080464,-0.07019900832324884,3.677087344563745
2021-12-25,4094.83,4184.726,4044.1219999999994,22.86922436807089,4046.36,1,3.4195196230377394,1.2538691958353518,5.249408340765029
2021-12-26,4063.56,4132.7173,4029.9205,23.688006287753666,4094.83,1,0.9252468394597596,0.8347435141710555,0.8187819196827775
2021-12-27,4037.23,4138.5273,4016.4620000000004,21.948105002334813,4063.56,1,1.8448686312002298,0.5170719902242215,-1.7399012854188527
2021-12-28,3792.75,4475.452,3984.254,4.723831621552904,4037.23,0,10.854525217475842,-4.806520869402401,-17.22427338078191
2021-12-29,3630.19,4484.762,3960.4815000000003,-16.08564488193778,3792.75,0,18.2456583489882,-8.339680415121247,-20.809476503490686
2021-12-30,3709.27,4494.565,3951.048,-22.59382737809544,3630.19,0,23.810735564977314,-6.119338464123944,-6.508182496157659
2021-12-31,3676.23,3580.4836,3930.3910000000005,-26.90080673623318,3709.27,-1,-3.4720135612094825,-6.466557652915459,-4.306979358137738
2022-01-01,3765.54,3442.4683,3912.168,-21.732932088835014,3676.23,-1,-6.358735396894373,-3.747998552209418,5.167874647398165
2022-01-02,3828.27,3396.7988,3914.4849999999997,-12.5440507936395,3765.54,-1,-9.792517723221636,-2.202460860113136,9.188881295195515
2022-01-03,3765.89,3416.4106,3909.8300000000004,-9.272214263917618,3828.27,-1,-10.758367499386146,-3.681489988055759,3.271836529721881
2022-01-04,3785.11,3553.185,3898.1315000000004,-4.651927218925195,3765.89,-1,-5.648198471178125,-2.899376278096321,4.620287044992423
2022-01-05,3540.63,3766.3865,3877.2575000000006,-16.246775861947327,3785.11,-1,-0.49466264892235967,-8.68210326500111,-11.594848643022132
2022-01-06,3406.81,3723.7356,3853.827,-30.298043922753294,3540.63,0,5.171554093568797,-11.599301162195404,-14.051268060805967
2022-01-07,3199.24,3753.4927,3815.7924999999996,-49.78985473129484,3406.81,0,10.176167023733347,-16.15791477130897,-19.491810808541544
2022-01-08,3080.95,3791.9204,3773.6330000000003,-65.85877722598966,3199.24,0,18.52566266226511,-18.35586555449352,-16.068922494694817
2022-01-09,3151.97,3909.0317,3733.995,-66.70851275564334,3080.95,0,26.877480591416614,-15.587192805560804,-0.8497355296536853
2022-01-10,3082.68,3354.075,3687.4215000000004,-66.77682641561256,3151.97,0,6.412020138893302,-16.400118619474352,-0.06831365996922045
2022-01-11,3239.72,3453.5952,3650.432,-51.75572912456633,3082.68,0,12.032232176020546,-11.251051930292086,15.021097291046232
2022-01-12,3371.26,3400.7605,3613.4244999999996,-29.573700772642894,3239.72,0,4.970815318819997,-6.701800466565704,22.182028351923435
2022-01-13,3240.61,3478.5967,3573.1369999999997,-20.731106972469888,3371.26,0,3.183874269190148,-9.30630423630551,8.842593800173006
2022-01-14,3307.42,3472.8914,3533.7665,-8.06426941654263,3240.61,0,7.167828199686937,-6.40524777174723,12.666837555927259
2022-01-15,3326.04,3197.6895,3496.8905,3.2785203638013627,3307.42,0,-3.3177082703436533,-4.885783526821901,11.342789780343992
2022-01-16,3346.88,3140.227,3462.3729999999996,13.331017668709706,3326.04,0,-5.586611983582578,-3.335660253820125,10.052497304908343
2022-01-17,3209.67,3310.6055,3433.219,11.931050275210623,3346.88,0,-1.0838312473109317,-6.511352756698596,-1.3999673934990824
2022-01-18,3159.85,3500.0671,3409.7019999999998,8.976120848009401,3209.67,0,9.047569958029172,-7.327678489205211,-2.954929427201222
2022-01-19,3084.02,3561.3564,3378.4394999999995,3.521117795074616,3159.85,0,12.70650332492049,-8.714659534379692,-5.455003052934785
2022-01-20,3001.48,3082.3174,3344.702,-3.6511645619149533,3084.02,-1,-0.05520772198299563,-10.261661577025402,-7.1722823569895695
2022-01-21,2568.15,3145.1597,3284.8325000000004,-33.902097972676444,3001.48,-1,4.786960698347148,-21.817931355708403,-30.25093341076149
2022-01-22,2412.18,3301.9087,3214.028,-59.25474186404671,2568.15,-1,28.571488869662982,-24.948382528092473,-25.352643891370263
2022-01-23,2539.01,3329.4011,3152.684,-62.025516423911654,2412.18,0,38.02457209026172,-19.465128760129463,-2.7707745598649467
2022-01-24,2439.29,3426.7651,3085.393,-64.813687228871,2539.01,0,34.964617576092635,-20.94070350195259,-2.78817080495935
2022-01-25,2458.83,2475.7925,3031.303,-59.70798305185451,2439.29,0,1.4964387370402878,-18.885377014439005,5.1057041770164915
2022-01-26,2462.99,2551.2405,2984.112,-50.76762951409938,2458.83,0,3.7583110062763625,-17.463218538714372,8.94035353775513
2022-01-27,2424.25,2812.5242,2945.3625,-42.51452823309904,2462.99,0,14.191457128200897,-17.69264394450599,8.25310128100034
2022-01-28,2544.99,2941.7764,2918.5645,-24.850284323808523,2424.25,0,21.34789593430958,-12.799939833435245,17.66424390929052
2022-01-29,2601.43,3116.0918,2891.0375,-6.260144352546604,2544.99,0,22.44023736340812,-10.017424540498007,18.59013997126192
2022-01-30,2601.68,2658.2227,2866.9875,8.364157082090799,2601.43,0,2.183132209976827,-9.253877109683957,14.624301434637403
2022-01-31,2686.94,2693.2695,2839.3485,25.142193701569568,2601.68,0,3.5203995591310293,-5.367727843200649,16.77803661947877
2022-02-01,2787.23,2795.3003,2810.147,43.292492748129575,2686.94,0,4.032851234815438,-0.8155089395679271,18.150299046560008
2022-02-02,2680.67,2753.2222,2782.15,48.05207452204718,2787.23,0,-1.2201300944396414,-3.6475387739697718,4.759581773917603
2022-02-03,2695.46,2810.3582,2751.5519999999997,51.80386209585433,2680.67,0,4.837900759768077,-2.038558602563195,3.7517875738071496
2022-02-04,2994.99,2671.4224,2734.9995000000004,72.78067899997714,2695.46,0,-0.8917823569539164,9.506052926152249,20.976816904122813
2022-02-05,3012.65,2750.0415,2718.2879999999996,85.30000438966593,2994.99,0,-8.178608145394469,10.828948220350478,12.519325389688788
2022-02-06,3054.99,2769.2166,2710.554,93.24265820141304,3012.65,0,-8.08037599009593,12.707217786474633,7.942653811747107
2022-02-07,3139.77,2869.8777,2709.55,100.39627866887412,3054.99,0,-6.059342729538388,15.877913306637625,7.1536204674610815
2022-02-08,3116.69,2908.46,2711.1835,99.56814707001229,3139.77,0,-7.3671013820279825,14.956807608190296,-0.8281315988618303
2022-02-09,3243.94,3131.3354,2723.3065,103.14739338901954,3116.69,1,0.4699039435667309,19.117697548917093,3.579246319007254
2022-02-10,3072.49,3046.5618,2748.5235000000002,90.00403883893873,3243.94,1,-6.084521674934649,11.786928509070398,-13.143354550080815
2022-02-11,2927.54,2899.9983,2774.2915000000003,68.5543090793172,3072.49,1,-5.6140690119211065,5.52387879932587,-21.44972975962152
2022-02-12,2918.88,2888.532,2793.285,51.56419480178817,2927.54,0,-1.3324503705542867,4.496318850385846,-16.990114277529038
2022-02-13,2871.13,3083.9404,2814.8769999999995,35.64777326763642,2918.88,1,5.654923453088167,1.9984176928512551,-15.916421534151752
2022-02-14,2929.75,2940.6826,2838.423,27.94572307581344,2871.13,1,2.422482339270597,3.217526069933912,-7.702050191822977
2022-02-15,3183.52,2968.8745,2874.4494999999997,38.18635903892206,2929.75,1,1.3354215110077652,10.752337099677705,10.240635963108623
2022-02-16,3122.3,2977.215,2909.352,38.94733165483119,3183.52,0,-6.4804025766879105,7.319430581105357,0.7609726159091252
2022-02-17,2891.87,3022.2334,2926.696,22.83938775267574,3122.3,0,-3.204900283845248,-1.1899425153825345,-16.107943902155448
2022-02-18,2779.48,3046.662,2935.5985,4.483720271099621,2891.87,0,5.3526648630470985,-5.3181148580093645,-18.35566748157612
2022-02-19,2763.63,2493.2678,2943.696,-8.167804424232969,2779.48,-1,-10.297328195719164,-6.11700392975361,-12.65152469533259
2022-02-20,2621.99,2428.6445,2940.4484999999995,-24.58987695173921,2763.63,-1,-12.121212635193572,-10.830269600028695,-16.42207252750624
2022-02-21,2568.02,2509.0688,2929.4880000000003,-36.863443744233024,2621.99,-1,-4.306696529878062,-12.338947966334057,-12.273566792493813
2022-02-22,2636.29,2634.8838,2927.2690000000002,-38.00831638948996,2568.02,0,2.6037098255660007,-9.940289054405325,-1.1448726452569389
2022-02-23,2579.71,2708.6665,2921.4815000000003,-39.99892971230716,2636.29,0,2.7453923470577983,-11.698568003939105,-1.9906133228171967
2022-02-24,2596.2,2581.4624,2901.542,-37.66096332046229,2579.71,0,0.06793020702908326,-10.5234389162728,2.3379663918448728
2022-02-25,2768.49,2623.7434,2889.334,-22.703858107329296,2596.2,0,1.0609124182699785,-4.182417124499974,14.95710521313299
2022-02-26,2779.47,2691.8792,2875.558,-10.864077990357302,2768.49,-1,-2.7672431401007334,-3.3415427544845278,11.839780116971994
2022-02-27,2616.79,2726.8503,2849.409,-12.656651756334881,2779.47,-1,-1.8931543856607485,-8.163763082098784,-1.7925737659775791
2022-02-28,2920.95,2735.4856,2839.622,6.921734091505471,2616.79,-1,4.535923620280001,2.8640431719433073,19.57838584784035
2022-03-01,2976.33,2888.7065,2826.2414999999996,22.976357626429902,2920.95,0,-1.1038688451103176,5.310533441675112,16.05462353492443
2022-03-02,2947.3,2850.3618,2819.982,30.541528546011946,2976.33,0,-4.232332556999725,4.514851513236617,7.5651709195820445
2022-03-03,2833.99,2871.4004,2815.3044999999997,26.940933245843027,2947.3,0,-2.575225100091615,0.6637115097141375,-3.6005953001689193
2022-03-04,2622.1,2725.273,2800.4655,10.178052015706577,2833.99,0,-3.8361832886230998,-6.369137559452167,-16.76288123013645
2022-03-05,2665.15,2607.9048,2790.1665000000003,2.290520268273646,2622.1,0,-0.5413681722188287,-4.480610744914332,-7.887531747432931
2022-03-06,2551.29,2705.303,2771.2435,-9.639487108410336,2665.15,0,1.5065935694285466,-7.936996514380641,-11.930007376683982
2022-03-07,2491.12,2699.0898,2736.6235,-20.02950848229449,2551.29,0,5.793141655789817,-8.971036753868416,-10.390021373884153
2022-03-08,2575.97,2770.1077,2709.307,-19.609145466774358,2491.12,0,11.199286506295365,-4.921443011072573,0.420363015520131
2022-03-09,2726.98,2591.6118,2701.0625,-8.168209224595877,2575.97,0,0.6072204414744815,0.9595298146562702,11.44093624217848
2022-03-10,2606.7,2594.7368,2692.4235,-7.714020987009533,2726.98,-1,-4.849437238034382,-3.1838787620149676,0.45418823758634375
2022-03-11,2556.86,2687.2651,2682.085,-9.65702479441503,2606.7,-1,3.0906946222714615,-4.6689422594735035,-1.9430038074054963
2022-03-12,2568.8,2749.7961,2679.4255000000003,-9.03602108047086,2556.86,-1,7.5458234935868544,-4.128702216202694,0.6210037139441695
2022-03-13,2515.65,2648.6777,2676.807,-10.97379798412021,2568.8,0,3.1095349725552714,-6.020493819688895,-1.9377769036493504
2022-03-14,2589.41,2627.5457,2674.4629999999997,-6.289676319268622,2515.65,0,4.44798180577087,-3.1801898175446772,4.684121664851588
2022-03-15,2617.73,2661.2388,2676.364,-0.5861655162623265,2589.41,0,2.7739434670928955,-2.1908081262488963,5.703510803006296
2022-03-16,2773.81,2847.8228,2685.2445,13.611971907916995,2617.73,1,8.78978175389555,3.2982285225796075,14.198137424179322
2022-03-17,2811.92,2731.2803,2687.416,24.83049266693088,2773.81,1,-1.533260265212828,4.632851780297501,11.218520759013884
2022-03-18,2938.92,2721.523,2695.3885,39.2095124503439,2811.92,1,-3.214780320252712,9.035116830097035,14.379019783413021
2022-03-19,2950.84,2676.7705,2712.091,47.38219665367976,2938.92,0,-8.919926101680211,8.803133818149917,8.172684203335862
2022-03-20,2861.38,2551.943,2709.1125,44.65861597302245,2950.84,0,-13.518079081401401,5.620567621315096,-2.7235806806573137
2022-03-21,2890.03,2805.9636,2704.7975,42.683960412785154,2861.38,0,-1.936701065678977,6.848294558095387,-1.974655560237295
2022-03-22,2969.64,2833.38,2705.9145,44.437094084657474,2890.03,0,-1.9601913193807747,9.746261384090296,1.7531336718723196
2022-03-23,3036.0,2723.7915,2716.0150000000003,47.48796649223914,2969.64,0,-8.278730623703542,11.781415051095065,3.0508724075816644
2022-03-24,3110.76,2637.5588,2740.448,51.620138319657414,3036.0,0,-13.123885444972828,13.512827099802674,4.132171827418276
2022-03-25,3102.14,2602.7974,2762.2974999999997,50.77466285386748,3110.76,0,-16.329213334321842,12.302892791236289,-0.8454754657899315
2022-03-26,3145.0,3191.3164,2791.983,50.02322332477702,3102.14,1,2.8746738138833234,12.643952344982038,-0.7514395290904616
2022-03-27,3295.65,2974.4966,2832.2095,56.13500833913236,3145.0,1,-5.4214123360492845,16.363213950097975,6.111785014355341
2022-03-28,3332.92,3151.5405,2870.0570000000002,58.86454990227011,3295.65,1,-4.372717753895289,16.12731036352239,2.729541563137751
2022-03-29,3400.51,3196.6448,2903.7335,61.13186706668537,3332.92,0,-4.088763744985631,17.108198806812002,2.2673171644152603
2022-03-30,3385.79,3204.0842,2942.688,57.59845062085208,3400.51,0,-5.776362118752046,15.057729531639094,-3.5334164458332964
2022-03-31,3281.51,3406.9705,2978.9205,44.767685764339774,3385.79,1,0.6255691872317846,10.157689673155092,-12.830764856512303
2022-04-01,3455.21,3420.8164,3023.241,44.42013251580224,3281.51,1,4.245192190485471,14.288275397164831,-0.3475532485375368
2022-04-02,3443.77,3399.6978,3069.647,39.99858903226473,3455.21,1,-1.6066243757615322,12.187818338721033,-4.421543483537505
2022-04-03,3521.91,3291.0647,3116.272,38.88095346089551,3443.77,0,-4.434248011173074,13.016771321630458,-1.1176355713692203
2022-04-04,3519.5,3159.909,3161.3605,34.66360128673887,3521.91,0,-10.278543871170044,11.328651066526588,-4.217352174156645
2022-04-05,3406.99,3527.8984,3193.0195,21.619157221874787,3519.5,1,0.23862587015201026,6.701196156177559,-13.04444406486408
2022-04-06,3168.51,3532.1514,3210.849,-4.362511261620369,3406.99,1,3.67366406087192,-1.3186232052644,-25.981668483495156
2022-04-07,3227.19,3418.7007,3225.2625,-18.1169793547825,3168.51,1,7.896162031798851,0.05976257746463231,-13.754468093162131
2022-04-08,3192.39,3451.445,3237.34,-29.411026130933237,3227.19,0,6.948926724468499,-1.3884856085551802,-11.294046776150736
2022-04-09,3258.57,3420.5269,3257.1995,-32.05953452723034,3192.39,0,7.146271460214765,0.04207602266916695,-2.648508396297103
2022-04-10,3203.04,3315.67,3272.85,-36.84452547144386,3258.57,0,1.7522999927882426,-2.1330033457078676,-4.784990944213519
2022-04-11,2979.74,3264.5134,3273.355,-53.340498486286776,3203.04,0,1.91922135641063,-8.969848977578058,-16.495973014842917
2022-04-12,3027.66,3220.525,3272.9379999999996,-58.8817414534838,2979.74,0,8.080735310589187,-7.49412301730127,-5.541242967197022
2022-04-13,3118.28,3162.678,3273.3140000000003,-54.40707309805552,3027.66,0,4.459482851959109,-4.736300886502184,4.474668355428278
2022-04-14,3021.98,3252.5637,3269.3059999999996,-55.69398807107197,3118.28,0,4.306339414777531,-7.565091796240535,-1.2869149730164509
2022-04-15,3040.56,3126.039,3264.084,-53.06637856060513,3021.98,0,3.443406723406508,-6.8479855297841565,2.62760951046684
2022-04-16,3059.3,3165.432,3252.2665,-47.991804736115505,3040.56,0,4.106871259426719,-5.933292981986562,5.074573824489626
2022-04-17,2988.06,3189.0706,3235.0235,-47.282468989963164,3059.3,0,4.241838219220894,-7.634055826796926,0.7093357461523411
2022-04-18,3055.56,3224.8215,3217.7760000000003,-40.384535465382314,2988.06,0,7.9235869829630285,-5.04124587914138,6.89793352458085
2022-04-19,3101.77,3234.4246,3203.575,-31.235943357398803,3055.56,0,5.85374073972938,-3.1778559890122704,9.14859210798351
2022-04-20,3076.04,3202.5208,3193.3015,-25.676116069222548,3101.77,0,3.248169656458249,-3.672108631145542,5.559827288176255
2022-04-21,2983.58,3279.4375,3169.7200000000003,-26.8571440220857,3076.04,0,6.6123164848311475,-5.872442991810011,-1.1810279528631504
2022-04-22,2962.39,3360.1956,3145.6510000000003,-27.591800246966827,2983.58,0,12.622941454247083,-5.825852899765435,-0.7346562248811281
2022-04-23,2933.03,3246.2283,3116.207,-28.46667044651566,2962.39,0,9.581394464752282,-5.878203854878693,-0.8748701995488339
2022-04-24,2921.0,3186.7405,3086.282,-28.212720493353032,2933.03,0,8.650115359052748,-5.355375821133654,0.25394995316262836
2022-04-25,3006.62,2905.089,3066.2635,-20.968463044882014,2921.0,-1,-0.5447069042066074,-1.9451524632504718,7.244257448471018
2022-04-26,2809.67,2977.277,3048.3215,-27.707738125322518,3006.62,-1,-0.9759430985832892,-7.828947832438277,-6.739275080440503
2022-04-27,2888.96,2840.6133,3031.41,-25.166193560123425,2809.67,-1,1.101313721896163,-4.699133406566576,2.541544565199093
2022-04-28,2936.93,2966.4546,3018.6369999999997,-18.882253391251425,2888.96,0,2.682439003785098,-2.706751424566779,6.283940168872
2022-04-29,2817.13,3050.7397,2996.5649999999996,-21.245719671342343,2936.93,0,3.875126274502633,-5.988022952947776,-2.3634662800909183
2022-04-30,2726.66,2828.975,2972.746,-26.985120605226037,2817.13,0,0.4204668459123253,-8.278070174848448,-5.739400933883694
2022-05-01,2824.81,2809.5454,2964.9995,-22.440830798844217,2726.66,0,3.0398146507540416,-4.728145822621554,4.544289806381819
2022-05-02,2856.54,2726.9475,2956.4435000000003,-15.876764083459413,2824.81,-1,-3.4643919497019247,-3.3791783945812033,6.564066715384804
2022-05-03,2781.7,2813.0098,2939.6144999999997,-15.155701631082039,2856.54,-1,-1.523879741750508,-5.371945879298115,0.7210624523773745
2022-05-04,2940.64,2731.836,2935.5474999999997,-3.180883981213185,2781.7,-1,-1.7925751339109113,0.173477008973631,11.974817649868854
2022-05-05,2747.97,2925.7598,2920.918,-7.21184922058805,2940.64,-1,-0.5060202668466686,-5.921015242468304,-4.030965239374865
2022-05-06,2692.85,2887.734,2902.5955000000004,-12.269062311394975,2747.97,0,5.086077603421806,-7.226136056505304,-5.0572130908069255
2022-05-07,2635.34,2794.393,2884.9595,-17.8289607486266,2692.85,0,3.77084005444975,-8.65244382113509,-5.559898437231624
2022-05-08,2519.71,2723.3564,2858.167,-27.08092037209559,2635.34,0,3.3398516059597565,-11.841750324596145,-9.251959623468991
2022-05-09,2228.55,2696.0486,2814.5060000000003,-49.30218104286655,2519.71,0,6.99836822429466,-20.81914197376023,-22.22126067077096
2022-05-10,2342.05,2300.4397,2777.8064999999997,-52.55064766585909,2228.55,0,3.225850766894385,-15.687071795677618,-3.248466622992538
2022-05-11,2084.99,2404.2476,2732.877,-67.26554450393107,2342.05,0,2.6556887595802743,-23.707140862907487,-14.71489683807198
2022-05-12,1960.22,2398.664,2682.7684999999997,-79.80024792289782,2084.99,0,15.044391699720395,-26.932942592698538,-12.534703418966757
2022-05-13,2009.69,2418.7393,2636.6014999999998,-79.00988782776022,1960.22,0,23.391214139866953,-23.777256441673106,0.7903600951376006
2022-05-14,2056.48,2511.541,2593.3755,-69.90001987617092,2009.69,0,24.971563555822037,-20.702574694640248,9.109867951589308
2022-05-15,2145.29,2126.002,2550.309,-53.21226538893745,2056.48,0,3.380628701713607,-15.881173614648272,16.687754487233462
2022-05-16,2023.66,2210.045,2511.0085,-45.95814575188132,2145.29,0,3.018469385257939,-19.408476713639157,7.254119637056135
2022-05-17,2090.72,2142.272,2471.0965,-32.85061572097706,2023.66,0,5.861259927865842,-15.393024918290333,13.107530030904258
2022-05-18,1915.11,2129.3213,2420.0055,-32.17315911840694,2090.72,0,1.8463155784849337,-20.863402996398158,0.6774566025701176
2022-05-19,2019.55,2284.7842,2380.1265,-21.3766792349993,1915.11,0,19.303025919529432,-15.149467895929059,10.796479883407642
2022-05-20,1959.08,2020.3208,2341.7475,-15.279210077182853,2019.55,0,0.038166957057267484,-16.34110850977742,6.097469157816448
2022-05-21,1975.07,2174.9375,2299.2605,-7.532306230113136,1959.08,0,11.018309614717117,-14.099772513814765,7.746903847069717
2022-05-22,2043.19,2171.0696,2258.593,4.186308288847073,1975.07,0,9.92367764576066,-9.537043637344125,11.718614518960209
2022-05-23,1973.32,2104.6084,2218.174,8.964264101357486,2043.19,0,3.0060052387443137,-11.038538906325655,4.777955812510413
2022-05-24,1979.41,2227.3289,2170.1125,13.96863953309807,1973.32,0,12.872157451496719,-8.787678058165191,5.004375431740584
2022-05-25,1942.63,2005.2681,2129.8455000000004,16.084892163300452,1979.41,0,1.3063522163801293,-8.790097685489403,2.116252630202382
2022-05-26,1792.23,2084.359,2084.8144999999995,8.992364228075814,1942.63,0,7.295722125095868,-14.034078331669294,-7.092527935224638
2022-05-27,1727.27,2138.4216,2039.411,1.9318388519163534,1792.23,0,19.316250194415616,-15.305448484881175,-7.060525376159461
2022-05-28,1792.22,2077.3574,2003.0365000000002,3.5476461220081603,1727.27,0,20.26825116368605,-10.524845653087207,1.615807270091807
2022-05-29,1813.64,2119.8618,1982.291,7.730838610070833,1792.22,0,18.28133914398065,-8.507883050470383,4.183192488062673
2022-05-30,1998.78,1960.4207,1965.1275,23.734536326866902,1813.64,1,8.093152681727073,1.7124843044535236,16.00369771679607
2022-05-31,1941.9,1991.9528,1957.973,30.808910634177522,1998.78,1,-0.34157041850215997,-0.8208999817668511,7.07437430731062
2022-06-01,1817.95,2000.1825,1950.8595,27.565237175537987,1941.9,1,3.0013128954728567,-6.812868891890983,-3.2436734586395346
2022-06-02,1834.08,1997.8605,1942.0790000000002,26.901201589802497,1817.95,0,9.896337832878377,-5.560999320830937,-0.6640355857354905
2022-06-03,1775.12,2118.7715,1928.011,23.035461233539223,1834.08,0,15.522304609122834,-7.9299858766366,-3.8657403562632737
2022-06-04,1804.58,1814.8904,1910.9754999999998,22.955858210758123,1775.12,0,2.2404333712298383,-5.567601468464659,-0.07960302278110021
2022-06-05,1806.23,1862.4733,1900.104,23.426415365802114,1804.58,0,3.2081296812312323,-4.940466416575094,0.4705571550439913
2022-06-06,1859.84,1952.2439,1888.56,27.479707150977475,1806.23,0,8.083903848589326,-1.5207353751006074,4.053291785175361
2022-06-07,1813.33,2023.9207,1883.471,27.114051027494156,1859.84,0,8.822299461075959,-3.7240286683469024,-0.3656561234833191
2022-06-08,1791.88,2303.4663,1872.0875,25.535324510692703,1813.33,0,27.02962552837873,-4.284388416673899,-1.5787265168014528
2022-06-09,1788.81,1835.2002,1863.574,24.3937969163145,1791.88,0,2.417583505173331,-4.011861079839068,-1.1415275943782035
2022-06-10,1662.91,1799.2753,1847.966,15.691815855088976,1788.81,0,0.585040812310282,-10.01403705479429,-8.701981061225524
2022-06-11,1532.89,1847.4778,1822.4509999999998,2.408567660348041,1662.91,0,11.0990843282634,-15.88854789511486,-13.283248194740935
2022-06-12,1434.84,1880.3816,1795.527,-11.015039100542396,1532.89,0,22.669049429305097,-20.088085559281488,-13.423606760890436
2022-06-13,1209.82,2088.5488,1757.0475,-31.90075551633882,1434.84,0,45.55970199638985,-31.144718625990475,-20.885716415796423
2022-06-14,1208.9,1442.8877,1720.361,-41.99446719599757,1209.82,0,19.26465881804732,-29.729864836508153,-10.093711679658753
2022-06-15,1237.52,1483.4989,1692.6255,-42.81394266308425,1208.9,0,22.714773874364084,-26.887548367905367,-0.8194754670866757
2022-06-16,1068.5,1467.625,1659.687,-50.29288972706297,1237.52,0,18.594042924558796,-35.6203910737386,-7.4789470639787226
2022-06-17,1086.94,1462.3367,1624.423,-49.47591888094931,1068.5,0,36.85883667963266,-33.08762557535814,0.8169708461136622
2022-06-18,995.13,1649.2996,1583.4975,-50.42518617797916,1086.94,0,51.73786598587547,-37.15620012030331,-0.9492672970298486
2022-06-19,1128.53,1035.4186,1539.9850000000001,-37.94442989747,995.13,0,4.0485744678145075,-26.718117384260243,12.480756280509155
2022-06-20,1128.24,1215.546,1499.302,-26.14555733372677,1128.53,0,7.710563344156782,-24.748983193512707,11.798872563743231
2022-06-21,1125.85,1385.595,1464.6970000000001,-15.467018750024465,1128.24,0,22.81030372111652,-23.134272822297046,10.678538583702306
2022-06-22,1050.19,1645.1108,1425.5025,-10.691138202074427,1125.85,0,46.12167161200428,-26.328435060618972,4.775880547950038
2022-06-23,1144.72,1589.3262,1393.9825,1.0202065641482534,1050.19,0,51.33701252868528,-17.88132203955215,11.71134476622268
2022-06-24,1225.02,1196.8065,1365.0045,15.5541872821384,1144.72,0,4.550153623129453,-10.255240916788189,14.533980717990147
2022-06-25,1242.36,1331.202,1336.811,27.042034992584206,1225.02,0,8.667779005011145,-7.065396679111709,11.487847710445806
2022-06-26,1197.79,1343.909,1303.7085,32.0058277528137,1242.36,0,8.173883384621817,-8.124400508242449,4.963792760229495
2022-06-27,1192.51,1407.5249,1272.6675,35.05470729925926,1197.79,0,17.510156400015866,-6.298385084870953,3.048879546445562
2022-06-28,1144.05,1460.377,1240.276,33.90798554505986,1192.51,0,22.462449214262357,-7.758434412985506,-1.1467217541994046
2022-06-29,1100.21,1127.959,1205.846,30.4092096760437,1144.05,0,-1.406495837157463,-8.760322628262644,-3.498775869016157
2022-06-30,1071.01,1171.913,1176.2509999999997,26.484605325515815,1100.21,0,6.517207066577059,-8.947154986478207,-3.9246043505278863
2022-07-01,1059.73,1205.6079,1152.593,23.582082940391814,1071.01,0,12.567381271533412,-8.056876972183593,-2.9025223851240014
2022-07-02,1067.01,1222.697,1134.2015,22.603044253053184,1059.73,0,15.378164389455332,-5.924123711703777,-0.9790386873386296
2022-07-03,1074.26,1369.0913,1127.4235,22.827499269297164,1067.01,0,28.3110100742964,-4.715486239199388,0.22445501624397934
2022-07-04,1151.0,1084.428,1124.5285,28.177175490879677,1074.26,1,0.9465100176516866,2.3540088134716113,5.349676221582513
2022-07-05,1132.5,1100.9252,1119.2775000000001,30.316586419882782,1151.0,1,-4.350549878502389,1.1813424284862202,2.1394109290031054
2022-07-06,1186.57,1082.1001,1125.181,34.89386403094565,1132.5,1,-4.450322502759382,5.455922202738927,4.577277611062868
2022-07-07,1237.49,1103.7959,1132.7085,40.478644977578,1186.57,0,-6.975913899938472,9.250526503509072,5.58478094663235
2022-07-08,1214.04,1167.6738,1143.654,41.56376737271502,1237.49,0,-5.641756448536959,6.154483786180083,1.0851223951370201
2022-07-09,1217.02,1216.5293,1148.0785,41.36367567298687,1214.04,1,0.20504241005239007,6.004946525869085,-0.2000916997281479
2022-07-10,1168.36,1259.5801,1150.0845000000002,36.97870547145328,1217.02,1,3.497073024683244,1.5890571518875123,-4.384970201533591
2022-07-11,1096.4,1432.4598,1148.6119999999999,28.62936836659729,1168.36,1,22.60432048916324,-4.54566032742125,-8.34933710485599
2022-07-12,1038.58,1327.3181,1148.0315,19.070058581698945,1096.4,0,21.06148442487914,-9.533841188155561,-9.559309784898346
2022-07-13,1115.0,1374.4895,1146.5455,17.77689484685051,1038.58,0,32.34315141376929,-2.751351778014911,-1.2931637348484344
2022-07-14,1193.42,1175.2759,1144.9654999999998,21.81969928252812,1115.0,1,5.405908422085202,4.231961574388075,4.04280443567761
2022-07-15,1231.25,1142.7498,1144.41,26.354964220978815,1193.42,1,-4.2458014898883105,7.588189547452391,4.535264938450695
2022-07-16,1355.85,1145.8088,1152.313,36.4385381747162,1231.25,1,-6.93938372461929,17.66334320622954,10.083573953737385
2022-07-17,1338.65,1231.588,1159.62,40.338691593053866,1355.85,0,-9.164877184400002,15.43867818768219,3.9001534183376663
2022-07-18,1581.04,1292.0742,1181.4695,56.63323163828642,1338.65,0,-3.479309845740118,33.819789677177454,16.29454004523255
2022-07-19,1542.32,1528.593,1203.575,61.77328432105173,1581.04,0,-3.3172457636666346,28.144901647176113,5.140052682765315
2022-07-20,1521.58,1401.2037,1226.1035,60.65911815321142,1542.32,0,-9.149609980317797,24.0988219999372,-1.1141661678403096
2022-07-21,1575.45,1445.2115,1251.8894999999998,60.30651670284275,1521.58,0,-5.019023130458959,25.845771531752632,-0.35260145036867385
2022-07-22,1535.27,1511.512,1275.3025,54.310231181728454,1575.45,0,-4.058398369315119,20.384771456183923,-5.996285521114295
2022-07-23,1548.67,1446.8163,1299.0230000000001,48.38649544146601,1535.27,0,-5.761443643158043,19.218058494730265,-5.923735740262444
2022-07-24,1597.7,1650.1315,1321.3579999999997,44.98230526546307,1548.67,1,6.551522902010268,20.91348446068366,-3.404190176002942
2022-07-25,1440.79,1448.3313,1336.7724999999998,30.090637252318245,1597.7,1,-9.348982986284975,7.781241759536509,-14.891668013144823
2022-07-26,1449.12,1502.7375,1349.9,19.256134645067377,1440.79,1,4.299554329786092,7.35017408696939,-10.834502607250869
2022-07-27,1635.74,1347.1703,1369.8125,22.86670989979382,1449.12,0,-7.035284304547754,19.413423369986766,3.6105752547264416
2022-07-28,1724.52,1350.2749,1395.3365,29.04586970445807,1635.74,0,-17.451740353372173,23.59169275655013,6.179159804664252
2022-07-29,1721.68,1797.4818,1420.5695,30.597871004327345,1724.52,1,4.230847512550595,21.196463812576575,1.552001299869275
2022-07-30,1697.0,1706.8331,1447.0014999999999,27.70478400853864,1721.68,1,-0.8623478298631316,17.27700351381807,-2.893086995788707
2022-07-31,1678.12,1633.352,1476.0875,22.48425982890643,1697.0,1,-3.750615746538008,13.687027361182844,-5.220524179632207
2022-08-01,1630.28,1651.1418,1505.6725,14.17920589598792,1678.12,0,-1.607641545114467,8.275870084629963,-8.305053932918511
2022-08-02,1630.91,1656.8146,1531.468,7.437118008442468,1630.28,1,1.627608459608934,6.493247002222705,-6.742087887545452
2022-08-03,1618.16,1734.3718,1552.7050000000002,1.1572673080940348,1630.91,1,6.343809662818606,4.215546417381274,-6.279850700348433
2022-08-04,1607.96,1777.383,1571.5405,-4.343564531219329,1618.16,1,9.839759766687157,2.3174394805606324,-5.5008318393133635
2022-08-05,1736.81,1845.3986,1590.5884999999998,-0.18401372980356712,1607.96,0,14.766446899817934,9.19291821863418,4.159550801415762
2022-08-06,1690.6,1876.7148,1608.1860000000001,-1.3590735916402679,1736.81,0,8.055276267985564,5.124655978848203,-1.1750598618367007
2022-08-07,1700.19,1900.6267,1614.1435,-2.2520422443160157,1690.6,0,12.423205310799426,5.330783787191173,-0.8929686526757479
2022-08-08,1777.05,1617.5859,1625.8799999999999,1.3767564050596945,1700.19,0,-4.858519488998291,9.297734150121785,3.6287986493757103
2022-08-09,1702.76,1642.094,1634.9389999999999,-1.9996942157104343,1777.05,0,-7.594384280654734,4.148228160194365,-3.376450620770129
2022-08-10,1853.57,1528.7601,1648.845,4.780013589054008,1702.76,0,-10.218696009071301,12.416267144576956,6.779707804764442
2022-08-11,1880.19,1650.6818,1666.091,9.633590964014118,1853.57,0,-10.945809292591456,12.850378520741074,4.8535773749601105
2022-08-12,1958.28,1703.1135,1686.5715,16.288212808981612,1880.19,0,-9.418009595273618,16.110108584189874,6.654621844967494
2022-08-13,1983.55,1917.7196,1705.864,20.314875027758177,1958.28,0,-2.071225540158326,16.278319959856116,4.026662218776565
2022-08-14,1935.31,2017.9557,1730.5900000000001,17.74576060092342,1983.55,1,1.734551106680575,11.829491676249129,-2.5691144268347585
2022-08-15,1899.06,2156.9858,1753.087,11.901945988728045,1935.31,1,11.454280701476769,8.326626117243466,-5.843814612195374
2022-08-16,1876.67,2063.0876,1765.1335,5.169341038338928,1899.06,1,8.637307219591538,6.318870499030253,-6.732604950389117
2022-08-17,1834.25,2097.629,1770.6200000000001,-3.057455980842093,1876.67,0,11.773988301086495,3.5936564593193276,-8.22679701918102
2022-08-18,1846.39,1946.6965,1776.8555000000001,-8.300661049016469,1834.25,0,6.130382074587707,3.9133457954234308,-5.243205068174376
2022-08-19,1609.01,1881.1941,1772.4560000000001,-27.30381560062375,1846.39,0,1.8849805185727229,-9.221441886286605,-19.00315455160728
2022-08-20,1576.04,1794.3984,1767.352,-40.82806357139094,1609.01,0,11.521894674364983,-10.824781933649897,-13.524247970767192
2022-08-21,1618.13,1798.7422,1766.7445,-45.32606635325779,1576.04,0,14.130490818760949,-8.411770915375703,-4.498002781866845
2022-08-22,1624.66,1940.4746,1766.432,-46.096849631344014,1618.13,0,19.920810403057843,-8.025896269995105,-0.7707832780862276
2022-08-23,1665.41,1680.2128,1768.7945,-42.20217369902116,1624.66,0,3.419347343732684,-5.844913018442781,3.894675932322855
2022-08-24,1656.56,1737.8684,1771.2245000000003,-38.656612501471685,1665.41,0,4.350784984065481,-6.473741753233443,3.5455611975494747
2022-08-25,1695.11,1732.1404,1769.1395,-32.40267032866247,1656.56,0,4.562489789646922,-4.184491952160929,6.253942172809218
2022-08-26,1508.18,1795.2073,1760.0185000000001,-39.09476401100911,1695.11,0,5.905060756565952,-14.308855276237157,-6.692093682346645
2022-08-27,1491.06,1768.7412,1749.562,-42.6243891838694,1508.18,0,17.276532704153347,-14.775240888862468,-3.5296251728602854
2022-08-28,1426.76,1572.2435,1732.0475000000001,-46.90057935212915,1491.06,0,5.444685678204603,-17.62581568923486,-4.2761901682597525
2022-08-29,1551.8,1564.2084,1724.4995,-39.23040466685705,1426.76,0,9.633601588454786,-10.014470865314832,7.6701746852721016
2022-08-30,1524.59,1540.1027,1708.0505,-34.10138845081123,1551.8,-1,-0.7537916527379466,-10.740929498278893,5.1290162160458195
2022-08-31,1554.1,1632.5112,1691.7459999999999,-27.136530784179662,1524.59,-1,7.078705125230396,-8.136327793888679,6.964857666631566
2022-09-01,1586.16,1737.7427,1673.1399999999999,-19.16152792469869,1554.1,-1,11.816657601264403,-5.198608604181348,7.975002859480973
2022-09-02,1575.35,1635.722,1652.73,-13.663638705809525,1586.16,0,3.124656144300538,-4.681950469828714,5.4978892188891635
2022-09-03,1557.46,1650.4958,1633.8375,-10.427251628211188,1575.35,0,4.770105031223226,-4.674730504104604,3.236387077598337
2022-09-04,1579.28,1689.7344,1617.8485,-6.220021792804747,1557.46,0,8.492954875245589,-2.383937680196884,4.207229835406441
2022-09-05,1617.8,1742.1008,1604.9050000000002,-0.5449047916417378,1579.28,0,10.309813970804736,0.8034743489489878,5.675117001163009
2022-09-06,1559.01,1657.8251,1591.1429999999998,-0.4560984814231759,1617.8,0,2.474043345418936,-2.019491648456475,0.08880631021856189
2022-09-07,1630.0,1521.3289,1580.3235,4.409957089961239,1559.01,0,-2.4169917177006557,3.143438669361054,4.866055571384415
2022-09-08,1635.37,1427.4633,1581.6415000000002,7.817446989753151,1630.0,0,-12.425567065279907,3.3970087406027036,3.407489899791912
2022-09-09,1718.23,1369.9092,1588.751,15.059523158780816,1635.37,0,-16.232462397653123,8.149735232267362,7.242076169027666
2022-09-10,1774.12,1349.1063,1596.5504999999998,22.569916020671165,1718.23,0,-21.482786167033083,11.122072242625592,7.510392861890349
2022-09-11,1766.11,1417.4495,1603.623,25.725387261348644,1774.12,0,-20.104081860831,10.132493734499933,3.1554712406774783
2022-09-12,1716.37,1796.6793,1606.1709999999998,23.26411850970611,1766.11,1,1.7308843327461256,6.860975574829833,-2.4612687516425353
2022-09-13,1574.4,1810.7795,1602.063,11.47248295439439,1716.37,1,5.500535491509704,-1.7267111218472686,-11.791635555311718
2022-09-14,1638.39,1834.3185,1599.227,7.568629196937283,1574.4,1,16.509049888548805,2.448870610613753,-3.9038537574571075
2022-09-15,1472.75,1761.5559,1597.4555,-5.858369855939621,1638.39,0,7.517496335007226,-7.806508538109513,-13.426999052876905
2022-09-16,1433.9,1800.2136,1594.5974999999999,-16.44563240321733,1472.75,0,22.234841150695978,-10.07762146874053,-10.58726254727771
2022-09-17,1468.83,1432.5803,1596.701,-19.95205116694976,1433.9,-1,-0.09203415401179238,-8.00844992268434,-3.50641876373243
2022-09-18,1334.51,1450.0791,1585.8365,-29.592186800864127,1468.83,-1,-1.276587381623464,-15.84819746550164,-9.640135633914365
2022-09-19,1375.98,1436.02,1578.4060000000002,-31.28551179755692,1334.51,-1,7.606538694445902,-12.824710499073126,-1.6933249966927946
2022-09-20,1322.93,1453.2689,1566.8474999999999,-33.86990252198234,1375.98,0,5.617009033447977,-15.567405251627859,-2.5843907244254183
2022-09-21,1245.78,1496.4015,1549.8285,-38.33812728844222,1322.93,0,13.112673327977475,-19.61820291729053,-4.468224766459883
2022-09-22,1326.46,1320.8949,1537.384,-33.593148783432184,1245.78,0,6.029547549401783,-13.719669256347144,4.744978505010039
2022-09-23,1327.25,1351.4879,1525.8735000000001,-28.344080152330832,1326.46,0,1.8868201859884555,-13.017035815878586,5.249068631101352
2022-09-24,1317.13,1314.7787,1512.766,-23.685871267526764,1327.25,-1,-0.939635598158787,-12.932337188963789,4.658208884804068
2022-09-25,1294.63,1277.207,1496.6075,-20.378270618198002,1317.13,-1,-3.0310575835339035,-13.495689417566059,3.307600649328762
2022-09-26,1336.17,1234.4847,1485.4655,-13.95726554510182,1294.63,-1,-4.64574888493721,-10.05041853883513,6.4210050730961825
2022-09-27,1328.02,1265.6262,1470.3665,-9.060726875652676,1336.17,-1,-5.279551202083199,-9.681021704452604,4.896538669449143
2022-09-28,1337.2,1188.3136,1455.458,-4.249767519079711,1328.02,-1,-10.519901911657016,-8.125139990298589,4.810959356572965
2022-09-29,1335.7,1310.1825,1436.3314999999998,-0.4165326268329608,1337.2,-1,-2.020453550913292,-7.006147257788313,3.8332348922467503
2022-09-30,1328.72,1319.2542,1414.0615,2.254167570064297,1335.7,0,-1.231253246191139,-6.035204267989759,2.6707001968972577
2022-10-01,1311.79,1247.5992,1391.3455,3.4160875656631333,1328.72,0,-6.105180687875364,-5.717882438258502,1.1619199955988364
2022-10-02,1276.72,1346.8801,1369.363,2.4059852186483965,1311.79,0,2.6749805192237353,-6.765408441735319,-1.0101023470147368
2022-10-03,1323.09,1341.8215,1356.7975000000001,5.279279394810942,1276.72,0,5.099123786196266,-2.484342726162173,2.8732941761625455
2022-10-04,1361.49,1340.7946,1342.9524999999999,9.915329122944343,1323.09,1,1.338121795498612,1.3803541078333104,4.6360497281334005
2022-10-05,1352.2,1312.9047,1336.925,12.347147065145009,1361.49,1,-3.568541591496266,1.1425472633094669,2.4318179422006665
2022-10-06,1352.06,1345.4266,1332.833,13.82570529026907,1352.2,1,-0.5009143808469565,1.4425663230127002,1.4785582251240612
2022-10-07,1331.1,1299.844,1325.9465,13.269074987383831,1352.06,0,-3.8619592221776364,0.38866575687630645,-0.5566303028852388
2022-10-08,1315.48,1259.8907,1324.9950000000001,11.776550842393192,1331.1,0,-5.349654641250651,-0.7181159174185637,-1.4925241449906395
2022-10-09,1323.13,1256.8325,1322.3525,11.233863045923727,1315.48,0,-4.458257097694379,0.0587967278014104,-0.5426877964694654
2022-10-10,1290.03,1119.2102,1320.7075,8.688788815530643,1323.13,0,-15.411924370385002,-2.3228080403874447,-2.545074230393084
2022-10-11,1280.11,1205.0693,1322.424,6.481564497740514,1290.03,0,-6.585944827833459,-3.199730192434505,-2.2072243177901285
2022-10-12,1294.44,1287.1956,1320.8229999999999,6.134609856935683,1280.11,0,0.5535115451504247,-1.9974667309699947,-0.3469546408048316
2022-10-13,1287.08,1295.5942,1318.8145,5.5736370008657445,1294.44,0,0.0891689287452447,-2.4062898914138438,-0.5609728560699381
2022-10-14,1296.27,1373.0011,1317.7715,5.951407687794884,1287.08,0,6.675661080337863,-1.6316561710433164,0.3777706869291393
2022-10-15,1274.92,1359.5898,1316.786,4.935205362388082,1296.27,0,4.884772751818681,-3.1794080435241554,-1.0162023254068018
2022-10-16,1305.95,1354.3519,1315.275,6.430079663145925,1274.92,0,6.23034611669261,-0.7089772100891483,1.4948743007578429
2022-10-17,1331.4,1270.06,1315.444,9.049726348210193,1305.95,0,-2.7481864854129214,1.2129744785791057,2.619646685064268
2022-10-18,1310.71,1219.0597,1314.1195,9.271859199837998,1331.4,0,-8.437757820128255,-0.25945129038873405,0.22213285162780494
2022-10-19,1285.09,1263.4033,1311.5890000000002,7.643878731847877,1310.71,0,-3.60924076931587,-2.0203737603776983,-1.6279804679901204
2022-10-20,1282.57,1441.0219,1309.2815,6.3983905923754065,1285.09,0,12.133924517811016,-2.0401647773989104,-1.2454881394724708
2022-10-21,1299.75,1353.4492,1308.6795,6.700556531439055,1282.57,0,5.5263431040800945,-0.6823290194428783,0.30216593906364864
2022-10-22,1313.61,1293.0375,1310.524,7.729775458462914,1299.75,0,-0.5164473486487786,0.2354783277528693,1.0292189270238588
2022-10-23,1364.2,1272.6165,1312.5794999999998,11.487148826305045,1313.61,0,-3.1206785059397313,3.9327522637676595,3.7573733678421313
2022-10-24,1343.61,1301.3439,1311.6855,12.1887859774825,1364.2,0,-4.607544929606182,2.4338532369230164,0.7016371511774544
2022-10-25,1459.74,1329.9135,1317.0625,19.635736177007725,1343.61,0,-1.0193841852592942,10.83300906373084,7.446950199525226
2022-10-26,1566.1,1317.0686,1327.7644999999998,30.251884091700312,1459.74,0,-9.773753989366257,17.950133476230175,10.616147914692586
2022-10-27,1514.05,1506.7642,1336.9119999999998,32.11960143212821,1566.1,0,-3.788764436737751,13.2497875701617,1.8677173404279017
2022-10-28,1554.41,1528.4873,1348.8584999999998,34.23024638922898,1514.05,1,0.9535553441101711,15.238922392526739,2.1106449571007673
2022-10-29,1619.55,1482.9677,1363.6795,37.88589422765705,1554.41,1,-4.596107116707469,18.76324312274255,3.6556478384280666
2022-10-30,1590.44,1493.2655,1378.7,36.21712040877178,1619.55,1,-7.797505299022102,15.357945891056794,-1.6687738188852705
2022-10-31,1572.69,1429.1362,1393.329,31.941004644961716,1590.44,0,-10.142084550894724,12.872839078207669,-4.276115763810061
2022-11-01,1578.48,1531.2148,1407.5310000000002,27.684286312646606,1572.69,0,-2.6372111636749804,12.145309765823972,-4.25671833231511
2022-11-02,1518.34,1547.5883,1419.0939999999998,19.392273459514513,1578.48,0,-1.9570563557385914,6.993617054261389,-8.292012853132093
2022-11-03,1531.01,1601.0942,1430.831,13.608062381739998,1518.34,1,5.450310094000691,7.001455797365313,-5.784211077774515
2022-11-04,1644.78,1672.2113,1449.324,16.1198610603877,1531.01,1,9.222755155808095,13.486011409457092,2.5117986786477005
2022-11-05,1626.98,1604.1171,1465.3754999999999,15.266534844099318,1644.78,1,-2.4722415502567197,11.02819720952071,-0.8533262162883801
2022-11-06,1568.29,1555.8752,1477.2199999999998,9.70444651276405,1626.98,0,-4.3703521776158905,6.164958503134278,-5.562088331335268
2022-11-07,1568.1,1496.4956,1490.0895,5.1937861095656075,1568.29,0,-4.577877467257329,5.235289558110426,-4.510660403198443
2022-11-08,1334.77,1538.3293,1492.5735,-13.31169119756079,1568.1,-1,-1.8985175879647285,-10.57257816784232,-18.505477307126398
2022-11-09,1102.73,1512.1428,1483.5814999999998,-39.506096092878046,1334.77,-1,13.288643156920296,-25.671087163057766,-26.194404895317255
2022-11-10,1299.28,1520.7728,1483.558,-41.70496293250811,1102.73,-1,37.9098081260542,-12.421354608313258,-2.198866839630064
2022-11-11,1289.28,1274.257,1482.3415,-41.8351075714363,1299.28,-1,-1.9259160452086903,-13.024090602604058,-0.1301446389281935
2022-11-12,1257.25,1251.1263,1476.994,-41.97234727712275,1289.28,-1,-2.95929954909426,-14.877785556339425,-0.13723970568644717
2022-11-13,1221.49,1313.8015,1470.8880000000001,-42.24921611751145,1257.25,0,4.498032505219726,-16.955607768912394,-0.2768688403887012
2022-11-14,1243.28,1312.9,1460.065,-38.83008680997229,1221.49,0,7.483485285517072,-14.847626646758883,3.4191293075391584
2022-11-15,1253.23,1355.355,1444.4215,-33.94071339208169,1243.28,0,9.014460175402968,-13.236544872808937,4.889373417890603
2022-11-16,1216.17,1257.9792,1429.5275000000001,-31.30883910780406,1253.23,0,0.3789606095349602,-14.925036419376337,2.631874284277629
2022-11-17,1200.43,1309.4418,1411.8285,-28.797936974350726,1216.17,0,7.669303835889507,-14.973383806885893,2.5109021334533352
2022-11-18,1212.58,1311.5266,1391.48,-24.64897251285621,1200.43,0,9.254734664089112,-12.856814327191199,4.148964461494515
2022-11-19,1217.67,1266.9875,1372.8415,-20.085170603817396,1212.58,0,4.486924477405621,-11.302943566318465,4.5638019090388156
2022-11-20,1142.21,1317.0994,1351.3175,-20.595333310686456,1217.67,0,8.165542818199917,-15.474342632282942,-0.5101627068690604
2022-11-21,1107.34,1140.9684,1327.7604999999999,-21.621715262697315,1142.21,-1,-0.10870297151465459,-16.60092313335123,-1.0263819520108584
2022-11-22,1139.6,1184.0055,1308.8235,-18.58448876400726,1107.34,-1,6.923392378498256,-12.929436245605313,3.0372264986900532
2022-11-23,1184.52,1190.304,1291.499,-12.309198212355767,1139.6,-1,4.449276507381985,-8.283320389717689,6.275290551651494
2022-11-24,1203.73,1215.7115,1269.4465,-5.946009928308165,1184.52,0,2.6332647698276537,-5.1767837400000705,6.363188284047602
2022-11-25,1199.3,1187.4521,1248.0625,-1.3563953062454743,1203.73,-1,-1.3522842799049635,-3.9070559367018913,4.58961462206269
2022-11-26,1205.6,1186.2251,1229.928,2.5688375538866666,1199.3,-1,-1.0902111518177233,-1.9780019643426443,3.925232860132141
2022-11-27,1193.88,1168.1665,1211.2169999999999,4.716032401784325,1205.6,-1,-3.104968156415885,-1.4313702664344838,2.1471948478976586
2022-11-28,1167.77,1175.1238,1202.867,4.707142993800879,1193.88,0,-1.5710306482330811,-2.917778939816287,-0.008889407983446063
2022-11-29,1216.49,1174.7136,1208.555,8.11207499441582,1167.77,1,0.594605362946044,0.6565692086830922,3.4049320006149415
2022-11-30,1294.46,1177.5166,1208.3139999999999,15.326409562223766,1216.49,1,-3.203758225509458,7.129438208942394,7.214334567807946
2022-12-01,1276.41,1300.9161,1207.6705,18.387512452211055,1294.46,1,0.49875142494263736,5.691908513125074,3.061102889987289
2022-12-02,1295.59,1284.9688,1209.5875,21.019004879924836,1276.41,1,0.670532979215136,7.110068515092941,2.6314924277137806
2022-12-03,1240.51,1322.4286,1210.5385,18.45627233249914,1295.59,1,2.071534117057679,2.4758816014525666,-2.5627325474256963
2022-12-04,1279.41,1258.1957,1212.345,18.727761341984504,1240.51,1,1.4256780445895245,5.531841183821442,0.27148900948536436
2022-12-05,1259.41,1233.0803,1212.654,16.959908857659197,1279.41,0,-3.6211752084456963,3.855675237949167,-1.7678524843253065
2022-12-06,1271.32,1221.6866,1215.4115,16.004276971587366,1259.41,0,-2.9953195934753243,4.599964703312417,-0.9556318860718314
2022-12-07,1231.18,1227.8083,1216.949,12.249638637487969,1271.32,0,-3.4225569007507897,1.1693998680306235,-3.754638334099397
2022-12-08,1280.18,1219.4479,1220.3290000000002,12.598248781654497,1231.18,0,-0.952917040841921,4.904497065955154,0.34861014416652836
2022-12-09,1263.1,1203.9038,1222.6005,11.254635676648792,1280.18,0,-5.958239576172886,3.3125702140641935,-1.343613105005705
2022-12-10,1266.35,1209.2617,1228.8075,10.192565756181255,1263.1,0,-4.262392625286986,3.0551978239065125,-1.062069920467538
2022-12-11,1263.01,1230.5187,1236.591,8.918847785941411,1266.35,0,-2.8294960510275526,2.1364379976888155,-1.2737179702398436
2022-12-12,1275.4,1195.2305,1243.3809999999999,8.562767312778172,1263.01,0,-5.366507885923309,2.575155965870496,-0.35608047316323876
2022-12-13,1320.69,1213.4797,1250.1895,10.880595432813864,1275.4,0,-4.8549681411223995,5.639185099538918,2.317828120035692
2022-12-14,1307.44,1208.2788,1255.375,10.992188158971501,1320.69,0,-8.511550129572425,4.147366324803349,0.11159272615763705
2022-12-15,1266.54,1201.3364,1258.737,7.925493582161527,1307.44,0,-8.115368523125348,0.6199070973523368,-3.066694576809974
2022-12-16,1166.83,1260.9259,1256.7984999999999,-0.7437093174554956,1266.54,-1,-0.44326248517121164,-7.158546099474177,-8.669202899617023
2022-12-17,1187.16,1286.3195,1256.4625,-4.807634525364788,1166.83,-1,10.240519870744889,-5.515683914163773,-4.063925207909293
2022-12-18,1183.06,1264.3262,1257.227,-7.320131175948108,1187.16,-1,6.500065018615849,-5.899252879551596,-2.5124966505833193
2022-12-19,1167.82,1310.9341,1254.7935,-9.42275795210611,1183.06,0,10.808757124004705,-6.931299851330124,-2.1026267761580026
2022-12-20,1216.94,1292.0609,1250.9175,-7.029481846735642,1167.82,0,10.638704002837558,-2.7162063045724407,2.393276105370468
2022-12-21,1213.78,1207.2676,1247.786,-5.264086256821173,1216.94,-1,-0.794815017585095,-2.725307063871536,1.765395589914469
2022-12-22,1217.71,1222.9241,1243.892,-3.520313810067613,1213.78,-1,0.7533549956025827,-2.1048451151707717,1.7437724467535602
2022-12-23,1219.99,1228.2617,1242.866,-1.9787814016826992,1217.71,-1,0.8665214829474969,-1.840584584339742,1.5415324083849136
2022-12-24,1220.41,1213.8823,1239.916,-0.7590096190362736,1219.99,-1,-0.5006332659489019,-1.573171085783219,1.2197717826464256
2022-12-25,1218.51,1229.1714,1237.8709999999999,0.04881934090974838,1220.41,0,0.7179051891372504,-1.5640563515907455,0.807828959946022
2022-12-26,1228.11,1189.8204,1235.7105,1.2898946560416373,1218.51,0,-2.354479276303641,-0.6150712484841726,1.241075315131889
2022-12-27,1211.55,1181.6461,1234.7289999999998,1.0650511581178996,1228.11,0,-3.7833648318096427,-1.8772540371206852,-0.2248434979237377
2022-12-28,1190.15,1159.1232,1230.2275,-0.3781201444692286,1211.55,-1,-4.327252779884236,-3.2577307855660744,-1.4431713025871282
2022-12-29,1200.49,1160.9956,1227.097,-0.48282782581064154,1190.15,-1,-2.449640342078737,-2.1682882445316034,-0.10470768134141295
2022-12-30,1199.99,1156.3583,1223.779,-0.4338065035299987,1200.49,-1,-3.6761425445286933,-1.9438967329885533,0.04902132228064282
2022-12-31,1196.13,1150.4509,1220.435,-0.5044392163784011,1199.99,-1,-4.1282904245556225,-1.991503029657445,-0.07063271284840233
2023-01-01,1200.34,1168.515,1216.6820000000002,-0.13020781081887556,1196.13,-1,-2.3086943184739623,-1.3431611546813649,0.3742314055595255
2023-01-02,1214.0,1178.4655,1211.3475,1.1066116700572017,1200.34,0,-1.8223624888312826,0.21897102194043558,1.2368194808760773
2023-01-03,1214.55,1160.5806,1206.703,1.980076760008533,1214.0,0,-4.4002828330930805,0.6502842870200853,0.8734650899513312
2023-01-04,1256.9,1154.7642,1206.221,5.243075225838519,1214.55,0,-4.922468391070764,4.201468885055068,3.2629984658299858
2023-01-05,1251.24,1249.3252,1210.4415000000001,6.75689907839622,1256.9,0,-0.6026577044713255,3.370547027675429,1.5138238525577012
2023-01-06,1269.14,1195.8326,1214.5404999999998,8.583160842436579,1251.24,0,-4.428195901540672,4.495486152993685,1.8262617640403587
2023-01-07,1264.07,1201.724,1218.591,9.024062479393553,1269.14,0,-5.311943597756165,3.732097151546339,0.4409016369569745
2023-01-08,1290.16,1180.9526,1224.708,10.541525176003475,1264.07,0,-6.57537662322893,5.344294313420014,1.5174626966099218
2023-01-09,1320.39,1132.9965,1229.8805,12.894386446303555,1290.16,0,-12.181709248392647,7.359210915206813,2.35286127030008
2023-01-10,1335.62,1335.2219,1235.9725,14.660864610282452,1320.39,1,1.1232987093301903,8.062274848348148,1.7664781639788973
2023-01-11,1389.39,1339.8997,1244.5565000000001,18.393325186523334,1335.62,1,0.32042483663954635,11.637358368221928,3.7324605762408822
2023-01-12,1415.92,1369.4773,1254.3529999999998,21.382048429275578,1389.39,1,-1.4331976679064264,12.880504929633066,2.9887232427522434
2023-01-13,1451.2,1325.9396,1265.8925,24.25760825385809,1415.92,0,-6.354908808738316,14.638486285367843,2.8755598245825134
2023-01-14,1549.9,1327.1277,1282.462,30.903526085925872,1451.2,0,-8.549635780948527,20.85348337806501,6.645917832067781
2023-01-15,1552.52,1474.0459,1298.6825000000001,33.362204751805386,1549.9,0,-4.894128754274475,19.54577042502689,2.458678665879514
2023-01-16,1576.94,1438.2803,1316.952,34.38270088829739,1552.52,0,-7.358341700106921,19.741645861048852,1.0204961364920067
2023-01-17,1565.57,1397.5314,1335.723,32.08587666556609,1576.94,0,-11.37701040811239,17.207684527405757,-2.2968242227313027
2023-01-18,1511.43,1393.6616,1351.27,25.027611945218844,1565.57,0,-10.980561642484842,11.852553523722134,-7.058264720347246
2023-01-19,1551.09,1368.9569,1368.825,21.284028341175244,1511.43,0,-9.426377061479034,13.315434770697488,-3.7435836040436
2023-01-20,1658.52,1548.1288,1391.9445,24.090679954306225,1551.09,0,-0.19091192776127872,19.15130236873668,2.806651613130981
2023-01-21,1626.66,1561.6267,1413.2604999999999,21.911692861264328,1658.52,0,-5.842153909245893,15.09979936466067,-2.178987093041897
2023-01-22,1627.44,1481.2473,1433.9325,18.75509748578679,1626.66,0,-8.93934107600083,13.494882081269527,-3.1565953754775364
2023-01-23,1626.29,1420.4474,1454.5194999999999,14.9853153718026,1627.44,0,-12.718908980035366,11.809432599562955,-3.769782113984192
2023-01-24,1555.97,1385.93,1469.4730000000002,6.580395525990667,1626.29,0,-14.779648542945138,5.886259904060832,-8.404919845811932
2023-01-25,1611.94,1587.4976,1487.508,3.7553956452499904,1555.97,1,2.026231777845972,8.365131481645815,-2.824999880740677
2023-01-26,1601.09,1616.4998,1504.1055000000001,0.30301705683137925,1611.94,1,0.2828737955119263,6.447985197846813,-3.452378588418611
2023-01-27,1597.62,1537.968,1520.783,-2.8913272390163485,1601.09,1,-3.9424381154010653,5.052463106176226,-3.1943442958477277
2023-01-28,1572.1,1529.0127,1534.88,-7.157077400390136,1597.62,0,-4.2943443802343415,2.424945272594587,-4.265750161373788
2023-01-29,1644.72,1512.684,1551.0964999999999,-5.591368375228399,1572.1,0,-3.7794058926952747,6.03595585445523,1.5657090251617376
2023-01-30,1566.2,1614.0837,1562.6254999999999,-10.085348610252098,1644.72,0,-1.8627036678355604,0.22874962682998398,-4.493980235023699
2023-01-31,1585.33,1593.1797,1572.4225000000001,-11.887061386666545,1566.2,0,1.7226208338654039,0.8208671651543906,-1.8017127764144476
2023-02-01,1641.68,1516.5846,1583.7105000000001,-9.504477852284964,1585.33,0,-4.336346708473152,3.660359642750359,2.382583534381581
2023-02-02,1643.12,1546.173,1593.3065000000001,-8.106722712135735,1641.68,0,-5.8176396354458575,3.126422944988911,1.3977551401492292
2023-02-03,1663.52,1478.3228,1598.9875,-6.171051797457608,1643.12,0,-10.029531993631014,4.035835176947914,1.935670914678127
2023-02-04,1666.38,1616.7457,1604.6805,-5.104993512396604,1663.52,0,-2.8117649599005414,3.844971008247447,1.066058285061004
2023-02-05,1629.02,1571.5924,1607.2845,-7.1949872391617475,1666.38,0,-5.688233942644391,1.3523119273532471,-2.089993726765144
2023-02-06,1614.29,1512.0228,1609.7205,-9.692979735835465,1629.02,0,-7.182058713309996,0.283869156167177,-2.4979924966737173
2023-02-07,1671.03,1530.4692,1617.7005000000001,-7.732608368271386,1614.29,0,-5.192422781455003,3.296623818809466,1.960371367564079
2023-02-08,1650.43,1481.2002,1622.6675,-7.998620750952902,1671.03,0,-11.360047676433096,1.7109173629224748,-0.2660123826815166
2023-02-09,1545.35,1702.0314,1617.009,-15.019228292072967,1650.43,0,3.126541087493104,-4.431577066052205,-7.020607541120064
2023-02-10,1513.06,1668.2085,1611.329,-21.225933763296233,1545.35,0,7.950205202300456,-6.098630385228591,-6.206705471223266
2023-02-11,1538.51,1622.5952,1606.8825000000002,-22.863925322672117,1513.06,0,7.239317333334439,-4.254978195356547,-1.6379915593758838
2023-02-12,1514.83,1563.7755,1601.3094999999998,-24.63571960125855,1538.51,0,1.642206595687549,-5.400548738391918,-1.7717942785864338
2023-02-13,1505.24,1521.0421,1598.773,-25.44315777676595,1514.83,0,0.4100865613839555,-5.850298948005746,-0.8074381755074
2023-02-14,1555.71,1512.4825,1595.9615,-21.712949994074023,1505.24,0,0.4811554267301222,-2.522084649285077,3.7302077826919273
2023-02-15,1674.92,1530.7175,1599.653,-10.897862873496685,1555.71,0,-1.606499328481853,4.705207941972418,10.815087120577338
2023-02-16,1637.84,1558.1543,1601.6640000000002,-6.15827962296224,1674.92,0,-6.971419717061117,2.258651002956906,4.739583250534444
2023-02-17,1693.87,1623.2393,1607.7525,0.48093736113042596,1637.84,0,-0.8914632801433546,5.356390364810494,6.639216984092666
2023-02-18,1691.62,1649.7261,1610.0975,4.242379641481641,1693.87,0,-2.606098802225076,5.0632026942467645,3.761442280351215
2023-02-19,1679.75,1712.2888,1615.775,5.379312302189639,1691.62,1,1.2218357763194516,3.9594002877875885,1.1369326607079984
2023-02-20,1703.27,1699.2612,1621.672,7.0578998713866845,1679.75,1,1.1615556165351986,5.031720347887856,1.6785875691970453
2023-02-21,1659.76,1701.015,1622.5759999999998,4.694207522342108,1703.27,1,-0.13239153813326612,2.291664612320175,-2.3636923490445767
2023-02-22,1643.14,1694.8716,1622.577,1.6261590228459433,1659.76,1,2.115461393891286,1.2673050339059473,-3.0680484994961645
2023-02-23,1650.53,1708.209,1621.9275,-0.19397833114291885,1643.14,0,3.960038972637748,1.7634881953724788,-1.8201373539888621
2023-02-24,1607.8,1616.1033,1618.9985,-4.3346337421404115,1650.53,-1,-2.085798411154294,-0.6916930435698345,-4.140655410997493
2023-02-25,1594.58,1630.3727,1617.2765000000002,-7.819546150248847,1607.8,-1,1.403948293572742,-1.403377839225404,-3.4849124081084355
2023-02-26,1641.36,1517.177,1618.6299999999999,-6.863884524553519,1594.58,-1,-4.854130745831187,1.4042739847896073,0.9556616256953276
2023-02-27,1633.45,1604.5197,1616.751,-6.649598337195741,1641.36,0,-2.244501308651813,1.0328739552349169,0.2142861873577786
2023-02-28,1605.23,1599.8512,1614.491,-8.19220612024177,1633.45,-1,-2.056922691905938,-0.5736173196381997,-1.54260778304603
2023-03-01,1665.22,1645.6721,1620.4845,-5.107107138002021,1605.23,-1,2.5193971668000836,2.76062498592242,3.0850989822397494
2023-03-02,1647.86,1668.2605,1627.2245,-4.207833361459986,1665.22,-1,0.18258836951723934,1.2681409356852644,0.8992737765420351
2023-03-03,1569.45,1647.4006,1628.7715,-8.61221176740439,1647.86,0,-0.027876472174511183,-3.642100810334661,-4.404378405944403
2023-03-04,1566.73,1678.6953,1631.3665,-11.259943871535997,1569.45,0,6.960738634553502,-3.962107840267657,-2.6477321041316078
2023-03-05,1564.58,1626.5111,1634.3335,-12.60580585540497,1566.73,0,3.815661179554708,-4.2680089467663755,-1.3458619838689732
2023-03-06,1565.84,1606.4646,1634.84,-12.818779145128284,1564.58,0,2.6770506851279623,-4.220596510973551,-0.21297328972331364
2023-03-07,1561.96,1589.8389,1629.1919999999998,-12.609321538671823,1565.84,0,1.5326513045713535,-4.126708208731675,0.2094576064564606
2023-03-08,1532.38,1578.9032,1623.9189999999999,-13.757447309902842,1561.96,0,1.084739573496598,-5.636919082786751,-1.1481257712310189
2023-03-09,1437.32,1678.8367,1611.0915,-19.843718012907686,1532.38,0,9.557464200908058,-10.785948532408002,-6.086270703004844
2023-03-10,1426.44,1711.0676,1597.8325,-23.288671136552555,1437.32,0,19.045698031970964,-10.72656238998768,-3.4449531236448685
2023-03-11,1471.97,1387.4186,1587.4434999999999,-21.244473428734526,1426.44,-1,-2.7355809496675327,-7.274180151923507,2.0441977078180287
2023-03-12,1580.33,1446.4713,1581.2965,-11.808858274076105,1471.97,-1,-1.7322830304583332,-0.061120732259889045,9.435615154658421
2023-03-13,1673.45,1406.7842,1581.9810000000002,0.8192571827999906,1580.33,-1,-10.981619048711341,5.781927848690964,12.628115456876095
2023-03-14,1699.4,1428.7789,1584.7939999999999,10.497883569406149,1673.45,0,-14.620757676413252,7.231602340745878,9.678626386606158
2023-03-15,1649.96,1365.7728,1584.7655,12.985317284135949,1699.4,0,-19.632056776012863,4.113826304270257,2.4874337147298
2023-03-16,1673.73,1692.7482,1588.0620000000001,15.477550366412393,1649.96,1,2.5932852278426424,5.394499710968456,2.492233082276444
2023-03-17,1789.27,1659.0193,1597.7965,23.6634151633706,1673.73,1,-0.8789179192955265,11.983597410558858,8.185864796958208
2023-03-18,1758.84,1605.8108,1603.6705000000002,25.619423358719644,1789.27,1,-10.25329933349215,9.675896638368027,1.9560081953490425
2023-03-19,1780.68,1598.067,1611.032,26.845498386446753,1758.84,0,-9.140853255465958,10.530392940674062,1.2260750277271093
2023-03-20,1732.78,1696.0186,1617.4095000000002,23.03796237116461,1780.68,0,-4.7544446679077685,7.13304206510471,-3.8075360152821425
2023-03-21,1801.23,1734.2788,1624.21,23.647730809792073,1732.78,1,0.0864973391746227,10.898836973051512,0.6097684386274622
2023-03-22,1734.33,1766.9729,1628.5335,18.30259627389379,1801.23,1,-1.9018725875859839,6.496427614169431,-5.345134535898282
2023-03-23,1813.79,1733.4348,1640.7505,18.803882661203104,1734.33,1,-0.051615641018429435,10.546362777277828,0.5012863873093139
2023-03-24,1749.57,1703.8925,1649.8925,13.731134368883119,1813.79,0,-6.059000432536979,6.041454215956494,-5.072748292319986
2023-03-25,1741.88,1706.5964,1658.7575000000002,9.006927477033898,1749.57,0,-2.456235786686154,5.011130318928472,-4.724206891849221
2023-03-26,1773.88,1690.8289,1669.1595000000002,7.2612247815717055,1741.88,0,-2.930807092229379,6.27384620822635,-1.7457026954621924
2023-03-27,1715.22,1737.3997,1676.8225000000002,1.6716442313416877,1773.88,0,-2.056528164073957,2.2898965155822877,-5.589580550230018
2023-03-28,1772.99,1793.8793,1688.8529999999998,1.3922911417673163,1715.22,1,4.58595821299527,4.981901918047348,-0.27935308957437144
2023-03-29,1793.07,1794.1321,1706.6405,2.0474688364638,1772.99,1,1.1924534305396528,5.064306161725328,0.6551776946964836
2023-03-30,1793.61,1748.5903,1724.9989999999998,2.0023830778497995,1793.07,1,-2.4806431410234926,3.9774515811313575,-0.045085758614000326
2023-03-31,1821.52,1769.499,1742.4765,3.262874845639999,1793.61,0,-1.3442708594677717,4.536273516457754,1.2604917677901994
2023-04-01,1820.79,1827.6355,1754.4995000000004,3.440425608886109,1821.52,1,0.33573598131642907,3.778313986410346,0.17755076324610997
2023-04-02,1794.51,1822.734,1760.5524999999998,1.291519689709169,1820.79,1,0.10676732566976621,1.9287979199711573,-2.14890591917694
2023-04-03,1810.51,1762.0914,1766.1079999999997,0.49235218371769207,1794.51,1,-1.8065415815981793,2.514115784538674,-0.7991675059914769
2023-04-04,1870.37,1748.1963,1777.1285,3.3789888123814364,1810.51,0,-3.441776678256402,5.246750586690825,2.8866366286637444
2023-04-05,1908.69,1836.3784,1788.8764999999999,7.042159927104628,1870.37,0,-1.8173720724375335,6.69769545298405,3.663171114723191
2023-04-06,1872.41,1829.2948,1793.0335,6.223170103025566,1908.69,0,-4.159669731350432,4.4269390393431065,-0.8189898240790612
2023-04-07,1863.72,1793.9796,1798.2775000000001,4.3843269175341035,1872.41,0,-4.188739952370879,3.639176934594348,-1.8388431854914629
2023-04-08,1848.82,1804.781,1801.6845,1.5963541410689146,1863.72,0,-3.1624382493413727,2.6161905705466113,-2.787972776465189
2023-04-09,1858.92,1761.398,1807.9915,-0.04856135402905437,1848.82,0,-4.7285322952612985,2.8168550571172477,-1.644915495097969
2023-04-10,1910.2,1853.4706,1813.44,1.7373205756415686,1858.92,0,-0.29314972916061866,5.3357155461443435,1.785881929670623
2023-04-11,1889.86,1869.311,1821.2164999999998,1.0053601961460288,1910.2,0,-2.1405593573316954,3.769101586769071,-0.7319603794955398
2023-04-12,1917.39,1858.484,1826.3965,1.7862957562778021,1889.86,0,-1.6602283349527163,4.982132850123182,0.7809355601317733
2023-04-13,2012.01,1835.9723,1839.5184999999997,7.752002985374467,1917.39,0,-4.246278011303783,9.37699185955457,5.965707229096665
2023-04-14,2099.99,1580.5116,1857.4239999999998,16.213274749424265,2012.01,0,-21.44613611862329,13.059269181403927,8.461271764049798
2023-04-15,2090.6,2101.0327,1873.2600000000002,19.544284910715206,2099.99,0,0.0496533242420306,11.602233539391204,3.3310101612909406
2023-04-16,2118.67,1985.7244,1893.4325000000001,21.83119374008794,2090.6,0,-5.01653280233545,11.895723771510204,2.2869088293727344
2023-04-17,2074.0,1912.962,1908.4830000000002,18.651941969818324,2118.67,0,-9.709297052735327,8.672699730623737,-3.179251770269616
2023-04-18,2103.5,1857.1885,1924.0044999999998,16.90411284078978,2074.0,0,-10.453786086668273,9.329266121778835,-1.7478291290285455
2023-04-19,1933.73,1907.6935,1931.0105000000003,3.3896220216607276,2103.5,0,-9.30860558852805,0.1408329990955356,-13.514490819129051
2023-04-20,1942.98,1950.604,1937.0835,-5.374619903928533,1933.73,0,0.8726142691197831,0.30440092024943993,-8.76424192558926
2023-04-21,1848.78,1894.3143,1938.4829999999997,-17.291749282701133,1942.98,-1,-2.504692222529955,-4.627484481421801,-11.9171293787726
2023-04-22,1874.16,1873.7676,1942.4655000000002,-22.889604187697813,1848.78,-1,1.3515712050649633,-3.516433110395019,-5.59785490499668
2023-04-23,1862.0,1904.6564,1945.0400000000002,-26.576756534766147,1874.16,-1,1.6272021636526455,-4.269320939415137,-3.6871523470683343
2023-04-24,1841.84,1821.1642,1943.6135,-29.322998422694887,1862.0,-1,-2.193115758844656,-5.236303411146301,-2.74624188792874
2023-04-25,1866.1,1887.8378,1941.484,-28.433919653966292,1841.84,0,2.4973813444537845,-3.8828030516862366,0.889078768728595
2023-04-26,1866.01,1938.0394,1941.164,-26.802052763177187,1866.1,0,3.855068255234853,-3.871594569031777,1.6318668907891052
2023-04-27,1908.68,1969.8134,1943.4119999999998,-22.000235222036785,1866.01,0,5.562850922138011,-1.7871660769821194,4.801817541140402
2023-04-28,1890.94,1981.1342,1945.518,-19.26835532050322,1908.68,0,3.796034708460163,-2.805319714338288,2.731879901533567
2023-04-29,1907.8,1970.6614,1947.962,-15.725074241320979,1890.94,0,4.215965443278208,-2.061744530950811,3.54328107918224
2023-04-30,1870.09,1975.7518,1945.9564999999998,-15.3056565620853,1907.8,0,3.5617900752011504,-3.89867399399729,0.4194176792356785
2023-05-01,1830.73,1956.4751,1943.0,-16.936616968423785,1870.09,0,4.619301619507621,-5.7781780751415335,-1.6309604063384846
2023-05-02,1870.08,1934.8472,1940.6344999999997,-14.705526701756398,1830.73,0,5.687194068418062,-3.6356408174748904,2.231090266667387
2023-05-03,1905.12,1924.4303,1935.2900000000002,-10.412272593162823,1870.08,0,2.906308706128218,-1.558939487105307,4.293254108593574
2023-05-04,1877.07,1935.7692,1924.1439999999998,-9.054078348671748,1905.12,0,1.6087787141525263,-2.446490491356148,1.3581942444910755
2023-05-05,1993.3,1922.2826,1919.2789999999998,-0.37847294042604496,1877.07,0,2.4086790995241287,3.856708691128293,8.675605408245703
2023-05-06,1896.33,1913.8328,1908.1619999999998,-1.1763088573465286,1993.3,-1,-3.986717319426326,-0.6200731384442139,-0.7978359169204836
2023-05-07,1870.4,1926.1848,1897.982,-3.333802505262363,1896.33,-1,1.574346999368521,-1.4532276913058122,-2.1574936479158344
2023-05-08,1847.56,1857.3322,1885.185,-6.025608904440908,1870.4,-1,-0.6986658832168301,-1.995825343401311,-2.691806399178545
2023-05-09,1846.52,1879.9751,1880.8245000000002,-7.506244592534955,1847.56,0,1.7544814596684306,-1.8239075469295614,-1.480635688094047
2023-05-10,1840.84,1815.3751,1875.7175,-8.42913028412288,1846.52,-1,-1.6866796963849555,-1.859421794593272,-0.9228856915879255
2023-05-11,1794.3,1841.2659,1872.9935,-11.542427940999133,1840.84,-1,0.023134500588051207,-4.201482813474797,-3.1132976568762523
2023-05-12,1807.45,1820.3472,1869.658,-12.029845293385652,1794.3,-1,1.4516618162375325,-3.327239527229037,-0.48741735238651884
2023-05-13,1795.11,1837.3759,1866.3134999999997,-12.44515431954326,1807.45,0,1.6556947352450941,-3.815195035560738,-0.41530902615760823
2023-05-14,1799.21,1834.9209,1864.182,-11.715968641121638,1795.11,0,2.217741444117636,-3.4852820164554736,0.7291856784216222
2023-05-15,1816.2,1787.5537,1861.6870000000004,-9.45834822356226,1799.21,-1,-0.6478559513619886,-2.4433215680187,2.2576204175593784
2023-05-16,1824.21,1790.0033,1859.5970000000002,-6.912607847296151,1816.2,-1,-1.4423909317014947,-1.9029391852105682,2.5457403762661084
2023-05-17,1822.12,1823.3295,1855.2689999999998,-4.948534552881931,1824.21,-1,-0.04826923580961273,-1.7867489835705705,1.96407329441422
2023-05-18,1800.56,1805.3912,1850.75,-4.683250087476875,1822.12,-1,-0.9180934652183935,-2.7118735647710417,0.2652844654050561
2023-05-19,1812.32,1888.6521,1845.976,-3.359561566446459,1800.56,0,4.892483427898823,-1.8232089691307023,1.323688521030416
2023-05-20,1819.42,1819.0221,1843.4424999999999,-1.7316090206191674,1812.32,0,0.3698074692417765,-1.3031325902489397,1.6279525458272914
2023-05-21,1804.91,1835.5918,1842.1515,-1.3734426690124266,1819.42,0,0.8888435256840052,-2.0216306856412114,0.3581663516067408
2023-05-22,1817.35,1871.3,1839.515,-0.10691298254195658,1804.91,0,3.678302454312122,-1.2049371709390893,1.26652968647047
2023-05-23,1854.05,1907.124,1836.9615,3.2110278658228033,1817.35,1,4.939831261864809,0.9302590174045601,3.31794084836476
2023-05-24,1799.89,1761.3789,1833.1024999999997,1.8350300296129163,1854.05,1,-4.99830607319112,-1.811819033578299,-1.375997836209887
2023-05-25,1805.6,1815.5979,1823.7175000000002,1.4056755710555358,1799.89,1,0.8727144653631554,-0.9934378542729501,-0.4293544585573805
2023-05-26,1827.79,1827.3562,1820.2904999999998,2.640677593023053,1805.6,1,1.2049291743395598,0.41199467887131896,1.2350020219675173
2023-05-27,1829.89,1831.754,1818.265,3.5660096618193258,1827.79,1,0.21687547914763383,0.6393457499319406,0.9253320687962727
2023-05-28,1908.64,1848.948,1821.3190000000002,9.132235441461606,1829.89,1,1.041483261118149,4.794382532659018,5.566225779642281
2023-05-29,1892.6,1846.3593,1823.623,11.245402171780828,1908.64,0,-3.2630955586340327,3.7824155540920392,2.1131667303192216
2023-05-30,1900.59,1929.7388,1826.6105,12.591390610286911,1892.6,1,1.9623147802626066,4.050097160834229,1.3459884385060832
2023-05-31,1873.63,1892.4742,1830.577,11.126841943506228,1900.59,1,-0.42701249801048197,2.3518814013286584,-1.4645486667806829
2023-06-01,1861.78,1881.1561,1833.2935000000002,8.916401706215257,1873.63,1,0.40168698887653326,1.5538428516764908,-2.210440237290971
2023-06-02,1906.68,1888.8341,1838.872,9.955656151228826,1861.78,1,1.4531312209451455,3.687477975628537,1.0392544450135688
2023-06-03,1892.06,1894.8823,1843.5145,9.156158526150652,1906.68,0,-0.6187548923390429,2.6333126210832596,-0.7994976250781747
2023-06-04,1890.01,1915.5737,1847.205,8.027397009506604,1892.06,1,1.2427581825497107,2.3172847626549338,-1.1287615166440474
2023-06-05,1810.5,1926.2056,1846.5194999999999,1.7898185075464799,1890.01,1,1.915099200864017,-1.9506698954438275,-6.237578501960124
2023-06-06,1884.64,1906.953,1849.6455,2.478621352767398,1810.5,1,5.327423525528169,1.8919571344887447,0.6888028452209181
2023-06-07,1832.13,1982.7693,1851.2239999999997,-0.615518745186904,1884.64,0,5.206792125253359,-1.0314256945674645,-3.094140097954302
2023-06-08,1845.64,2012.7925,1852.8899999999999,-1.7038891984115931,1832.13,0,9.860789380052173,-0.3912806480686804,-1.0883704532246892
2023-06-09,1840.37,1918.0938,1853.9375,-2.6726401372814323,1845.64,0,3.925670770030986,-0.7318207868388287,-0.9687509388698392
2023-06-10,1751.53,1932.7877,1851.2684999999997,-8.8427830347184,1840.37,0,5.021692362218609,-5.38757614035996,-6.170142897436968
2023-06-11,1752.76,1902.7965,1848.039,-12.181397086411906,1751.53,0,8.636249952273872,-5.155681238328844,-3.338614051693506
2023-06-12,1742.57,1975.5012,1842.4650000000001,-14.271281900829546,1752.76,0,12.708027379853773,-5.421812626020044,-2.0898848144176405
2023-06-13,1740.12,2031.8057,1839.4765000000002,-14.942456349701214,1742.57,0,16.598223546973728,-5.401346524405194,-0.6711744488716676
2023-06-14,1650.95,1750.7338,1831.744,-20.18943747846137,1740.12,0,0.609944408916489,-9.870047342860131,-5.246981128760158
2023-06-15,1666.96,1736.8497,1823.7025,-21.271032472815637,1650.95,0,5.203048635350099,-8.594740644375937,-1.0815949943542655
2023-06-16,1717.92,1726.9949,1818.1039999999998,-17.406236802088223,1666.96,0,3.6014585261119016,-5.5103558432300765,3.864795670727414
2023-06-17,1727.76,1708.2727,1809.06,-13.228248266921245,1717.92,-1,-0.5615683455501462,-4.494046631952504,4.177988535166978
2023-06-18,1720.95,1734.9259,1800.4774999999997,-10.105387823654294,1727.76,-1,0.4147510835019047,-4.41702270647646,3.1228604432669513
2023-06-19,1737.11,1724.2396,1792.3035,-6.318642771028792,1720.95,-1,0.19115163272828697,-3.0794728682949115,3.786745052625502
2023-06-20,1791.99,1769.2296,1788.2215,0.17112626822751054,1737.11,1,1.849025925693399,0.2107401124525068,6.489769039256302
2023-06-21,1889.11,1758.0768,1789.5880000000002,10.710162047432142,1791.99,1,-1.8924892311585169,5.561168268897629,10.539035779204632
2023-06-22,1872.01,1744.8278,1787.8545,15.921061914424065,1889.11,1,-7.63757754767787,4.707066486674395,5.210899866991923
2023-06-23,1892.63,1736.4204,1787.8830000000003,19.890140391755,1872.01,0,-7.242994954287103,5.858716705735209,3.9690784773309353
2023-06-24,1874.96,1919.1584,1787.1305,20.383891626859047,1892.63,1,1.4016710749393642,4.914554365224031,0.49375123510404606
2023-06-25,1898.8,1911.6031,1791.5454999999997,21.276104031998777,1874.96,1,1.9543429947338857,5.986702542581266,0.8922124051397304
2023-06-26,1858.97,1877.2811,1790.262,18.259529730380194,1898.8,1,-1.1332879750533207,3.8378740095025248,-3.016574301618583
2023-06-27,1889.58,1852.0344,1793.1345000000001,17.40483653382878,1858.97,0,-0.37308704131185694,5.378598203313795,-0.8546931965514126
2023-06-28,1828.02,1853.0847,1792.2535,12.028229743842186,1889.58,0,-1.9313965644812567,1.9956161335436058,-5.376606789986596
2023-06-29,1851.99,1843.4047,1792.8345000000002,9.530135747545224,1828.02,1,0.8416025582836905,3.2995516317875317,-2.498093996296962
2023-06-30,1933.79,1816.7941,1801.9475000000002,12.636046410921843,1851.99,1,-1.900438588609415,7.3166671060061255,3.105910663376619
2023-07-01,1924.5,1825.3303,1810.5345000000002,13.249670555191193,1933.79,1,-5.608658527263817,6.294577650964385,0.61362414426935
2023-07-02,1937.48,1816.2449,1820.28,13.660031295180309,1924.5,0,-5.625104024584307,6.438569890346543,0.41036073998911604
2023-07-03,1955.54,1822.0382,1831.051,14.214538440885772,1937.48,0,-5.958347543829485,6.7987729451555445,0.5545071457054629
2023-07-04,1936.2,1980.2703,1845.3134999999997,12.411147145064088,1955.54,1,1.2646258154716876,4.925260667089917,-1.8033912958216831
2023-07-05,1910.36,1974.0538,1857.4834999999998,8.781305208191128,1936.2,1,1.9550580006100844,2.8466740081405884,-3.6298419368729604
2023-07-06,1846.17,1955.6731,1863.8960000000002,1.7295399278443,1910.36,1,2.371966315413069,-0.9510187263667131,-7.051765280346828
2023-07-07,1870.91,1962.288,1871.0535,-1.4259925500755912,1846.17,0,6.2896680082109135,-0.007669476046510888,-3.155532477919891
2023-07-08,1865.24,1996.0464,1878.268,-3.9114685944693086,1870.91,0,6.68853053961708,-0.6936177371919248,-2.4854760443937174
2023-07-09,1862.8,1854.5889,1884.5525000000002,-5.6316274039108265,1865.24,-1,-0.5710328329062216,-1.1542528000679353,-1.7201588094415179
2023-07-10,1880.4,1851.3519,1888.973,-5.490185029003751,1862.8,-1,-0.6145625557796035,-0.45384449645388614,0.14144237490707567
2023-07-11,1878.3,1855.1064,1888.4324999999997,-5.4340364749469465,1880.4,-1,-1.3451156502605877,-0.5365561120135197,0.0561485540568043
2023-07-12,1871.82,1820.3457,1888.423,-5.701427934570582,1878.3,-1,-3.0854654142043314,-0.8791992048391736,-0.2673914596236351
2023-07-13,2004.49,1870.8317,1894.016,2.735631723170986,1871.82,0,-0.05280074798524625,5.8327912752584945,8.437059657741568
2023-07-14,1937.83,1965.7954,1897.1594999999998,3.45917811236351,2004.49,0,-1.9303957537203982,2.1437575491148837,0.7235463891925242
2023-07-15,1931.41,1936.1149,1898.7900000000002,3.1466062248272735,1937.83,0,-0.08850785858085732,1.717936159343576,-0.31257188753623666
2023-07-16,1922.11,1932.4133,1901.9470000000001,2.010034385355304,1931.41,1,0.05194806271712987,1.0601241780133612,-1.1365718394719693
2023-07-17,1911.2,1885.7971,1903.0279999999998,0.3092485997634782,1922.11,1,-1.8892197043548447,0.42942090184696463,-1.700785785591826
2023-07-18,1897.21,1928.0309,1906.4875,-1.8532807999911611,1911.2,1,0.8806448194360849,-0.4866278955408791,-2.1625293997546393
2023-07-19,1888.63,1907.8828,1908.3195,-3.8423812240202366,1897.21,0,0.5625530384090303,-1.0317716713579645,-1.9891004240290755
2023-07-20,1891.59,1879.2767,1906.2094999999997,-4.873294390382892,1888.63,-1,-0.49524081485323274,-0.766940884514519,-1.0309131663626552
2023-07-21,1891.73,1875.4861,1904.571,-5.418450763411997,1891.59,-1,-0.8513428393904028,-0.6742200737068818,-0.5451563730291049
2023-07-22,1866.52,1878.5195,1901.023,-7.2359942235983805,1891.73,-1,-0.6983273908010137,-1.8149701502822393,-1.8175434601863838
2023-07-23,1888.73,1886.1215,1897.6825000000001,-6.713040715489216,1866.52,0,1.0501607248214602,-0.4717596331314695,0.5229535081091647
2023-07-24,1850.0,1881.7615,1893.3725000000002,-8.624271192997812,1888.73,-1,-0.36895296790038906,-2.2907536683880307,-1.911230477508596
2023-07-25,1857.66,1883.3564,1890.7375,-8.980853291860832,1850.0,-1,1.803051097972973,-1.749449619526765,-0.3565820988630204
2023-07-26,1872.0,1947.6426,1892.0289999999998,-7.897548107092446,1857.66,-1,4.843866914559173,-1.0585989961041704,1.0833051847683866
2023-07-27,1861.28,1950.0087,1891.5475,-7.549808661683334,1872.0,0,4.167129647018563,-1.6001448549401973,0.34773944540911117
2023-07-28,1874.19,1912.684,1891.9950000000001,-6.156117710648168,1861.28,0,2.7617531999987928,-0.9410701402487884,1.3936909510351665
2023-07-29,1880.46,1870.0494,1892.878,-4.589622452185125,1874.19,-1,-0.22092538768414913,-0.6560380542221893,1.5664952584630427
2023-07-30,1861.79,1862.3792,1891.9474999999998,-4.578086929220149,1880.46,-1,-0.9615120560594236,-1.593992433722384,0.011535522964976508
2023-07-31,1856.14,1876.8453,1890.8395,-4.70043438599505,1861.79,-1,0.8086485003175726,-1.8351372498829195,-0.122347456774901
2023-08-01,1873.47,1841.9912,1890.922,-3.423040289577111,1856.14,-1,-0.7622694981251468,-0.9229360068791838,1.2773940964179387
2023-08-02,1839.9,1864.3038,1882.6924999999999,-4.57579570153576,1873.47,-1,-0.4892614769485248,-2.27294154515407,-1.1527554119586494
2023-08-03,1835.81,1815.5957,1877.5915,-5.2995185086550975,1839.9,-1,-1.3209574908962491,-2.225271045379149,-0.7237228071193371
2023-08-04,1830.23,1770.889,1872.5325,-5.799402889784437,1835.81,-1,-3.5363660680605538,-2.2591063172468306,-0.4998843811293394
2023-08-05,1836.48,1771.9099,1868.2509999999997,-5.364603941448312,1830.23,-1,-3.1864895609090125,-1.7005744945406016,0.434798948336125
2023-08-06,1830.28,1769.7605,1864.2050000000004,-5.149059366370696,1836.48,-1,-3.6330099948338677,-1.8198105895006398,0.21554457507761615
2023-08-07,1829.1,1765.4703,1860.7995000000003,-4.750137967376215,1830.28,-1,-3.5409698563027225,-1.703541945276769,0.39892139899448065
2023-08-08,1856.3,1835.3726,1859.1829999999998,-2.4352198222447647,1829.1,0,0.342931419482264,-0.15506811325188596,2.3149181451314504
2023-08-09,1855.35,1796.1793,1857.3709999999999,-0.8316607479467866,1856.3,-1,-3.238737203627509,-0.10880971006869161,1.6035590742979782
2023-08-10,1852.47,1794.4843,1855.408,0.12069845754185593,1855.35,-1,-3.280553376468721,-0.15834792131972453,0.9523592054886425
2023-08-11,1848.84,1811.4373,1854.5240000000001,0.566835613785333,1852.47,-1,-2.215028806977982,-0.30649374179035677,0.44613715624347705
2023-08-12,1849.93,1814.5452,1852.584,0.9722227899725251,1848.84,0,-1.8549379061668356,-0.14325936097904313,0.4053871761871921
2023-08-13,1840.73,1829.6984,1852.1204999999998,0.6719179493894369,1849.93,0,-1.0936433131084724,-0.6149977822717123,-0.30030484058308815
2023-08-14,1845.5,1789.0566,1851.5125,0.8350428268059424,1840.73,0,-2.8072210142171863,-0.32473450759851985,0.1631248774165055
2023-08-15,1828.98,1792.0782,1849.3615000000002,-0.08049609647854616,1845.5,-1,-2.894703491177865,-1.102083070292108,-0.9155389232844886
2023-08-16,1807.81,1788.9211,1846.688,-1.9206951995027257,1828.98,-1,-2.1902293858803823,-2.105282538252274,-1.8401991030241795
2023-08-17,1681.49,1782.412,1837.0529999999999,-10.950036809328441,1807.81,-1,-1.4049049786931396,-8.468073593957271,-9.029341609825716
2023-08-18,1661.59,1699.5547,1826.1095,-17.195627525787188,1681.49,0,1.0743261928408727,-9.009289968646463,-6.2455907164587465
2023-08-19,1669.67,1732.6606,1816.5035,-19.544202379726855,1661.59,0,4.2772672278510395,-8.083303995835953,-2.3485748539396667
2023-08-20,1685.24,1733.9148,1807.9585,-18.804547521499842,1669.67,0,3.84775404252786,-6.787683456229772,0.7396548582270128
2023-08-21,1667.55,1757.9285,1797.6625,-18.247740169533564,1685.24,0,4.313241247352009,-7.23787140244623,0.5568073519662775
2023-08-22,1634.99,1754.2635,1787.417,-18.74210522360125,1667.55,0,5.200056958093463,-8.527780590651197,-0.4943650540676856
2023-08-23,1679.61,1604.327,1779.607,-14.901245001753622,1634.99,-1,-1.87542270183992,-5.619049599153075,3.8408602218476275
2023-08-24,1661.16,1631.239,1771.1535,-12.53551090919126,1679.61,-1,-2.879893923477766,-6.210274829369664,2.365734092562363
2023-08-25,1653.8,1668.7837,1762.0194999999999,-10.482064130072601,1661.16,-1,0.4589378149154758,-6.141787874651781,2.0534467791186586
2023-08-26,1647.04,1705.7689,1752.8575,-8.66981671958441,1653.8,0,3.142394539753147,-6.036856960705596,1.8122474104881903
2023-08-27,1658.33,1750.7046,1744.319,-5.93208030646371,1647.04,0,6.2939934575814815,-4.929660228432989,2.7377364131207003
2023-08-28,1653.08,1653.1089,1734.1580000000001,-3.799805731454299,1658.33,-1,-0.3148416347319247,-4.675352534198164,2.1322745750094114
2023-08-29,1729.42,1679.133,1727.8615000000002,3.056743453299802,1653.08,-1,1.5760312048191905,0.09019820164983519,6.856549184754101
2023-08-30,1705.23,1691.6985,1720.4995,6.092388120623625,1729.42,-1,-2.1811655741158926,-0.8875038905852564,3.0356446673238224
2023-08-31,1645.76,1723.1555,1710.3455,4.308657385639194,1705.23,0,1.0512081993704652,-3.7761668621924587,-1.783730734984431
2023-09-01,1629.12,1722.1556,1699.3049999999998,2.3212318674853947,1645.76,0,4.641967215659483,-4.130217942041008,-1.987425518153799
2023-09-02,1637.03,1661.6288,1689.1200000000001,1.8717516249517843,1629.12,0,1.995481252436138,-3.0838543146727373,-0.4494802425336104
2023-09-03,1635.84,1711.8623,1678.637,1.8247813419597918,1637.03,0,4.571223782551329,-2.5495089170559226,-0.04697028299199246
2023-09-04,1630.51,1785.2871,1668.7134999999998,1.7641945895453262,1635.84,0,9.135802363006167,-2.289398389837432,-0.06058675241446565
2023-09-05,1634.45,1709.5137,1660.0455000000002,2.2858181428285036,1630.51,0,4.84533501021153,-1.5418553286641918,0.5216235532831774
2023-09-06,1633.15,1712.9628,1657.6285,2.805401067503979,1634.45,0,4.803620089613476,-1.4767180945549585,0.5195829246754755
2023-09-07,1648.11,1656.4949,1656.9544999999998,4.327748707388189,1633.15,0,1.4294383888114937,-0.5337804991024151,1.5223476398842095
2023-09-08,1636.44,1654.4043,1655.2930000000001,4.689477662959774,1648.11,0,0.3819099984224415,-1.1389524392358372,0.3617289555715857
2023-09-09,1635.54,1658.1521,1652.8079999999998,4.981418853683024,1636.44,0,1.3267886148819967,-1.0447674503027458,0.2919411907232501
2023-09-10,1617.42,1660.3484,1650.3015,4.104020553640169,1635.54,0,1.5168316685544245,-1.992454106113335,-0.8773983000428558
2023-09-11,1551.85,1680.9984,1646.1444999999999,-0.4978044577719203,1617.42,0,3.9308536487701042,-5.7282030830221755,-4.601825011412089
2023-09-12,1592.97,1550.3783,1641.8125,-0.3829515567198172,1551.85,-1,-0.09483546100218507,-2.9749133960181187,0.1148529010521031
2023-09-13,1607.62,1545.1033,1639.1354999999999,0.9938221665778784,1592.97,-1,-3.0048731938219193,-1.922690345001983,1.3767737232976955
2023-09-14,1626.47,1583.3491,1637.7689999999998,3.355139726491082,1607.62,-1,-1.5097397958628216,-0.6899019336670649,2.3613175599132035
2023-09-15,1641.29,1579.8737,1637.4814999999999,5.944933893731381,1626.47,0,-2.8648756370198973,0.23258278032454688,2.5897941672402993
2023-09-16,1634.4,1649.1312,1636.285,7.143140294076552,1641.29,0,0.47774772197098236,-0.11519998044350409,1.1982064003451711
2023-09-17,1622.48,1641.1835,1634.755,7.069030971576609,1634.4,0,0.4150435437889995,-0.7508770427372964,-0.07410932249994318
2023-09-18,1636.66,1613.5381,1630.117,7.850873010133299,1622.48,0,-0.5511263043304089,0.40138223207291995,0.7818420385566895
2023-09-19,1643.12,1629.6085,1627.0115,8.617657235342143,1636.66,0,-0.4308457157984909,0.9900667573646419,0.7667842252088448
2023-09-20,1622.26,1619.2341,1625.8365,7.571667459215799,1643.12,0,-1.4536898790486934,-0.21997906923604538,-1.0459897761263441
2023-09-21,1583.94,1615.8796,1623.5774999999999,4.312784798814526,1622.26,0,-0.39330078582502137,-2.4413679051354076,-3.258882660401273
2023-09-22,1593.08,1589.9089,1621.3799999999999,2.8566963793592706,1583.94,0,0.3768410133511967,-1.7454267352502162,-1.4560884194552557
2023-09-23,1593.86,1554.4995,1619.281,2.0668683668057355,1593.08,0,-2.4217546062501523,-1.5698942925903565,-0.7898280125535351
2023-09-24,1580.71,1599.6079,1616.7910000000002,0.8423526911638319,1593.86,0,0.36062829585095935,-2.2316428035534663,-1.2245156756419036
2023-09-25,1588.33,1665.4923,1614.4850000000001,0.7331473300499347,1580.71,0,5.363558753364783,-1.620021245164879,-0.10920536111389723
2023-09-26,1594.01,1649.8804,1612.5279999999998,1.2032443335418677,1588.33,0,3.875162661018181,-1.1483831598582972,0.47009700349193295
2023-09-27,1598.64,1596.436,1610.0545,1.9420425902596392,1594.01,0,0.15219698472719803,-0.7089511566223293,0.7387982567177716
2023-09-28,1652.99,1598.9423,1610.882,5.9791164985835685,1598.64,0,0.01890736764921433,2.6139717248066554,4.037073908323929
2023-09-29,1667.45,1600.6111,1612.4775,9.312541376256345,1652.99,0,-3.1687376218625043,3.4091948569825057,3.333424877672776
2023-09-30,1670.89,1601.289,1615.151,11.305693212351954,1667.45,0,-3.9677987088256046,3.4510086053873614,1.9931518360956098
2023-10-01,1733.79,1620.112,1624.248,16.123133887476193,1670.89,0,-3.03897560300948,6.744167146888894,4.817440675124239
2023-10-02,1662.4,1781.1904,1627.7195000000002,13.851423933124961,1733.79,1,2.7339198915381933,2.1306189426372257,-2.2717099543512322
2023-10-03,1656.88,1800.2428,1630.1825,11.427557812189603,1662.4,1,8.291794865950578,1.6377000734580465,-2.423866120935358
2023-10-04,1646.58,1784.5521,1631.188,8.704292072242378,1656.88,1,7.705574575312478,0.9436067455130753,-2.723265739947225
2023-10-05,1611.79,1807.9009,1629.7130000000002,4.353393112279772,1646.58,0,9.797330157432379,-1.0997641916092114,-4.350898959962606
2023-10-06,1645.03,1797.0023,1630.2445,3.5419999015199637,1611.79,1,11.491094952564387,0.9069498470934854,-0.8113932107598081
2023-10-07,1633.57,1637.8508,1630.799,2.130912388713039,1645.03,1,-0.4364157445076973,0.16991670953930915,-1.4110875128069247
2023-10-08,1632.84,1652.0065,1630.608,1.0978263969154196,1633.57,1,1.128599920821426,0.1368814577139307,-1.0330859917976194
2023-10-09,1580.13,1646.778,1627.4585000000002,-2.96392382350464,1632.84,0,0.8536019512972847,-2.9081233100567583,-4.061750220420059
2023-10-10,1567.63,1613.0935,1624.7269999999999,-6.138194805128225,1580.13,0,2.0861261959063424,-3.5142519327862316,-3.174270981623585
2023-10-11,1566.87,1593.683,1623.8735000000001,-7.826600902303814,1567.63,0,1.6619344742341873,-3.510341168816429,-1.688406097175589
2023-10-12,1539.61,1552.7853,1621.2,-10.168516322874112,1566.87,-1,-0.898908121266435,-5.032691833209977,-2.341915420570298
2023-10-13,1552.16,1577.9147,1619.1150000000002,-10.233514348430536,1539.61,-1,2.4879464833017844,-4.13528378157204,-0.06499802555642376
2023-10-14,1554.94,1589.336,1617.8265,-9.468151684379452,1552.16,-1,2.3951177436805753,-3.8870979057395743,0.765362664051084
2023-10-15,1557.77,1574.811,1616.2985,-8.19768588630441,1554.94,0,1.2779293835292644,-3.621144237899133,1.2704657980750422
2023-10-16,1599.42,1577.236,1616.569,-4.18114525201865,1557.77,0,1.2496043648332245,-1.0608269736707736,4.016540634285759
2023-10-17,1565.01,1591.3817,1614.8875,-3.498413641958482,1599.42,-1,-0.5025750667624872,-3.088605243399311,0.6827316100601681
2023-10-18,1563.44,1579.3304,1610.41,-2.837293188710305,1565.01,-1,0.9150385196220797,-2.9166485553368413,0.6611204532481771
2023-10-19,1566.57,1580.7979,1605.366,-1.91796543143764,1563.44,-1,1.110234582874939,-2.4166451762401877,0.919327757272665
2023-10-20,1603.89,1600.0662,1602.016,1.3013063386460288,1566.57,1,2.1381848311518197,0.11697760821365226,3.219271770083669
2023-10-21,1628.94,1592.4681,1596.7735,5.007370237441808,1603.89,1,-0.7121348940115967,2.0144685517388687,3.7060638987957795
2023-10-22,1663.7,1605.1923,1596.8385,9.432524724240277,1628.94,1,-1.4578645780576664,4.187117231955516,4.425154486798469
2023-10-23,1765.46,1587.6787,1602.2675000000002,18.330702194013277,1663.7,0,-4.569410895143357,10.185097057763443,8.898177469773
2023-10-24,1784.98,1595.7141,1609.1875,24.275882595568063,1765.46,0,-9.614824956208299,10.924301860410923,5.945180401554786
2023-10-25,1787.15,1561.0674,1617.9555,26.895959349051452,1784.98,0,-12.544264764171029,10.457302441259976,2.6200767534833886
2023-10-26,1803.38,1571.8771,1625.873,28.1305518224231,1787.15,0,-12.045599127364104,10.917642398883558,1.2345924733716487
2023-10-27,1779.4,1810.6967,1633.1645,25.801806732853436,1803.38,1,0.40571899840507214,8.954119441121822,-2.328745089569665
2023-10-28,1776.2,1812.2924,1640.3325,22.62903087523459,1779.4,1,1.8485083960007536,8.282924346131047,-3.172775857618845
2023-10-29,1795.14,1799.1921,1651.0829999999999,20.45490197519142,1776.2,1,1.2944566305525815,8.72500049967205,-2.174128900043172
2023-10-30,1809.04,1832.272,1663.1535,18.65241518582424,1795.14,1,2.0684722448527633,8.771679823900804,-1.8024867893671797
2023-10-31,1814.67,1810.8005,1675.5435000000002,16.607071100515455,1809.04,1,0.09731886024493856,8.303365445301768,-2.045344085308784
2023-11-01,1846.99,1798.8053,1690.9125,16.182171656751244,1814.67,0,-0.8742472266824034,9.230371175326937,-0.42489944376421107
2023-11-02,1800.8,1810.4032,1703.3445,11.748002223185509,1846.99,0,-1.9808879180619552,5.72142041730255,-4.434169433565735
2023-11-03,1832.71,1809.0986,1717.2330000000002,9.990729992020547,1800.8,1,0.4608303427643295,6.724597069821035,-1.7572722311649613
2023-11-04,1855.54,1796.9216,1732.1215,9.401168899283043,1832.71,1,-1.9527567995277506,7.125279606540304,-0.5895610927375046
2023-11-05,1891.71,1810.4141,1746.736,10.40431276221792,1855.54,1,-2.4319571391616437,8.299708713852576,1.003143862934877
2023-11-06,1900.95,1895.377,1763.5330000000001,10.610823556662822,1891.71,1,0.1938433018274452,7.792142250811292,0.2065107944449025
2023-11-07,1885.27,1869.4948,1779.6245,8.692674144467318,1900.95,0,-1.65471206625306,5.936392761506716,-1.918149412195504
2023-11-08,1888.12,1794.978,1795.702,6.706110385855467,1885.27,0,-4.789339068475602,5.146622323748589,-1.986563758611851
2023-11-09,2121.32,1787.1979,1821.5735,19.465919073506107,1888.12,0,-5.345111752613044,16.455361257725816,12.75980868765064
2023-11-10,2077.72,1797.4215,1844.0125,23.090481957926812,2121.32,0,-15.268723776277868,12.673856603466612,3.6245628844207047
2023-11-11,2053.17,2089.6558,1863.486,21.96234279291636,2077.72,1,0.574464399377693,10.178987124131867,-1.1281391650104524
2023-11-12,2044.68,1932.7877,1877.4470000000001,18.8892960368146,2053.17,1,-5.86323978401387,8.907468493118577,-3.0730467561017605
2023-11-13,2053.65,1701.8278,1890.8805,15.829516954339141,2044.68,1,-16.768014614068587,8.608132560465883,-3.0597790824754583
2023-11-14,1979.39,1694.7611,1900.4924999999998,7.590829637538604,2053.65,0,-17.475660000563025,4.151423907224062,-8.238687316800537
2023-11-15,2058.48,1657.677,1913.2475000000002,6.307126284748023,1979.39,0,-16.253138494529885,7.590889312543194,-1.2837033527905817
2023-11-16,1961.77,2049.4946,1922.366,-1.7835545246073963,2058.48,0,-0.4365051442690732,2.0497657574051975,-8.090680809355419
2023-11-17,1960.82,1935.3549,1931.5970000000002,-7.601345504710366,1961.77,0,-1.3464953384730363,1.5128932173740033,-5.81779098010297
2023-11-18,1962.6,1856.3123,1939.97,-11.49800773018896,1960.82,0,-5.329797948849203,1.1665128842198529,-3.896662225478593
2023-11-19,2011.47,1808.434,1950.0915,-10.954894123330348,1962.6,0,-7.8551941322257415,3.1474676957465855,0.5431136068586113
2023-11-20,2021.4,1809.0636,1960.4279999999999,-10.117577359643974,2011.47,0,-10.062610994307025,3.110137174127293,0.8373167636863741
2023-11-21,1933.01,2030.1359,1964.729,-15.391245986447402,2021.4,0,0.4321690045420208,-1.614421123727499,-5.273668626803428
2023-11-22,2063.21,1978.4978,1977.8495000000003,-10.233724545972919,1933.01,0,2.353210937055422,4.3158238278493775,5.157521440474483
2023-11-23,2062.2,1966.2034,1989.3239999999998,-7.15869199457731,2063.21,0,-4.701733263185766,3.6633549889309123,3.0750325513956085
2023-11-24,2080.84,1905.4475,2000.5890000000004,-4.2797882208098486,2062.2,0,-7.601226371563128,4.011368651931993,2.878903773767462
2023-11-25,2083.09,1828.6284,2010.158,-2.7109480651018742,2080.84,0,-12.120661945716641,3.628172511812516,1.5688401557079743
2023-11-26,2062.33,2015.4769,2018.227,-3.5077372438269663,2083.09,0,-3.2458065320779537,2.1852348620843856,-0.796789178725092
2023-11-27,2027.5,2015.77,2025.3385000000003,-6.635407741331761,2062.33,0,-2.2576396827253604,0.10672290088791109,-3.127670497504795
2023-11-28,2048.14,1997.2767,2033.3395,-7.504982588649483,2027.5,0,-1.4906666634556103,0.7278912350839508,-0.8695748473177218
2023-11-29,2028.81,2012.2275,2028.714,-9.447328927982412,2048.14,0,-1.7534182691368694,0.004732061788896989,-1.9423463393329286
2023-11-30,2051.96,2058.6807,2027.426,-9.22773991819048,2028.81,0,1.4723243705669853,1.2101058189053562,0.21958900979193174
2023-12-01,2087.24,2032.2732,2029.1295000000002,-6.86946278600022,2051.96,0,-0.9594147371598392,2.8638142612386024,2.35827713219026
2023-12-02,2164.74,2037.071,2035.1325000000002,-0.5842834944822357,2087.24,0,-2.4036026081392072,6.368504262007492,6.285179291517984
2023-12-03,2192.95,2029.6212,2042.0974999999999,4.688481560237911,2164.74,0,-6.241801979900002,7.387135041299447,5.272765054720146
2023-12-04,2243.37,2010.0098,2055.2965,10.456982243588527,2192.95,0,-8.342198152032642,9.150674853968757,5.7685006833506165
2023-12-05,2293.33,1979.7755,2067.0389999999998,16.180616374034066,2243.37,0,-11.749933684799538,10.947592183795283,5.723634130445539
2023-12-06,2232.7,2202.8467,2080.5855,14.481612320038906,2293.33,0,-3.945499353015045,7.311139100027356,-1.6990040539951607
2023-12-07,2355.73,2174.418,2100.331,19.90705266536166,2232.7,0,-2.610383448291299,12.159940504615694,5.425440345322755
2023-12-08,2358.72,2103.9727,2120.1369999999997,21.807501624256005,2355.73,0,-10.687020318542448,11.253187883613187,1.9004489588943443
2023-12-09,2340.49,2093.6887,2136.588,19.995015064183804,2358.72,0,-11.236233181423604,9.543346681718683,-1.8124865600722018
2023-12-10,2352.39,2080.5547,2153.1375,17.82759951972794,2340.49,0,-11.10602106823784,9.254053677482283,-2.1674155444558636
2023-12-11,2225.12,2312.5662,2167.7429999999995,6.629203889340133,2352.39,0,-1.6929096744427954,2.646854354967375,-11.198395630387807
2023-12-12,2203.46,2178.0188,2174.7554999999998,-2.9179225171659056,2225.12,0,-2.116793753679572,1.3198955008965505,-9.547126406506038
2023-12-13,2260.16,1996.9268,2184.6535,-5.922186550032222,2203.46,0,-9.37313326257341,3.4562231493461075,-3.004264032866317
2023-12-14,2315.32,2042.8757,2196.3774999999996,-4.75280405969211,2260.16,0,-9.613667509296903,5.415394211605272,1.1693824903401122
2023-12-15,2220.5,2057.4204,2203.248,-10.5893023655604,2315.32,0,-11.138831342697776,0.7830257873829887,-5.8364983058682895
2023-12-16,2228.96,2252.231,2211.5795,-13.895768661301233,2220.5,0,1.4290005418261653,0.7858862862492717,-3.306466295740833
2023-12-17,2196.52,2261.4604,2220.0305,-18.02160066359869,2228.96,0,1.4580992578938143,-1.0590169819738904,-4.125832002297457
2023-12-18,2219.43,2271.344,2228.595,-18.87132972022478,2196.52,0,3.4064790732897956,-0.4112456502863896,-0.8497290566260887
2023-12-19,2177.91,2249.3875,2236.05,-21.69187721996856,2219.43,0,1.3497813029415284,-2.6001207486415923,-2.820547499743782
2023-12-20,2202.17,2195.628,2243.5605,-21.35247167616309,2177.91,0,0.813529011185042,-1.8448577606888683,0.3394055438054693
2023-12-21,2239.61,2197.466,2251.1789999999996,-18.160477571345126,2202.17,-1,-0.21360456035978478,-0.5139084897291378,3.191994104817965
2023-12-22,2324.54,2150.7278,2259.169,-10.27577356923009,2239.61,-1,-3.9686470768069046,2.8935860929394877,7.884704002115036
2023-12-23,2308.2,2198.3572,2264.9314999999997,-6.302493377309496,2324.54,-1,-5.428292146645141,1.9103668256633872,3.973280191920594
2023-12-24,2264.05,2186.5068,2265.9655,-6.749508339440602,2308.2,-1,-5.272210556385921,-0.0845335023856105,-0.4470149621311066
2023-12-25,2271.35,2171.68,2264.8664999999996,-6.6448431076023695,2264.05,0,-4.07985991296019,0.28626411313868955,0.10466523183823284
2023-12-26,2230.88,2328.3555,2264.7755,-9.233307001423249,2271.35,0,2.5097615404935434,-1.4966384085310036,-2.5884638938208795
2023-12-27,2378.35,2293.0654,2265.9065,-1.3591441898245904,2230.88,0,2.7874842971159315,4.962406877777166,7.874162811598659
2023-12-28,2344.15,2245.1536,2265.1780000000003,1.0693564987287871,2378.35,0,-5.600371499017172,3.486348534199067,2.4285006885533775
2023-12-29,2299.2,2249.3716,2263.1135,-0.731161516246992,2344.15,0,-4.043189129055311,1.5945510466001769,-1.8005180149757791
2023-12-30,2291.68,2162.762,2260.078,-2.6975987736378784,2299.2,0,-5.9341526230591,1.398270325183461,-1.9664372573908864
2023-12-31,2281.87,2292.0173,2262.9155,-4.804941184237855,2291.68,0,0.014719942765794688,0.8376141309739503,-2.1073424105999763
2024-01-01,2352.04,2348.3855,2270.3445,-1.7750416586654367,2281.87,0,2.914955630551921,3.598374607906413,3.029899525572418
2024-01-02,2355.34,2348.19,2275.1035,0.052507747289233464,2352.04,0,-0.16369018357468257,3.526718674557002,1.8275494059546702
2024-01-03,2209.72,2394.2798,2269.8235,-8.473201939585607,2355.34,0,1.6532553752855152,-2.6479371633961923,-8.52570968687484
2024-01-04,2267.11,2335.7148,2272.154,-10.066265987236719,2209.72,0,5.701846557482406,-0.22199199526087887,-1.5930640476511115
2024-01-05,2268.78,2327.1228,2274.145,-10.763548177634462,2267.11,0,2.64710590727291,-0.23591283757191306,-0.6972821903977433
2024-01-06,2240.78,2320.4287,2276.3579999999997,-12.731756751390837,2268.78,0,2.27649710141573,-1.5629351797915585,-1.9682085737563746
2024-01-07,2221.42,2251.925,2276.4574999999995,-14.812977750163785,2240.78,0,0.49737363008081115,-2.417681858765185,-2.081220998772949
2024-01-08,2330.44,2216.206,2284.084,-8.629258250150276,2221.42,0,-0.2347122701920426,2.029522556963764,6.18371950001351
2024-01-09,2344.29,2239.5327,2291.19,-3.643254198761287,2330.44,0,-3.9008635775325713,2.3175729642674727,4.9860040513889885
2024-01-10,2584.38,2291.5986,2308.4285,14.777082417061123,2344.29,0,-2.247647142098459,11.954084781053437,18.42033661582241
2024-01-11,2618.01,2265.811,2323.102,27.442699102714307,2584.38,0,-12.326707560178846,12.694578197599604,12.665616685653184
2024-01-12,2522.54,2245.9136,2333.8190000000004,27.53600840678473,2618.01,0,-14.212948987255594,8.08635973912285,0.0933093040704236
2024-01-13,2578.19,2179.744,2349.5260000000003,29.325712805247164,2522.54,0,-13.58932280620426,9.73234601362146,1.7897043984624332
2024-01-14,2472.87,2200.8303,2359.602,21.745296946132143,2578.19,0,-14.63661241934749,4.800301067722439,-7.580415859115021
2024-01-15,2511.78,2483.7495,2373.647,17.844108886401393,2472.87,1,0.43995485887855446,5.819441559760161,-3.9011880597307496
2024-01-16,2587.4,2430.2932,2384.0995,18.755572362437945,2511.78,1,-3.2441848851959643,8.527349634526592,0.9114634760365519
2024-01-17,2530.19,2476.958,2393.4015,14.116084134827688,2587.4,1,-4.2684545175659,5.715234155238899,-4.639488227610258
2024-01-18,2470.81,2488.3574,2401.982,6.069918816839973,2530.19,0,-1.6533374222884467,2.865466935222661,-8.046165317987715
2024-01-19,2492.0,2417.1887,2411.998,1.4382621795207484,2470.81,0,-2.1701903139810406,3.3168352544239235,-4.6316566373192245
2024-01-20,2472.01,2492.3267,2421.505,-3.441736958851834,2492.0,0,0.01310835297953451,2.085686380990339,-4.8799991383725825
2024-01-21,2457.05,2389.089,2426.7555,-7.892727483318225,2472.01,0,-3.3543913120042075,1.248354026600536,-4.450990524466391
2024-01-22,2314.2,2403.5854,2424.6985,-19.98514734483149,2457.05,-1,-2.1759651118719674,-4.557205772181579,-12.092419861513264
2024-01-23,2242.6,2359.0613,2426.3424999999997,-31.640603704415753,2314.2,-1,1.938522137104623,-7.5728179348134015,-11.655456359584264
2024-01-24,2235.02,2354.03,2424.7380000000003,-38.25345935059668,2242.6,-1,4.968787536648314,-7.8242680240092035,-6.612855646180925
2024-01-25,2218.64,2233.7239,2422.231,-41.83346181068453,2235.02,-1,-0.05799156369406009,-8.405102568665017,-3.5800024600878544
2024-01-26,2267.68,2259.0854,2423.576,-39.054562516770154,2218.64,0,1.8229838648338679,-6.432478288281457,2.778899293914378
2024-01-27,2267.94,2214.6133,2425.902,-35.459713681870205,2267.68,-1,-2.3401325914591053,-6.511474907065495,3.594848834899949
2024-01-28,2256.9,2221.3928,2422.225,-32.18221113927794,2267.94,-1,-2.0523989935525213,-6.825336209476816,3.2775025425922664
2024-01-29,2317.6,2297.6914,2420.8905,-24.62379823252552,2256.9,-1,1.8074086689707078,-4.266632464376231,7.5584129067524195
2024-01-30,2343.01,2327.4788,2408.822,-16.974420877861796,2317.6,0,0.4262495584063294,-2.732123834803896,7.649377354663724
2024-01-31,2283.14,2313.6191,2392.0785,-15.072704002067068,2343.01,-1,-1.2544060578059937,-4.5541356606817125,1.9017168757947278
2024-02-01,2304.28,2346.8484,2381.1655,-11.668977817622793,2283.14,-1,2.7903846751349075,-3.228901980983676,3.4037261844442757
2024-02-02,2309.06,2390.0374,2367.709,-8.51971126747192,2304.28,-1,3.7216550729783178,-2.477035818168529,3.149266550150873
2024-02-03,2296.49,2453.8757,2358.8900000000003,-6.782843164766074,2309.06,0,6.271631418060815,-2.645311989961403,1.736868102705845
2024-02-04,2289.79,2327.0547,2347.7905,-5.632219383985838,2296.49,0,1.3309305723081843,-2.470429111967192,1.1506237807802364
2024-02-05,2301.83,2356.3657,2333.5119999999997,-3.7005797994529033,2289.79,0,2.9075034241677202,-1.3576960392746982,1.9316395845329346
2024-02-06,2372.64,2281.1746,2325.6345,2.378324093654413,2301.83,0,-0.8973486075481216,2.021190346118436,6.0789038931073165
2024-02-07,2425.1,2368.5034,2323.349,9.561511909777142,2372.64,0,-0.17434511899191926,4.379497010565341,7.183187816122729
2024-02-08,2419.55,2372.5405,2319.7264999999998,13.336433622535099,2425.1,0,-2.1673115606057447,4.303244369540997,3.7749217127579566
2024-02-09,2486.56,2466.0115,2320.454,19.377445793546315,2419.55,1,1.92025271680167,7.158340566113345,6.041012171011216
2024-02-10,2500.24,2489.3103,2322.6135,23.0745585920055,2486.56,1,0.11060673116172763,7.647699455806997,3.697112798459184
2024-02-11,2507.21,2509.0308,2332.264,24.6279437997907,2500.24,1,0.35159671546532406,7.501123371968179,1.553385207785201
2024-02-12,2659.99,2623.6477,2353.1335,34.00537256081932,2507.21,1,4.644114576685836,13.04033536558805,9.377428761028618
2024-02-13,2639.99,2537.6287,2373.382,36.691258855928226,2659.99,0,-4.600067590127211,11.233252801276816,2.685886295108908
2024-02-14,2774.81,2620.363,2401.1904999999997,44.83884128375155,2639.99,0,-0.7434483801311665,15.559760876948342,8.147582427823323
2024-02-15,2822.59,2532.7976,2428.9359999999997,50.325713054874996,2774.81,0,-8.721764465967938,16.206849418840203,5.486871771123447
2024-02-16,2801.8,2429.0825,2455.629,49.36659236016785,2822.59,0,-13.941361673808455,14.097039903014677,-0.9591206947071456
2024-02-17,2785.93,2446.6292,2482.0805,44.61899361535134,2801.8,0,-12.676524006330759,12.241726245381638,-4.747598744816507
2024-02-18,2881.2,2418.288,2510.2605,44.736726639732225,2785.93,0,-13.196380169727878,14.776932513577773,0.11773302438088251
2024-02-19,2944.8,2882.6514,2540.35,45.77471413779743,2881.2,1,0.05037370496668687,15.92103450311966,1.0379874980652062
2024-02-20,3014.81,2709.9216,2576.9335,47.639827684112774,2944.8,1,-7.976038071876704,16.992153658602362,1.8651135463153423
2024-02-21,2967.9,2690.5317,2610.1145,42.35545342192488,3014.81,1,-10.756175736406274,13.70765535381685,-5.284374262187896
2024-02-22,2971.4,2538.4507,2643.2315,35.98744612787462,2967.9,0,-14.469804117599988,12.415427857908028,-6.368007294050258
2024-02-23,2922.24,2458.4602,2674.519,25.831399262024945,2971.4,0,-17.262562930668206,9.262263607026162,-10.156046865849675
2024-02-24,2992.62,2840.29,2709.6605,21.40336788656265,2922.24,0,-2.8043542261244725,10.44261818039566,-4.428031375462297
2024-02-25,3112.59,2727.9304,2750.1985,23.91360571590016,2992.62,0,-8.844744073023802,13.176921593114105,2.5102378293375125
2024-02-26,3175.94,2574.0657,2790.3635000000004,26.973165381201653,3112.59,0,-17.301486099096735,13.818145915397748,3.0595596653014923
2024-02-27,3242.36,2630.1833,2831.2264999999998,30.351085085721053,3175.94,0,-17.184098263525918,14.521392053938476,3.3779197045193996
2024-02-28,3383.1,2569.7666,2879.404,38.42522307512991,3242.36,0,-20.743945719707256,17.493064536966674,8.074137989408854
2024-02-29,3340.09,3254.3267,2922.0805,37.205525466848115,3383.1,0,-3.806371075160353,14.305201379633454,-1.2196976082817912
2024-03-01,3433.43,3111.7583,2968.74,38.84130986462594,3340.09,0,-6.8360942135915534,15.652768514588683,1.635784397777826
2024-03-02,3421.4,2954.6665,3014.4494999999997,35.368110104347494,3433.43,0,-13.944175244398455,13.499993945826608,-3.4731997602784475
2024-03-03,3487.81,2782.5322,3055.8405000000002,33.80001539459107,3421.4,0,-18.67270045704975,14.135865402660894,-1.5680947097564228
2024-03-04,3627.76,2519.4727,3105.2290000000003,38.12431966335001,3487.81,0,-27.763477475837274,16.82745459352595,4.324304268758937
2024-03-05,3553.65,3452.7683,3144.171,32.16747612868241,3627.76,0,-4.823684297007663,13.023432885806793,-5.956843534667598
2024-03-06,3818.59,3265.7485,3193.9710000000005,41.642938643533995,3553.65,0,-8.10157063424226,19.556188832021316,9.475462514851586
2024-03-07,3868.76,3297.841,3247.319,46.49331987549675,3818.59,0,-13.637204715533095,19.137048131089067,4.850381231962757
2024-03-08,3883.36,3043.7964,3302.1904999999997,45.814562780382886,3868.76,0,-21.323721639007076,17.599514625216216,-0.6787570951138662
2024-03-09,3905.21,3040.39,3353.3910000000005,42.06408787435356,3883.36,0,-21.707235677914873,16.45555200690881,-3.750474906029325
2024-03-10,3878.47,3779.1863,3400.0745,33.388152995590076,3905.21,0,-3.2270664241647706,14.070147580589767,-8.675934878763485
2024-03-11,4064.8,3558.6401,3452.5739999999996,35.601373345804575,3878.47,0,-8.2462894719116,17.732451208866216,2.213220350214499
2024-03-12,3979.96,3118.3027,3503.1769999999997,27.137105938909144,4064.8,0,-23.285211218879162,13.610017421329278,-8.46426740689543
2024-03-13,4004.79,2838.3872,3554.8464999999997,19.361139184354215,3979.96,0,-28.683021763252647,12.657185057076315,-7.775966754554929
2024-03-14,3881.7,2868.9695,3602.8195,2.940178186070966,4004.79,0,-28.361549983348066,7.740618146426701,-16.42096099828325
2024-03-15,3742.19,3834.462,3640.298,-19.093071113638644,3881.7,0,-1.216943244905578,2.7990016201970356,-22.03324929970961
2024-03-16,3523.09,3853.3699,3660.8230000000003,-48.52470554812953,3742.19,0,2.970984184311191,-3.76235070638488,-29.43163443449089
2024-03-17,3644.71,3472.732,3684.2614999999996,-59.19609750859968,3523.09,-1,-1.4293721252153688,-1.0735258612886078,-10.671391960470146
2024-03-18,3520.46,3084.986,3698.1665000000003,-73.10545005492804,3644.71,-1,-15.35715917084281,-4.805259579307752,-13.909352546328364
2024-03-19,3158.64,2914.549,3686.9435000000003,-103.30968260693191,3520.46,-1,-17.21112944712836,-14.329037046540053,-30.204232552003873
2024-03-20,3516.53,3272.651,3695.7655,-95.97819999143186,3158.64,0,3.6094926584305314,-4.849753048455043,7.33148261550005
2024-03-21,3492.85,3270.988,3698.7365000000004,-89.63653898072207,3516.53,-1,-6.982507269684183,-5.566400850668884,6.3416610107097995
2024-03-22,3336.35,3410.4463,3694.4839999999995,-92.5196816294604,3492.85,-1,-2.359211272671312,-9.693748842869523,-2.8831426487383283
2024-03-23,3329.53,3533.1743,3686.5699999999997,-91.27051440651287,3336.35,-1,5.8993905437454135,-9.684883238348913,1.24916722294752
2024-03-24,3454.98,3471.2966,3677.9310000000005,-78.84759246449417,3329.53,0,4.257857140778873,-6.061859235532163,12.422921942018704
2024-03-25,3590.42,3369.1335,3679.7695,-59.25515955827589,3454.98,-1,-2.4847164116181575,-2.4281276313638616,19.592432906218278
2024-03-26,3587.33,3330.8513,3668.2065000000002,-44.901690258051914,3590.42,-1,-7.229479605188949,-2.2047968128293842,14.353469300223978
2024-03-27,3501.19,3263.8848,3649.828,-39.78205137445579,3587.33,-1,-9.016322289139831,-4.07246588058396,5.119638883596124
2024-03-28,3560.49,3282.1562,3633.6845000000003,-31.346066069254704,3501.19,-1,-6.255980109619874,-2.0143328348952836,8.435985305201086
2024-03-29,3509.74,3349.9102,3613.911,-28.225377242706443,3560.49,-1,-5.914350096475479,-2.882500426822915,3.1206888265482604
2024-03-30,3505.64,3675.0723,3595.2695,-25.558379578317783,3509.74,0,4.710669896488065,-2.492984183800408,2.66699766438866
2024-03-31,3645.29,3630.294,3574.2940000000003,-14.083513278707741,3505.64,0,3.555811358624962,1.9862943563120337,11.474866299610042
2024-04-01,3503.8,3568.4478,3550.486,-15.599175838189225,3645.29,-1,-2.107987186033209,-1.3149185773440508,-1.515662559481484
2024-04-02,3278.96,3597.0244,3514.1945,-30.46124528438012,3503.8,-1,2.6606659644528743,-6.693838374626106,-14.862069446190894
2024-04-03,3310.83,3548.8394,3485.6509999999994,-36.45742994720588,3278.96,-1,8.230638844900517,-5.015447616528433,-5.996184662825762
2024-04-04,3327.4,3325.715,3464.9115000000006,-37.47563627927909,3310.83,0,0.4495878039834444,-3.9686872233244777,-1.0182063320732055
2024-04-05,3317.85,3317.78,3454.6494999999995,-36.90186899796388,3327.4,-1,-0.28911374355728464,-3.959866261396406,0.5737672813152059
2024-04-06,3351.59,3351.7441,3439.9934999999996,-32.5135878358298,3317.85,-1,1.0215694086531968,-2.5698740419131445,4.388281162134078
2024-04-07,3454.2,3423.5044,3436.6805,-21.4952566718,3351.59,-1,2.145679946868497,0.5097797133018295,11.018331164029803
2024-04-08,3694.61,3384.7188,3463.4790000000003,1.9441283735310257,3454.2,0,-2.0115004921544735,6.67337668280939,23.439385045331026
2024-04-09,3506.39,3728.3894,3462.972,4.58146175605078,3694.61,1,0.9142887692307138,1.2537785462891315,2.6373333825197545
2024-04-10,3545.64,3665.7522,3465.6115,8.548380695659132,3506.39,1,4.544907932820511,2.3092172910898956,3.9669189396083517
2024-04-11,3502.52,3628.4246,3473.9200000000005,7.86456120083502,3545.64,1,2.33482701421676,0.823277450257906,-0.6838194948241121
2024-04-12,3237.43,3709.7092,3469.315,-9.881935860459208,3502.52,0,5.915433131448928,-6.683884282632169,-17.746497061294228
2024-04-13,3007.01,3646.4268,3446.9164999999994,-35.1576066254773,3237.43,0,12.633377642528185,-12.762319597820232,-25.27567076501809
2024-04-14,3155.11,2795.5454,3425.1510000000003,-39.591031770673595,3007.01,-1,-7.0323873164289505,-7.884061169857917,-4.433425145196296
2024-04-15,3101.99,2785.9402,3400.8839999999996,-43.47968801430627,3155.11,-1,-11.700695521015911,-8.788714934117124,-3.888656243632674
2024-04-16,3084.22,2742.7715,3380.0354999999995,-44.46799045839981,3101.99,-1,-11.580260272438009,-8.751845949546972,-0.9883024440935415
2024-04-17,2985.41,2762.6375,3351.2815,-48.65703081350024,3084.22,-1,-10.426705903863045,-10.917361015480203,-4.189040355100431
2024-04-18,3064.4,2754.0576,3329.0145,-43.174955422836234,2985.41,-1,-7.749434175289152,-7.948733776918067,5.482075390664008
2024-04-19,3056.46,3140.8552,3306.5555,-37.3678565529178,3064.4,0,2.4949492432246085,-7.5636262569916015,5.807098869918434
2024-04-20,3155.79,2934.0977,3282.0805,-24.730567279946413,3056.46,-1,-4.003400788821056,-3.8478794167297257,12.637289272971387
2024-04-21,3147.67,2843.9834,3264.274,-15.275556582835094,3155.79,-1,-9.88046104343128,-3.5721266045681164,9.45501069711132
2024-04-22,3200.2,2898.2446,3260.3360000000002,-4.405426336578174,3147.67,-1,-7.924127087456756,-1.8444724715489573,10.87013024625692
2024-04-23,3219.46,2925.743,3255.7675,4.6686704206481835,3200.2,0,-8.576247736957841,-1.1151748397267278,9.074096757226357
2024-04-24,3140.8,3303.4856,3246.4374999999995,5.881702550363514,3219.46,0,2.6099282396154933,-3.2539514467781796,1.2130321297153301
2024-04-25,3155.8,3385.7163,3238.335,8.067739320308434,3140.8,0,7.797895714268652,-2.5486862847728804,2.18603676994492
2024-04-26,3131.3,3425.373,3227.3205000000003,8.209855158137572,3155.8,0,8.54214610795994,-2.9752390566725575,0.14211583782913806
2024-04-27,3255.56,3251.361,3217.3885,16.538234754917738,3131.3,1,3.8342248901215092,1.1864125205892893,8.328379596780167
2024-04-28,3263.45,3520.4268,3195.8305,22.096862940258305,3255.56,1,8.135827870243524,2.115866282645459,5.558628185340567
2024-04-29,3216.73,3448.867,3181.3475,22.092626283777705,3263.45,1,5.6816235382608955,1.1121859526505722,-0.004236656480600232
2024-04-30,3014.05,3472.7656,3154.768,8.598559394395323,3216.73,0,7.959500020206855,-4.460486476343105,-13.494066889382381
2024-05-01,2972.46,3387.735,3128.2650000000003,-2.382500851081403,3014.05,0,12.398105785301333,-4.980556314762345,-10.981060245476726
2024-05-02,2986.19,3353.2246,3115.703,-7.67698853001508,2972.46,0,12.809747124435653,-4.156782594489909,-5.294487678933677
2024-05-03,3102.61,3681.6475,3120.4829999999997,-2.5587635914104396,2986.19,0,23.289122960612016,-0.5727638958455981,5.118224938604641
2024-05-04,3117.23,2983.9998,3118.589,2.3268358425254263,3102.61,0,-3.822918257229401,-0.0435773999074557,4.885599433935866
2024-05-05,3136.41,3029.5132,3120.31,7.096224138896048,3117.23,0,-2.813934692218733,0.515974374341008,4.769388296370622
2024-05-06,3062.6,3092.382,3119.2290000000003,5.592176041452646,3136.41,0,-1.4037679997792016,-1.815480684489672,-1.5040480974434018
2024-05-07,3005.69,3094.005,3120.243,1.3006770537544483,3062.6,0,1.0254320777280772,-3.671284576233322,-4.291498987698198
2024-05-08,2974.21,3193.4749,3115.7335,-2.893055996979129,3005.69,0,6.247645416381095,-4.5422209569592455,-4.193733050733577
2024-05-09,3036.23,2999.4082,3114.722,-0.8321234093557948,2974.21,0,0.8472234013401865,-2.520032285385347,2.060932587623334
2024-05-10,2909.99,2974.0493,3102.432,-6.971341877134762,3036.23,-1,-2.047956959576515,-6.202940145021713,-6.139218467778967
2024-05-11,2912.45,2863.638,3090.6710000000003,-9.699205754826778,2909.99,-1,-1.5928597880705702,-5.766417713176215,-2.727863877692016
2024-05-12,2929.29,2724.3252,3077.1254999999996,-9.206095074762885,2912.45,-1,-6.45933165161633,-4.804337684634563,0.4931106800638929
2024-05-13,2950.99,2741.2866,3063.702,-6.388853220189532,2929.29,-1,-6.418052801404094,-3.678947887229255,2.8172418545733535
2024-05-14,2881.93,2974.2568,3050.7585000000004,-8.040105123894705,2950.99,0,0.7884417072745153,-5.533984417317874,-1.6512519037051732
2024-05-15,3032.55,2995.7566,3044.596,1.6322284205659372,2881.93,0,3.949665390792808,-0.39565183689395317,9.672333544460642
2024-05-16,2944.7,2927.7268,3035.266,2.6726077731223654,3032.55,0,-3.4566023102463332,-2.9837912064379286,1.0403793525564282
2024-05-17,3092.01,2926.9504,3027.0885,13.24937747176341,2944.7,0,-0.6027629485813434,2.1446845706691553,10.576769698641044
2024-05-18,3122.94,2872.1885,3020.063,21.791622417431242,3092.01,0,-7.109340637239213,3.4064521170584836,8.542244945667832
2024-05-19,3071.19,3109.6814,3012.786,23.284756107860666,3122.94,0,-0.42455517927417924,1.9385379512517646,1.4931336904294241
2024-05-20,3661.78,3070.6814,3045.1724999999997,61.220938399593464,3071.19,0,-0.016560470554575085,20.24868870318514,37.9361822917328
2024-05-21,3789.6,3001.6562,3086.0294999999996,90.33780498591021,3661.78,0,-18.027400608447262,22.798566896395524,29.116866586316746
2024-05-22,3737.73,3028.5144,3123.6065000000003,100.72724694439783,3789.6,0,-20.083533768817947,19.660719107864566,10.389441958487623
2024-05-23,3783.61,3110.5032,3157.6565,104.84266910882724,3737.73,0,-16.78095598590254,19.82335634037458,4.115422164429404
2024-05-24,3728.28,3784.2266,3188.209,98.11197657865463,3783.61,0,0.016295614505720004,16.939636015079326,-6.730692530172604
2024-05-25,3749.26,3763.1155,3218.8515,89.58229239172968,3728.28,1,0.9343578946759576,16.478191056654833,-8.529684186924953
2024-05-26,3826.47,3848.8774,3257.0449999999996,83.75646629779715,3749.26,1,2.6569894167448984,17.482871744173025,-5.825826093932534
2024-05-27,3894.22,3824.1172,3301.4715000000006,79.13615247608259,3826.47,1,-0.06148780730019575,17.95406987459983,-4.620313821714561
2024-05-28,3844.69,3751.1492,3344.9955,67.84873196555549,3894.22,0,-3.6739277718805003,14.938570171469589,-11.287420510527099
2024-05-29,3767.43,3924.9954,3381.5555,51.04989857833965,3844.69,1,2.0887343668312646,11.411153831424619,-16.798833387215836
2024-05-30,3747.91,3847.7454,3423.4515,35.245719842379515,3767.43,1,2.131834203372728,9.477525824449382,-15.804178735960136
2024-05-31,3762.29,3675.8633,3465.9435000000003,22.976539215091208,3747.91,1,-1.9223172047887986,8.550240360236675,-12.269180627288307
2024-06-01,3815.82,3774.579,3510.2699999999995,16.012290998281998,3762.29,1,0.3266388705416126,8.704458631387348,-6.96424821680921
2024-06-02,3780.91,3758.9802,3551.7660000000005,7.057619603967765,3815.82,0,-1.4895821970277727,6.4515511438534885,-8.954671394314232
2024-06-03,3767.06,4024.4253,3596.0225,-1.3472775484054011,3780.91,0,6.440652990120108,4.7562967139388,-8.404897152373167
2024-06-04,3810.23,4089.44,3634.9064999999996,-5.325034350723058,3767.06,0,8.557865853112242,4.823329018229229,-3.977756802317657
2024-06-05,3865.99,3947.7375,3680.971,-5.503823547185419,3810.23,0,3.608904156130338,5.026363967550948,-0.17878919646236113
2024-06-06,3813.46,3858.7214,3717.0434999999998,-10.190391509058259,3865.99,0,-0.18801301744507312,2.5939029231161883,-4.686567961872839
2024-06-07,3678.32,3668.1404,3744.8125,-22.705421478579524,3813.46,-1,-3.8107025939861714,-1.775589565565695,-12.515029969521265
2024-06-08,3681.57,3722.859,3775.3315000000002,-30.587644476763387,3678.32,-1,1.2108486134634788,-2.483530254230657,-7.882222998183863
2024-06-09,3706.4,3754.6519,3777.5625,-33.70601404918611,3681.57,-1,1.9850730929671263,-1.8838205853642371,-3.118369572422722
2024-06-10,3667.85,3799.1577,3771.475,-37.642963208391194,3706.4,0,2.5026363814955186,-2.7475987511517377,-3.936949159205085
2024-06-11,3497.33,3714.8687,3759.4549999999995,-50.222821980120926,3667.85,0,1.2819131737598346,-6.972420204524315,-12.579858771729732
2024-06-12,3560.12,3588.052,3748.2805,-52.55666495632725,3497.33,0,2.594036077611351,-5.019915131751745,-2.333842976206327
2024-06-13,3469.4,3527.5796,3735.3365,-58.02302212699996,3560.12,-1,-0.9140256552096527,-7.11947906165883,-5.466357170672708
2024-06-14,3481.8,3513.6973,3721.9635000000003,-58.45309933511024,3469.4,-1,1.2767990322534128,-6.452602235352391,-0.4300772081102764
2024-06-15,3568.74,3594.5168,3709.077,-50.813793375525194,3481.8,-1,3.2373153456006896,-3.7836097767719687,7.6393059595850445
2024-06-16,3624.41,3866.4207,3695.5865,-40.396982852017054,3568.74,0,8.341337679317498,-1.925986578855617,10.41681052350814
2024-06-17,3511.46,3941.917,3678.925,-39.45421427519791,3624.41,0,8.760239382064947,-4.5520090787390375,0.942768576819141
2024-06-18,3483.42,3659.3103,3664.7245000000003,-38.990331164660134,3511.46,0,4.2105079577832285,-4.947288670676341,0.463883110537779
2024-06-19,3560.51,3648.664,3655.3545,-32.052903857211476,3483.42,0,4.743730658375962,-2.5946731021573886,6.937427307448658
2024-06-20,3513.08,3657.409,3642.8939999999993,-29.2951763105915,3560.51,0,2.7214903355663873,-3.563485514538699,2.757727546619975
2024-06-21,3518.5,3743.632,3628.028,-25.86223506936067,3513.08,0,6.562676627862875,-3.0189403168883975,3.432941241230832
2024-06-22,3495.75,3756.699,3613.7699999999995,-23.924841742570642,3518.5,0,6.769901225220264,-3.2658414896354646,1.9373933267900263
2024-06-23,3420.91,3372.416,3596.4625,-26.296122788988608,3495.75,-1,-3.5281122613173137,-4.881254844169798,-2.371281046417966
2024-06-24,3352.73,3580.214,3573.5875,-30.758731164809383,3420.91,-1,4.656775867477517,-6.180274024352281,-4.462608375820775
2024-06-25,3394.91,3461.25,3550.0335,-29.18518294069177,3352.73,-1,3.2367652629349806,-4.369634821755911,1.5735482241176122
2024-06-26,3371.44,3503.716,3527.9325,-28.033887391744322,3394.91,0,3.204976404473908,-4.435813326927311,1.1512955489474486
2024-06-27,3450.44,3541.5532,3516.5385,-20.604313542867665,3371.44,0,5.045714076366477,-1.8796467037116202,7.429573848876657
2024-06-28,3380.15,3511.6602,3501.4674999999997,-19.109484656955466,3450.44,0,1.7742709987711696,-3.4647615606884727,1.4948288859121988
2024-06-29,3378.8,3514.631,3485.0875,-16.96965621442621,3380.15,0,3.9785543101822376,-3.0497799553095843,2.1398284425292573
2024-06-30,3438.16,3611.389,3473.603,-10.62468023889187,3378.8,0,6.883772819214657,-1.0203526424867841,6.344975975534339
2024-07-01,3442.2,3616.2957,3470.8465000000006,-5.482790749105696,3438.16,0,5.181133347397305,-0.8253462087707059,5.141889489786173
2024-07-02,3421.35,3519.1855,3463.9080000000004,-2.9404441678026316,3442.2,0,2.236521610452623,-1.2286123072552861,2.5423465813030646
2024-07-03,3295.48,3335.5852,3455.2120000000004,-8.856143915923255,3421.35,-1,-2.50675303379879,-4.622929070633015,-5.915699748120623
2024-07-04,3059.7,3265.507,3434.107,-26.75708697451467,3295.48,-1,-0.9095160620569694,-10.902601462330678,-17.900943058591416
2024-07-05,2981.78,3237.397,3404.7590000000005,-41.09651010844946,3059.7,-1,5.8076599881115865,-12.423170039347871,-14.339423133934787
2024-07-06,3066.83,3354.0317,3376.8799999999997,-41.957913364392226,2981.78,0,12.484212057269476,-9.18155220203264,-0.8614032559427685
2024-07-07,2931.0,3438.2056,3347.857,-48.32681370364209,3066.83,0,12.109427858937408,-12.451457753422563,-6.368900339249862
2024-07-08,3019.01,2848.405,3324.6364999999996,-43.418745783981294,2931.0,-1,-2.8179792119797,-9.19277942114873,4.908067919660795
2024-07-09,3066.65,2895.3882,3299.9435,-34.17714064533,3019.01,-1,-4.094779957875271,-7.069621040481444,9.241605138651295
2024-07-10,3101.05,2957.6304,3279.3419999999996,-23.47086779686947,3066.65,-1,-3.555007219808263,-5.436822386930045,10.706272848460529
2024-07-11,3099.57,2919.5264,3258.3954999999996,-14.64409303962293,3101.05,-1,-5.8536183812740905,-4.874346898649948,8.82677475724654
2024-07-12,3133.88,2982.3862,3240.3019999999997,-5.140654354081917,3099.57,-1,-3.780646009970743,-3.2843234982418172,9.503438685541013
2024-07-13,3175.93,3071.5437,3228.053,4.79438352203988,3133.88,0,-1.9891093094861676,-1.6146884825001337,9.935037876121797
2024-07-14,3245.08,3072.3484,3222.6704999999997,16.197659626622055,3175.93,0,-3.2614576306192156,0.695370500955658,11.403276104582176
2024-07-15,3483.39,3050.6245,3227.0945,38.68189870053672,3245.08,0,-5.992317239675137,7.9419893033810975,22.484239073914665
2024-07-16,3444.13,3040.381,3230.7290000000003,49.13077690645366,3483.39,0,-12.717751859090567,6.605351299969755,10.448878205916941
2024-07-17,3387.05,3093.875,3227.5595,50.239166874554115,3444.13,0,-10.1696219364542,4.941520055633377,1.1083899681004539
2024-07-18,3426.5,3514.5286,3229.877,51.480830001536454,3387.05,1,3.7637048302541976,6.0876312008166265,1.2416631269823384
2024-07-19,3503.53,3642.6052,3236.1135,55.0218687109019,3426.5,1,6.3068794574456435,8.263508062989764,3.541038709365445
2024-07-20,3517.5,3701.7603,3240.0805,55.66873653964912,3503.53,1,5.658015027879019,8.562117515290128,0.6468678287472187
2024-07-21,3535.92,3561.5732,3244.7665,54.62479254213859,3517.5,1,1.2529706378820185,8.973018551566033,-1.0439439975105245
2024-07-22,3439.6,3595.4575,3245.679,45.128866019681745,3535.92,1,1.683791475238408,5.974743651482473,-9.495926522456848
2024-07-23,3482.51,3448.1692,3255.0305,39.61566827132504,3439.6,1,0.2491333135575384,6.988552027392688,-5.513197748356703
2024-07-24,3335.81,3409.8174,3268.8360000000002,24.69701933850893,3482.51,0,-2.087362769597222,2.0488638769274354,-14.918648932816112
2024-07-25,3175.48,3368.0024,3278.5209999999997,3.739151785498912,3335.81,0,0.9650562054268695,-3.1429110870419836,-20.95786755301002
2024-07-26,3274.61,3325.079,3288.91,-3.355726180319511,3175.48,0,4.711070501546223,-0.43479450638660616,-7.094877965818423
2024-07-27,3249.01,3333.7817,3304.8105000000005,-9.341954446144989,3274.61,0,1.806985817585907,-1.6884629239709892,-5.986228265825478
2024-07-28,3270.16,3190.332,3317.368,-11.314726593319296,3249.01,-1,-1.80602610487503,-1.42305586838723,-1.9727721471743074
2024-07-29,3317.66,3111.9453,3329.9185000000007,-8.961142230846885,3270.16,-1,-4.838132920101764,-0.36813213296363917,2.353584362472411
2024-07-30,3279.21,3168.3857,3338.8265,-9.48396415430777,3317.66,-1,-4.499383837177404,-1.7855524987596714,-0.5228219234608851
2024-07-31,3232.74,3100.0925,3345.4849999999997,-12.272456414493115,3279.21,-1,-5.4622140912940935,-3.370064430119995,-2.788492260185345
2024-08-01,3203.4,3058.2217,3348.9610000000002,-15.213681584536488,3232.74,-1,-5.398464470155342,-4.346452526619454,-2.9412251700433725
2024-08-02,2989.61,3124.023,3339.6450000000004,-29.832945933419225,3203.4,-1,-2.477900068091718,-10.481203840527968,-14.619264348882737
2024-08-03,2903.64,3203.1042,3322.5730000000003,-42.780243896485025,2989.61,0,7.141207316234387,-12.608692119029453,-12.9472979630658
2024-08-04,2688.92,3172.47,3282.8495000000003,-62.11988635380369,2903.64,0,9.258378128939027,-18.091889378419577,-19.339642457318668
2024-08-05,2419.59,3133.7185,3231.6225,-87.79580931949263,2688.92,0,16.541901799212134,-25.127702879900106,-25.67592296568894
2024-08-06,2461.33,3102.0327,3185.3365000000003,-96.04535075189716,2419.59,0,28.204890698165798,-22.729356851309127,-8.249541432404527
2024-08-07,2342.8,2648.2295,3131.1515,-102.94906944845992,2461.33,0,7.593434939138599,-25.17768622821348,-6.903718696562763
2024-08-08,2682.5,2690.4019,3090.1,-79.16953834029201,2342.8,0,14.837026441384232,-13.1905116339277,23.779531108167916
2024-08-09,2598.78,2696.8657,3044.164,-64.24613482379709,2682.5,0,0.5355348613699907,-14.630749197480819,14.923403516494915
2024-08-10,2609.92,2743.1504,2997.864,-49.455716455485515,2598.78,0,5.555314056018585,-12.940680431133632,14.790418368311578
2024-08-11,2555.38,2849.6572,2953.653,-39.60281335045886,2609.92,0,9.185615902498924,-13.484082253399423,9.852903105026655
2024-08-12,2722.3,2590.4065,2915.6425,-19.13783196729827,2555.38,0,1.3706961054960471,-6.631214217792468,20.46498138316059
2024-08-13,2702.44,2581.9663,2883.974,-4.97045790803071,2722.3,-1,-5.154967909717892,-6.294578245157553,14.167374059267559
2024-08-14,2661.45,2708.0483,2858.2725,3.16988216941067,2702.44,-1,0.20752874601286045,-6.886064922081439,8.14034007744138
2024-08-15,2569.89,2743.8293,2823.0365,3.871379970037623,2661.45,-1,3.0952806065537652,-8.967170633465074,0.701497800626953
2024-08-16,2592.73,3079.6294,2790.2225000000003,7.16549895469069,2569.89,0,19.835066657765513,-7.078019763656851,3.2941189846530676
2024-08-17,2614.51,2509.5593,2757.4399999999996,11.827961164426767,2592.73,0,-3.2078416891895807,-5.183431008471604,4.662462209736077
2024-08-18,2612.15,2626.2793,2722.1645,15.536143704441372,2614.51,0,0.45015306405405914,-4.04143467450258,3.7081825400146045
2024-08-19,2636.36,2549.488,2690.022,20.11203849220999,2612.15,0,-2.3988654131893306,-1.9948535736882378,4.575894787768618
2024-08-20,2572.82,2688.1467,2657.026,19.346083136436846,2636.36,0,1.9643268944918322,-3.1691823866232274,-0.7659553557731442
2024-08-21,2630.71,2855.7449,2628.3915,22.977397525558615,2572.82,1,10.996683524182602,0.08820984240741374,3.631314389121769
2024-08-22,2622.88,2518.1238,2610.0550000000003,24.92800889786136,2630.71,1,-4.279689540204927,0.49136895582659434,1.9506113723027454
2024-08-23,2762.48,2613.6711,2602.9970000000003,35.074756110423294,2622.88,1,-0.351097168832547,6.12689910898859,10.146747212561934
2024-08-24,2768.0,2652.4766,2606.951,41.19015839779365,2762.48,0,-3.982053716226001,6.177676527100048,6.115402287370358
2024-08-25,2746.13,2614.224,2623.2780000000002,42.61636577818963,2768.0,0,-5.555486954705564,4.683148335784459,1.4262073803959794
2024-08-26,2680.49,2628.5598,2634.236,38.138282024807424,2746.13,0,-4.2813044374037315,1.7558791239661105,-4.478083753382208
2024-08-27,2457.33,2754.1094,2639.9625,20.054768260060655,2680.49,0,2.7464894478248465,-6.917995994261288,-18.08351376474677
2024-08-28,2528.33,2761.4795,2632.254,13.118497333385505,2457.33,0,12.377234322923664,-3.9480992335846,-6.936270926675149
2024-08-29,2527.61,2709.5437,2628.6955,8.925810485228666,2528.33,0,7.167327887256611,-3.8454625117287144,-4.192686848156839
2024-08-30,2526.0,2703.1814,2624.4995,6.595395109697975,2527.61,0,6.946142659839724,-3.753077491536954,-2.3304153755306913
2024-08-31,2513.01,2765.941,2622.3810000000003,4.813102386018656,2526.0,0,9.498848692349565,-4.1706754281700515,-1.7822927236793191
2024-09-01,2425.72,2558.6816,2607.552,-1.2848294042866257,2513.01,0,1.817407834628584,-6.973283754264549,-6.097931790305282
2024-09-02,2538.01,2623.5605,2599.3305,2.9716012379073504,2425.72,0,8.15595150615076,-2.359088234451133,4.256430642193976
2024-09-03,2425.29,2582.85,2587.5225,-0.8715688881521118,2538.01,0,1.7667423554773138,-6.269800552458967,-3.843170126059462
2024-09-04,2450.71,2573.9585,2581.5635,-0.7721879702956613,2425.29,0,6.1299265693484095,-5.068769371739265,0.09938091785645042
2024-09-05,2368.81,2607.2024,2570.3675,-5.054053858282231,2450.71,0,6.385594075925955,-7.84158296430374,-4.281865887986569
2024-09-06,2225.23,2522.6416,2550.9035000000003,-15.782292173220384,2368.81,0,6.494045599372683,-12.766986285447501,-10.728238314938153
2024-09-07,2273.58,2475.819,2533.975,-17.704104605525544,2225.23,0,11.261267005966797,-10.276147160094318,-1.9218124323051597
2024-09-08,2297.3,2473.4956,2517.022,-15.53695314433169,2273.58,0,8.79298751171061,-8.729442968714608,2.1671514611938534
2024-09-09,2359.5,2448.3718,2506.356,-8.42940842900903,2297.3,0,6.576059990940443,-5.859343205833497,7.1075447153226605
2024-09-10,2388.52,2504.8257,2494.2465,-0.6961679305251494,2359.5,0,6.159172858391608,-4.238815209322744,7.73324049848388
2024-09-11,2340.55,2401.745,2480.13,2.112122087810249,2388.52,0,0.5536950575042293,-5.6279307939503145,2.8082900183353985
2024-09-12,2361.76,2409.2915,2460.094,6.096425383523751,2340.55,0,2.936980791106783,-3.9971643359969105,3.9843032957135023
2024-09-13,2439.19,2398.4778,2443.6535,14.182901329023764,2361.76,0,1.5546788498037387,-0.18265682921084517,8.086475945500013
2024-09-14,2417.79,2381.2224,2427.2365,18.077207771653647,2439.19,0,-2.376509738504383,-0.38918745659930604,3.8943064426298832
2024-09-15,2316.1,2462.5957,2409.017,13.974675765870685,2417.79,0,1.853167691362775,-3.857050406867196,-4.102532005782962
2024-09-16,2295.68,2302.4092,2400.9345,10.229552277588525,2316.1,0,-0.5911152503130223,-4.3838971866995955,-3.745123488282161
2024-09-17,2341.8,2348.0579,2391.608,11.127883217262237,2295.68,0,2.281583728051173,-2.082615545691434,0.8983309396737127
2024-09-18,2374.75,2332.3105,2383.965,14.023708112168066,2341.8,0,-0.4052204767700137,-0.3865409097868528,2.8958248949058287
2024-09-19,2465.21,2334.1758,2380.9255000000003,21.657910572871643,2374.75,0,-1.7085680071586482,3.5399889664754207,7.634202460703577
2024-09-20,2561.4,2307.3289,2383.3450000000003,32.17815124081291,2465.21,0,-6.404368900747808,7.470802590476822,10.520240667941266
2024-09-21,2612.4,2460.767,2392.679,40.99855560194339,2561.4,0,-3.9288244770926086,9.183053807050591,8.820404361130478
2024-09-22,2581.0,2476.6572,2394.8285,42.93913582568139,2612.4,0,-5.196094527541727,7.7738969617239775,1.940580223738003
2024-09-23,2646.97,2541.3643,2405.9125,46.58190609214413,2581.0,0,-1.5356738546106161,10.019379341518027,3.6427702664627404
2024-09-24,2653.2,2538.752,2416.037,47.18197924072314,2646.97,0,-4.08837451406702,9.816199006886071,0.600073148579007
2024-09-25,2579.95,2557.3496,2426.594,40.663726761778115,2653.2,0,-3.6126334473465938,6.319804631512308,-6.518252478945023
2024-09-26,2632.26,2606.6748,2446.9455,37.94580826046233,2579.95,1,1.035865217833686,7.573299037514339,-2.7179185013157863
2024-09-27,2694.43,2612.0122,2467.9880000000003,38.29509924317639,2632.26,1,-0.7692170594375258,9.175166167744718,0.34929098271405934
2024-09-28,2675.21,2536.097,2486.8835,35.26714536267088,2694.43,1,-5.876310617528562,7.572791407398059,-3.027953880505507
2024-09-29,2657.62,2507.3079,2501.7895,30.304772009808634,2675.21,0,-6.276222751555019,6.2287614525522645,-4.962373352862247
2024-09-30,2602.23,2593.7678,2512.475,21.908699420953237,2657.62,0,-2.4026075110201948,3.572373854466218,-8.396072588855397
2024-10-01,2447.79,2570.9685,2517.837,5.429512712951983,2602.23,0,-1.201334783651907,-2.782030766884434,-16.479186708001254
2024-10-02,2364.1,2688.5808,2517.9539999999997,-10.749422373839248,2447.79,0,9.837069787313252,-6.110278424466842,-16.17893508679123
2024-10-03,2349.8,2665.3652,2513.4845,-21.439231249342445,2364.1,0,12.743337184340769,-6.51225420327835,-10.689808875503196
2024-10-04,2414.41,2671.4329,2513.3154999999997,-23.043468515751083,2349.8,0,13.687669645421943,-3.9352600180916344,-1.6042372664086386
2024-10-05,2414.66,2680.3413,2518.2435,-22.923732863312747,2414.41,0,11.014339262749498,-4.113323433575831,0.11973565243833661
2024-10-06,2440.03,2415.6611,2525.4610000000002,-20.074373585711278,2414.66,0,0.04146061194951445,-3.3827883305265862,2.8493592776014687
2024-10-07,2422.71,2475.043,2529.5065,-18.342129733475993,2440.03,0,1.4349400929496685,-4.222029079585283,1.7322438522352854
2024-10-08,2440.89,2479.671,2532.8134999999997,-15.093546783448442,2422.71,0,2.3511232643403446,-3.6293039341427975,3.2485829500275507
2024-10-09,2370.47,2459.746,2528.0765,-16.684691717578684,2440.89,0,0.772508951652886,-6.234245680461028,-1.5911449341302415
2024-10-10,2386.49,2450.9011,2519.3309999999997,-15.671447233910428,2370.47,0,3.393045389601016,-5.272868074897658,1.013244483668256
2024-10-11,2439.5,2422.5996,2510.6859999999997,-10.682604085845046,2386.49,0,1.5130844619085027,-2.835320705177776,4.988843148065381
2024-10-12,2476.4,2414.9956,2505.4559999999997,-4.467210865097172,2439.5,-1,-1.0044843013424882,-1.1597090509671528,6.215393220747874
2024-10-13,2468.91,2374.3906,2496.553,-0.6315454237778795,2476.4,-1,-4.1192608221612055,-1.1072466717109561,3.8356654413192928
2024-10-14,2629.79,2431.804,2495.3825,12.257900304562646,2468.91,-1,-1.5029322624913366,5.386248400796263,12.889445728340526
2024-10-15,2607.41,2401.6455,2496.7555,18.423230766519268,2629.79,0,-8.675388232045144,4.431931761039462,6.165330461956621
2024-10-16,2611.1,2653.321,2495.6974999999998,21.672555462899968,2607.41,1,1.7607911652511552,4.624058003824588,3.2493246963807003
2024-10-17,2605.8,2598.5244,2491.266,22.300732332469334,2611.1,1,-0.4816202342882276,4.597421551933841,0.6281768695693657
2024-10-18,2642.17,2761.2576,2489.614,23.86154862607162,2605.8,1,5.965828857140794,6.127696904018054,1.5608162936022865
2024-10-19,2648.2,2743.5017,2489.143,23.934491456950262,2642.17,1,3.835169916560059,6.390030624998235,0.07294283087864173
2024-10-20,2746.91,2742.6182,2496.377,28.931109777706766,2648.2,1,3.5653713489351326,10.03586397407122,4.996618320756504
2024-10-21,2666.7,2774.0278,2507.3224999999998,25.2676652575774,2746.91,1,0.9872122505378824,6.3564818646185355,-3.6634445201293673
2024-10-22,2622.81,2692.8813,2520.2580000000003,18.62857236699056,2666.7,1,0.9817882647560724,4.06910721045225,-6.639092890586838
2024-10-23,2524.61,2655.9622,2528.9985,6.964037339061033,2622.81,0,1.2639938921662284,-0.17352718872707995,-11.664535027929528
2024-10-24,2535.82,2680.2087,2535.069,-0.27245511215344465,2524.61,0,6.16327829781134,0.029624440202621852,-7.2364924512144775
2024-10-25,2440.62,2621.3447,2536.3669999999997,-11.144403996218337,2535.82,0,3.3726655110575607,-3.774966319937133,-10.871948884064892
2024-10-26,2482.51,2437.662,2538.491,-14.950897132600502,2440.62,-1,-0.12119423035949436,-2.2052865265230315,-3.8064931363821657
2024-10-27,2507.8,2481.9211,2542.7455,-15.154653927370678,2482.51,-1,-0.023720243699933464,-1.3743215748489108,-0.20375679477017528
2024-10-28,2567.48,2447.4246,2549.075,-10.860374131484996,2507.8,-1,-2.4075061589092104,0.7220266174985123,4.294279795885682
2024-10-29,2638.8,2460.6873,2562.4915,-3.2043347885755296,2567.48,0,-4.159438209474856,2.9779025608475225,7.656039342909466
2024-10-30,2659.19,2411.532,2576.1265000000003,2.91451778586201,2638.8,0,-8.612551825758874,3.224356412621808,6.11885257443754
2024-10-31,2518.61,2647.1392,2580.0820000000003,-2.5302410091082557,2659.19,-1,-0.4531770894050464,-2.3825599341416357,-5.444758794970266
2024-11-01,2511.49,2653.6965,2581.8365000000003,-6.414551788793474,2518.61,-1,5.363535172302376,-2.724669048562934,-3.8843107796852188
2024-11-02,2494.23,2699.635,2583.1025,-9.749673043863197,2511.49,-1,7.491370053857481,-3.440533234743877,-3.3351212550697227
2024-11-03,2457.73,2643.6792,2574.4995,-13.77137075208434,2494.23,0,5.991797036309802,-4.535619447585828,-4.021697708221144
2024-11-04,2398.21,2667.3823,2564.0395,-19.450272122016795,2457.73,0,8.530323681557778,-6.467509568397828,-5.678901369932454
2024-11-05,2422.55,2408.1091,2554.612,-20.474098855686563,2398.21,0,0.41277164465893157,-5.169552166826112,-1.0238267336697682
2024-11-06,2721.87,2467.6814,2560.4155,-0.9312984925994332,2422.55,0,1.8629706913943909,6.305792946496372,19.54280036308713
2024-11-07,2895.47,2499.8804,2573.0805,22.456765327467046,2721.87,0,-8.15577631945133,12.529320400197342,23.388063820066478
2024-11-08,2961.75,2483.3557,2588.758,40.128829643215745,2895.47,0,-14.233070524280162,14.408144755129687,17.6720643157487
2024-11-09,3126.21,2439.9375,2607.723,59.46597390747043,2961.75,0,-17.618384401114206,19.882748282697207,19.337144264254682
2024-11-10,3183.21,2984.42,2633.5485,71.83969183293007,3126.21,0,-4.5355263441995275,20.87151613118195,12.373717925459644
2024-11-11,3371.59,2811.5308,2670.9875,87.42084577596917,3183.21,0,-11.676239967870485,26.230092802755532,15.581153943039098
2024-11-12,3243.8,2780.583,2706.947,83.81908807996261,3371.59,0,-17.529029098659688,19.83241637165412,-3.6017576960065583
2024-11-13,3187.16,2646.0818,2739.514,72.73224921743866,3243.8,0,-18.426481684771723,16.340343579189582,-11.086838862523948
2024-11-14,3058.82,2705.5234,2770.424,52.79359889925266,3187.16,0,-15.111778589716232,10.409814526585107,-19.938650318186006
2024-11-15,3090.01,2876.2888,2800.799,38.412526263372655,3058.82,0,-5.967372439065559,10.326017682811235,-14.381072635880003
2024-11-16,3132.87,2819.2903,2832.0525,28.925917461102443,3090.01,0,-8.76112753023049,10.621889954370554,-9.486608802270212
2024-11-17,3076.0,2846.0361,2857.4785,16.573903847969234,3132.87,0,-9.15562622092522,7.647354127073916,-12.35201361313321
2024-11-18,3207.8,2703.5166,2885.9285,15.076126328890723,3076.0,0,-12.109343252194408,11.153134944264911,-1.497777519078511
2024-11-19,3107.44,2684.9512,2908.341,5.609819311179848,3207.8,0,-16.29929634406759,6.845792842036066,-9.466307017710875
2024-11-20,3069.97,3029.2334,2935.909,-4.354061199471403,3107.44,0,-2.5167533906527577,4.566251883147594,-9.96388051065125
2024-11-21,3355.81,3002.6877,2978.125,6.535324620101051,3069.97,0,-2.191625841925973,12.681972717733473,10.889385819572453
2024-11-22,3327.78,2933.9626,3019.8025000000002,9.87894871281597,3355.81,0,-12.570656667559396,10.198597424831588,3.3436240927149186
2024-11-23,3393.91,2844.4355,3066.6115,14.30431234346608,3327.78,0,-14.524531463167643,10.672969171347589,4.425363630650111
2024-11-24,3361.2,2900.7153,3114.761,12.83536417259836,3393.91,0,-14.531754465167015,7.911971416105436,-1.4689481708677192
2024-11-25,3414.49,3253.5063,3164.3579999999997,13.208044943814713,3361.2,0,-3.204023930255558,7.90466818229796,0.372680771216352
2024-11-26,3324.73,3194.3413,3194.501,5.556265900538904,3414.49,0,-6.447483852822816,4.076661738406086,-7.651779043275809
2024-11-27,3653.28,2964.9617,3232.3915,19.95893290423649,3324.73,0,-10.82097884875238,13.02096296194319,14.402667003697587
2024-11-28,3578.79,2907.586,3263.2435,21.66332615050524,3653.28,0,-20.411631807581138,9.66971971291753,1.7043932462687508
2024-11-29,3592.21,2726.0278,3286.5434999999998,20.88017602558932,3578.79,0,-23.828225963768478,9.300546303433997,-0.7831501249159203
2024-11-30,3703.6,3533.8335,3312.5630000000006,24.7835623104086,3592.21,0,-1.6250860586171196,11.804666054653127,3.903386284819277
2024-12-01,3707.61,3492.1208,3329.364,24.510529372016947,3703.6,0,-5.710096943261284,11.36090856992507,-0.2730329383916512
2024-12-02,3643.42,3268.1865,3349.345,17.22588148622441,3707.61,0,-11.851933632785004,8.780074910169011,-7.284647885792538
2024-12-03,3614.51,3247.028,3370.7125,8.140588379581118,3643.42,0,-10.87966591356816,7.2328179872949745,-9.085293106643292
2024-12-04,3837.8,3033.4749,3409.6614999999997,14.479212577415183,3614.51,0,-16.075073702503943,12.556627688701665,6.338624197834065
2024-12-05,3785.2,3798.8828,3444.421,12.513311851269066,3837.8,0,-1.0140493902756835,9.89365121162599,-1.965900726146117
2024-12-06,3998.87,3773.5376,3487.721,22.40956052855367,3785.2,0,-0.30810531395302276,14.655673432593947,9.896248677284603
2024-12-07,3996.22,3499.7256,3533.732,25.36588397697841,3998.87,0,-12.482136555139324,13.087806319211525,2.9563234484247403
2024-12-08,4004.15,3301.1812,3573.5495,24.43479828300454,3996.22,0,-17.3924070160364,12.049658189987294,-0.9310856939738699
2024-12-09,3712.0,3271.1611,3603.7775,1.9098724944866206,4004.15,0,-18.305729485346454,3.0030294600596137,-22.52492578851792
2024-12-10,3628.25,3681.0808,3631.6915,-19.6736119387227,3712.0,-1,-0.8329523020777209,-0.09476300506251441,-21.58348443320932
2024-12-11,3831.81,3714.4055,3655.4915,-21.155284117544454,3628.25,-1,2.3745750038758353,4.8233869508382075,-1.4816721788217535
2024-12-12,3881.61,3735.9058,3683.183,-19.724244924999653,3831.81,-1,-2.5028443028555682,5.387378254080781,1.4310391925448016
2024-12-13,3906.8,3395.2102,3708.8275000000003,-18.06818927519629,3881.61,0,-12.530877520458652,5.337872953109839,1.6560556498033634
2024-12-14,3870.29,3398.0115,3734.282,-20.254279642314202,3906.8,0,-13.023152590115316,3.6421459332744504,-2.186090367117913
2024-12-15,3959.09,3904.171,3761.5119999999997,-16.690799175397245,3870.29,0,0.8754098126367802,5.252621818034887,3.563480466916957
2024-12-16,3986.24,3700.369,3794.5875,-13.606719898689619,3959.09,0,-6.534862898181783,5.050680739342542,3.0840792767076266
2024-12-17,3893.01,3694.8994,3806.5739999999996,-18.636150435709226,3986.24,0,-7.308656426544808,2.2707032623035994,-5.029430537019607
2024-12-18,3626.8,3653.1494,3808.9745000000003,-39.48402461030861,3893.01,-1,-6.161314405498578,-4.782770270580706,-20.847874174599383
2024-12-19,3417.01,3636.933,3800.2144999999996,-65.46312811757605,3626.8,-1,0.2793952097923739,-10.083759745666972,-25.97910350726744
2024-12-20,3472.21,3360.7383,3788.6449999999995,-76.23627278199228,3417.01,-1,-1.646811649658626,-8.352194518092867,-10.773144664416236
2024-12-21,3338.92,3444.988,3770.2104999999997,-88.76910455330909,3472.21,-1,-0.7839952909134251,-11.439427586337676,-12.532831771316808
2024-12-22,3281.83,3578.8066,3752.131,-96.68265363312445,3338.92,0,7.184557899710084,-12.534237210801008,-7.913549079815354
2024-12-23,3422.53,3592.5205,3742.532,-88.44322944198419,3281.83,0,9.46698969210776,-8.550414532193711,8.239424191140259
2024-12-24,3493.18,3524.3013,3725.3010000000004,-74.78020611111009,3422.53,0,2.9735683699266273,-6.230932748789978,13.663023330874097
2024-12-25,3497.0,3584.1995,3710.8910000000005,-62.52850942883265,3493.18,0,2.6056333452792346,-5.763871803294694,12.25169668227744
2024-12-26,3335.05,3534.544,3677.7,-62.24019814285803,3497.0,0,1.0736043841149556,-9.316964407102256,0.28831128597462197
2024-12-27,3333.51,3544.8423,3644.5645000000004,-59.08656935356201,3335.05,0,6.2905289322873665,-8.53475085980781,3.1536287892960146
2024-12-28,3404.0,3736.3726,3614.557,-49.57087692754138,3333.51,0,12.085236240291756,-5.825250507876893,9.515692426020635
2024-12-29,3356.48,3678.2622,3596.781,-43.98453504003103,3404.0,0,8.057056610788777,-6.681001706803944,5.5863418875103505
2024-12-30,3361.84,3247.1814,3583.4604999999997,-37.67895150343358,3356.48,-1,-3.2563460385768725,-6.1845386603256705,6.305583536597446
2024-12-31,3337.78,3267.8389,3558.7589999999996,-33.04474806105697,3361.84,-1,-2.7961215528549888,-6.20943986372776,4.634203442376609
2025-01-01,3360.38,3292.8772,3532.6974999999998,-26.648018025004106,3337.78,-1,-1.345289465883767,-4.877788149140979,6.396730036052865
2025-01-02,3455.67,3411.6973,3510.1409999999996,-14.782255418109308,3360.38,0,1.5271268613966245,-1.5518180038921385,11.865762606894798
2025-01-03,3609.01,3509.0503,3497.077,3.627675103181204,3455.67,1,1.544716161229224,3.200758805139263,18.409930521290512
2025-01-04,3656.88,3606.0352,3481.9665,18.435167104507293,3609.01,1,-0.08242824902120577,5.023411339540461,14.80749200132609
2025-01-05,3635.99,3588.0178,3464.454,25.778367194437948,3656.88,1,-1.8830855191960114,4.951314117606976,7.343200089930654
2025-01-06,3687.45,3665.8745,3454.1760000000004,32.61660490283751,3635.99,1,0.821908523366407,6.75339067841359,6.838237708399561
2025-01-07,3381.31,3740.7688,3441.9015,15.884333831482966,3687.45,0,1.4459531336865636,-1.7604077281119173,-16.732271071354543
2025-01-08,3327.29,3820.8357,3437.4155,1.309163583780336,3381.31,0,12.998680788196737,-3.2037296625909817,-14.57517024770263
2025-01-09,3219.2,3359.2725,3424.7650000000003,-14.603528080178233,3327.29,0,0.9612165136642745,-6.0023096475232744,-15.912691663958569
2025-01-10,3267.04,3415.4924,3421.171,-20.5360099506763,3219.2,0,6.0975531697510315,-4.5052118119789935,-5.932481870498066
2025-01-11,3282.83,3600.2646,3421.221,-21.90064957348457,3267.04,0,10.199588876704908,-4.045076304629256,-1.364639622808273
2025-01-12,3267.3,3401.4077,3413.4595,-22.27957072560914,3282.83,0,3.6120577320101885,-4.281858331701306,-0.378921152124569
2025-01-13,3137.51,3556.2,3395.6760000000004,-29.261825583345505,3267.3,0,8.842161759614202,-7.60278660272653,-6.982254857736365
2025-01-14,3225.63,3259.9834,3382.1075000000005,-26.043700000585247,3137.51,0,3.903522170048853,-4.626627036544533,3.2181255827602584
2025-01-15,3451.52,3098.5842,3387.9309999999996,-7.749354628118304,3225.63,0,-3.938634359315083,1.8769272455667014,18.294345372466942
2025-01-16,3308.05,3051.7292,3386.6580000000004,-4.518576541735698,3451.52,-1,-11.583034487794508,-2.3211083020488092,3.2307780863826068
2025-01-17,3473.63,2919.8833,3390.1394999999998,8.834434426429098,3308.05,-1,-11.734003392293047,2.4627452646122774,13.353010968164796
2025-01-18,3307.71,2766.2424,3387.701,6.656186946265294,3473.63,-1,-20.36450538368724,-2.36121782884617,-2.1782474801638045
2025-01-19,3215.12,3199.427,3380.3650000000002,-0.4779866152497405,3307.71,-1,-3.273654523730165,-4.888377438531056,-7.134173561515034
2025-01-20,3284.0,3247.4739,3377.6760000000004,-0.03872586073439521,3215.12,0,1.0063038690041153,-2.7733861980841374,0.4392607545153453
2025-01-21,3327.54,3122.02,3376.0340000000006,3.507338689599713,3284.0,0,-4.932398918049635,-1.4364191829821793,3.5460645503341084
2025-01-22,3242.6,3158.0454,3365.3805,0.6075097254102886,3327.54,0,-5.093690529452688,-3.648339318540661,-2.8998289641894246
2025-01-23,3338.21,2822.1,3351.8405,5.340427974797507,3242.6,0,-12.96798563941744,-0.40665717834723214,4.732918249387218
2025-01-24,3310.09,3299.8997,3334.5009999999993,6.700965451587834,3338.21,0,-1.1476312693591786,-0.7320735546337864,1.360537476790327
2025-01-25,3318.77,3272.821,3318.6400000000003,8.209655544031982,3310.09,0,-1.1259196903445268,0.003917267314311115,1.508690092444148
2025-01-26,3232.61,3208.0762,3295.898,3.6609380960412565,3318.77,0,-3.335387150209264,-1.9202050548894418,-4.548717447990725
2025-01-27,3182.44,3028.1519,3285.9545000000007,-2.15754005943964,3232.61,-1,-6.3248627125217745,-3.1502109965308605,-5.818478155480896
2025-01-28,3077.72,2828.478,3273.476,-11.94320147856699,3182.44,-1,-11.122345516529771,-5.980065227299675,-9.78566141912735
2025-01-29,3113.9,3104.0398,3268.2110000000002,-14.683306164665495,3077.72,-1,0.8551718454529718,-4.721573974262988,-2.7401046860985048
2025-01-30,3247.39,2997.9844,3267.2285,-6.620188479191512,3113.9,-1,-3.7225223995632515,-0.6071965887907838,8.063117685473983
2025-01-31,3300.99,2932.0496,3268.1365,2.7081933291215847,3247.39,0,-9.710581095991701,1.005267068863241,9.328381808313097
2025-02-01,3117.54,2912.6682,3260.6485000000002,-2.7935407398056924,3300.99,-1,-11.763797742779433,-4.3889582087735075,-5.501734068927277
2025-02-02,2869.68,2912.797,3247.257,-21.406222824496822,3117.54,-1,-6.567450004149905,-11.627567513134938,-18.61268208469113
2025-02-03,2879.9,2980.97,3229.9705000000004,-30.742033783404082,2869.68,-1,3.878131732566877,-10.838194961842538,-9.33581095890726
2025-02-04,2731.19,3004.7688,3193.9539999999997,-43.846357003442904,2879.9,0,4.3358727326686655,-14.488749681429342,-13.104323220038822
2025-02-05,2788.25,3008.4375,3167.964,-45.39406502290376,2731.19,0,10.151161215440887,-11.986057922375378,-1.5477080194608561
2025-02-06,2686.64,3060.3687,3128.6144999999997,-49.639663573124565,2788.25,0,9.759478251367346,-14.12684432677787,-4.245598550220805
2025-02-07,2622.1,3122.4197,3094.334,-52.87482671760313,2686.64,0,16.220248255604588,-15.261248462512448,-3.2351631444785625
2025-02-08,2632.46,2792.8516,3065.201,-50.406620481751986,2622.1,0,6.512015655390721,-14.117866984905719,2.4682062358511416
2025-02-09,2627.18,2918.7522,3032.36,-45.376261638156706,2632.46,0,10.875462391285145,-13.36186996266935,5.03035884359528
2025-02-10,2661.19,2987.2358,2999.0425,-36.392877209683746,2627.18,0,13.705031244290463,-11.265345522779352,8.98338442847296
2025-02-11,2602.59,2922.3687,2967.0420000000004,-31.229943900991174,2661.19,0,9.81435569590108,-12.283344826261313,5.162933308692573
2025-02-12,2738.27,3067.6812,2937.045,-16.26256974930982,2602.59,0,17.870319656332722,-6.767856808458846,14.967374151681355
2025-02-13,2675.87,2738.3154,2905.334,-8.538513669234703,2738.27,0,0.0016590653040064781,-7.8980248054096345,7.7240560800751155
2025-02-14,2725.95,2854.684,2875.693,1.4383350128592554,2675.87,0,6.682465218087954,-5.207197013033046,9.976848682093959
2025-02-15,2693.04,2956.7886,2848.7145,7.004681383509251,2725.95,0,8.468188125928583,-5.464728037857078,5.566346370649995
2025-02-16,2661.41,2979.837,2822.663,9.580534800186456,2693.04,0,10.649560127680987,-5.7127967454846775,2.575853416677205
2025-02-17,2744.05,2954.5544,2805.9795,17.417583143983677,2661.41,0,11.0146292138143,-2.207054613192995,7.837048343797221
2025-02-18,2671.99,2744.642,2783.8839999999996,18.22912472973354,2744.05,0,0.021577225041446695,-4.019348507337224,0.8115415857498647
2025-02-19,2715.5,2690.083,2757.2895,21.928531980063838,2671.99,0,0.6771360601087661,-1.5156007376084326,3.699407250330296
2025-02-20,2738.04,2786.2295,2729.142,25.855832470331052,2715.5,1,2.6046581545755845,0.3260365345592182,3.927300490267214
2025-02-21,2663.0,2891.6904,2706.415,23.433838139483328,2738.04,1,5.6116941201552955,-1.6041516175457189,-2.421994330847724
2025-02-22,2763.22,2843.9812,2701.0919999999996,28.29046706940764,2663.0,1,6.796139736082425,2.300106771631628,4.856628929924312
2025-02-23,2819.69,2873.957,2698.0815,34.59810104606602,2763.22,1,4.007535818718749,4.5072211495464565,6.30763397665838
2025-02-24,2513.52,2739.8884,2687.198,18.262846601853084,2819.69,0,-2.8301541043740643,-6.463163488511077,-16.335254444212936
2025-02-25,2495.7,2817.7095,2672.5705000000003,6.951988031998823,2513.52,0,12.10213058405145,-6.617991929492615,-11.310858569854261
2025-02-26,2336.37,2845.7295,2655.057,-9.663425239794876,2495.7,0,14.02530320901952,-12.003019144221758,-16.6154132717937
2025-02-27,2307.72,2863.5562,2639.3379999999997,-20.370906004562883,2336.37,0,22.564326384252073,-12.56443850692863,-10.707480764768007
2025-02-28,2237.59,2386.2588,2619.5945,-29.414832574399995,2307.72,0,3.4033066863614394,-14.582581388073612,-9.043926569837112
2025-03-01,2217.39,2533.4207,2599.105,-33.688519720221336,2237.59,0,13.220949963884127,-14.686401665188601,-4.2736871458213415
2025-03-02,2518.11,2562.8145,2591.951,-14.19113184455341,2217.39,0,15.57797469660277,-2.848857868069261,19.497387875667926
2025-03-03,2149.01,2522.2332,2569.272,-23.53058307631889,2518.11,0,0.16374003903224532,-16.35724049458367,-9.33945123176548
2025-03-04,2171.51,2517.6404,2540.934,-25.410188822357128,2149.01,0,17.153497697050025,-14.538905772444306,-1.8796057460382372
2025-03-05,2241.59,2280.7693,2519.2200000000003,-19.421216495332487,2171.51,0,5.0314890149884075,-11.020474591341769,5.988972327024641
2025-03-06,2202.2,2423.876,2493.0325000000003,-15.756178474710481,2241.59,0,8.131994546839513,-11.66581261977132,3.6650380206220063
2025-03-07,2141.6,2458.711,2465.4605,-15.05752593616279,2202.2,0,11.647940128053774,-13.135903008788832,0.6986525385476909
2025-03-08,2203.58,2426.361,2442.569,-8.397682491680229,2141.6,0,13.296651288026482,-9.784329531734826,6.659843444482561
2025-03-09,2020.41,2535.8684,2406.3869999999997,-13.976360340870684,2203.58,0,15.079480127933866,-16.039689376646386,-5.578677849190456
2025-03-10,1865.1,2097.3933,2366.0425000000005,-25.123647659891617,2020.41,0,3.81028160357922,-21.17216829368029,-11.147287319020933
2025-03-11,1923.43,2132.2778,2326.4390000000003,-25.4856047184131,1865.1,0,14.325121013953682,-17.32299879773337,-0.3619570585214831
2025-03-12,1908.2,2229.0117,2284.947,-23.704891831175757,1923.43,0,15.8873324607602,-16.488216138054845,1.7807128872373426
2025-03-13,1864.59,2360.209,2245.0265,-22.431659900044565,1908.2,0,23.687715353474477,-16.9457465201413,1.2732319311311926
2025-03-14,1911.65,2474.474,2202.448,-15.705778253688266,1864.59,0,32.708752116752215,-13.203399126789817,6.725881646356299
2025-03-15,1937.17,1878.4799,2158.322,-7.253699064142836,1911.65,-1,-1.7351576701573297,-10.246478514327336,8.45207918954543
2025-03-16,1887.0,2073.5256,2126.996,-2.976570980964027,1937.17,-1,7.038909066608761,-11.283331045286408,4.277128083178809
2025-03-17,1926.31,2043.4133,2098.5265,4.1767532750168925,1887.0,-1,8.288994704723105,-8.20654397263985,7.15332425598092
2025-03-18,1931.54,2324.1252,2078.2850000000003,10.573406844634405,1926.31,0,20.651673102492595,-7.060869899941554,6.396653569617513
2025-03-19,2056.06,2506.7705,2065.702,23.74918092092838,1931.54,0,29.780926504887294,-0.46676626154209466,13.175774076293976
2025-03-20,1983.79,2105.355,2053.0119999999997,27.87047329844242,2056.06,0,2.3975458142636916,-3.3717289523879925,4.121292377514038
2025-03-21,1965.75,2125.862,2040.4299999999998,29.49785646764684,1983.79,0,7.161648185890393,-3.660012840430686,1.6273831692044212
2025-03-22,1980.69,2175.5874,2013.559,31.514270516294317,1965.75,0,10.674673907859596,-1.6323832577043889,2.0164140486474764
2025-03-23,2005.99,2133.297,2006.4080000000001,34.25814142696271,1980.69,0,7.704745272638572,-0.020833250266153246,2.7438709106683916
2025-03-24,2081.2,2052.711,2001.8925,40.42118832551327,2005.99,1,2.32907130643722,3.9616263111031134,6.1630468985505615
2025-03-25,2066.15,2106.5212,1993.1204999999998,42.551920989705735,2081.2,1,1.2166653966161438,3.6640785140687844,2.1307326641924647
2025-03-26,2009.52,2232.1658,1983.4864999999998,39.29305778674251,2066.15,1,8.035029958346437,1.312512084150824,-3.2588632029632265
2025-03-27,2003.66,2168.929,1976.5895,35.97740126734311,2009.52,1,7.932688158272871,1.369555995314153,-3.315656519399397
2025-03-28,1896.9,2261.812,1961.2555,26.27875793691001,2003.66,0,12.884022824169266,-3.281341977116184,-9.6986433304331
2025-03-29,1828.08,2242.7268,1951.6390000000004,15.44914860221192,1896.9,0,18.231156446867253,-6.331037656041942,-10.829609334698091
2025-03-30,1807.74,1866.1672,1948.771,7.537046310073023,1828.08,0,2.083455665404417,-7.236920089635978,-7.912102292138897
2025-03-31,1822.43,1871.1609,1943.721,4.086700697393994,1807.74,0,3.5082970267779103,-6.240144547494211,-3.4503456126790297
2025-04-01,1904.98,1891.5361,1943.56,7.935122800374842,1822.43,0,3.7919773496101326,-1.985017184959555,3.848422102980848
2025-04-02,1795.22,1859.3724,1940.0915,3.8656697823011967,1904.98,0,-2.394122955441134,-7.467250900279701,-4.069453018073645
2025-04-03,1817.23,1900.298,1935.3705000000002,3.4472164026174,1795.22,0,5.853208722764479,-6.104283391733014,-0.4184533796837968
2025-04-04,1816.87,1760.8351,1929.3554999999997,3.9036168392009074,1817.23,0,-3.103345035696501,-5.830211176737507,0.4564004365835075
2025-04-05,1806.01,1836.6721,1925.3059999999998,4.205450831551644,1816.87,0,1.089902917689494,-6.1962098492395405,0.30183399235073693
2025-04-06,1580.76,1852.1694,1908.0285,-9.29687108451833,1806.01,0,2.5558791808323327,-17.152180902958207,-13.502321916069974
2025-04-07,1553.04,1797.096,1889.1035,-18.116463883007867,1580.76,0,13.685565630812077,-17.789575849073383,-8.819592798489538
2025-04-08,1473.41,1838.3328,1859.971,-26.81015900495538,1553.04,0,18.369955936220254,-20.783173501092218,-8.693695121947513
2025-04-09,1669.51,1441.8138,1844.257,-17.311655818392765,1473.41,-1,-2.1444239706912933,-9.475197871012558,9.498503186562615
2025-04-10,1522.25,1507.5496,1822.0819999999999,-18.78153868911167,1669.51,-1,-9.70107633096687,-16.455461389772793,-1.469882870718905
2025-04-11,1566.85,1661.4338,1801.3899999999999,-14.762275852791646,1522.25,-1,9.143296954549188,-13.019945708591699,4.019262836320024
2025-04-12,1644.18,1712.258,1783.2994999999999,-5.390820879598522,1566.85,0,9.280279327352657,-7.8012414628053115,9.371454973193124
2025-04-13,1597.76,1699.3213,1759.1275,-1.0411318456959435,1644.18,0,3.353725812411046,-9.173155442115483,4.349689033902578
2025-04-14,1623.77,1545.4541,1737.0085,4.557680038943857,1597.76,0,-3.273701834912627,-6.519167868205593,5.598811884639801
2025-04-15,1588.78,1606.4987,1715.9715,6.742653588694054,1623.77,0,-1.063656969486903,-7.41221517956447,2.1849735497501968
2025-04-16,1577.14,1691.1123,1694.6455,8.148134061914206,1588.78,0,6.440936107422049,-6.933928069321873,1.4054804732201518
2025-04-17,1583.62,1739.8538,1678.9814999999999,10.129170589853942,1577.14,0,10.31701432755652,-5.679723094030517,1.981036527939736
2025-04-18,1588.6,1838.4105,1667.0075000000002,12.24829236979447,1583.62,0,16.08912002001349,-4.703488136676064,2.119121779940528
2025-04-19,1613.27,1628.398,1657.284,15.571528909830391,1588.6,0,2.5052215295700675,-2.655791041245805,3.3232365400359214
2025-04-20,1587.36,1623.9324,1645.5305,16.211883603018336,1613.27,0,0.6609168364176498,-3.535060577728591,0.6403546931879447
2025-04-21,1579.57,1584.8525,1629.2599999999998,16.256517385826,1587.36,0,-0.15796422597897766,-3.049850852534269,0.04463378280766506
2025-04-22,1756.26,1644.1072,1627.312,27.661455795995536,1579.57,1,4.085743445011937,7.923987532814857,11.404938410169535
2025-04-23,1795.07,1675.4048,1626.204,36.72672180341736,1756.26,1,-4.603829435490758,10.384060056425884,9.065266007421826
2025-04-24,1769.65,1656.6162,1623.843,39.66759407698227,1795.07,1,-7.7130022262363,8.979131603239969,2.9408722735649064
2025-04-25,1784.6,1681.134,1622.7725,41.10155824073637,1769.65,0,-5.001891153441363,9.97228508617196,1.4339641637540979
2025-04-26,1820.88,1617.2463,1634.7785,42.783402827954426,1784.6,0,-9.377656735928214,11.383896962187858,1.681844587218059
2025-04-27,1791.29,1659.9788,1646.691,40.23126744507281,1820.88,0,-8.836454913798555,8.781186027008099,-2.552135382881616
2025-04-28,1799.88,1680.2502,1663.0145,37.50400580483209,1791.29,0,-6.1988709733976615,8.229964320816212,-2.7272616402407195
2025-04-29,1797.81,1706.588,1669.4294999999997,34.04417046920006,1799.88,0,-5.183233732509256,7.6900821508186015,-3.459835335632029
2025-04-30,1793.61,1736.5178,1682.9975,30.093017244149664,1797.81,0,-3.409268929106799,6.57235082048547,-3.9511532250503976
2025-05-01,1838.11,1732.5637,1696.5605,29.080373619878436,1793.61,0,-3.403542536943645,8.343321679362441,-1.0126436242712273
2025-05-02,1842.2,1731.6853,1706.4615000000001,27.31746348837699,1838.11,0,-5.78989817070931,7.954383969401005,-1.762910131501446
2025-05-03,1833.52,1689.7401,1718.2495,24.29950191538907,1842.2,0,-8.275968282233881,6.708600817285272,-3.0179615729879217
2025-05-04,1808.86,1825.1709,1727.5040000000001,19.57791519790969,1833.52,0,-0.45535917592935893,4.709453639470575,-4.721586717479379
2025-05-05,1820.19,1784.0525,1739.0745,16.288218314206222,1808.86,0,-1.371444432715904,4.664291265267826,-3.289696883703467
2025-05-06,1817.0,1703.0875,1751.0674999999999,13.104696961669278,1820.19,0,-6.433530322984829,3.7652746110586897,-3.1835213525369443
2025-05-07,1811.11,1691.3113,1762.4419999999998,9.95243387743426,1817.0,0,-6.917375933028344,2.761395836004823,-3.1522630842350186
2025-05-08,2207.39,1682.4744,1793.3815,32.62787595751379,1811.11,0,-7.102585418093042,23.08535579295314,22.675442080079527
2025-05-09,2345.04,2122.5178,1829.97,53.723411203147876,2207.39,0,-3.8449108555522535,28.146363055132046,21.09553524563409
2025-05-10,2583.23,2046.1696,1879.7635000000002,79.01661003550527,2345.04,0,-12.744790892092992,37.42313860227628,25.29319883235739
2025-05-11,2514.57,1998.1713,1926.5135000000002,85.85236682380386,2583.23,0,-22.648340850468696,30.524390304038867,6.835756788298596
2025-05-12,2495.47,2036.592,1963.4739999999997,83.72814336122853,2514.57,0,-19.00833776686969,27.094629213322925,-2.12422346257533
2025-05-13,2679.71,2022.7152,2007.7060000000001,88.88518355059108,2495.47,0,-18.944519070117547,33.47123533027245,5.157040189362547
2025-05-14,2609.74,2778.4626,2049.7105,81.90996253511489,2679.71,1,3.6851990134893313,27.32237064697671,-6.975221015476194
2025-05-15,2548.69,2786.5012,2087.915,68.07869203699508,2609.74,1,6.773135281795321,22.06866658843871,-13.831270498119807
2025-05-16,2537.12,2626.1846,2123.727,53.67777349714993,2548.69,1,3.0405647729814116,19.46544918438199,-14.40091853984515
2025-05-17,2475.08,2365.612,2157.9165000000003,36.33151055034051,2537.12,0,-6.759945901381287,14.697672500302936,-17.346262946809418
2025-05-18,2497.78,2386.9905,2192.8115,23.373584527317718,2475.08,0,-3.559057544983392,13.907647784590715,-12.957926023022793
2025-05-19,2528.14,2515.5645,2229.328,14.281029143710128,2497.78,1,0.712010390226513,13.403680391579881,-9.09255538360759
2025-05-20,2524.19,2617.357,2265.857,5.865726570401364,2528.14,1,3.5289554215253163,11.401116663584688,-8.415302573308765
2025-05-21,2550.99,2554.131,2301.5009999999997,0.2650809895657744,2524.19,1,1.186166790757627,10.840273369422828,-5.6006455808355895
2025-05-22,2664.82,2344.295,2342.632,2.2756500874765493,2550.99,0,-8.102543644820239,13.753248482902993,2.010569097910775
2025-05-23,2526.5,2210.3247,2377.281,-7.145426860616567,2664.82,0,-17.05538433998357,6.2768768185166195,-9.421076948093116
2025-05-24,2530.4,2558.8416,2413.3579999999997,-14.145335640013144,2526.5,0,1.2800931222788443,4.849757060494149,-6.999908779396577
2025-05-25,2551.22,2521.0266,2449.9095,-18.148721379050585,2530.4,0,-0.3704311046425502,4.135275200981897,-4.003385739037441
2025-05-26,2563.7,2641.8552,2487.2445,-20.554955142074334,2551.22,0,3.552622847475922,3.0739036713117684,-2.4062337630237494
2025-05-27,2660.81,2502.9502,2529.7295,-16.386248449040664,2563.7,0,-2.3696144122752205,5.181601432089876,4.16870669303367
2025-05-28,2681.6,2485.6152,2553.44,-13.148243476974812,2660.81,0,-6.584264401629578,5.019111473149941,3.238004972065852
2025-05-29,2631.39,2627.9978,2567.7575,-15.16441250866319,2681.6,0,-1.9988886211823134,2.478135104268986,-2.016169031688378
2025-05-30,2531.34,2566.5615,2565.1629999999996,-23.514214704556082,2631.39,-1,-2.4636590000912015,-1.3185516865789588,-8.349802195892892
2025-05-31,2528.06,2598.1611,2565.8375,-29.166876057021597,2531.34,-1,2.639753364324818,-1.4723262872259115,-5.652661352465515
2025-06-01,2539.21,2609.0923,2568.0245000000004,-31.845333833175886,2528.06,-1,3.2053149512373147,-1.1220492639381128,-2.678457776154289
2025-06-02,2607.41,2558.8428,2564.4094999999998,-28.80582956677779,2539.21,0,0.7731843147081164,1.6768187764083742,3.0395042663980973
2025-06-03,2593.36,2609.8364,2563.5905,-27.525101840227137,2607.41,0,0.09305885078488407,1.1612424059146864,1.2807277265506514
2025-06-04,2607.68,2647.6077,2566.54,-25.540636642061017,2593.36,0,2.091790804810164,1.602936248801884,1.98446519816612
2025-06-05,2414.01,2549.021,2560.3845,-36.43433499539633,2607.68,-1,-2.2494709437603477,-5.716895255380584,-10.89369835333531
2025-06-06,2476.1,2492.712,2560.4355,-38.423704185292294,2414.01,-1,3.2602149147062263,-3.2937951375849983,-1.9893691898959673
2025-06-07,2524.63,2347.7996,2561.778,-35.50551846806866,2476.1,-1,-5.181553226974876,-1.450086619527519,2.9181857172236363
2025-06-08,2509.83,2460.0752,2560.8625,-33.624996918526094,2524.63,-1,-2.55700061741721,-1.9927856337464527,1.8805215495425642
2025-06-09,2680.13,2401.0,2568.6594999999998,-20.604155471168355,2509.83,0,-4.336150257188731,4.339637075291621,13.02084144735774
2025-06-10,2816.4,2456.8828,2581.93,-3.4081054219150957,2680.13,0,-8.32971488323328,9.08119120193035,17.19605004925326
2025-06-11,2771.61,2598.3855,2587.2695,3.9563806838850013,2816.4,0,-7.740892698236227,7.124905233103868,7.364486105800097
2025-06-12,2642.65,2632.0405,2593.077,-0.6079757073330967,2771.61,0,-5.0356822444806495,1.9117442328168373,-4.564356391218098
2025-06-13,2579.19,2671.3792,2595.5165,-8.228385691655475,2642.65,0,1.0871341415104123,-0.6290270163953926,-7.620409984322379
2025-06-14,2530.76,2625.7314,2594.4934999999996,-16.38686273642915,2579.19,0,1.8044985174609063,-2.4564910260904247,-8.158477044773676
2025-06-15,2547.61,2552.344,2593.689,-20.251542873755966,2530.76,0,0.8528661011168495,-1.7765815408092385,-3.8646801373268147
2025-06-16,2544.17,2457.8481,2587.8570000000004,-22.471064411469612,2547.61,-1,-3.523375064030606,-1.6881535571710626,-2.2195215377136464
2025-06-17,2509.95,2361.6372,2579.2745,-25.456173015456663,2544.17,-1,-7.174551738631855,-2.6877519240391115,-2.985108603987051
2025-06-18,2525.0,2613.258,2573.955,-25.562336371166197,2509.95,-1,4.115940821156803,-1.9019369025487984,-0.10616335570953339
2025-06-19,2521.12,2729.5923,2573.4440000000004,-25.00827400190981,2525.0,0,8.102664758663366,-2.0332286228105416,0.5540623692563855
2025-06-20,2406.49,2765.0977,2567.3655000000003,-31.08024715658582,2521.12,0,9.677351980469002,-6.2661705160406855,-6.071973154676009
2025-06-21,2295.73,2708.8015,2555.1915,-40.66917561466295,2406.49,0,12.562342402082505,-10.15428784887551,-9.588928458077127
2025-06-22,2227.7,2657.1785,2536.206,-49.140173994756374,2295.73,0,15.744380514994141,-12.164075000216872,-8.470998380093427
2025-06-23,2411.66,2181.7761,2527.121,-40.272998225146836,2227.7,-1,-2.0614928829341843,-4.568875016273468,8.867175769609538
2025-06-24,2448.45,2244.7458,2519.1595,-30.30367807561172,2411.66,-1,-6.921131104327512,-2.806868719507454,9.969320149535115
2025-06-25,2418.49,2075.2703,2519.3835,-24.356924264273204,2448.45,-1,-15.241468534302308,-4.004690036272768,5.946753811338517
2025-06-26,2415.96,2144.3464,2516.3765,-19.437142889176016,2418.49,-1,-11.335319329545493,-3.9905197016424143,4.9197813750971875
2025-06-27,2423.17,2113.8154,2511.3035,-14.75306578462996,2415.96,-1,-12.506190926691668,-3.5094722720690634,4.684077104546056
2025-06-28,2435.62,2410.3213,2507.593,-10.094240832840221,2423.17,-1,-0.5302438928139616,-2.87020262060071,4.6588249517897395
2025-06-29,2500.09,2407.9507,2498.591,-2.3526650549899344,2435.62,0,-1.1360276400362082,0.059993812512742224,7.7415757778502865
2025-06-30,2485.47,2588.7378,2482.0445,1.8733161914211856,2500.09,1,3.545784070523455,0.13801122421454687,4.22598124641112
2025-07-01,2405.01,2603.5396,2463.7145,-0.5317666784178812,2485.47,1,4.750391305517677,-2.382763911971124,-2.4050828698390667
2025-07-02,2570.41,2593.48,2460.1025,8.724429177021534,2405.01,1,7.836557040043483,4.483857888035148,9.256195855439415
2025-07-03,2591.25,2722.9673,2460.7055,15.559097318727709,2570.41,1,5.935134284267885,5.305165530779687,6.8346681417061745
2025-07-04,2508.04,2675.4707,2459.5695,13.842023954211983,2591.25,1,3.2501959720212255,1.9706903992751534,-1.7170733645157252
2025-07-05,2516.41,2653.3684,2458.0095,12.667769391334879,2508.04,1,5.794501212226481,2.3759265373058867,-1.1742545628771044
2025-07-06,2570.35,2709.5107,2459.3185,14.774598033028163,2516.41,1,7.6736597846734105,4.514726335771478,2.1068286416932835
2025-07-07,2542.29,2888.2942,2460.9355,13.560779892875422,2570.35,1,12.36968465201724,3.3058363374415913,-1.2138181401527408
2025-07-08,2615.25,2680.5234,2465.448,16.74522767254712,2542.29,1,5.437359132907734,6.076055954130857,3.1844477796716983
2025-07-09,2768.74,2652.2507,2477.8289999999997,27.620560013692376,2615.25,1,1.4148067076522322,11.740559982145664,10.875332341145256
2025-07-10,2951.29,2644.0103,2505.069,44.53787537602373,2768.74,0,-4.5049280934197435,17.812722923001324,16.91731536233135
2025-07-11,2958.22,2743.0076,2538.1935000000003,53.04618607081427,2951.29,0,-7.057335322541158,16.548245829169424,8.508310694790545
2025-07-12,2943.28,2731.5068,2573.9725,54.3212805476564,2958.22,0,-7.663837174466395,14.347764010687774,1.2750944768421277
2025-07-13,2972.03,2886.3618,2601.991,53.66027721606402,2943.28,0,-1.9338351632787298,14.221378936360665,-0.6610033315923829
2025-07-14,3013.62,2853.3076,2630.2495,52.517532350775554,2972.03,0,-3.9946562723963144,14.575442367729755,-1.1427448652884635
2025-07-15,3137.89,2852.4617,2666.2195,56.28949216419821,3013.62,0,-5.347665932603476,17.690610244205313,3.7719598134226544
2025-07-16,3371.35,2852.1504,2713.989,69.78411686371253,3137.89,0,-9.106106631366934,24.221210918688314,13.494624699514318
2025-07-17,3476.87,2850.877,2766.674,80.34142500191095,3371.35,0,-15.438119651623236,25.669666899678095,10.557308138198422
2025-07-18,3546.92,3410.2375,2822.239,86.05752159243494,3476.87,0,-1.916449311359783,25.6775205785194,5.716096590523989
2025-07-19,3592.01,3365.0508,2876.835,86.65056195780735,3546.92,0,-5.127525254305146,24.85978514582867,0.593040365372417
2025-07-20,3756.69,3284.751,2940.3959999999997,91.43594203308777,3592.01,0,-8.553957907619973,27.761362755220738,4.785380075280415
2025-07-21,3762.33,2886.935,3008.2619999999997,88.24017962736565,3756.69,0,-23.152161647787015,25.066566675376023,-3.195762405722121
2025-07-22,3746.21,2811.3901,3067.052,78.619729297834,3762.33,0,-25.275291196711873,22.143674120947406,-9.62045032953165
2025-07-23,3628.29,3519.5662,3118.9039999999995,58.80090050501741,3746.21,0,-6.0499501600450865,16.332211571757274,-19.81882879281659
2025-07-24,3706.94,3673.0835,3178.849,46.03948045140555,3628.29,1,1.2345621792566204,16.612648162904243,-12.761420053611857
2025-07-25,3724.96,3321.6257,3239.2765,34.396283951214514,3706.94,1,-10.394402595621322,14.99357958482396,-11.643196500191038
2025-07-26,3741.1,3062.0522,3297.814,23.865950613972302,3724.96,1,-17.796372414905125,13.441813273883854,-10.530333337242212
2025-07-27,3872.1,3126.9626,3364.3044999999997,21.860857358675503,3741.1,0,-16.415956630820478,15.093624848761467,-2.0050932552967993
2025-07-28,3799.0,3654.262,3423.4919999999997,12.229319225995425,3872.1,0,-5.6258370679831335,10.968566598081733,-9.631538132680078
2025-07-29,3793.79,3535.0044,3474.7445,2.6272824415668197,3799.0,0,-6.949081481146354,9.18184056410479,-9.602036784428606
2025-07-30,3810.0,3453.0374,3517.6800000000003,-5.091922583615144,3793.79,0,-8.981853146441289,8.310022514839318,-7.719205025181964
2025-07-31,3698.39,3504.5806,3554.6885,-19.37191992342821,3810.0,0,-8.016258099573491,4.0425905110954075,-14.279997339813065
2025-08-01,3488.2,3669.7134,3581.9345000000003,-43.262506500356835,3698.39,-1,-0.7753812089517296,-2.616868063891187,-23.890586576928627
2025-08-02,3393.94,3372.3447,3603.03,-64.42745442757015,3488.2,-1,-3.321348358394009,-5.803171219778911,-21.16494792721332
2025-08-03,3496.74,3271.3503,3627.186,-70.05177127689001,3393.94,-1,-3.612016069910636,-3.5963416268148465,-5.624316849319854
2025-08-04,3720.99,3263.573,3656.3410000000003,-57.73036822824645,3496.74,0,-6.668125223869227,1.7681337708927978,12.32140304864356
2025-08-05,3612.0,3244.366,3668.3735,-55.9418630256435,3720.99,-1,-12.80906514672506,-1.5367437366996612,1.7885052026029484
2025-08-06,3683.31,3054.885,3678.6955000000003,-49.21510292684786,3612.0,-1,-15.424003051892996,0.1254384876377966,6.726760098795637
2025-08-07,3910.31,3597.6133,3696.8649999999993,-29.697824954302575,3683.31,-1,-2.3266224876537662,5.773675803687737,19.517277972545287
2025-08-08,4009.5,3490.3896,3717.7394999999997,-11.275674396306158,3910.31,0,-10.73879952132951,7.847792993565051,18.422150557996417
2025-08-09,4260.62,3480.8105,3742.936,15.215869147585352,4009.5,0,-13.185919768674397,13.830960508007612,26.49154354389151
2025-08-10,4250.57,3287.699,3767.3479999999995,28.674482094244496,4260.62,0,-22.835198290169618,12.826582519055851,13.458612946659144
2025-08-11,4223.22,3263.0605,3791.1985,32.089383373424425,4250.57,0,-23.232400669204363,11.395380642823115,3.4149012791799294
2025-08-12,4590.52,4086.2573,3839.31,54.142568820464646,4223.22,0,-3.243086454914739,19.566276231927105,22.05318544704022
2025-08-13,4749.3,4018.6672,3891.428000000001,73.2911441525402,4590.52,0,-12.457254595816496,22.045172106486337,19.148575332075552
2025-08-14,4546.84,3850.88,3932.522,66.39482795548605,4749.3,0,-18.916895483281753,15.621476497779293,-6.896316197054148
2025-08-15,4439.47,3758.3125,3967.4404999999997,49.452689021260426,4546.84,0,-17.342319061150164,11.897582332992783,-16.942138934225625
2025-08-16,4421.99,3537.9763,3994.935,32.72601505283336,4439.47,0,-20.306335703149816,10.689911099930283,-16.726673968427065
2025-08-17,4472.33,4456.444,4028.6014999999998,21.264754991677307,4421.99,1,0.7791480228641453,11.014455016213448,-11.461260061156054
2025-08-18,4312.99,4273.205,4054.5615,0.2748181234891831,4472.33,1,-4.45237542567297,6.373771861642745,-20.989936868188124
2025-08-19,4075.59,4114.8086,4067.8409999999994,-30.56941479504428,4312.99,1,-4.5949887722902165,0.1904941712323738,-30.844232918533464
2025-08-20,4336.16,3892.3042,4099.7294999999995,-34.12426798007067,4075.59,0,-4.497159939573169,5.766978040868317,-3.5548531850263885
2025-08-21,4225.3,3669.4321,4136.5845,-44.014334115636984,4336.16,0,-15.375997912755754,2.1446558144769012,-9.890066135566315
2025-08-22,4832.07,4313.7666,4208.491,-11.458947729642944,4225.3,0,2.09373539304901,14.817163681709186,32.55538638599404
2025-08-23,4778.4,4407.962,4272.5740000000005,3.8721982102674986,4832.07,0,-8.776944165492216,11.838905540313615,15.331145939910442
2025-08-24,4780.15,4364.36,4325.532,11.131789329663661,4778.4,0,-8.664827907223122,10.510106040135629,7.259591119396163
2025-08-25,4376.18,4182.0366,4363.741,-12.965747666535776,4780.15,0,-12.512439544914903,0.2850535813193383,-24.097536996199437
2025-08-26,4600.63,3917.629,4409.607,-15.320244510506484,4376.18,0,-10.478341698696129,4.331973348191803,-2.3544968439707077
2025-08-27,4506.71,4663.223,4439.427000000001,-24.205910097987612,4600.63,0,1.3605341992564037,1.5155784744292324,-8.885665587481128
2025-08-28,4511.21,4526.598,4464.5125,-30.38327981277388,4506.71,0,0.4413007389259563,1.0459708646800792,-6.177369714786266
2025-08-29,4360.18,4440.0996,4469.4905,-44.39562582785999,4511.21,-1,-1.5763041539852953,-2.4457038223931695,-14.01234601508611
2025-08-30,4373.7,4473.1924,4475.647,-51.98184967407329,4360.18,-1,2.591920122850426,-2.277815922480037,-7.586223846213301
2025-08-31,4391.83,4336.1104,4484.0775,-54.72994566939937,4373.7,-1,-0.8594473429247508,-2.057223587237295,-2.748095995326082
2025-09-01,4314.5,4596.368,4470.2765,-60.268830695937055,4391.83,0,4.657242289945195,-3.4847173323618787,-5.5388850265376846
2025-09-02,4326.5,4531.9097,4449.1365,-61.4283739498874,4314.5,0,5.039046655898714,-2.756411272164826,-1.1595432539503463
2025-09-03,4450.46,4438.0244,4444.317499999999,-52.49721211836115,4326.5,0,2.577705167283023,0.1382101976287886,8.931161831526254
2025-09-04,4297.55,4334.9683,4437.2215,-55.25912290564028,4450.46,-1,-2.5950517088402103,-3.147724313514651,-2.7619107872791346
2025-09-05,4307.45,4237.8037,4431.4945,-54.6891405855892,4297.55,-1,-1.39024069673419,-2.7991572594753302,0.5699823200510821
2025-09-06,4273.14,4260.4854,4421.535,-54.757402933934415,4307.45,-1,-1.0903120973545792,-3.356187387411827,-0.06826234834521472
2025-09-07,4306.19,4221.878,4421.195,-50.79856521815131,4273.14,-1,-1.1996347021745208,-2.601219805957442,3.9588377157831047
2025-09-08,4306.37,4297.343,4432.734,-46.50505441885679,4306.19,-1,-0.20545369717777434,-2.8507011699777265,4.293510799294523
2025-09-09,4310.09,4450.8965,4431.4305,-41.8949409893617,4306.37,0,3.3561093072587846,-2.7381790146545284,4.610113429495087
2025-09-10,4349.32,4462.873,4437.6314999999995,-34.96640464153865,4310.09,0,3.5447762546721724,-1.990059336833169,6.928536347823048
2025-09-11,4458.82,4374.2065,4418.969,-22.383768302418645,4349.32,0,0.5721938824632423,0.9018166907258154,12.582636339120008
2025-09-12,4712.16,4414.69,4415.657,2.313695683675064,4458.82,0,-0.9897250526764865,6.714810502717936,24.69746398609371
2025-09-13,4666.53,4291.92,4409.976000000001,14.224976730859538,4712.16,0,-8.918204774986416,5.817582680722053,11.911281047184474
2025-09-14,4604.49,4143.455,4421.3915,16.418047523876226,4666.53,0,-11.209076591707323,4.141196272711884,2.1930707930166875
2025-09-15,4523.74,4120.9917,4417.5470000000005,11.173519466387276,4604.49,0,-10.500583143437163,2.4038906660189303,-5.2445280574889495
2025-09-16,4501.29,4466.1797,4417.276,5.237278456115959,4523.74,0,-1.2724054101252456,1.9019413774461937,-5.936241010271317
2025-09-17,4590.53,4411.2812,4421.242,6.2945307854797505,4501.29,0,-1.9996212196947978,3.8289693258138677,1.0572523293637914
2025-09-18,4587.66,4257.392,4432.616,5.787154816357344,4590.53,0,-7.257068577184982,3.4977990423713643,-0.5073759691224069
2025-09-19,4468.59,4300.4893,4437.3605,-3.1031050037295955,4587.66,0,-6.259634371062804,0.70378550491898,-8.89025982008694
2025-09-20,4480.42,4236.5674,4441.789999999999,-8.420747110196373,4468.59,0,-5.192300416630305,0.8696944249953517,-5.317642106466778
2025-09-21,4444.97,4480.4194,4448.313499999999,-14.21848861995754,4480.42,0,-1.2641811483583227e-05,-0.07516331751345852,-5.797741509761167
2025-09-22,4199.08,4434.6426,4441.942499999999,-33.41060230649822,4444.97,-1,-0.23233951803949757,-5.467484101831559,-19.19211368654068
2025-09-23,4164.26,4559.6826,4427.632500000001,-46.445822845499386,4199.08,-1,8.587657705676007,-5.948382120693178,-13.035220539001166
2025-09-24,4152.81,4802.7515,4420.3955000000005,-53.341416009421486,4164.26,-1,15.332651295638355,-6.053428929605962,-6.895593163922101
2025-09-25,3874.36,4878.543,4398.741,-72.94507165328454,4152.81,0,17.475708466074767,-11.921161077681088,-19.603655643863057
2025-09-26,4032.24,3847.7292,4386.696,-71.47442081400501,3874.36,-1,-0.6873587367494277,-8.080249919301455,1.4706508392795286
2025-09-27,4018.38,3566.0027,4372.3055,-67.66903781660619,4032.24,-1,-11.562737199500148,-8.094711131232716,3.805382997398823
2025-09-28,4142.16,3566.9775,4364.094999999999,-53.66167972551221,4018.38,-1,-11.23344384895157,-5.085475911958826,14.007358091093984
2025-09-29,4215.07,3513.8828,4359.343999999999,-37.11830888365606,4142.16,-1,-15.167863807771786,-3.30953464557969,16.543370841856145
2025-09-30,4145.15,3531.4949,4349.1355,-28.883122005377686,4215.07,-1,-16.21740865402294,-4.6902539596662525,8.235186878278377
2025-10-01,4348.03,4220.1484,4343.596,-8.811756816395516,4145.15,0,1.8093057549184075,0.10208131695489629,20.07136518898217
2025-10-02,4484.35,4367.4565,4332.205499999999,13.39850157580856,4348.03,1,0.44678953385211817,3.5119409732525675,22.210258392204075
2025-10-03,4512.87,4643.7637,4324.5225,28.874996290039107,4484.35,1,3.554889156176472,4.355336340601763,15.476494714230547
2025-10-04,4487.15,4758.6826,4318.6555,35.79231291615569,4512.87,1,5.446924400381578,3.9015499152456083,6.91731662611658
2025-10-05,4514.32,4845.995,4318.1845,40.27602368575339,4487.15,1,7.997172307310885,4.5420824422856265,4.4837107695977
2025-10-06,4684.01,4602.176,4327.3205,52.002850166052255,4514.32,1,1.9461575885183218,8.24273358074588,11.726826480298868
2025-10-07,4447.7,4534.1797,4320.179,41.62628510499529,4684.01,0,-3.198761584625144,2.9517526935805143,-10.376565061056965
2025-10-08,4525.72,4588.908,4317.082,37.904630670551875,4447.7,1,3.174858986105182,4.832847742989359,-3.7216544344434155
2025-10-09,4368.09,4700.793,4312.057,23.42421576577223,4525.72,1,3.868400359500803,1.2994494275006188,-14.480414904779643
2025-10-10,3829.72,4597.3022,4279.522,-21.39182034082662,4368.09,1,5.247424986521565,-10.510566366991457,-44.81603610659885
2025-10-11,3746.79,3821.2075,4244.613,-53.7584323555908,3829.72,-1,-0.22227422549820353,-11.728348379463577,-32.36661201476418
2025-10-12,4152.29,3896.5088,4242.2735,-45.332287369900314,3746.79,-1,3.9959215505139074,-2.121115010618723,8.426144985690485
2025-10-13,4240.85,3790.9954,4246.103,-31.902793944724174,4152.29,-1,-8.701093581418325,-0.12371343794532778,13.42949342517614
2025-10-14,4125.02,3832.7615,4244.7135,-29.012274272200006,4240.85,-1,-9.622800273309014,-2.8198251778358987,2.8905196725241673
2025-10-15,3985.61,3732.6243,4250.276,-34.31760066275266,4125.02,-1,-9.512577694699067,-6.227030903404854,-5.305326390552654
2025-10-16,3894.51,4123.4062,4243.3895,-41.32056251701063,3985.61,0,3.4573440452026127,-8.221717567996055,-7.002961854257968
2025-10-17,3831.57,4024.8765,4234.049,-47.12917922563671,3894.51,0,3.347442036193251,-9.505770953524625,-5.808616708626083
2025-10-18,3889.21,4099.4985,4221.4015,-44.082155413298935,3831.57,0,6.99265666962237,-7.869223053054772,3.047023812337777
2025-10-19,3982.58,4222.002,4209.777,-33.26364043060342,3889.21,0,8.556800818803818,-5.396889193893171,10.818514982695518
2025-10-20,3979.22,4076.6025,4201.4805,-24.23849782927124,3982.58,0,2.3608449563473948,-5.290051923363678,9.025142601332178
2025-10-21,3873.05,4043.978,4177.7315,-23.316368759280195,3979.22,0,1.6274050528432757,-7.29298903005135,0.922129069991044
2025-10-22,3805.53,3957.0195,4143.790500000001,-25.001695691499208,3873.05,0,2.1680466621912915,-8.163069537419924,-1.685326932219013
2025-10-23,3856.8,4013.4685,4110.986999999999,-20.59509370172418,3805.53,0,5.464114219553513,-6.183113690215976,4.406601989775027
2025-10-24,3934.88,3973.0557,4083.3735,-10.843298090330421,3856.8,0,3.0143036730579706,-3.6365397385274707,9.75179561139376
2025-10-25,3953.82,3972.0532,4055.3485,-2.001906478996588,3934.88,0,0.9447104525741545,-2.5035702850198915,8.841391611333833
2025-10-26,4158.46,4045.1309,4029.071,17.660884105332045,3953.82,1,2.3094338987359015,3.211385453371264,19.662790584328633
2025-10-27,4120.15,3965.1907,4012.6935000000003,27.530807795139793,4158.46,1,-4.647617776096801,2.6779144731587228,9.869923689807749
2025-10-28,3979.2,3908.1265,3985.3675000000003,24.132361231604847,4120.15,1,-5.146014954704311,-0.15475360804243204,-3.3984465635349466
2025-10-29,3902.99,4160.2007,3962.1125,16.672262451683338,3979.2,0,4.548670174752468,-1.4921963977549957,-7.460098779921509
2025-10-30,3805.09,3503.6697,3960.8810000000003,5.63526486829835,3902.99,0,-10.23113874915449,-3.933241114792395,-11.036997583384988
2025-10-31,3847.99,3755.3748,3965.941,1.9075972190375126,3805.09,0,-1.3065458147014959,-2.974098706965132,-3.7276676492608374
2025-11-01,3873.77,3735.9136,3952.0150000000003,1.859780260598498,3847.99,0,-2.912596596697231,-1.9798760885270006,-0.047816958439014456
2025-11-02,3906.58,3812.0095,3935.3015,4.56532842981639,3873.77,0,-1.5943248699748562,-0.7298424275751199,2.7055481692178915
2025-11-03,3603.83,3791.5679,3909.2420000000006,-12.570257363851141,3906.58,-1,-2.9440617856603457,-7.812563151628901,-17.13558579366753
2025-11-04,3287.05,3789.7957,3874.3140000000008,-42.110317480425664,3603.83,-1,5.160222715746167,-15.15788343433187,-29.540060116574523
2025-11-05,3424.29,3486.6921,3850.803,-48.80624936597522,3287.05,-1,6.073596041188142,-11.075949613626038,-6.695931885549555
2025-11-06,3315.14,3490.264,3824.9815000000003,-56.44570729992249,3424.29,0,1.9266451152100155,-13.329254010771043,-7.63945793394727
2025-11-07,3436.05,3821.7168,3802.3235,-49.46553315074445,3315.14,0,15.280705999595797,-9.632886312803207,6.9801741491780405
2025-11-08,3401.51,3976.5854,3773.2699999999995,-43.495682988850035,3436.05,0,15.731303363418744,-9.852462187969568,5.9698501618944135
2025-11-09,3583.46,4102.841,3753.482,-24.557012239462978,3401.51,0,20.618220152593988,-4.529714009551663,18.938670749387057
2025-11-10,3567.85,3600.6377,3738.2219999999993,-11.034379674545988,3583.46,0,0.4793605987648798,-4.5575677420976985,13.52263256491699
2025-11-11,3417.76,3649.591,3718.8334999999997,-10.172343508598317,3567.85,0,2.2910454322105775,-8.095912333800358,0.8620361659476714
2025-11-12,3414.92,3731.8933,3696.7395000000006,-7.870577423618329,3417.76,0,9.191204489106163,-7.623461160841884,2.301766084979988
2025-11-13,3231.54,3948.1418,3661.5724999999998,-16.29078128689406,3414.92,0,15.614475469502212,-11.744475904819577,-8.42020386327573
2025-11-14,3112.4,3954.881,3619.5015,-26.853130484934553,3231.54,0,22.383789261950184,-14.010258042440368,-10.562349198040494
2025-11-15,3167.88,2982.0137,3569.9725,-26.999394908092796,3112.4,-1,-4.189253570395839,-11.263181999301109,-0.14626442315824306
2025-11-16,3095.29,3024.5,3518.7295,-28.720982887414465,3167.88,-1,-4.5260552798717155,-12.033874726659151,-1.7215879793216686
2025-11-17,3031.44,3409.7507,3471.3415,-30.716477354560794,3095.29,-1,10.159330221784552,-12.672377523214006,-1.9954944671463295
2025-11-18,3123.66,3578.8447,3432.375,-22.749012127240917,3031.44,0,18.05758077225675,-8.994209548781825,7.967465227319877
2025-11-19,3025.48,3662.0151,3393.3945,-21.053658061454655,3123.66,0,17.234754637788686,-10.842078632472584,1.6953540657862618
2025-11-20,2834.22,3160.9211,3342.7059999999997,-29.270577625009736,3025.48,0,4.476682793412119,-15.211807439840655,-8.21691956355508
2025-11-21,2765.85,3172.6328,3287.31,-35.36030749165744,2834.22,0,11.940245023322122,-15.862817927119742,-6.089729866647701
2025-11-22,2770.12,3169.4634,3230.487,-35.08121397124205,2765.85,0,14.592742878545478,-14.25069966231098,0.2790935204153868
2025-11-23,2802.16,3364.2808,3190.4035,-28.972722172890627,2770.12,0,21.448917798461803,-12.16910337516869,6.108491798351423
2025-11-24,2953.38,3359.0598,3173.7200000000003,-11.858869833814794,2802.16,0,19.873947756485183,-6.942641442849405,17.113852339075834
2025-11-25,2959.36,3010.864,3150.4735,2.0139441342853956,2953.38,0,1.946380542695992,-6.066183384815011,13.87281396810019
2025-11-26,3026.56,3018.9714,3136.0445,17.03042940171548,2959.36,0,2.0143353815309686,-3.4911653836544736,15.016485267430085
2025-11-27,3015.23,3125.4343,3115.0035,26.926139778577237,3026.56,0,3.266888023758824,-3.202998006262266,9.895710376861757
2025-11-28,3031.15,3067.838,3096.4855,34.77115938996292,3015.23,0,1.7447388963694306,-2.1099888890162637,7.8450196113856805
2025-11-29,2989.16,3153.0461,3066.7704999999996,37.14466544930792,3031.15,0,4.021448710163631,-2.5306914880001545,2.3735060593450044
2025-11-30,2991.26,3183.5881,3037.941,38.69337029697127,2989.16,0,6.504440537329054,-1.5365999537186399,1.5487048476633447
2025-12-01,2799.07,3160.292,3007.0065,27.15659613607491,2991.26,0,5.650862585916964,-6.915066528788675,-11.536774160896357
2025-12-02,2996.07,3157.4482,2986.064,32.798175210986045,2799.07,1,12.803475518207827,0.335089937791029,5.641579074911135
2025-12-03,3188.36,3247.4753,2983.9049999999997,48.535737524444784,2996.07,1,8.391170493241974,6.851927256397252,15.737562313458739
2025-12-04,3133.26,3347.5354,2984.948,53.877802903127645,3188.36,1,4.992391084777906,4.968662770674745,5.342065378682861
2025-12-05,3021.78,3098.0444,2977.643,48.703294005625054,3133.26,0,-1.123927360201522,1.4822797763197326,-5.174508897502591
2025-12-06,3038.06,3104.9414,2974.7815,45.25079646922961,3021.78,1,2.7520668695272255,2.1271646337722583,-3.452497536395441
2025-12-07,3059.85,3091.4204,2976.202,43.307107528099095,3038.06,1,1.7563975088131918,2.8105619175042444,-1.9436889411305174
2025-12-08,3124.16,3011.4844,2976.227,45.02582337743152,3059.85,1,-1.580653463405066,4.970487802173692,1.7187158493324262
2025-12-09,3318.04,2989.7295,2990.855,57.116197413579656,3124.16,0,-4.302932878357698,10.939513951696085,12.090374036148134
2025-12-10,3324.14,3268.8132,3015.351,62.959668204438515,3318.04,0,-1.4836098292403035,10.24056569202059,5.843470790858859
2025-12-11,3237.39,3212.0522,3038.928,58.51240876430279,3324.14,0,-3.3719324067653553,6.530658179463285,-4.447259440135724
2025-12-12,3084.86,3284.4485,3054.665,43.51696412721121,3237.39,1,1.453593367747634,0.9884880993496886,-14.99544463709158
2025-12-13,3114.64,3328.5776,3070.2889999999998,34.23162167442228,3084.86,1,7.9004439980663586,1.4445219977663377,-9.285342452788932
2025-12-14,3063.5,3223.7373,3075.795,23.769867496101682,3114.64,1,3.502725987192746,-0.39973405249699906,-10.461754178320597
2025-12-15,2964.85,3073.2356,3076.0695,10.033030136206143,3063.5,0,0.31779323333197323,-3.615636772836249,-13.736837359895539
2025-12-16,2962.3,3040.24,3072.8565000000003,1.0735519881816344,2964.85,0,2.542792729290692,-3.597841291970521,-8.959478148024509
2025-12-17,2833.49,3006.478,3063.7695,-12.481964385071294,2962.3,0,1.4913421106488138,-7.51621491107605,-13.555516373252928
2025-12-18,2828.57,3003.646,3053.6405,-20.27276661808085,2833.49,0,6.005173693704592,-7.370563103286056,-7.790802233009558
2025-12-19,2979.5,2983.714,3053.1575000000003,-14.04976234044809,2828.57,0,5.484895594880976,-2.4125024667086534,6.223004277632761
2025-12-20,2977.93,2905.4504,3052.491,-9.069567283598019,2979.5,-1,-2.4853015790191306,-2.4426280044724176,4.9801950568500715
2025-12-21,3002.02,2884.771,3062.6385,-3.47117839139559,2977.93,-1,-3.1283140942282004,-1.9792900794527346,5.598388892202429
2025-12-22,3009.49,2924.7695,3063.3095000000003,1.1684675688238784,3002.02,-1,-2.5732829478151373,-1.7569070314312187,4.639645960219468
2025-12-23,2965.02,2901.9722,3052.1425,1.646621492692077,3009.49,0,-3.5726263264290554,-2.8544702614638715,0.47815392386819866
2025-12-24,2947.47,2885.3652,3042.853,1.2055857373847658,2965.02,0,-2.686483248848236,-3.134656850002292,-0.4410357553073112
2025-12-25,2903.95,3071.1958,3036.9615,-1.4485529812013098,2947.47,0,4.197694998804066,-4.379755884294222,-2.6541387185860756
2025-12-26,2927.99,3097.039,3031.458,-1.0358645120791508,2903.95,0,6.649186883382985,-3.4131431146332982,0.41268846912215906
2025-12-27,2949.05,3107.3625,3025.918,1.0896023190761994,2927.99,0,6.126132562888713,-2.5403199954526174,2.12546683115535
2025-12-28,2950.91,3138.6836,3017.2555,2.9494023926781523,2949.05,0,6.430328198911507,-2.198869137863875,1.8598000736019529
2025-12-29,2937.9,3196.8562,2998.2484999999997,3.5895029508097522,2950.91,0,8.334588353147849,-2.0127918016134956,0.6401005581315999
2025-12-30,2973.69,3031.3003,2980.7259999999997,6.5376851441724995,2937.9,0,3.1791515357483204,-0.23604987509753006,2.9481821933627472
2025-12-31,2971.64,2973.6228,2967.4384999999997,8.348218503568631,2973.69,0,-0.0022597266569499364,0.14158675908532303,1.810533359396132
2026-01-01,3004.19,3065.0933,2963.4049999999997,11.539848352741302,2971.64,1,3.1448379251440324,1.3762884249706102,3.1916298491726707
2026-01-02,3125.45,3102.0366,2963.9455,21.064775523407143,3004.19,1,3.2570050860215214,5.448969962504372,9.52492717066584
2026-01-03,3127.11,3039.3696,2967.1259999999997,26.37937486036712,3125.45,1,-2.754175273760573,5.391884267806638,5.314599336959976
2026-01-04,3144.7,3063.6113,2976.1185,29.732913652872263,3127.11,0,-2.0305864480302938,5.664475389672816,3.3535387925051445
2026-01-05,3224.99,2999.1782,2989.2529999999997,35.61509984000901,3144.7,0,-4.6275249576668624,7.8861508209576145,5.882186187136746
2026-01-06,3296.84,2981.645,3012.4204999999997,42.15404420692762,3224.99,0,-7.5456041869509605,9.441560366489355,6.538944366918614
2026-01-07,3168.72,2863.8237,3029.428,35.90415378135437,3296.84,0,-13.134282207545715,4.59796370800032,-6.2498904255732555
2026-01-08,3106.65,2851.1177,3035.7855,26.099422918337048,3168.72,0,-10.023047925305796,2.3343052399453166,-9.804730863017319
2026-01-09,3088.4,3107.68,3041.309,17.31757129551152,3106.65,0,0.033152483885371994,1.5483793327149558,-8.781851622825528
2026-01-10,3086.72,3075.8628,3045.5440000000003,10.655188178855898,3088.4,0,-0.405945053466199,1.3520080484799915,-6.662383116655622
2026-01-11,3123.45,3099.6057,3051.2419999999997,8.097451131034497,3086.72,1,0.41745648748915354,2.366511735221267,-2.5577370478214014
2026-01-12,3095.75,3008.77,3057.7785,4.116279712610666,3123.45,1,-3.6715804789175377,1.2418002154178305,-3.9811714184238305
2026-01-13,3325.82,2917.7505,3076.696,15.89252415970359,3095.75,1,-5.7498025266494395,8.097127568014528,11.776244447092925
2026-01-14,3354.92,3255.441,3099.2445,24.066223231467372,3325.82,0,-2.116142245558995,8.249607283323414,8.173699071763782
2026-01-15,3318.69,3300.139,3118.7794999999996,25.329378075088442,3354.92,0,-1.6328581302795617,6.409895281150861,1.26315484362107
2026-01-16,3296.28,3289.692,3136.141,23.01915034955252,3318.69,0,-0.8737816870135522,5.1062436287144015,-2.310227725535924
2026-01-17,3310.56,3380.1865,3154.1234999999997,20.879306397965017,3296.28,1,2.545491385364708,4.959745552132003,-2.139843951587501
2026-01-18,3284.03,3685.5251,3171.4300000000003,16.30644282774255,3310.56,1,11.326335921547264,3.550448851149163,-4.5728635702224665
2026-01-19,3189.55,3208.8418,3182.223,6.074750822564596,3284.03,1,-2.2895102397054896,0.23024784875227872,-10.231692005177955
2026-01-20,2939.88,3260.4783,3180.635,-17.0851318477223,3189.55,0,2.2237704843747492,-7.569400449910163,-23.159882670286898
2026-01-21,2982.27,3274.8738,3179.5389999999998,-28.45654728072276,2939.88,0,11.394811328927537,-6.2043271052816085,-11.371415433000458
2026-01-22,2952.69,3310.6738,3170.9010000000003,-36.37117048011983,2982.27,0,11.011874448825894,-6.881671802430925,-7.91462319939707
2026-01-23,2956.41,3393.4907,3162.366,-39.49622019049781,2952.69,0,14.928784351091714,-6.5127186416752565,-3.1250497103779793
2026-01-24,2953.22,2953.3108,3152.792,-39.80639793960077,2956.41,-1,-0.10483014819916232,-6.3300084496535165,-0.31017774910296225
2026-01-25,2816.89,2894.5042,3132.3869999999997,-46.74196537412911,2953.22,-1,-1.9881976151243324,-10.072095178533171,-6.935567434528338
2026-01-26,2930.35,2767.3699,3114.0625,-41.419076163925,2816.89,-1,-1.7579716266210208,-5.899448068238839,5.32288921020411
2026-01-27,3026.77,2659.418,3106.965,-29.68490900128621,2930.35,-1,-9.24572256727012,-2.5811362535464726,11.734167162638787
2026-01-28,3010.78,2625.0146,3102.1715,-21.65348713510294,3026.77,-1,-13.273402061025449,-2.946049243247826,8.031421866183273
2026-01-29,2822.59,3053.0354,3088.881,-27.30394372433308,3010.78,0,1.4034702100659895,-8.620953672219802,-5.650456589230142
2026-01-30,2707.38,3031.4712,3069.9139999999998,-36.514086079858146,2822.59,0,7.400337682987959,-11.809255894464785,-9.210142355525065
2026-01-31,2451.95,3012.243,3036.339,-56.33784946210494,2707.38,0,11.260440718402103,-19.246500473102646,-19.823763382246796
2026-02-01,2270.15,2907.1846,2995.059,-76.94753050838534,2451.95,0,18.566225669875006,-24.203496492055752,-20.6096810462804
2026-02-02,2347.02,2911.2622,2946.1189999999997,-80.28632189776849,2270.15,0,28.240962360692016,-20.335193520696205,-3.3387913893831467
2026-02-03,2233.72,2526.3828,2890.059,-84.57824564156678,2347.02,0,7.642151004252201,-22.710228407101734,-4.291923743798293
2026-02-04,2148.26,2664.1455,2831.5375,-87.27312985423191,2233.72,0,19.269447729012597,-24.130971247952736,-2.69488421266513
2026-02-05,1826.83,2758.5088,2758.065,-103.6858913596441,2148.26,0,28.406654178847052,-33.76407009987075,-16.412761505412192
2026-02-06,2063.38,2758.5571,2695.706,-91.99106733690007,1826.83,0,51.00239917815287,-23.456786459651017,11.69482402274403
2026-02-07,2087.08,2911.7478,2635.8585,-76.66593873282991,2063.38,0,41.11544178650442,-20.819725338063478,15.325128604070159
2026-02-08,2089.74,2139.0068,2580.868,-61.03676057729746,2087.08,0,2.488013681195741,-19.029566796907094,15.629178155532458
2026-02-09,2105.02,2156.333,2539.125,-45.09182335703102,2089.74,0,3.186664743580552,-17.096637621227785,15.94493722026644
2026-02-10,2022.67,2214.207,2491.145,-35.91257956105477,2105.02,0,5.186983080920847,-18.805609468738268,9.179243795976248
2026-02-11,1941.18,2220.9775,2440.5695,-31.318397233856302,2022.67,0,9.804245826679583,-20.462006920925628,4.594182327198467
2026-02-12,1947.85,2575.3345,2390.1415,-24.141331032482185,1941.18,0,32.668504345617094,-18.504824923545332,7.177066201374117
2026-02-13,2048.72,1932.8562,2344.9165000000003,-9.654950019030537,1947.85,-1,-0.7697614717829868,-12.631430586121104,14.486381013451648
2026-02-14,2086.59,1942.6617,2308.4015,4.654860646913477,2048.72,-1,-5.176805851260167,-9.608878698094756,14.309810665944013
2026-02-15,1966.58,2076.376,2260.213,8.017714386297541,2086.59,-1,-0.4895079262097559,-12.991386210060742,3.3628537393840645
2026-02-16,1998.33,2171.4238,2208.791,14.009635920106348,1966.58,0,10.416246891812184,-9.52833473153414,5.9919215338088065
2026-02-17,1991.66,2255.0684,2157.835,18.85149434797586,1998.33,0,12.84764575295372,-7.701005869308819,4.841858427869511
2026-02-18,1955.91,2051.913,2114.501,20.819913249185277,1991.66,0,3.0252696714047533,-7.500161976750075,1.968418901209418
2026-02-19,1949.08,1993.6128,2076.5860000000002,22.682282195274865,1955.91,0,1.9276343476310218,-6.140174305326161,1.862368946089589
2026-02-20,1968.88,2165.8342,2052.4325,26.028319504638972,1949.08,0,11.12084822150066,-4.0709012354852,3.3460373093641067
2026-02-21,1973.35,2209.3235,2037.5925,29.091238004386412,1968.88,0,12.212196087528183,-3.1528629988577235,3.0629184997474397
2026-02-22,1957.82,2253.7979,2018.1325000000002,30.473481777881148,1973.35,0,14.211764337927896,-2.9885302377321716,1.3822437734947357
2026-02-23,1856.3,1895.3927,1999.2615,25.172715549581056,1957.82,0,-3.1886128349228957,-7.15071540166207,-5.300766228300091
2026-02-24,1851.94,1927.45,1984.4454999999998,22.104193554232467,1856.3,0,3.8328907596765096,-6.67720529487959,-3.06852199534859
2026-02-25,2057.48,2024.7739,1995.9779999999998,33.9406036988282,1851.94,1,9.332587761010073,3.0812964872358406,11.836410144595732
2026-02-26,2027.68,2152.2114,1994.193,39.402445869544124,2057.48,1,4.604245279723253,1.6792256316214167,5.461842170715926
2026-02-27,1929.84,2252.4912,1986.3309999999997,36.150553547694614,2027.68,1,11.087114876977626,-2.8439872307284015,-3.2518923218495104
2026-02-28,1964.51,1961.1719,1980.0695,35.98161503644201,1929.84,0,1.623547807072093,-0.7858057507577421,-0.1689385112526054
2026-03-01,1939.71,2008.1853,1971.8039999999996,33.876622436611996,1964.51,0,2.2232161065291094,-1.6276465612200606,-2.1049925998300125
2026-03-02,2027.35,2071.454,1972.0379999999998,37.76694227666903,1939.71,1,6.791948361481868,2.8048141060162193,3.890319840057032
2026-03-03,1982.8,2097.4824,1974.119,36.68893533010768,2027.35,1,3.4593149616494485,0.4397404614412829,-1.078006946561345
2026-03-04,2127.28,2156.0486,1983.0904999999998,44.53321979806596,1982.8,1,8.73757232118091,7.270949056535766,7.844284467958275
2026-03-05,2072.86,2148.8218,1984.2975,44.763779767863454,2127.28,1,1.0126441908798935,4.463166435476547,0.23055996979749693
2026-03-06,1978.68,2150.2568,1978.902,37.570702367706815,2072.86,0,3.7338187787645993,-0.011218342292846234,-7.193077400156639
2026-03-07,1969.59,2187.3594,1979.0525000000002,31.446319670908593,1978.68,0,10.546393302605773,-0.4781328438735363,-6.124382696798222
2026-03-08,1937.1,2255.9285,1975.991,24.747818514347202,1969.59,0,14.53797322269483,-1.9681769805631744,-6.698501156561392
2026-03-09,1992.98,2186.7512,1976.057,23.62377919630829,1937.1,1,12.887885019003928,0.8564024215900655,-1.1240393180389106
2026-03-10,2036.51,2052.6025,1980.087,25.21063704228598,1992.98,1,2.9916275658812426,2.8495212584093528,1.5868578459776899
2026-03-11,2051.97,2126.1804,1985.2314999999999,26.564625036650824,2036.51,1,4.403141645357745,3.361748995016447,1.353987994364843
2026-03-12,2073.52,2187.028,1990.4634999999998,28.02977985015935,2051.97,1,6.5818738174473905,4.17272157967228,1.4651548135085264
2026-03-13,2092.22,2147.5322,1996.407,29.242040155869937,2073.52,1,3.5694001775965516,4.7992718919538895,1.2122603057105863
2026-03-14,2096.16,2126.0935,2003.324,29.22364515256284,2092.22,1,1.6190221802379865,4.6340981289097405,-0.018395003307098534
2026-03-15,2178.3,2062.9604,2019.4239999999998,33.35879825169147,2096.16,0,-1.5838271306221785,7.8673918899646855,4.13515309912863
2026-03-16,2352.97,1974.9165,2044.4755,45.70956025939629,2178.3,0,-9.336799159608418,15.089175683445449,12.350762007704823
2026-03-17,2317.39,1969.4617,2057.471,49.04041426350484,2352.97,0,-16.298904366741812,12.63293626009795,3.330854004108552
2026-03-18,2203.39,2005.6001,2066.2565,41.42680158420123,2317.39,0,-13.454356079199009,6.636809128005158,-7.613612679303614
2026-03-19,2137.81,1964.783,2076.655,30.348158596297047,2203.39,0,-10.829087951548518,2.9448801076731446,-11.078642987904182
2026-03-20,2146.22,2182.7588,2085.7405,22.33116186539684,2137.81,1,2.102562391536201,2.8996656103671534,-8.016996730900207
2026-03-21,2084.87,2228.9573,2092.9985,12.150592447593457,2146.22,1,3.8550230354122696,-0.3883662601765007,-10.180569417803383
2026-03-22,2053.89,2145.9333,2094.3255,3.058068648624433,2084.87,1,2.9288804390381706,-1.930717073348916,-9.092523798969024
2026-03-23,2152.03,2204.5117,2102.787,3.3573226819220885,2053.89,1,7.33348517934262,2.34179686292527,0.29925403329765565
2026-03-24,2156.23,2310.3052,2104.2345,3.5247903640530716,2152.03,1,7.354691885394246,2.470993608364467,0.16746768213098306
2026-03-25,2169.02,2167.3943,2109.0425,4.141038003736432,2156.23,1,0.5177688423486818,2.843826049024615,0.61624763968336
2026-03-26,2060.43,2126.1436,2113.13,-2.74935879051662,2169.02,-1,-1.9767657888124581,-2.493930804067912,-6.890396794253052
2026-03-27,1992.75,2094.8062,2114.2879999999996,-11.366521930693622,2060.43,-1,1.6683970017787628,-5.748412704418678,-8.617163140177002
2026-03-28,1994.74,2073.806,2117.1699999999996,-16.142179591609636,1992.75,-1,4.067540243539079,-5.7827193848391785,-4.775657660916014
2026-03-29,1984.64,1960.8507,2116.7529999999997,-18.994472437507092,1994.74,-1,-1.698932792854583,-6.241304488525568,-2.8522928458974555
2026-03-30,2026.48,2011.3335,2116.2515,-17.133733871385477,1984.64,0,1.3450044387773046,-4.242005262607012,1.860738566121615
2026-03-31,2105.43,2039.4387,2118.9245,-10.00917676359883,2026.48,0,0.6394694595123062,-0.6368561031787704,7.1245571077866465
2026-04-01,2140.35,2016.9023,2122.266,-2.7459200267692836,2105.43,0,-4.204730446987069,0.8521080769328554,7.263256736829547
2026-04-02,2057.17,1923.4807,2120.5135,-3.3070885593037467,2140.35,-1,-10.13242166511902,-2.9871773983047007,-0.5611685325344631
2026-04-03,2053.83,1952.6206,2118.397,-3.6402980816219124,2057.17,-1,-5.0821951774160645,-3.047917835986362,-0.3332095223181657
2026-04-04,2065.52,1970.651,2112.7580000000003,-2.845683456009617,2053.83,-1,-4.049945663635132,-2.235845279014458,0.7946146256122955
2026-04-05,2110.17,1930.5098,2100.618,0.7240905718769746,2065.52,0,-6.53637991280646,0.45472332427886153,3.5697740278865915
2026-04-06,2107.16,1861.3826,2090.1065,2.8029470895916946,2110.17,0,-11.789923638409467,0.8159153612507299,2.07885651771472
2026-04-07,2240.01,1820.5052,2091.9375,12.502227624869167,2107.16,0,-13.603843608295637,7.0782468405485455,9.699280535277474
2026-04-08,2190.0,1825.5034,2094.547,14.771196877852324,2240.01,0,-18.504675516236542,4.557214519416369,2.2689692529831564
2026-04-09,2190.2,2155.3538,2096.746,15.434666205303568,2190.0,0,-1.5820201020262559,4.457096853886914,0.663469327451244
2026-04-10,2245.05,2159.4639,2104.755,18.509515725898776,2190.2,0,-1.4033482244772084,6.665621414368897,3.074849520595208
2026-04-11,2284.99,2121.2207,2116.31,21.940874644590753,2245.05,0,-5.515658754816158,7.970476915007718,3.431358918691977
2026-04-12,2191.65,2136.8174,2118.291,16.860183317590156,2284.99,0,-6.484606811736585,3.4631219223421104,-5.080691327000597
2026-04-13,2369.46,2129.1057,2128.9525,23.976373813125473,2191.65,0,-2.853753432773257,11.29698760305832,7.116190495535317
2026-04-14,2322.44,2382.5903,2136.6235,23.96151871546895,2369.46,1,0.5541487103074103,8.696735760886272,-0.01485509765652182
2026-04-15,2359.95,2347.3225,2151.5995,24.817735094514028,2322.44,1,1.0713951605046823,9.683516844096683,0.8562163790450761
2026-04-16,2348.17,2273.999,2169.3705,22.972900634312595,2359.95,1,-3.642067694760475,8.241999234340105,-1.844834460201433
2026-04-17,2419.0,2277.2974,2190.5835,24.751426427460935,2348.17,0,-3.018207230258034,10.427198963198608,1.77852579314834
2026-04-18,2350.32,2341.292,2208.8675,19.74815518357571,2419.0,0,-3.212402141897478,6.40384722035162,-5.003271243885223
2026-04-19,2263.27,2248.8335,2220.707,9.539124163602807,2350.32,0,-4.317986653147238,1.9166418622537824,-10.209031019972905
2026-04-20,2313.85,2269.9446,2231.1279999999997,5.363881521684952,2263.27,1,0.29490869750957766,3.707631296814894,-4.175242641917855
2026-04-21,2327.14,2289.7908,2240.4674999999997,2.7973876050261737,2313.85,1,-1.0397920572044388,3.8685006589026685,-2.5664939166587786
2026-04-22,2374.07,2297.2244,2256.3125,3.5142164733804577,2327.14,1,-1.2855107456201549,5.219024403756136,0.716828868354284
2026-04-23,2330.26,2296.9087,2270.134,0.4525666760551985,2374.07,0,-3.2501699020563906,2.648566119885443,-3.061649797325259
2026-04-24,2314.99,2312.446,2282.6074999999996,-2.9965389717529476,2330.26,0,-0.7644621234594087,1.4186626478709183,-3.449105647808146
2026-04-25,2319.5,2335.8645,2293.0739999999996,-5.2385435141745305,2314.99,0,0.9017102429438236,1.1524268296618596,-2.242004542421583
2026-04-26,2369.44,2300.699,2306.188,-3.6952547187698315,2319.5,0,-0.8105637159139901,2.742707879843272,1.543288795404699
2026-04-27,2303.67,2227.1387,2309.371,-7.236238788717358,2369.44,-1,-6.005694515370723,-0.24686375640813113,-3.540984069947527
2026-04-28,2289.42,2348.5947,2314.342,-10.47394346396247,2303.67,-1,1.9501372402514217,-1.0768503531457332,-3.237704675245112
2026-04-29,2252.9,2231.2969,2317.477,-14.749179798381142,2289.42,-1,-2.5387707366931394,-2.786521721682665,-4.275236334418672
2026-04-30,2257.51,2198.4653,2318.1,-16.79216904626442,2252.9,-1,-2.4162043574393044,-2.6137785255165737,-2.042989247883277
2026-05-01,2295.63,2291.4573,2318.6320000000005,-15.152129529373234,2257.51,0,1.5037486164236162,-0.9920504849411378,1.6400395168911857
2026-05-02,2316.97,2424.4504,2324.898,-12.325938147060128,2295.63,0,5.6115506180492885,-0.3410042074964294,2.8261913823131053
2026-05-03,2322.65,2501.2915,2322.5575,-9.875734686468334,2316.97,0,7.955282282733493,0.003982678577395827,2.450203460591794
2026-05-04,2347.16,2348.5413,2323.7935,-6.56544147859546,2322.65,0,1.1147292861871099,1.005532548395528,3.310293207872874
2026-05-05,2360.77,2289.8716,2323.8345,-3.570240286221498,2347.16,0,-2.4407546979647683,1.5894204169875286,2.995201192373962
2026-05-06,2350.84,2257.3005,2323.968,-2.4236765671254794,2360.77,0,-4.382869271069397,1.15629819343469,1.1465637190960187
2026-05-07,2291.06,2220.8333,2317.571,-5.671694259137212,2350.84,-1,-5.530225283170064,-1.1439131746125564,-3.2480176920117323
2026-05-08,2307.06,2178.2288,2315.408,-6.654854485346551,2291.06,-1,-4.924848770192615,-0.36054120915190574,-0.9831602262093391
2026-05-09,2326.44,2270.526,2318.5665,-5.936035582703191,2307.06,-1,-1.5835791480824055,0.33958482536516205,0.7188189026433598
2026-05-10,2371.27,2371.3274,2321.4375,-2.5504418395898014,2326.44,0,1.9294455295698554,2.146622512990334,3.3855937431133896
2026-05-11,2339.87,2344.4985,2322.074,-2.529851248893756,2371.27,0,-1.128992685090689,0.7663838447870233,0.020590590696045297
2026-05-12,2274.96,2336.8008,2317.1185,-6.752222707773633,2339.87,-1,-0.13117048169342277,-1.8194365113394073,-4.222371458879877
2026-05-13,2258.65,2349.3298,2313.538,-10.295728747557412,2274.96,-1,3.2690611696194645,-2.3724702166119562,-3.5435060397837788
2026-05-14,2283.25,2219.8445,2311.951,-10.593731977280555,2258.65,-1,-1.7180845893841494,-1.241419043915724,-0.2980032297231432
2026-05-15,2224.66,2292.8743,2307.209,-14.126741294690078,2283.25,0,0.4215161536461185,-3.5778726591305765,-3.5330093174095225
2026-05-16,2180.77,2344.9617,2297.7755,-18.531866209863164,2224.66,0,5.407642962154898,-5.092120618398107,-4.4051249151730865
2026-05-17,2131.0,2275.7485,2289.1420000000003,-23.585702350394932,2180.77,0,4.35527520812603,-6.908352561789538,-5.053836140531768
2026-05-18,2130.08,2304.1787,2281.175,-25.60995821375506,2131.0,0,8.126640588338809,-6.623560226637598,-2.0242558633601284
2026-05-19,2111.93,2147.637,2274.1265000000003,-26.6704250872733,2130.08,0,0.8242396008894067,-7.132254955913862,-1.0604668735182408
2026-05-20,2129.44,2142.02,2267.723,-24.734691082421513,2111.93,0,1.4247640561595396,-6.097878797366341,1.9357340048517884
2026-05-21,2133.76,2109.0413,2259.6295,-21.807850409712252,2129.44,-1,-0.9579391875035246,-5.570360096644153,2.926840672709261
2026-05-22,2065.85,2045.4785,2247.0735,-22.973078458146283,2133.76,-1,-4.137367106656804,-8.064867482082809,-1.165228048434031
2026-05-23,2117.68,2073.7124,2236.825,-18.94816536639204,2065.85,-1,0.3805892172108377,-5.326523085176533,4.024913091754243
2026-05-24,2099.85,2110.5093,2224.4595,-16.28351671268249,2117.68,-1,-0.33861219146659727,-5.601787760127799,2.6646486537095484
2026-05-25,2113.01,2132.6729,2212.0715,-12.596317911474564,2099.85,0,1.5631045818749003,-4.4782232400715705,3.687198801207927
2026-05-26,2073.77,2048.357,2198.218,-11.776829569421082,2113.01,-1,-3.0597614969285623,-5.661312936205594,0.8194883420534822
2026-05-27,2024.84,2066.3591,2184.907,-13.389276905009467,2073.77,-1,-0.3573621539816364,-7.3260326412062495,-1.612447335588385
2026-05-28,2009.9,2029.1301,2170.049,-14.241807991545329,2024.84,-1,0.21187486187180626,-7.379971604327823,-0.852531086535862
2026-05-29,2014.54,2015.9873,2154.454,-13.291337388117789,2009.9,0,0.30286604744016665,-6.494174394069225,0.9504706034275401
2026-05-30,2022.44,2039.7932,2137.0125,-11.022266264463468,2014.54,0,1.2535473552585223,-5.361339720755015,2.269071123654321
2026-05-31,2007.01,2021.4506,2120.3695,-9.509414460507266,2022.44,0,-0.0489230076819364,-5.34621442159019,1.5128518039562024
2026-06-01,2006.73,2078.869,2106.958,-7.5613409812172705,2007.01,0,3.5803955378585566,-4.757000376846623,1.9480734792899952
2026-06-02,1859.84,2024.5387,2087.0175,-14.781674085005818,2006.73,0,0.8874485500820978,-10.885270487669606,-7.220333103788548
2026-06-03,1813.05,1891.3766,2063.5075,-20.948246447767673,1859.84,0,1.6956612888239087,-12.137464971656279,-6.166572362761855
2026-06-04,1770.77,1945.6558,2040.813,-25.795517124891433,1813.05,0,7.3139605481784855,-13.232128568369571,-4.84727067712376
2026-06-05,1583.4,1968.4584,2010.9445,-38.76228476782893,1770.77,0,11.163978044773602,-21.260880148606784,-12.966767642937498
2026-06-06,1569.69,2015.5161,1982.8790000000001,-44.96753383536684,1583.4,0,27.290394927450418,-20.837832263088167,-6.205249067537906
2026-06-07,1690.51,2020.8156,1960.9004999999997,-37.92162422342065,1569.69,0,28.73978631180758,-13.789098426972698,7.045909611946186
2026-06-08,1690.49,1719.1248,1939.8285,-30.564798736815305,1690.51,0,1.6926700143373898,-12.853636287950202,7.356825486605345
2026-06-09,1639.52,1689.3091,1915.3325,-26.580600764565943,1690.49,-1,-0.06985654861903999,-14.400241211382358,3.984197972249362
2026-06-10,1621.59,1790.1892,1889.7240000000002,-22.750040442561755,1639.52,-1,9.189836597563618,-14.189056179632592,3.830560322004189
2026-06-11,1673.46,1911.6964,1870.1045000000001,-14.71025664655437,1621.59,-1,17.890244212952265,-10.515161051160515,8.039783796007384
2026-06-12,1666.41,2005.4663,1847.541,-8.180280976610959,1673.46,0,19.839512662014624,-9.80389609756968,6.529975669943411
2026-06-13,1681.18,1691.2524,1826.6075,-1.5277899655844749,1666.41,0,1.4907760638888339,-7.961617369905687,6.652491011026484
2026-06-14,1725.62,1743.9679,1807.238,6.749708944040066,1681.18,0,3.734751514282375,-4.516173298702228,8.27749890962454
2026-06-15,1796.13,1877.1101,1793.3560000000002,17.260153695827455,1725.62,1,8.778879905302158,0.15468205978065075,10.51044475178739
2026-06-16,1792.99,1888.4579,1781.7634999999998,23.879680438744032,1796.13,1,5.140378800097286,0.6300780097919962,6.619526742916577
2026-06-17,1750.6,1868.4845,1768.7985,25.154178696269568,1792.99,1,4.2105364263220935,-1.0288622474521656,1.2744982575255364
2026-06-18,1711.11,1767.8312,1753.627,23.13944510854853,1750.6,0,0.9843011971788296,-2.424517870676036,-2.0147335877210395
2026-06-19,1711.19,1759.5139,1738.0645,21.641225868328988,1711.11,0,2.8288021235119367,-1.5462314545864033,-1.498219240219541
2026-06-20,1741.08,1744.4419,1724.768,22.39836676992053,1711.19,1,1.9432029483137432,0.9457503849793072,0.7571409015915407
2026-06-21,1706.94,1765.6907,1709.7785,20.3921377147975,1741.08,1,1.4135291789076363,-0.16601565641396474,-2.006229055123029
2026-06-22,1728.19,1769.3484,1703.196,20.247434340487132,1706.94,1,3.6561559675135005,1.4674764384134382,-0.1447033743103674
2026-06-23,1667.13,1788.5297,1695.9,15.978104881828543,1728.19,0,3.491494748027557,-1.6964443658234554,-4.269329458658589
2026-06-24,1622.17,1799.4381,1688.47,10.33839206014197,1667.13,0,7.936280335160569,-3.926631802756339,-5.639712821686572
2026-06-25,1567.84,1805.3857,1687.6919999999998,3.5138577638251576,1622.17,0,11.294484683325418,-7.10153274412629,-6.824534296316813
2026-06-26,1578.68,1800.2117,1688.1415000000002,0.4554420442107414,1567.84,0,14.821134166871305,-6.4841424726541055,-3.058415719614416
2026-06-27,1573.99,1755.9874,1682.3155,-1.0742426711872923,1578.68,0,11.231372207021844,-6.439071624793323,-1.5296847153980337
2026-06-28,1571.96,1615.1885,1676.389,-1.3933564070185298,1573.99,0,2.617454784496724,-6.229401409815972,-0.3191137358312375
2026-06-29,1613.07,1627.2999,1675.0665000000001,1.8192905220209923,1571.96,0,3.520441153579764,-3.701136641440814,3.212646929039522
2026-06-30,1572.01,1653.2659,1672.5875,1.8291203865579462,1613.07,0,2.4918862256830185,-6.0132877951078845,0.009829864536953892
2026-07-01,1609.58,1640.4675,1669.3935000000001,4.844785236829267,1572.01,0,4.354776960507567,-3.582947938877215,3.015664850271321
2026-07-02,1700.57,1717.7432,1671.1015,12.984460444442476,1609.58,1,6.719961981541774,1.7634177217841016,8.139675207613209
2026-07-03,1758.21,1736.9697,1674.953,21.751157550744054,1700.57,1,2.140442708180202,4.9707066407236535,8.766697106301578
2026-07-04,1780.64,1770.4526,1677.7040000000002,28.15469985623337,1758.21,1,0.6963125405241675,6.135528078850614,6.403542305489317
2026-07-05,1785.65,1744.675,1677.1799999999998,31.565504285698168,1780.64,0,-2.0197766629905596,6.467403617977811,3.410804429464797
2026-07-06,1799.56,1689.4778,1677.5085,33.41775162782327,1785.65,0,-5.385838030794114,7.275760450692205,1.8522473421251036
2026-07-07,1771.45,1692.1149,1678.5510000000002,31.438243666210504,1799.56,0,-5.970633479069186,5.534475866387132,-1.979507961612768
2026-07-08,1743.54,1742.1238,1680.1725,27.101944208125595,1771.45,0,-1.655492432929241,3.771487749025774,-4.336299458084909
2026-07-09,1745.16,1700.521,1681.8709999999999,23.33853428120438,1743.54,0,-2.467336792172819,3.7630115508264437,-3.763409926921213
2026-07-10,1796.85,1746.9316,1684.6595000000002,23.27364176763477,1745.16,1,0.10151737519768492,6.659535650972774,-0.06489251356961034
2026-07-11,1787.76,1734.6908,1688.7005000000001,21.59842714515588,1796.85,1,-3.459342966945622,5.866019462894684,-1.6752146224788902
2026-07-12,1806.8,1775.8708,1692.6309999999999,20.747675039421985,1787.76,1,-0.6650305628621846,6.74506138668145,-0.8507521057338963
2026-07-13,1776.72,1791.9137,1698.1105,17.27626610291289,1806.8,0,-0.8239043453031577,4.629233492166737,-3.4714089365090963
2026-07-14,1891.87,1760.6725,1711.5955,21.5731204392782,1776.72,0,-0.9032101089894596,10.532541129022599,4.2968543363653104
2026-07-15,1917.86,1724.9916,1729.0965,24.77457108302749,1891.87,0,-8.820818705913323,10.916886362328523,3.20145064374929
2026-07-16,1864.71,1733.7659,1743.398,22.014622407440598,1917.86,0,-9.59893479499937,6.958365215515914,-2.759948675586891
2026-07-17,1841.93,1702.3231,1756.795,17.550831872739774,1864.71,0,-8.708425432523692,4.846040659268724,-4.4637905347008235
2026-07-18,1862.61,1846.9153,1771.3275,14.986619319050813,1841.93,1,0.27065541052726955,5.153338386040966,-2.564212553688961
2026-07-19,1872.23,1839.4734,1784.2855,13.007464803410809,1862.61,1,-1.2421608027512416,4.928835659988273,-1.9791545156400048
2026-07-20,1904.77,1824.2136,1800.9235,12.931818092944553,1872.23,1,-2.5646622986024696,5.766291572073987,-0.07564671046625548
2026-07-21,1930.09,1818.0038,1816.9489999999998,13.562980961213974,1904.77,0,-4.555206970936779,6.2269772018917475,0.6311628682694206
2026-07-22,1934.25,1875.2592,1828.6329999999998,13.222777236255226,1930.09,0,-2.8408439361150215,5.775735207666066,-0.34020372495874796
2026-07-23,1878.38,1949.0168,1834.6415000000002,8.430462047592783,1934.25,1,0.7634403879087501,2.3840352461230125,-4.792315188662442
2026-07-24,1861.44,1987.9536,1838.6815,3.564077650435884,1878.38,1,5.833410347280629,1.2377619506151631,-4.866384397156899
2026-07-25,1874.89,2057.3157,1843.1434999999997,0.8376675692864026,1861.44,1,10.522803519217645,1.7224106533213737,-2.7264100811494814
2026-07-26,1954.72,2062.2222,1850.9015,3.8297821632348175,1874.89,1,9.991635134261204,5.609077522493773,2.992114593948415
2026-07-27,1892.53,2089.9487,1856.9555,1.1771921824318667,1954.72,1,6.9180614343102835,1.9157432690228677,-2.6525899808029507
