timestamp,actual,predicted,sma20,macd_hist,prev_actual,position,pred_ret_pct,sma_dist_pct,macd_hist_slope
2019-01-01,31.48,32.535225,29.2925,0.4706821813231753,29.9,1,8.813461252678204,7.467781855423743,
2019-01-02,32.67,33.49271,29.772,0.5260639130064008,31.48,1,6.393615354273793,9.73397823458284,0.055381731683225466
2019-01-03,31.39,33.80126,30.174500000000002,0.45505538628470454,32.67,1,3.4626933022818087,4.028235761984453,-0.07100852672169622
2019-01-04,31.76,32.33089,30.5825,0.4128122605133421,31.39,1,2.9974216486702057,3.8502411509850467,-0.042243125771362466
2019-01-05,34.33,29.500484,31.023000000000003,0.5302711629894339,31.76,0,-7.1143436191664575,10.659833027108903,0.11745890247609181
2019-01-06,38.3,33.08007,31.490499999999997,0.8298069471706224,34.33,0,-3.6409248598733748,21.623981835791746,0.29953578418118854
2019-01-07,37.35,31.916348,31.8635,0.9118886287548023,38.3,0,-16.66749999043835,17.21876127857895,0.08208168158417983
2019-01-08,38.7,31.381233,32.357,0.9980736823746127,37.35,0,-15.980633961627763,19.603177055969354,0.08618505361981044
2019-01-09,38.17,31.620487,32.6565,0.9600606673771404,38.7,0,-18.293314694742214,16.883315725812626,-0.03801301499747234
2019-01-10,32.81,32.864117,32.782500000000006,0.5357679254459056,38.17,0,-13.900663692163556,0.08388621978188454,-0.4242927419312348
2019-01-11,31.49,32.183395,32.790499999999994,0.1482068991435903,32.81,0,-1.9097976661317122,-3.9660877388267823,-0.38756102630231526
2019-01-12,31.65,33.092903,32.7245,-0.10190246105328638,31.49,0,5.090197323617126,-3.283472627542057,-0.2501093601968767
2019-01-13,29.59,32.721123,32.57,-0.3941915912226316,31.65,0,3.38427406540038,-9.149524101934297,-0.2922891301693452
2019-01-14,31.71,33.348118,32.6305,-0.4299396277334344,29.59,0,12.70063476975039,-2.8209803711251653,-0.03574803651080283
2019-01-15,30.75,32.255653,32.653,-0.4985971908001675,31.71,0,1.720761215224394,-5.827948427403298,-0.0686575630667331
2019-01-16,31.29,29.666027,32.839999999999996,-0.48741976506131457,30.75,-1,-3.525115222465701,-4.719853836784401,0.011177425738852942
2019-01-17,31.4,28.77919,32.82000000000001,-0.4531199213290647,31.29,-1,-8.024320666421977,-4.326630103595395,0.03429984373224987
2019-01-18,30.77,29.855911,32.8445,-0.45231776770810306,31.4,-1,-4.917480079991039,-6.316125987608266,0.0008021536209616431
2019-01-19,32.0,30.821518,32.8755,-0.3528215891211636,30.77,0,0.16742913336346416,-2.6630773676446053,0.09949617858693943
2019-01-20,30.64,27.36702,32.9125,-0.3611652593153854,32.0,-1,-14.478063583374023,-6.904671477402205,-0.008343670194221775
2019-01-21,30.82,28.463118,32.87949999999999,-0.3375610975803458,30.64,-1,-7.1047075734748555,-6.263781383536833,0.023604161735039597
2019-01-22,31.41,28.872065,32.816500000000005,-0.26823541069836754,30.82,-1,-6.320361484574623,-4.285953712309371,0.06932568688197827
2019-01-23,31.69,28.804829,32.8315,-0.1930586377130858,31.41,-1,-8.294082636743623,-3.4768438846839076,0.07517677298528175
2019-01-24,32.51,29.415758,32.869,-0.08325384982761305,31.69,-1,-7.176528453977378,-1.0922145486628791,0.10980478788547274
2019-01-25,32.69,27.922794,32.787,0.0018454060373732234,32.51,0,-14.110137366837844,-0.29584896452862813,0.08509925586498628
2019-01-26,32.8,32.518623,32.512,0.06252722692444004,32.69,0,-0.5242479288749358,0.8858267716535332,0.06068182088706682
2019-01-27,32.21,36.34053,32.255,0.05990875441832676,32.8,0,10.794299986304317,-0.1395132537591124,-0.002618472506113287
2019-01-28,30.94,31.129768,31.866999999999997,-0.025780406566193126,32.21,-1,-3.353715083570225,-2.908965387391333,-0.08568916098451988
2019-01-29,30.81,33.772614,31.499000000000002,-0.08623380281533302,30.94,-1,9.155182693570211,-2.187371027651683,-0.060453396249139896
2019-01-30,31.68,34.156303,31.442499999999995,-0.06368663560287803,30.81,-1,10.861095117694646,0.7553470620974931,0.02254716721245499
2019-01-31,31.41,31.559319,31.438500000000005,-0.06290526499063881,31.68,-1,-0.38093894419043867,-0.09065318001814536,0.0007813706122392211
2019-02-01,32.65,30.85454,31.4885,0.020700811435504243,31.41,0,-1.7684181113791144,3.688648236657828,0.08360607642614305
2019-02-02,34.59,29.624355,31.7385,0.19646222354161647,32.65,0,-9.266905616655098,8.984356538588797,0.17576141210611224
2019-02-03,33.44,27.692585,31.825,0.22312675270757776,34.59,0,-19.940488605218054,5.074626865671637,0.026664529165961293
2019-02-04,34.09,29.427597,31.992,0.26930568932182763,33.44,0,-11.998812661786964,6.5578894723681005,0.04617893661424988
2019-02-05,34.34,33.469097,32.14450000000001,0.2991542346353998,34.09,0,-1.8213636331734568,6.830095350682061,0.029848545313572172
2019-02-06,32.79,33.05643,32.214,0.20164886910102747,34.34,0,-3.7378252281584525,1.7880424660085694,-0.09750536553437233
2019-02-07,33.24,33.21052,32.3375,0.1566076609569786,32.79,1,1.2824693443063366,2.7908774642443093,-0.04504120814404888
2019-02-08,42.99,32.471622,32.887,0.7399584377900221,33.24,1,-2.3116050931377448,30.720345425244023,0.5833507768330435
2019-02-09,44.68,32.104828,33.589,1.1705360398395834,42.99,1,-25.320242193860494,33.01973860490042,0.4305776020495613
2019-02-10,46.79,43.77922,34.3875,1.5069223166414312,44.68,0,-2.016068529421021,36.066884769174834,0.33638627680184774
2019-02-11,42.9,43.19384,34.962,1.3802968074006419,46.79,0,-7.6857447598729,22.70465076368627,-0.1266255092407893
2019-02-12,43.89,40.829838,35.572,1.2783866229311642,42.9,0,-4.825552915915462,23.383560103452144,-0.10191018446947764
2019-02-13,41.61,39.70781,36.027,0.9857123630929765,43.89,0,-9.528800528042408,15.496710800233155,-0.29267425983818773
2019-02-14,41.26,36.69639,36.4555,0.7097347981534461,41.61,0,-11.808728083083619,13.17908134575029,-0.2759775649395304
2019-02-15,42.58,38.83366,36.9445,0.5636474674990191,41.26,0,-5.880610456295629,15.253962024117259,-0.14608733065442703
2019-02-16,43.34,39.939804,37.501,0.46960840024278383,42.58,0,-6.200554069637296,15.570251459961085,-0.09403906725623523
2019-02-17,43.91,39.565044,38.1495,0.3999261707783486,43.34,0,-8.710095978135282,15.099804715658117,-0.06968222946443525
2019-02-18,47.84,38.891476,39.001,0.5626790307718053,43.91,0,-11.429114831495701,22.663521448168012,0.16275285999345668
2019-02-19,47.14,37.518856,39.774,0.5658276851591104,47.84,0,-21.57429755730773,18.51963594307839,0.003148654387305161
2019-02-20,51.5,46.96225,40.778499999999994,0.7904022010215979,47.14,0,-0.37706882507557393,26.29204114913498,0.22457451586248744
2019-02-21,48.94,41.819393,41.593,0.6985698697953451,51.5,0,-18.797294838914596,17.66403000504891,-0.09183233122625278
2019-02-22,49.19,42.11265,42.32299999999999,0.5909693124699764,48.94,0,-13.95044580108056,16.22522032937175,-0.10760055732536866
2019-02-23,51.4,42.235268,43.221,0.6028618180021597,49.19,0,-14.138508560357474,18.923671363457583,0.01189250553218324
2019-02-24,43.75,38.92566,43.70399999999999,0.058410626304906454,51.4,0,-24.26914556481031,0.10525352370493889,-0.5444511916972532
2019-02-25,45.4,41.51213,44.257000000000005,-0.2128338416438842,43.75,0,-5.115129743303572,2.5826422938744003,-0.27124446794879065
2019-02-26,44.76,42.515182,44.8555,-0.44427590358631,45.4,-1,-6.354223579037028,-0.21290588668056595,-0.23144206194242578
2019-02-27,45.16,43.249855,45.451499999999996,-0.5712550481953724,44.76,-1,-3.373871667775004,-0.6413429699789869,-0.12697914460906246
2019-02-28,45.61,41.429764,45.582499999999996,-0.6216095144206668,45.16,-1,-8.260044743256609,0.06033017056985337,-0.05035446622529438
2019-03-01,47.05,39.713284,45.701,-0.556701191373854,45.61,0,-12.928560537561149,2.951795365528099,0.06490832304681282
2019-03-02,48.49,43.889595,45.786,-0.4216821519483971,47.05,0,-6.717120017559439,5.90573537762635,0.1350190394254569
2019-03-03,47.86,43.734436,46.034,-0.38093846010290333,48.49,0,-9.807308650946075,3.966633357952819,0.04074369184549376
2019-03-04,45.78,42.338005,46.128499999999995,-0.493087958084959,47.86,-1,-11.53780805282497,-0.7554982277767417,-0.11214949798205565
2019-03-05,52.52,42.43669,46.67399999999999,-0.13119324134543398,45.78,-1,-7.302989768065342,12.525174615417603,0.361894716739525
2019-03-06,55.37,43.816605,47.37949999999999,0.2609003900488531,52.52,-1,-16.57158298884652,16.864888823225247,0.3920936313942871
2019-03-07,56.73,51.708954,48.087,0.5556849561848822,55.37,0,-6.611967026509161,17.973672718198248,0.2947845661360291
2019-03-08,55.61,50.240746,48.7005,0.6144906666551933,56.73,0,-11.438840922909225,14.187739345591938,0.05880571047031102
2019-03-09,57.78,52.579636,49.394,0.7308662749818153,55.61,0,-5.449315554545607,16.977770579422607,0.11637560832662208
2019-03-10,56.59,52.784164,49.8315,0.6611318357733644,57.78,0,-8.646305938541127,13.56270632029942,-0.0697344392084509
2019-03-11,54.82,49.829044,50.215500000000006,0.4398817206535308,56.59,0,-11.94726216285384,9.169479543168931,-0.2212501151198336
2019-03-12,56.58,57.131844,50.4695,0.35953658570799085,54.82,1,4.217153533189586,12.107312337154127,-0.08034513494553996
2019-03-13,55.29,59.31948,50.787,0.17625645604101514,56.58,1,4.841783131841809,8.866442199775532,-0.1832801296669757
2019-03-14,55.94,46.004784,51.1245,0.06147105680800946,55.29,1,-16.793663175310012,9.419163023599253,-0.11478539923300568
2019-03-15,58.52,43.559074,51.480500000000006,0.11866205414456132,55.94,0,-22.132509113594082,13.674109614319976,0.05719099733655186
2019-03-16,61.21,44.33987,52.3535,0.2873959667261059,58.52,0,-24.231253498153013,16.916729540527385,0.16873391258154458
2019-03-17,60.47,60.578896,53.10699999999999,0.2976478866837713,61.21,0,-1.0310479188896333,13.864462311936293,0.01025191995766539
2019-03-18,59.17,60.717262,53.8275,0.17161264990690572,60.47,1,0.40890072443593084,9.925224095490226,-0.12603523677686557
2019-03-19,59.52,55.193977,54.545500000000004,0.07167024434135172,59.17,1,-6.7196596992445,9.119909066742443,-0.099942405565554
2019-03-20,60.27,46.786526,55.278499999999994,0.018685180466459617,59.52,1,-21.393605970567275,9.029731269842724,-0.0529850638748921
2019-03-21,58.54,49.3204,55.852999999999994,-0.1604007603233324,60.27,0,-18.167578831861444,4.810842747927604,-0.179085940789792
2019-03-22,59.26,58.675476,56.39149999999999,-0.25241744470995275,58.54,0,0.23142479367740154,5.086759529361703,-0.09201668438662036
2019-03-23,60.89,60.047405,57.043000000000006,-0.2263877548595854,59.26,0,1.3287297383056427,6.744035201514636,0.026029689850367355
2019-03-24,59.82,61.3908,57.74499999999999,-0.2995251127506027,60.89,0,0.8224675251670523,3.5933847086328,-0.07313735789101727
2019-03-25,59.04,60.19429,58.07099999999999,-0.4117946729997657,59.82,0,0.6256940172731732,1.6686470010848935,-0.11226956024916301
2019-03-26,58.79,54.146313,58.242000000000004,-0.5079442585247342,59.04,0,-8.288765728958253,0.940901754747424,-0.09614958552496855
2019-03-27,61.44,60.40336,58.4775,-0.4027209032525465,58.79,0,2.7442736170652444,5.066051045273821,0.10522335527218774
2019-03-28,60.5,61.523544,58.722,-0.4049844027924081,61.44,0,0.1359770695368486,3.027826027723849,-0.002263499539861602
2019-03-29,61.45,62.74786,58.905499999999996,-0.3529614981866418,60.5,0,3.7154709997255937,4.319630594766204,0.05202290460576631
2019-03-30,60.45,55.828453,59.0985,-0.3932800275813273,61.45,0,-9.148164257176825,2.2868600725906774,-0.0403185293946855
2019-03-31,60.48,51.148346,59.3815,-0.4227342564551413,60.45,0,-15.387351617426596,1.8499027474886864,-0.029454228873813992
2019-04-01,60.45,56.47745,59.575,-0.4467004758388198,60.48,0,-6.617970693679077,1.468736886277801,-0.02396621938367849
2019-04-02,76.78,58.914925,60.6495,0.5791045324275252,60.45,0,-2.539413363801442,26.596262129118948,1.025805008266345
2019-04-03,85.19,54.308784,62.11200000000001,1.7023556213347915,76.78,0,-29.26701682096473,37.15546110252445,1.1232510889072662
2019-04-04,84.7,57.596928,63.42099999999999,2.255944126789179,85.19,0,-32.39003680851947,33.55197805143409,0.5535885054543876
2019-04-05,88.24,56.43528,64.77250000000001,2.6755025691056042,84.7,0,-33.370389791981815,36.23065344088924,0.41955844231642514
2019-04-06,92.21,81.770905,66.3595,3.0104032014953646,88.24,0,-7.331250520154545,38.955236251026605,0.3349006323897603
2019-04-07,91.55,81.45461,67.9785,2.9723488128565467,92.21,0,-11.664013955174493,34.67493398648102,-0.038054388638817827
2019-04-08,88.57,70.099686,69.431,2.547696752064958,91.55,0,-23.43016311420501,27.565496680157274,-0.4246520607915887
2019-04-09,86.17,64.92922,70.726,1.9342012515107108,88.57,0,-26.691631357193636,21.83638265984221,-0.6134955005542473
2019-04-10,88.16,60.637043,72.20700000000001,1.5102538975695854,86.17,0,-29.630912151250342,22.09342584513965,-0.42394735394112537
2019-04-11,78.88,84.22289,73.188,0.5046684252505216,88.16,0,-4.465865742705907,7.777231240093994,-1.0055854723190638
2019-04-12,78.47,82.75824,74.067,-0.24784966271718645,78.88,0,4.916632538151312,5.944617710991408,-0.752518087967708
2019-04-13,77.62,80.072815,74.95700000000001,-0.8298166478185749,78.47,0,2.0425830781269925,3.5527035500353485,-0.5819669851013884
2019-04-14,83.28,78.934685,76.16900000000001,-0.8570335233053932,77.62,0,1.6937448510924558,9.335819033990193,-0.02721687548681828
2019-04-15,78.07,66.43404,77.133,-1.2268616767329528,83.28,0,-20.228102479727653,1.214784852138511,-0.3698281534275596
2019-04-16,80.27,78.60382,78.0745,-1.3163597839568189,78.07,0,0.6837720004883526,2.8120577141063925,-0.08949810722386609
2019-04-17,78.77,78.32033,78.988,-1.458585916351927,80.27,-1,-2.4288927883529756,-0.2759912898161791,-0.14222613239510817
2019-04-18,81.68,79.48587,79.9995,-1.3416449147542089,78.77,-1,0.908810919548215,2.100638128988318,0.11694100159771814
2019-04-19,82.05,78.155045,81.0795,-1.227432200960422,81.68,-1,-4.315567390225201,1.1969733409801506,0.11421271379378695
2019-04-20,81.15,70.56391,82.113,-1.1991676110694698,82.05,-1,-13.998889167595022,-1.1727741039786561,0.028264589890952152
2019-04-21,76.65,81.50238,82.92299999999999,-1.4532657608473638,81.15,0,0.4342333593268568,-7.564849318042019,-0.254098149777894
2019-04-22,76.51,79.64029,82.9095,-1.5894658598063236,76.65,0,3.9012254489766724,-7.718657089959521,-0.1362000989589598
2019-04-23,73.7,77.42978,82.33500000000001,-1.8114003585121279,76.51,0,1.2021684129321264,-10.487641950567808,-0.22193449870580428
2019-04-24,72.85,76.43888,81.7425,-1.9462261759681132,73.7,0,3.7162563370558392,-10.878673884454246,-0.13482581745598532
2019-04-25,71.78,67.86708,80.9195,-2.0289902103559307,72.85,-1,-6.83997160126758,-11.294558172010452,-0.08276403438781754
2019-04-26,73.82,71.4245,80.0,-1.8716868866924097,71.78,-1,-0.4952639847885917,-7.7250000000000085,0.15730332366352107
2019-04-27,72.23,72.234924,79.034,-1.799552260677792,73.82,-1,-2.147217127599219,-8.608953108788626,0.07213462601461762
2019-04-28,69.89,71.441536,78.1,-1.8283428448993104,72.23,-1,-1.0916018971244257,-10.512163892445574,-0.028790584221518367
2019-04-29,67.87,74.88414,77.185,-1.8942933300506182,69.89,0,7.145714715479235,-12.068407073913322,-0.06595048515130775
2019-04-30,74.32,81.71084,76.493,-1.4352245975772142,67.87,0,20.393160922161616,-2.8407828167283307,0.45906873247340396
2019-05-01,73.36,73.25093,76.21700000000001,-1.1407668540554115,74.32,-1,-1.438467725870803,-3.748507550808892,0.29445774352180276
2019-05-02,73.68,71.97949,75.97749999999999,-0.8806334027470235,73.36,-1,-1.8818263529171202,-3.0239215557237147,0.26013345130838794
2019-05-03,79.22,76.40623,76.05749999999999,-0.32051503140681975,73.68,-1,3.7000910855271436,4.158038326266324,0.5601183713402038
2019-05-04,77.77,75.681625,75.782,-0.04708920593707766,79.22,0,-4.46651683134191,2.6233142434878993,0.2734258254697421
2019-05-05,75.7,87.0403,75.6635,-0.00714977338869352,77.77,0,11.92014718003609,0.048239904313181065,0.03993943254838414
2019-05-06,74.94,76.90813,75.397,-0.0320313442103298,75.7,0,1.5959403316442335,-0.6061249121317929,-0.02488157082163628
2019-05-07,74.61,77.06266,75.189,-0.0687225297411305,74.94,0,2.832479606732264,-0.7700594501855239,-0.036691185530800696
2019-05-08,74.44,75.80605,74.827,-0.10052488164929532,74.61,0,1.6030735311903153,-0.5171929918344988,-0.03180235190816483
2019-05-09,74.19,77.16385,74.434,-0.13247217208336465,74.44,0,3.65911993142548,-0.32780718488862587,-0.031947290434069325
2019-05-10,77.11,89.948425,74.232,0.03976834775593521,74.19,1,21.240632555558367,3.8770341631641343,0.17224051983929986
2019-05-11,86.59,78.50752,74.72900000000001,0.7495139331704284,77.11,1,1.8123752859652613,15.872017556771786,0.7097455854144932
2019-05-12,84.73,77.69169,75.14000000000001,1.033550642540429,86.59,1,-10.276373094355407,12.762842693638524,0.2840367093700007
2019-05-13,87.16,77.92853,75.813,1.3072937089012235,84.73,0,-8.027230223024612,14.967090076899733,0.2737430663607945
2019-05-14,91.17,79.26242,76.729,1.6580871773982464,87.16,0,-9.061013476024693,18.820784840151706,0.35079346849702286
2019-05-15,102.02,81.96194,78.241,2.4715188764015483,91.17,0,-10.099882690925094,30.391993967357262,0.8134316990033019
2019-05-16,95.49,102.953476,79.3245,2.417497733093184,102.02,1,0.9149930916961787,20.37894975701075,-0.05402114330836438
2019-05-17,89.76,97.35236,80.201,1.8681499958868915,95.49,1,1.950323160986267,11.91880400493761,-0.5493477372062925
2019-05-18,86.51,91.89411,81.03200000000001,1.1911487763738902,89.76,1,2.377575349042754,6.760292230230025,-0.6770012195130013
2019-05-19,94.58,94.51457,82.36749999999999,1.1893274352382806,86.51,1,9.252770943884732,14.826843111664195,-0.001821341135609611
2019-05-20,91.1,88.49554,83.2065,0.8709865042785485,94.58,0,-6.433139348488877,9.486638664046666,-0.31834093095973204
2019-05-21,90.79,88.09457,84.078,0.5712620239311379,91.1,0,-3.2990490173272784,7.9830633459406775,-0.2997244803474106
2019-05-22,87.74,93.158936,84.781,0.12275560613061076,90.79,1,2.609247215414686,3.490168787818012,-0.44850641780052714
2019-05-23,88.61,95.48403,85.2505,-0.14560754282962263,87.74,1,8.826113149357305,3.94073935050234,-0.2683631489602334
2019-05-24,100.5,98.59947,86.387,0.4166101831958944,88.61,1,11.273526741788103,16.336948846469955,0.562217726025517
2019-05-25,102.66,94.72761,87.735,0.8480521205930316,100.5,0,-5.743673903432058,17.011454949564026,0.4314419373971372
2019-05-26,111.0,100.23681,89.538,1.5673697080106024,102.66,0,-2.3604044643917086,23.969711184078275,0.7193175874175708
2019-05-27,116.3,101.413315,91.6225,2.2318363086179254,111.0,0,-8.63665331591357,26.93388632704848,0.664466600607323
2019-05-28,114.81,99.05795,93.64099999999999,2.388682192426617,116.3,0,-14.825491933912833,22.60655054943883,0.1568458838086917
2019-05-29,115.06,94.84338,95.6845,2.3247375699340997,114.81,0,-17.39100793566545,20.24936118180061,-0.06394462249251731
2019-05-30,107.78,72.440346,97.218,1.639912262574466,115.06,0,-37.041243034799095,10.8642432471353,-0.6848253073596338
2019-05-31,114.6,101.71087,98.6185,1.497922012692353,107.78,0,-5.6310365230569515,16.205377287222984,-0.14199024988211306
2019-06-01,112.35,94.75621,99.99949999999998,1.121373345809431,114.6,0,-17.315697794809388,12.350561752808776,-0.3765486668829219
2019-06-02,114.39,92.092186,101.361,0.8887692517294452,112.35,0,-18.030987116937162,12.85405629384082,-0.23260409407998583
2019-06-03,105.99,69.59348,102.102,0.09029822302361712,114.39,0,-39.16121778897508,3.807956749133211,-0.7984710287058281
2019-06-04,102.2,67.8467,102.111,-0.7269964446221531,105.99,0,-35.987637913309186,0.08716005131670303,-0.8172946676457702
2019-06-05,103.66,103.163445,102.5195,-1.1765457604912921,102.2,0,0.9427050088483033,1.1124712859504806,-0.44954931586913904
2019-06-06,111.19,105.92967,103.59100000000001,-0.9819784911432174,103.66,0,2.189535251023482,7.335579345696044,0.19456726934807467
2019-06-07,116.71,106.67466,105.101,-0.5199263392176547,111.19,0,-4.060922988574594,11.045565693951527,0.4620521519255627
2019-06-08,118.01,104.07535,106.27250000000001,-0.18256690625792693,116.71,0,-10.825680832498817,11.04471994165941,0.3373594329597278
2019-06-09,114.66,100.0405,107.45049999999999,-0.23738342262566547,118.01,0,-15.227102087813007,6.709601165187697,-0.054816516367738544
2019-06-10,129.15,113.6296,109.3685,0.6039135133918556,114.66,0,-0.8986564408666081,18.087017742768722,0.8412969360175211
2019-06-11,135.69,109.56543,111.766,1.4540479567920634,129.15,0,-15.164204655439415,21.40543635810532,0.8501344434002078
2019-06-12,135.32,103.74506,114.10150000000002,1.82086199990791,135.69,0,-23.54258693953992,18.596162188928254,0.36681404311584664
2019-06-13,130.55,99.62283,115.604,1.580563347708054,135.32,0,-26.379815805532715,12.928618386907036,-0.24029865219985602
2019-06-14,132.0,98.42561,117.071,1.3656785175961001,130.55,0,-24.606960242573493,12.752090611680094,-0.21488483011195392
2019-06-15,137.54,120.99979,118.398,1.4358887841203938,132.0,0,-8.333495168974906,16.167502829439684,0.07021026652429363
2019-06-16,136.45,118.3907,119.4055,1.2547268037176984,137.54,0,-13.922712451690186,14.274468094015758,-0.18116198040269538
2019-06-17,133.8,90.872826,120.35499999999999,0.823091047453179,136.45,0,-33.40210654264668,11.171118773628036,-0.43163575626451944
2019-06-18,135.22,76.394905,121.36300000000001,0.5149521412960922,133.8,0,-42.90365837792823,11.417812677669458,-0.3081389061570867
2019-06-19,136.43,81.62292,122.79549999999999,0.28579642939508787,135.22,0,-39.63694928613151,11.103419913596197,-0.22915571190100437
2019-06-20,135.46,122.41843,123.8385,-0.021615320421009443,136.43,0,-10.270155747510175,9.384399843344365,-0.3074117498160973
2019-06-21,138.28,118.91102,125.13500000000002,-0.12004319527521012,135.46,0,-12.216877032642829,10.504654972629544,-0.09842787485420068
2019-06-22,142.26,112.70293,126.52849999999998,-0.00802218139675226,138.28,0,-18.496581837039205,12.433167231098142,0.11202101387845786
2019-06-23,137.5,113.6951,128.10399999999998,-0.32771630537888363,142.26,0,-20.079362521472564,7.334665584212839,-0.3196941239821314
2019-06-24,135.77,112.48819,129.7825,-0.7071277666936453,137.5,0,-18.190407492897727,4.6134879509949425,-0.37941146131476167
2019-06-25,136.33,136.29886,131.416,-0.9563253850216142,135.77,0,0.3895254051543896,3.7392707128508063,-0.24919761832796894
2019-06-26,132.25,137.58966,132.469,-1.404778439411258,136.33,0,0.9239790541562659,-0.16532169790667559,-0.44845305438964367
2019-06-27,116.01,136.35962,132.43400000000003,-2.7274333085623637,132.25,0,3.1074624881852553,-12.40164912333692,-1.3226548691511057
2019-06-28,120.01,129.80307,132.534,-3.2307992973952047,116.01,0,11.889552683699138,-9.449650655680797,-0.503365988832841
2019-06-29,133.86,111.22771,133.494,-2.558295977674047,120.01,0,-7.317967745038177,0.274169625601161,0.6725033197211578
2019-06-30,123.25,131.49144,133.199,-2.739183473961007,133.86,-1,-1.7694308835081995,-7.46927529485958,-0.18088749628696021
2019-07-01,123.17,126.92385,132.573,-2.767234226119559,123.25,-1,2.9808121810820234,-7.092696099507445,-0.028050752158551795
2019-07-02,118.77,134.65076,131.7455,-2.967404622355448,123.17,-1,9.32106587313266,-9.8489132456137,-0.2001703962358894
2019-07-03,121.36,139.09497,131.286,-2.812114228586747,118.77,0,17.112882632924986,-7.560592904041559,0.15529039376870113
2019-07-04,119.61,147.01534,130.66649999999998,-2.712727760919072,121.36,0,21.139860813289232,-8.461617935737154,0.09938646766767523
2019-07-05,118.35,127.61089,129.70700000000002,-2.616137283389804,119.61,0,6.689150781298987,-8.755888271257547,0.09659047752926808
2019-07-06,118.31,129.22018,128.8,-2.442542454835677,118.35,0,9.184777630901463,-8.144409937888206,0.17359482855412667
2019-07-07,119.48,127.10281,128.084,-2.14699649709652,118.31,0,7.432012273436837,-6.717466662502732,0.29554595773915704
2019-07-08,122.92,130.94482,127.46900000000001,-1.6407474054656945,119.48,0,9.595601120480412,-3.5687108238081464,0.5062490916308255
2019-07-09,119.24,132.21696,126.6095,-1.4796142565854824,122.92,0,7.563427206052461,-5.820653268514608,0.16113314888021213
2019-07-10,108.31,137.67036,125.252,-2.0025456830307955,119.24,0,15.456528329321383,-13.526330916871581,-0.5229314264453131
2019-07-11,102.98,138.02509,123.487,-2.5648794792157044,108.31,0,27.435218769475345,-16.606606363422863,-0.5623337961849089
2019-07-12,104.86,135.43883,121.617,-2.6564602153138135,102.98,0,31.519545071517218,-13.778501360829493,-0.09158073609810913
2019-07-13,101.03,140.78723,119.7935,-2.806525490057083,104.86,0,34.262093691886804,-15.663203763142402,-0.15006527474326958
2019-07-14,89.66,142.42017,117.48800000000001,-3.4601696168077973,101.03,0,40.96819362132535,-23.685823233011043,-0.6536441267507143
2019-07-15,90.43,89.17863,115.19300000000001,-3.612549241609731,89.66,-1,-0.5368871133614102,-21.496965961473354,-0.15237962480193357
2019-07-16,79.61,86.75972,112.561,-4.174170989151346,90.43,-1,-4.058697502341252,-29.273904816055303,-0.561621747541615
2019-07-17,89.95,87.042725,111.258,-3.602961084432681,79.61,-1,9.336420813183018,-19.151881213036358,0.571209904718665
2019-07-18,101.16,86.834526,110.31550000000001,-2.287924769121471,89.95,-1,-3.463561909936947,-8.299377693977743,1.3150363153112101
2019-07-19,98.23,86.79789,108.53400000000002,-1.4727759696394935,101.16,-1,-14.197420216021492,-9.493799178137738,0.8151487994819773
2019-07-20,100.25,91.39318,107.38400000000001,-0.694424237442985,98.23,-1,-6.960011353794192,-6.643447813454531,0.7783517321965086
2019-07-21,99.7,83.210625,106.2105,-0.14236734081699431,100.25,-1,-16.9968830974322,-6.129808258128898,0.5520568966259907
2019-07-22,95.31,81.99066,105.0375,-0.005822742911202106,99.7,-1,-17.76262625767929,-9.26097822206354,0.1365445979057922
2019-07-23,90.15,84.2447,103.477,-0.1859974274144598,95.31,-1,-11.609802150035904,-12.879190544758737,-0.1801746845032577
2019-07-24,94.5,82.57371,102.2215,0.052089341093111585,90.15,0,-8.404095861823183,-7.553694672842804,0.23808676850757138
2019-07-25,93.22,88.11142,100.965,0.18044121401368685,94.5,0,-6.760402457423941,-7.6709750903778575,0.12835187292057526
2019-07-26,94.06,95.46788,99.7525,0.36816714829583663,93.22,0,2.4113712175750255,-5.706623894137987,0.1877259342821498
2019-07-27,88.79,86.48841,98.21799999999999,0.19250163696579925,94.06,0,-8.04974383403463,-9.599055163004728,-0.17566551133003738
2019-07-28,90.0,91.69952,96.572,0.21137779533437318,88.79,0,3.276851330540277,-6.805285175827365,0.018876158368573925
2019-07-29,90.33,85.63165,95.1265,0.2945580670461041,90.0,0,-4.853719075520833,-5.04223323679521,0.08318027171173092
2019-07-30,90.15,85.65121,94.2185,0.3804640979668594,90.33,0,-5.179666810345571,-4.318154078020771,0.08590603092075533
2019-07-31,98.76,81.50659,94.00750000000001,1.0236653561772489,90.15,0,-9.587807213671665,5.055447703640664,0.6432012582103894
2019-08-01,98.64,80.67225,93.6965,1.4229894479138716,98.76,0,-18.314855366208967,5.276077548254204,0.39932409173662275
2019-08-02,94.76,85.82453,93.38300000000001,1.405325130902595,98.64,0,-12.992161845928852,1.4745724596553926,-0.017664317011276687
2019-08-03,94.17,84.157585,93.60849999999999,1.3339836441014414,94.76,0,-11.188702887248878,0.599838689862576,-0.07134148680115349
2019-08-04,92.64,90.73238,93.71900000000001,1.1697091632492445,94.17,0,-3.6504367335379184,-1.1513140345074186,-0.16427448085219698
2019-08-05,96.56,89.97566,94.56649999999999,1.3009378858894882,92.64,0,-2.876012271755924,2.1080403737052884,0.13122872264024377
2019-08-06,92.99,87.43454,94.71849999999999,1.1295436625555162,96.56,0,-9.45055945016376,-1.8248810950342298,-0.17139422333397203
2019-08-07,90.59,88.722946,94.19000000000001,0.8495482160448296,92.99,0,-4.588723339077113,-3.822061789998947,-0.27999544651068664
2019-08-08,90.15,94.12136,93.786,0.6393077796312294,90.59,0,3.8981794666172758,-3.8769112660738227,-0.21024043641360013
2019-08-09,84.24,88.915955,92.9855,0.13326985041896222,90.15,0,-1.368880100006939,-9.405229847664428,-0.5060379292122672
2019-08-10,85.46,88.1804,92.2735,-0.07692467821933047,84.24,0,4.677584322995503,-7.384026833272831,-0.2101945286382927
2019-08-11,89.93,83.65406,92.00450000000001,0.11691118401358658,85.46,0,-2.1131987318399985,-2.25478101614595,0.19383586223291704
2019-08-12,85.79,84.26495,91.7865,0.004087721971198555,89.93,0,-6.299395515088131,-6.533095825638843,-0.11282346204238802
2019-08-13,84.88,83.39854,91.3055,-0.08890773385055883,85.79,-1,-2.787578176793449,-7.037363576126301,-0.09299545582175739
2019-08-14,75.9,82.94555,90.4395,-0.6794063123425964,84.88,-1,-2.2790421639603284,-16.076493125238407,-0.5904985784920376
2019-08-15,76.25,83.74872,89.549,-0.9538079908156334,75.9,-1,10.340867274991757,-14.851087114317307,-0.274401678473037
2019-08-16,74.67,84.97067,88.843,-1.13669583658002,76.25,0,11.436947681864753,-15.952860664317955,-0.18288784576438655
2019-08-17,72.65,91.23963,87.9755,-1.2781263141756565,74.67,0,22.190480317171595,-17.42019084858852,-0.14143047759563654
2019-08-18,76.25,91.94333,87.2715,-1.0245897181638197,72.65,0,26.556543506430653,-12.628979678360064,0.25353659601183676
2019-08-19,77.1,80.617485,86.619,-0.7099495477885585,76.25,0,5.72784924116291,-10.989505766633192,0.31464017037526126
2019-08-20,75.14,73.79718,85.438,-0.5512143151247448,77.1,-1,-4.283813001580732,-12.053184765560994,0.15873523266381362
2019-08-21,73.27,79.94641,84.1695,-0.4915185215647444,75.14,-1,6.396607842444103,-12.949465067512584,0.05969579356000043
2019-08-22,73.31,87.54674,83.09700000000001,-0.37401607383690294,73.27,-1,19.48510668882004,-11.777801846035363,0.11750244772784146
2019-08-23,75.38,86.79971,82.1575,-0.0960388918133308,73.31,0,18.40091820319959,-8.24939902017467,0.27797718202357213
2019-08-24,73.32,70.292015,81.19149999999999,0.004600662031537084,75.38,0,-6.749781008644735,-9.69498038587783,0.10063955384486789
2019-08-25,72.1,67.33743,79.9685,0.042409086190698275,73.32,0,-8.15952964903419,-9.83949930285051,0.03780842415916119
2019-08-26,73.54,67.51436,78.99600000000001,0.20851252230330353,72.1,0,-6.360113009004413,-6.906678819180721,0.16610343611260525
2019-08-27,72.9,76.08075,78.1115,0.3131053868701841,73.54,0,3.4549218271943753,-6.671872899637058,0.10459286456688055
2019-08-28,66.73,78.26281,76.9405,0.020036374634804233,72.9,0,7.3563919799972055,-13.270644199088903,-0.29306901223537984
2019-08-29,63.59,69.10959,75.908,-0.3135943816776896,66.73,0,3.565995239093168,-16.227538599357114,-0.33363075631249384
2019-08-30,64.17,64.41434,74.84349999999999,-0.41704252339039893,63.59,0,1.2963314329346147,-14.261091477549808,-0.10344814171270933
2019-08-31,64.24,60.748398,73.559,-0.40239022339890607,64.17,-1,-5.332090030935896,-12.668742098179697,0.014652299991492868
2019-09-01,65.89,65.90396,72.564,-0.21273391476409742,64.24,-1,2.5902259988179175,-9.197398158866646,0.18965630863480865
2019-09-02,66.92,70.41139,71.66600000000001,0.03758733106290357,65.89,-1,6.862030978773808,-6.622387184997082,0.250321245827001
2019-09-03,69.06,64.92902,71.324,0.38356186861131647,66.92,0,-2.9751587826124033,-3.1742470977511017,0.3459745375484129
2019-09-04,67.01,67.00179,70.862,0.5030832528632407,69.06,0,-2.9803172491821,-5.435917699189961,0.11952138425192427
2019-09-05,65.23,67.48511,70.39,0.49048682002754074,67.01,0,0.7090097326891431,-7.330586731069749,-0.0125964328357
2019-09-06,64.87,68.676834,70.001,0.48524498875558386,65.23,0,5.284124032569842,-7.329895287210182,-0.005241831271956876
2019-09-07,68.77,68.83946,69.627,0.7556449410973887,64.87,0,6.119103253080673,-1.2308443563560103,0.2703999523418048
2019-09-08,70.36,69.61987,69.28999999999999,1.0354959399322317,68.77,1,1.2358194661553061,1.544234377255026,0.279850998834843
2019-09-09,69.89,76.36876,69.0275,1.1727759276501502,70.36,1,8.540021539615461,1.2495020100684469,0.1372799877179185
2019-09-10,70.85,72.522545,68.90650000000001,1.3020849895508375,69.89,1,3.7666974686505124,2.8204886331477956,0.12930906190068736
2019-09-11,69.8,76.39909,68.731,1.2883782155244399,70.85,1,7.832171669625539,1.5553389300315763,-0.013706774026397639
2019-09-12,69.15,77.815445,68.4195,1.208341008921713,69.8,1,11.483445481789492,1.0676780742332324,-0.08003720660272684
2019-09-13,68.93,69.23936,68.2,1.1156123966994804,69.15,1,0.1292219734329726,1.07038123167156,-0.09272861222223261
2019-09-14,70.5,68.134155,68.11999999999999,1.131480956304158,68.93,0,-1.1545694567858795,3.493834409864959,0.01586855960467748
2019-09-15,70.04,70.62943,67.94500000000001,1.082455531692755,70.5,1,0.18359245137965424,3.0833762602104624,-0.0490254246114028
2019-09-16,72.63,75.1384,67.9315,1.1875025482777888,70.04,1,7.279265015415288,6.916526206546295,0.10504701658503368
2019-09-17,74.04,75.117516,68.297,1.3056010461147571,72.63,1,3.424914723894876,8.408861296982312,0.11809849783696835
2019-09-18,77.81,73.10224,69.00800000000001,1.5733229988757769,74.04,0,-1.2665565692689422,12.755042893577542,0.26772195276101973
2019-09-19,76.56,71.28763,69.62750000000001,1.5968410136122393,77.81,0,-8.382433911029272,9.956554522279257,0.023518014736462423
2019-09-20,75.05,70.267166,70.168,1.4458317615468712,76.56,0,-8.219479966437682,6.957587504275439,-0.15100925206536808
2019-09-21,73.22,69.5328,70.53450000000001,1.1696313588614553,75.05,0,-7.3513673989475725,3.8073566836087167,-0.2762004026854159
2019-09-22,72.23,68.55705,70.8,0.8803834609792064,73.22,0,-6.368406702670461,2.0197740112994444,-0.2892478978822489
2019-09-23,66.54,72.26195,70.674,0.29617090671219115,72.23,0,0.04423041926614083,-5.8493929875201625,-0.5842125542670152
2019-09-24,54.57,72.198425,70.05199999999999,-0.8437443544821807,66.54,0,8.503795150238567,-22.100725175583843,-1.1399152611943717
2019-09-25,57.43,71.79703,69.662,-1.323868046543962,54.57,0,31.568678006030098,-17.559070942551184,-0.4801236920617814
2019-09-26,55.19,75.13963,69.17800000000001,-1.6877310104566146,57.43,0,30.83690262704325,-20.220301251843086,-0.3638629639126525
2019-09-27,55.86,72.76235,68.5325,-1.7700936224115238,55.19,0,31.839739064587963,-18.491226790209026,-0.08236261195490924
2019-09-28,55.37,55.627884,67.783,-1.7416937717208505,55.86,-1,-0.4155318454478821,-18.312851304899464,0.0283998506906733
2019-09-29,53.82,57.697533,66.9795,-1.7090359736036902,55.37,-1,4.203598796836909,-19.647056188833897,0.0326577981171603
2019-09-30,55.99,60.60478,66.2365,-1.4341244041835237,53.82,-1,12.606425659225048,-15.469567383542312,0.2749115694201665
2019-10-01,55.63,63.970898,65.52799999999999,-1.1799742127329371,55.99,0,14.254148373924888,-15.104993285313133,0.2541501914505866
2019-10-02,56.23,71.898895,64.88199999999999,-0.888205466598055,55.63,0,29.244823411238308,-13.334977343485088,0.29176874613488213
2019-10-03,56.44,56.626022,64.25750000000001,-0.6110176279419672,56.23,0,0.7042901278093378,-12.165895031708375,0.27718783865608776
2019-10-04,56.3,54.730713,63.5475,-0.37844301371394984,56.44,-1,-3.028503028658749,-11.404854636295687,0.2325746142280174
2019-10-05,56.69,56.171455,62.879999999999995,-0.1513371398420711,56.3,-1,-0.2283208111886606,-9.844147582697198,0.22710587387187875
2019-10-06,54.41,59.303005,61.96900000000001,-0.10961246610043585,56.69,-1,4.609287737706583,-12.198034501121546,0.04172467374163524
2019-10-07,57.46,59.962593,61.14000000000001,0.15412956361664154,54.41,0,10.205096634099036,-6.018972849198572,0.2637420297170774
2019-10-08,56.94,56.396492,60.09649999999999,0.3150216255756275,57.46,0,-1.8508666822232327,-5.252385746258092,0.16089206195898598
2019-10-09,59.12,56.63324,59.2245,0.5746047868300956,56.94,0,-0.5387429819217557,-0.17644724733851969,0.2595831612544681
2019-10-10,57.47,56.904106,58.3455,0.6367065459434191,59.12,0,-3.7481289916496596,-1.5005441722155133,0.062101759113323496
2019-10-11,55.85,57.3685,57.477,0.5722386581180166,57.47,0,-0.17661431031951255,-2.830697496389852,-0.06446788782540258
2019-10-12,55.7,57.193775,56.6505,0.5243265990190418,55.85,0,2.406043289170907,-1.6778316166671046,-0.04791205909897478
2019-10-13,56.46,56.01509,56.1465,0.5461820696295274,55.7,1,0.5656928947626744,0.5583607170527061,0.02185547061048565
2019-10-14,56.83,57.59459,56.2595,0.5844870280495318,56.46,1,2.009545223872541,1.0140509602822554,0.038304958420004365
2019-10-15,54.58,56.87712,56.117,0.46255975416393236,56.83,1,0.08291566369820379,-2.7389204697328777,-0.12192727388559943
2019-10-16,52.45,58.34703,55.98,0.25319750286785636,54.58,0,6.901851666633271,-6.305823508395846,-0.209362251296076
2019-10-17,54.94,58.455887,55.934000000000005,0.29426833530754415,52.45,0,11.450689877636433,-1.7770944327242946,0.04107083243968779
2019-10-18,53.21,56.687874,55.826,0.22017153366384878,54.94,0,3.1814230803276917,-4.6859886074588895,-0.07409680164369536
2019-10-19,53.72,56.8986,55.821000000000005,0.22022391841606836,53.21,0,6.93215848897279,-3.7638164848354667,5.238475221958083e-05
2019-10-20,54.85,57.83426,55.763999999999996,0.30581384730769035,53.72,0,7.658710039469706,-1.63905028333691,0.08558992889162198
2019-10-21,54.57,55.022163,55.711,0.34985036862441987,54.85,0,0.3138803848920325,-2.048069501534703,0.04403652131672953
2019-10-22,53.39,57.154285,55.569,0.3073002746887288,54.57,0,4.73572554683563,-3.92125105724415,-0.04255009393569109
2019-10-23,49.5,53.149536,55.222,0.039063645576772554,53.39,0,-0.4503912103156032,-10.361812321176345,-0.2682366291119562
2019-10-24,49.54,53.27408,54.884,-0.10585313931746487,49.5,0,7.624400745738637,-9.736899642883174,-0.14491678489423743
2019-10-25,56.93,52.95204,54.896,0.30342243214558584,49.54,1,6.8874477714504705,3.7051879918391117,0.4092755714630507
2019-10-26,56.71,53.267914,55.011,0.5522561515800515,56.93,1,-6.43261229868369,3.088473214448016,0.24883371943446564
2019-10-27,59.78,56.278187,55.12700000000001,0.8961851621679431,56.71,1,-0.7614410190518387,8.440510094871826,0.3439290105878916
2019-10-28,57.7,60.620056,55.165,0.9509851759729353,59.78,1,1.405246156480008,4.59530499410859,0.05480001380499222
2019-10-29,59.75,58.173393,55.19649999999999,1.0830914926638884,57.7,1,0.8204389072993343,8.24961727645776,0.13210631669095307
2019-10-30,57.89,58.909615,55.217499999999994,1.00473102078979,59.75,0,-1.4065028234505754,4.839951102458472,-0.07836047187409845
2019-10-31,58.29,57.430305,55.3395,0.9404997636779109,57.89,0,-0.794082776028622,5.33163472745507,-0.06423125711187905
2019-11-01,58.23,58.49943,55.465999999999994,0.8569918187244453,58.29,1,0.35929252034212167,4.983232971550144,-0.08350794495346558
2019-11-02,58.25,55.936493,55.555499999999995,0.7689313991470953,58.23,1,-3.938703555002786,4.850104850104859,-0.08806041957735
2019-11-03,58.29,56.629704,55.628499999999995,0.6821576524576494,58.25,1,-2.78162485540169,4.7844180590884235,-0.08677374668944593
2019-11-04,61.29,55.190693,55.964,0.7880847002196465,58.29,0,-5.317047689807293,9.516832249303125,0.10592704776199713
2019-11-05,63.12,57.707767,56.4975,0.9327771307175945,61.29,0,-5.844725915202698,11.721757599893792,0.144692430497948
2019-11-06,64.11,56.676064,56.955999999999996,1.0384491104354068,63.12,0,-10.209024813691922,12.560573073951831,0.10567197971781228
2019-11-07,61.39,62.640617,57.364999999999995,0.8749939594216515,64.11,0,-2.291971033215615,7.016473459426491,-0.1634551510137553
2019-11-08,60.38,62.05556,57.69799999999999,0.658557642738856,61.39,1,1.0841522490207323,4.648341363652136,-0.2164363166827955
2019-11-09,62.04,61.052723,58.057500000000005,0.5891518835078613,60.38,1,1.1141486103150058,6.859578865779606,-0.06940575923099468
2019-11-10,63.65,60.469254,58.5115,0.611006714312317,62.04,1,-2.5318285943922256,8.782034300949388,0.021854830804455716
2019-11-11,61.84,61.44127,58.934000000000005,0.4692672304431138,63.65,0,-3.4701195272608976,4.930939695252314,-0.1417394838692032
2019-11-12,61.42,60.12759,59.529999999999994,0.32005721520820174,61.84,0,-2.7690973812364876,3.174869813539405,-0.14921001523491206
2019-11-13,60.96,60.17131,60.101,0.17070446951088902,61.42,0,-2.033034150431967,1.4292607444135734,-0.14935274569731272
2019-11-14,59.0,58.990547,60.204499999999996,-0.06702398489442674,60.96,-1,-3.230729691312696,-2.0006810122166883,-0.23772845440531576
2019-11-15,57.6,59.188538,60.24899999999999,-0.3117918500313128,59.0,-1,0.3195552502648305,-4.396753473086669,-0.2447678651368861
2019-11-16,58.3,59.58838,60.175,-0.4134130147761884,57.6,-1,3.452046712239581,-3.115911923556294,-0.10162116474487559
2019-11-17,59.22,57.611126,60.25100000000001,-0.40500331362542774,58.3,-1,-1.1816021508663386,-1.7111749182586393,0.008409701150760673
2019-11-18,55.81,57.380447,60.05400000000001,-0.6034766476690601,59.22,-1,-3.106302958974479,-7.06697305758152,-0.19847333404363232
2019-11-19,55.13,58.304947,59.916,-0.7456182924768809,55.81,0,4.470429850231249,-7.9878496561853165,-0.14214164480782088
2019-11-20,54.98,58.291054,59.7505,-0.8094782491641217,55.13,0,5.733817834160446,-7.984033606413345,-0.06385995668724076
2019-11-21,50.61,57.353798,59.3695,-1.0883906924926627,54.98,0,4.3175662288062195,-14.754208810921437,-0.27891244332854104
2019-11-22,47.32,49.013023,58.823,-1.4160690775586517,50.61,-1,-3.155456675627654,-19.555275997483978,-0.327678385065989
2019-11-23,48.1,49.564068,58.3135,-1.4941701681374,47.32,-1,4.742324261572636,-17.514812178997996,-0.07810109057874826
2019-11-24,43.86,51.07198,57.44200000000001,-1.728706013735091,48.1,-1,6.17875160645546,-23.644719891368695,-0.23453584559769092
2019-11-25,45.47,51.626522,56.5595,-1.6717239725355788,43.86,0,17.70752864616732,-19.60678577427311,0.05698204119951211
2019-11-26,46.91,52.194656,55.6995,-1.4420500660501867,45.47,0,14.789215685221716,-15.78021346690725,0.2296739064853921
2019-11-27,47.7,48.856266,55.015,-1.1543708873813165,46.91,0,4.148936307244765,-13.296373716259197,0.28767917866887016
2019-11-28,46.79,50.66237,54.3355,-0.9512747295022885,47.7,0,6.210416717849181,-13.886869542012134,0.20309615787902802
2019-11-29,48.54,49.715755,53.66049999999999,-0.6399170733188164,46.79,0,6.252950336923456,-9.54240083487853,0.3113576561834721
2019-11-30,47.21,48.91511,52.838499999999996,-0.4721249943095387,48.54,0,0.7727885079275808,-10.652270598143392,0.16779207900927773
2019-12-01,47.45,48.63772,52.11900000000001,-0.3018431752337216,47.21,0,3.024185978995113,-8.958345325121364,0.17028181907581708
2019-12-02,45.45,47.78979,51.3205,-0.28119089495041916,47.45,0,0.7161034924715101,-11.438898685710388,0.02065228028330246
2019-12-03,44.75,49.022457,50.510000000000005,-0.2718022835434786,45.45,0,7.860191689334943,-11.403682439120976,0.009388611406940583
2019-12-04,44.67,50.907173,49.7935,-0.22977924414750994,44.75,0,13.759046160309008,-10.289495616897787,0.04202303939596863
2019-12-05,44.81,49.698437,49.154,-0.1549408952700171,44.67,0,11.256854123708406,-8.83753102494202,0.07483834887749286
2019-12-06,45.28,50.978546,48.503,-0.042044725358892254,44.81,0,13.766003442486324,-6.644949796919776,0.11289616991112483
2019-12-07,45.15,45.31888,47.7995,0.050592375838061976,45.28,0,0.08586169131652796,-5.542945009885047,0.09263710119695423
2019-12-08,45.56,47.49081,47.287,0.16002152353126808,45.15,0,5.1845191457078865,-3.652166557404777,0.10942914769320611
2019-12-09,44.45,46.652424,46.753,0.17687157348315008,45.56,0,2.397769663394591,-4.925887108848624,0.016850049951881996
2019-12-10,44.09,46.930267,46.2085,0.18227165283392077,44.45,0,5.579904013463154,-4.584654338487502,0.005400079350770692
2019-12-11,43.7,48.181984,45.86300000000001,0.17788206747082613,44.09,0,9.280979695518036,-4.716220046660714,-0.004389585363094639
2019-12-12,43.65,43.067493,45.679500000000004,0.18887919572497447,43.7,0,-1.4473834354217385,-4.442912028371601,0.010997128254148336
2019-12-13,44.44,44.687553,45.4965,0.26212027406270577,43.65,0,2.376983747449531,-2.322156649412592,0.0732410783377313
2019-12-14,43.25,45.36279,45.465999999999994,0.2435788366104843,44.44,0,2.076483244943152,-4.8739717591166904,-0.018541437452221476
2019-12-15,43.44,43.98091,45.36450000000001,0.25599507980225766,43.25,0,1.6899682193822256,-4.242304004232404,0.012416243191773368
2019-12-16,39.99,44.046265,45.0185,0.05428435662111353,43.44,0,1.3956368518358708,-11.169852394015795,-0.20171072318114414
2019-12-17,36.92,40.112797,44.4795,-0.24693600411218597,39.99,0,0.307068725799609,-16.99546982317697,-0.3012203607332995
2019-12-18,40.79,40.31889,44.1795,-0.15127920479046075,36.92,0,9.206093222968365,-7.672110367930824,0.09565679932172522
2019-12-19,39.65,41.372177,43.735,-0.1312636776384961,40.79,0,1.4272545330312292,-9.340345261232425,0.02001552715196464
2019-12-20,40.17,42.71966,43.382999999999996,-0.053471383064410016,39.65,0,7.74189587048294,-7.406126823871088,0.0777922945740861
2019-12-21,39.67,43.738758,42.994,-0.00851587561522038,40.17,0,8.884137632955442,-7.731311345769172,0.044955507449189636
2019-12-22,41.82,40.168343,42.8125,0.18263774635233032,39.67,0,1.2562202932493813,-2.318248175182481,0.1911536219675507
2019-12-23,40.56,43.197693,42.602999999999994,0.23737042345594794,41.82,0,3.2943397204537295,-4.795436941060471,0.05473267710361762
2019-12-24,40.34,44.356842,42.3865,0.26955727301671484,40.56,0,9.361050396981318,-4.828188220305981,0.032186849560766895
2019-12-25,40.08,43.17726,42.15,0.2827584647149246,40.34,0,7.033369738569804,-4.9110320284697515,0.013201191698209769
2019-12-26,40.01,44.182796,41.8865,0.2948486779835555,40.08,0,10.236518159359996,-4.479963711458346,0.012090213268630912
2019-12-27,40.95,40.50833,41.6765,0.3693925832150482,40.01,0,1.2455168678533544,-1.7431886074886191,0.07454390523149268
2019-12-28,42.83,40.55171,41.54,0.538320221520606,40.95,0,-0.9726294958838974,3.1054405392392854,0.1689276383055578
2019-12-29,43.08,41.41861,41.471500000000006,0.6523005565619364,42.83,0,-3.295331265139793,3.8785672088060283,0.11398033504133043
2019-12-30,42.38,41.459347,41.386,0.663752443374952,43.08,0,-3.7619619980495913,2.401778379162035,0.011451886813015566
2019-12-31,41.3,42.75649,41.266,0.5845776199820183,42.38,1,0.8883643229089796,0.08239228420491185,-0.07917482339293369
2020-01-01,41.62,41.440624,41.1645,0.5407625641364728,41.3,1,0.3404945207277233,1.1065359715288676,-0.04381505584554546
2020-01-02,39.43,41.498947,40.914,0.35999233973443645,41.62,1,-0.29085261039238336,-3.6271203011194255,-0.18077022440203638
2020-01-03,42.23,40.969482,40.863,0.420487189904438,39.43,1,3.9043429416053774,3.3453246212955423,0.06049485017000156
2020-01-04,42.78,40.29018,40.83,0.48448295577471434,42.23,0,-4.593463873315579,4.775900073475393,0.06399576587027633
2020-01-05,43.3,40.09078,40.9955,0.5442994994154375,42.78,0,-6.28616561283292,5.621348684611719,0.059816543640723197
2020-01-06,45.8,41.57364,41.439499999999995,0.7234793111672048,43.3,0,-3.986977099271068,10.522569046441204,0.17917981175176723
2020-01-07,46.3,43.860188,41.715,0.8387965217772786,45.8,0,-4.235398404983448,10.991250149826186,0.11531721061007383
2020-01-08,45.35,44.27344,42.0,0.8135933730032455,46.3,0,-4.377016598925986,7.97619047619048,-0.02520314877403307
2020-01-09,44.74,44.864643,42.2285,0.7214796378318755,45.35,0,-1.070246754302477,5.9474051884391,-0.09211373517137
2020-01-10,49.06,43.378143,42.698,0.9052330821746856,44.74,0,-3.043935380985979,14.89999531593986,0.18375344434281005
2020-01-11,49.3,48.260162,43.071999999999996,0.9898227933307991,49.06,0,-1.6303254106897214,14.459509658246661,0.08458971115611358
2020-01-12,51.43,48.59978,43.615500000000004,1.126183643458396,49.3,0,-1.420322441426053,17.916795634579437,0.1363608501275969
2020-01-13,49.6,48.5194,44.078500000000005,1.0325606303854604,51.43,0,-5.659339781658625,12.52651519448256,-0.09362301307293563
2020-01-14,58.39,48.28185,44.994,1.475086235637638,49.6,0,-2.657562686551005,29.77285860336934,0.44252560525217755
2020-01-15,58.16,47.640278,45.9015,1.6514641369193708,58.39,0,-18.410210887910896,26.70609892922889,0.1763779012817328
2020-01-16,57.56,58.93209,46.732,1.6244032360170122,58.16,1,1.3275288158138707,23.17041855687752,-0.027060900902358576
2020-01-17,61.02,58.248714,47.6415,1.726646783853365,57.56,1,1.1965157175494825,28.0816095211108,0.10224354783635281
2020-01-18,59.32,57.488873,48.4535,1.5713415568043811,61.02,1,-5.78683623717442,22.426656485083644,-0.15530522704898386
2020-01-19,57.6,60.083275,49.2145,1.2578933453037875,59.32,1,1.2867074196031583,17.03867762549655,-0.31344821150059365
2020-01-20,57.19,57.851513,50.009,0.9424897943046537,57.6,1,0.4366543557908775,14.359415305245053,-0.31540355099913375
2020-01-21,57.57,59.30587,50.8065,0.6906624792407436,57.19,1,3.6997203289951845,13.312273035930444,-0.2518273150639101
2020-01-22,58.33,57.42906,51.7515,0.514561273919083,57.57,0,-0.2448117254673663,12.71170883935731,-0.17610120532166063
2020-01-23,54.52,54.94029,52.366,0.10233573042670319,58.33,0,-5.811265997426412,4.113355994347484,-0.41222554349237983
2020-01-24,54.38,53.87546,52.94599999999999,-0.20230084720139363,54.52,0,-1.1822054688753896,2.7084198995202886,-0.3046365776280968
2020-01-25,53.25,55.11317,53.44349999999999,-0.4862515952105193,54.38,0,1.3482357921649397,-0.3620646102893582,-0.2839507480091257
2020-01-26,56.24,53.46185,53.9655,-0.4783146578757407,53.25,0,0.397838896988703,4.214729781063834,0.007936937334778627
2020-01-27,58.55,55.296646,54.57800000000001,-0.3301500770794221,56.24,0,-1.677371767133605,7.2776576642603,0.14816458079631856
2020-01-28,60.52,56.75965,55.3365,-0.1228060850678725,58.55,0,-3.0578118119862783,9.36723500763511,0.20734399201154963
2020-01-29,59.8,55.25502,56.0895,-0.060628515043800846,60.52,0,-8.699570155978916,6.615320157961822,0.06217757002407165
2020-01-30,67.98,56.564594,57.0355,0.475417495682116,59.8,0,-5.410377476925032,19.18892619508903,0.5360460107259168
2020-01-31,68.0,63.8453,57.9705,0.7585389376345288,67.98,0,-6.08223188130356,17.30104104673929,0.28312144195241284
2020-02-01,70.72,62.163364,58.935,1.0388692946519047,68.0,0,-8.583287631764131,19.9966064308136,0.28033035701737585
2020-02-02,69.93,60.31163,59.95150000000001,1.0763870799013215,70.72,0,-14.717717408055092,16.644287465701435,0.037517785249416846
2020-02-03,69.65,61.437786,60.5145,0.9898416095910294,69.93,0,-12.143878017596288,15.096381858893334,-0.08654547031029214
2020-02-04,68.07,59.34074,61.010000000000005,0.744853538548254,69.65,0,-14.801521602501913,11.57187346336664,-0.24498807104277542
2020-02-05,72.59,64.40956,61.7615,0.8009894718223034,68.07,0,-5.37746267485446,17.532767176963006,0.05613593327404942
2020-02-06,73.6,65.108215,62.390499999999996,0.8170957418484743,72.59,0,-10.306908207699067,17.96667761918882,0.016106270026170932
2020-02-07,74.3,64.47609,63.1395,0.7856220749045839,73.6,0,-12.396617557691485,17.675939784128794,-0.03147366694389042
2020-02-08,76.56,61.911636,64.0875,0.8237410908052336,74.3,0,-16.67343694140099,19.46167349327091,0.0381190159006497
2020-02-09,77.0,63.110634,65.078,0.7854555695565448,76.56,0,-17.56709267228624,18.319554995543804,-0.03828552124868878
2020-02-10,74.02,75.42697,65.9005,0.48124153253142854,77.0,0,-2.0428942395495127,12.32084733803234,-0.3042140370251163
2020-02-11,76.46,71.910736,66.80699999999999,0.37109094731379244,74.02,0,-2.8495864847549597,14.449084676755442,-0.1101505852176361
2020-02-12,81.17,70.74846,68.1395,0.5323701552807645,76.46,0,-7.469972714746674,19.12326917573508,0.16127920796697204
2020-02-13,80.55,67.00867,69.44800000000001,0.513960249144592,81.17,0,-17.446511035866084,15.986061513650485,-0.018409906136172438
2020-02-14,83.14,67.36806,70.94250000000001,0.5875730466292248,80.55,0,-16.364919613933502,17.19350177961023,0.07361279748463279
2020-02-15,76.7,80.36848,71.9655,0.1373922853832319,83.14,0,-3.3335616217515267,6.578846808540198,-0.45018076124599293
2020-02-16,74.67,76.15756,72.77149999999999,-0.3363701588887329,76.7,0,-0.7072200053984717,2.60885099249021,-0.4737624442719648
2020-02-17,73.41,70.37126,73.416,-0.7501714782718123,74.67,-1,-5.756981924896631,-0.008172605426610314,-0.4138013193830794
2020-02-18,77.25,63.51638,74.2885,-0.7775182992650818,73.41,-1,-13.477209766981888,3.9864851221925344,-0.02734682099326946
2020-02-19,70.61,60.36209,74.41999999999999,-1.228246357319744,77.25,-1,-21.86137079035194,-5.119591507659217,-0.4507280580546622
2020-02-20,69.4,69.15841,74.49,-1.5713843264839484,70.61,-1,-2.055786547723631,-6.833131964022002,-0.34313796916420447
2020-02-21,73.25,70.78855,74.6165,-1.5026001712900072,69.4,0,2.000794424447263,-1.8313643765119,0.06878415519394121
2020-02-22,74.79,65.08385,74.8595,-1.32323106156543,73.25,-1,-11.148331677954351,-0.09284058803490644,0.1793691097245773
2020-02-23,79.52,68.795135,75.353,-0.8773580110229946,74.79,-1,-8.015596339020098,5.529972263878016,0.4458730505424353
2020-02-24,75.59,69.69078,75.72900000000001,-0.8384801477775481,79.52,-1,-12.360688330421981,-0.18354923477136895,0.03887786324544651
2020-02-25,70.98,71.97339,75.6485,-1.0982219704888645,75.59,-1,-4.784510289886232,-6.17130544558054,-0.2597418227113164
2020-02-26,60.53,72.640976,74.995,-1.9017088182606243,70.98,0,2.3400619218771954,-19.28795253016868,-0.8034868477717598
2020-02-27,61.77,71.72947,74.36850000000001,-2.2535215362878898,60.53,0,18.502344786579226,-16.940640190403204,-0.35181271802726544
2020-02-28,59.89,67.03915,73.535,-2.497765935840742,61.77,0,8.530267805309762,-18.555789759978236,-0.24424439955285226
2020-02-29,58.05,66.824036,72.5875,-2.653539281932577,59.89,0,11.577952320139003,-20.027552953332194,-0.15577334609183513
2020-03-01,57.7,63.654434,71.77149999999999,-2.644558517611151,58.05,0,9.654494752974273,-19.60597172972557,0.00898076432142636
2020-03-02,61.42,65.11692,71.01950000000001,-2.2670184796672332,57.7,0,12.854281579187873,-13.516710199311463,0.37754003794391755
2020-03-03,61.01,63.782387,70.0115,-1.9366638597218562,61.42,0,3.8462826111773922,-12.857173464359429,0.33035461994537707
2020-03-04,60.38,66.22542,69.00300000000001,-1.662827718063922,61.01,0,8.548464335060341,-12.496558120661435,0.27383614165793424
2020-03-05,62.06,66.33162,67.949,-1.2875624825464276,60.38,0,9.856938162794485,-8.666794213307034,0.37526523551749436
2020-03-06,63.22,61.802235,67.275,-0.8986460495884276,62.06,-1,-0.41534861479503565,-6.027499070977341,0.38891643295799994
2020-03-07,60.46,64.579575,66.56450000000001,-0.7696779986527691,63.22,-1,2.1505450568822186,-9.170804257524669,0.12896805093565855
2020-03-08,51.0,64.05778,65.444,-1.2362253716008995,60.46,-1,5.950673841854375,-22.070778069800138,-0.4665473729481304
2020-03-09,50.39,66.44741,64.101,-1.4839691584946344,51.0,0,30.28904035979626,-21.389681908238558,-0.24774378689373489
2020-03-10,50.26,65.20074,63.0835,-1.5475692133724035,50.39,0,29.39221472417487,-20.327819477359377,-0.0636000548777691
2020-03-11,48.53,49.845936,62.04,-1.5909985633386023,50.26,-1,-0.823844366229198,-21.77627337201805,-0.04342934996619885
2020-03-12,29.83,49.001663,59.86900000000001,-2.6988682153828742,48.53,-1,0.9719002843762856,-50.17454776261505,-1.107869652044272
2020-03-13,37.52,51.44137,58.005500000000005,-2.725532654570322,29.83,-1,72.4484348073327,-35.316478609787005,-0.02666443918744754
2020-03-14,34.4,51.55331,55.7495,-2.7567777244323954,37.52,0,37.40221320438994,-38.29541072117239,-0.03124506986207365
2020-03-15,36.38,51.818344,53.789,-2.45750258712469,34.4,0,50.63472126805506,-32.3653535109409,0.2992751373077054
2020-03-16,33.2,36.902313,51.9,-2.290450284231266,36.38,0,1.4357153172673787,-36.030828516377646,0.1670523028934241
2020-03-17,34.07,38.453568,50.577000000000005,-1.951347912155497,33.2,0,15.82399850868316,-32.637364810091555,0.3391023720757689
2020-03-18,34.71,36.624626,49.224000000000004,-1.5324147426334314,34.07,0,7.498168945312498,-29.485616772306194,0.4189331695220657
2020-03-19,38.9,38.70278,48.1745,-0.8553609551253798,34.71,0,11.503260378121846,-19.25188637142057,0.6770537875080516
2020-03-20,38.08,40.511124,47.176,-0.3697913982986014,38.9,0,4.141706059708391,-19.280990334068175,0.4855695568267784
2020-03-21,38.32,34.819946,46.207,0.038794746913198175,38.08,0,-8.561065417377884,-17.068842383188695,0.4085861452117996
2020-03-22,35.4,37.387344,44.906,0.17595818151325648,38.32,0,-2.433861272568992,-21.16866343027658,0.1371634346000583
2020-03-23,38.94,34.830116,43.8025,0.5476698495137882,35.4,0,-1.6098410396252607,-11.100964556817543,0.3717116680005317
2020-03-24,40.57,37.086205,42.812,0.9237660781333608,38.94,0,-4.760645791451988,-5.236849481453792,0.3760962286195726
2020-03-25,39.17,37.50718,41.667500000000004,1.0874219075138445,40.57,0,-7.549471875144427,-5.993880122397557,0.16365582938048373
2020-03-26,40.41,38.319374,40.527,1.275345279289743,39.17,0,-2.171626028918421,-0.2886964246058293,0.18792337177589857
2020-03-27,38.04,37.821644,39.406,1.2353392865724278,40.41,0,-6.405236749948759,-3.4664771862152963,-0.04000599271731531
2020-03-28,38.87,37.41851,38.7995,1.2559697002603363,38.04,0,-1.6337790825138814,0.18170337246612858,0.020630413687908522
2020-03-29,37.11,38.600677,38.1355,1.145374000093783,38.87,0,-0.6928801383216425,-2.6890954622333547,-0.11059570016655318
2020-03-30,38.91,40.518524,37.568,1.1829062675483346,37.11,1,9.184920964489022,3.572189097103915,0.037532267454551516
2020-03-31,39.08,40.43207,37.0955,1.204595897229213,38.91,1,3.9117750855590314,5.349705489884209,0.021689629680878397
2020-04-01,39.23,42.83599,37.5655,1.2111967912573238,39.08,1,9.611030976872366,4.430927313625525,0.006600894028110815
2020-04-02,39.86,42.090508,37.6825,1.2358662444685375,39.23,1,7.2916326977420916,5.77854441716978,0.02466945321121372
2020-04-03,40.46,40.694847,37.985499999999995,1.2658361879521793,39.86,1,2.094448336511777,6.514327835621504,0.029969943483641792
2020-04-04,40.71,41.851295,38.202,1.272336023029764,40.46,1,3.4386937004236415,6.565101303596678,0.00649983507758467
2020-04-05,40.31,38.810577,38.5575,1.2194031241096739,40.71,0,-4.665739639945654,4.54515982623356,-0.05293289892009012
2020-04-06,45.04,37.322945,39.106,1.4565991179569715,40.31,0,-7.410209275332972,15.174142075384845,0.23719599384729761
2020-04-07,44.77,31.864876,39.608999999999995,1.5407998719970655,45.04,0,-29.252051968345842,13.029866949430707,0.08420075404009397
2020-04-08,46.55,35.319977,39.991499999999995,1.652006647320564,44.77,0,-21.107936549831084,16.39973494367554,0.11120677532349843
2020-04-09,46.21,34.316547,40.398,1.6352519260587164,46.55,0,-26.280241903761915,14.386850834199706,-0.016754721261847516
2020-04-10,42.25,44.160213,40.5945,1.3044247150008421,46.21,0,-4.435807248519836,4.078138664104753,-0.33082721105787427
2020-04-11,42.54,43.101685,40.951499999999996,1.0623374844453513,42.25,1,2.015821468195266,3.8789787919856504,-0.24208723055549086
2020-04-12,42.0,40.589508,41.104499999999994,0.8331714241610546,42.54,1,-4.585077440901209,2.1785935846440307,-0.22916606028429665
2020-04-13,41.22,39.57071,41.137,0.6069021611119891,42.0,1,-5.7840256463913695,0.20176483457714078,-0.22626926304906547
2020-04-14,41.22,41.298294,41.2395,0.44270448809985496,41.22,0,0.18994193930813594,-0.04728476339432035,-0.16419767301213417
2020-04-15,39.22,41.482277,41.18,0.1973752578258131,41.22,0,0.6362855810381063,-4.759592034968434,-0.24532923027404185
2020-04-16,42.53,40.438835,41.4045,0.2524768396120649,39.22,1,3.107687771654691,2.718303566037514,0.055101581786251796
2020-04-17,42.19,38.69814,41.570499999999996,0.25948419939462053,42.53,1,-9.009783233778917,1.4902394727030037,0.007007359782555622
2020-04-18,44.14,38.7209,41.922,0.3815307283500432,42.19,1,-8.222561058881691,5.29077811173132,0.12204652895542267
2020-04-19,42.23,39.95148,42.088,0.3220779311019556,44.14,0,-9.489168859359957,0.3373883292149684,-0.05945279724808761
2020-04-20,40.21,40.86804,42.1445,0.14422746251402496,42.23,0,-3.2251049550314055,-4.59016004460843,-0.17785046858793063
2020-04-21,40.59,41.582077,42.2125,0.054324512322785345,40.21,0,3.4122781058621903,-3.843648208469044,-0.08990295019123962
2020-04-22,41.8,41.523365,42.3095,0.07710306845898951,40.59,0,2.2994950006207184,-1.2042212741819278,0.022778556136204164
2020-04-23,42.98,41.34902,42.435500000000005,0.16722385680136032,41.8,0,-1.078904074344902,1.2831237996488605,0.0901207883423708
2020-04-24,44.53,40.321697,42.6265,0.3180605696292417,42.98,0,-6.184976186348477,4.465532004738839,0.15083671282788136
2020-04-25,44.38,43.52675,42.83,0.38983078506419355,44.53,0,-2.252978537555443,3.6189586738267674,0.07177021543495188
2020-04-26,44.52,42.208004,42.803999999999995,0.4258999577113872,44.38,0,-4.894087431719847,4.00897112419402,0.03606917264719367
2020-04-27,44.46,41.73795,42.7885,0.4239673578338457,44.52,0,-6.248990630418042,3.906423454900269,-0.0019325998775415187
2020-04-28,45.69,39.743515,42.74550000000001,0.47967577219001806,44.46,0,-10.608378284641393,6.888444397655872,0.05570841435617235
2020-04-29,48.81,39.053646,42.8755,0.6881142369436681,45.69,0,-14.524740451638243,13.841238003055356,0.20843846475365008
2020-04-30,46.33,45.354515,43.0795,0.6224069807469499,48.81,0,-7.0794610209309745,7.545352197681019,-0.06570725619671824
2020-05-01,47.07,44.59964,43.306,0.5923892667734305,46.33,0,-3.734858854784963,8.691636262873512,-0.030017713973519378
2020-05-02,49.2,43.150604,43.666000000000004,0.6736710223520388,47.07,0,-8.326738372536914,12.67347593093024,0.08128175557860828
2020-05-03,48.05,42.419327,44.0075,0.6095948354262075,49.2,0,-13.781856133685855,9.185934215758671,-0.06407618692583128
2020-05-04,46.96,40.185005,44.2945,0.4602097556801934,48.05,0,-16.36835548805768,6.017677138245158,-0.14938507974601412
2020-05-05,46.54,47.339527,44.6605,0.30689465098359703,46.96,1,0.8081923554662527,4.208416833667336,-0.15331510469659637
2020-05-06,44.94,46.379784,44.781,0.08314899562174904,46.54,1,-0.34425519903073787,0.3550612983184809,-0.22374565536184798
2020-05-07,47.37,45.822655,45.040000000000006,0.08398362435052675,44.94,1,1.9640737074345709,5.173179396092342,0.0008346287287777088
2020-05-08,47.69,45.65014,45.2175,0.09069038536376572,47.37,0,-3.6306969495873522,5.468015701885324,0.006706761013238971
2020-05-09,46.95,44.96251,45.453500000000005,0.032872680256350595,47.69,0,-5.719209152288866,3.2923757246416607,-0.05781770510741513
2020-05-10,42.06,47.758774,45.546,-0.3272750388589796,46.95,0,1.7226279099274433,-7.653800553286781,-0.36014771911533017
2020-05-11,41.51,47.99231,45.592,-0.580323228113708,42.06,0,14.104397456758196,-8.95332514476224,-0.2530481892547284
2020-05-12,42.18,50.92935,45.611000000000004,-0.6737980788097124,41.51,0,22.69176537374278,-7.522308215123553,-0.09347485069600447
2020-05-13,43.18,49.878017,45.620999999999995,-0.6397597950362881,42.18,0,18.25039693109794,-5.350606080533078,0.03403828377342433
2020-05-14,43.98,47.873455,45.5935,-0.5388884827788936,43.18,0,10.869511458099634,-3.5388816388301008,0.10087131225739454
2020-05-15,42.74,43.506638,45.5115,-0.5303751622389876,43.98,-1,-1.076312930326988,-6.08966964393614,0.008513320539905944
2020-05-16,43.25,43.396614,45.448,-0.4673065800067532,42.74,-1,1.5362987241624457,-4.836296426685443,0.06306858223223444
2020-05-17,43.71,44.571815,45.4105,-0.3754757729219681,43.25,-1,3.056220787798049,-3.7447286420541466,0.09183080708478508
2020-05-18,45.32,45.506958,45.391999999999996,-0.19618518453934408,43.71,0,4.111091301332645,-0.1586182587239946,0.17929058838262402
2020-05-19,45.73,45.74972,45.238,-0.04760925938488647,45.32,0,0.9481940139002849,1.0875812370131248,0.1485759251544576
2020-05-20,44.25,44.03258,45.134,-0.04658015908949125,45.73,-1,-3.7118274013870414,-1.958612132760226,0.0010291002953952202
2020-05-21,42.73,43.350567,44.917,-0.1405310382446862,44.25,-1,-2.032617256466278,-4.868980564151667,-0.09395087915519496
2020-05-22,44.23,44.184586,44.6685,-0.09603882472774035,42.73,-1,3.404131924383491,-0.9816761252336764,0.044492213516945864
2020-05-23,43.85,45.30715,44.4585,-0.08686383423375185,44.23,0,2.4353420629292266,-1.368692151107211,0.009174990493988497
2020-05-24,42.08,43.567047,44.2145,-0.1888145355424785,43.85,-1,-0.6452745287557045,-4.827601804837785,-0.10195070130872666
2020-05-25,42.97,44.167507,44.036,-0.18488691110785133,42.08,-1,4.960806016233035,-2.420746661822151,0.003927624434627186
2020-05-26,42.27,44.788822,43.902499999999996,-0.2158513866651719,42.97,-1,4.23277210628873,-3.718467057684627,-0.03096447555732057
2020-05-27,43.85,44.93442,43.7265,-0.12106610307332077,42.27,0,6.303339340682842,0.2824374235303533,0.09478528359185112
2020-05-28,44.77,41.95471,43.5805,0.005724168202821067,43.85,0,-4.322216421059902,2.7294317412604316,0.12679027127614184
2020-05-29,44.47,42.49924,43.4565,0.06805739379377357,44.77,0,-5.072055226169002,2.3322172747460117,0.0623332255909525
2020-05-30,47.72,43.1563,43.73950000000001,0.31312017118915025,44.47,0,-2.954127296909255,9.100469827044186,0.24506277739537669
2020-05-31,45.61,43.233612,43.9445,0.3170913535872236,47.72,0,-9.401483527772681,3.7900078508118233,0.00397118239807337
2020-06-01,48.25,41.46001,44.248,0.47215400681605546,45.61,0,-9.098858740266492,9.044476586512392,0.15506265322883184
2020-06-02,45.99,40.650017,44.3885,0.4000065391272418,48.25,0,-15.751260549910945,3.6079164648501334,-0.07214746768881364
2020-06-03,47.16,38.6608,44.5475,0.40721314999195923,45.99,0,-15.93650590598415,5.86452662887928,0.007206610864717411
2020-06-04,47.43,46.016323,44.782,0.40541555892469205,47.16,0,-2.425099470738735,5.913090080836058,-0.001797591067267179
2020-06-05,46.83,45.64142,44.961,0.3416231496336686,47.43,0,-3.7709920787871596,4.156936011209714,-0.06379240929102348
2020-06-06,46.79,46.22007,45.114999999999995,0.2772769563028129,46.83,0,-1.3024345819903738,3.7127341239055847,-0.06434619333085567
2020-06-07,46.63,45.596394,45.1805,0.20766670571692836,46.79,0,-2.550986139762601,3.208242493996304,-0.06961025058588455
2020-06-08,46.43,44.314724,45.2155,0.13538010940482947,46.63,0,-4.965207015857051,2.6860258097333904,-0.07228659631209888
2020-06-09,45.87,46.601437,45.296499999999995,0.04192249663932002,46.43,1,0.36923673269488405,1.2661022374797233,-0.09345761276550946
2020-06-10,46.63,47.972427,45.491499999999995,0.02423826979353727,45.87,1,4.583447499812656,2.5026653330842197,-0.017684226845782747
2020-06-11,43.22,48.63969,45.440999999999995,-0.21120053237855674,46.63,1,4.309865749881877,-4.887656521643442,-0.235438802172094
2020-06-12,44.72,49.74509,45.484500000000004,-0.2569554946244876,43.22,0,15.097386590974416,-1.6807923578361976,-0.04575496224593084
2020-06-13,45.08,48.992638,45.6345,-0.2535882332670575,44.72,0,9.554198645521792,-1.2150894608246052,0.003367261357430096
2020-06-14,44.05,46.899902,45.6885,-0.3077372050424555,45.08,0,4.037050451974271,-3.5862416144106297,-0.054148971775398014
2020-06-15,43.73,47.045807,45.7615,-0.3490857222438409,44.05,0,6.8009236884577255,-4.439321263507536,-0.04134851720138538
2020-06-16,43.88,45.79698,45.763,-0.34945366593929533,43.73,0,4.7266906277691305,-4.114677796473123,-0.0003679436954544535
2020-06-17,44.07,45.326515,45.727999999999994,-0.32076730972575695,43.88,0,3.296525063249552,-3.6257872638208415,0.028686356213538378
2020-06-18,43.43,46.01505,45.676,-0.32761163478450955,44.07,0,4.413544317478761,-4.917243191172611,-0.006844325058752598
2020-06-19,42.89,42.769627,45.4345,-0.3492386521252961,43.43,-1,-1.5205465866183723,-5.60036976306551,-0.021627017340786536
2020-06-20,43.57,43.58503,45.3325,-0.3003439152247057,42.89,-1,1.6204933598759168,-3.887939116527883,0.048894736900590374
2020-06-21,43.0,43.397724,45.07000000000001,-0.28889818713804316,43.57,-1,-0.39540015696275455,-4.592855558020872,0.011445728086662554
2020-06-22,44.3,39.99118,44.9855,-0.18152728750193725,43.0,-1,-6.997254837390988,-1.5238243433995502,0.10737089963610591
2020-06-23,44.18,34.191418,44.836499999999994,-0.10986825391263533,44.3,-1,-22.818470216497065,-1.464208847702194,0.07165903358930192
2020-06-24,42.65,43.3725,44.597500000000004,-0.15408170506751578,44.18,-1,-1.8277470047736173,-4.366836706093402,-0.044213451154880457
2020-06-25,42.35,44.126385,44.37349999999999,-0.18975713279908513,42.65,0,3.4616289217055645,-4.5601541460556225,-0.03567542773156934
2020-06-26,43.09,43.98119,44.1885,-0.15140806272544677,42.35,0,3.851687668909567,-2.4859409122282816,0.03834907007363836
2020-06-27,41.06,43.15174,43.910000000000004,-0.24510203231571004,43.09,0,0.14328388914371742,-6.490548849920294,-0.09369396959026327
2020-06-28,41.37,41.32422,43.657,-0.26675445791663877,41.06,0,0.6434942766682847,-5.2385642623176105,-0.021652425600928726
2020-06-29,41.87,40.681686,43.45700000000001,-0.22938423999891466,41.37,-1,-1.6637988847783658,-3.651885772142601,0.0373702179177241
2020-06-30,41.17,39.025658,43.184,-0.2330371646555136,41.87,-1,-6.79327047096108,-4.663764357169312,-0.0036529246565989437
2020-07-01,41.77,38.613914,43.1115,-0.17871700618090347,41.17,-1,-6.208611878197493,-3.111698734676354,0.054320158474610136
2020-07-02,41.05,40.417873,42.928,-0.1747399788234416,41.77,-1,-3.237075933520813,-4.374767051807678,0.00397702735746186
2020-07-03,41.14,40.50005,42.731,-0.15043495763718717,41.05,-1,-1.33970866975772,-3.72329222344434,0.02430502118625444
2020-07-04,42.11,41.13314,42.634,-0.058160437252592345,41.14,0,-0.016673398238106027,-1.2290660036590537,0.09227452038459483
2020-07-05,41.58,41.147163,42.5265,-0.023715070718819176,42.11,-1,-2.2864797171377775,-2.225671052167473,0.03444536653377317
2020-07-06,44.06,41.089825,42.5355,0.16482363902057617,41.58,-1,-1.1788728318574468,3.5840650750549616,0.18853870973939535
2020-07-07,43.39,41.73146,42.50150000000001,0.2386602528477575,44.06,-1,-5.284928344781979,2.0905144524310746,0.07383661382718132
2020-07-08,45.35,41.593346,42.597500000000004,0.4040296786482026,43.39,0,-4.140710665845026,6.461646810258811,0.1653694258004451
2020-07-09,44.33,44.52388,42.6695,0.4270036556066903,45.35,0,-1.8216537929816736,3.8915384525246344,0.022973976958487685
2020-07-10,44.3,43.614265,42.705999999999996,0.4217288495288419,44.33,0,-1.6145602483768715,3.732496604692552,-0.005274806077848415
2020-07-11,44.69,42.71645,42.790499999999994,0.42486698101286186,44.3,0,-3.5746055585805174,4.439069419614175,0.003138131484019979
2020-07-12,44.7,42.127144,42.810500000000005,0.40789460269487565,44.69,0,-5.734741866495226,4.413636841429084,-0.016972378317986203
2020-07-13,43.92,41.82313,42.7975,0.32786143783117844,44.7,0,-6.435947290202922,2.6228167533150355,-0.08003316486369721
2020-07-14,43.88,43.135048,42.858999999999995,0.25897627309046,43.92,0,-1.787231528693865,2.382230103362206,-0.06888516474071843
2020-07-15,43.33,44.22164,42.908,0.16755226515832564,43.88,1,0.7785814506092552,0.9834995804978023,-0.09142400793213437
2020-07-16,42.09,45.151863,42.858,0.022377870991770604,43.33,1,4.204622889786598,-1.791964160716771,-0.14517439416655503
2020-07-17,41.9,44.574818,42.9,-0.08191839900300495,42.09,1,5.90358198496246,-2.331002331002331,-0.10429626999477555
2020-07-18,42.45,42.866585,42.95399999999999,-0.10771389006644949,41.9,0,2.306884911293634,-1.1733482329934133,-0.025795491063444545
2020-07-19,42.64,41.825993,42.9925,-0.10568322867258653,42.45,-1,-1.469982133737308,-0.8199104494970032,0.002030661393862959
2020-07-20,41.94,40.79215,43.031,-0.1428749719684766,42.64,-1,-4.33361024838675,-2.535381469173389,-0.03719174329589006
2020-07-21,43.77,40.868546,43.131,-0.04091657559919945,41.94,-1,-2.5547316828169655,1.4815330041037835,0.10195839636927714
2020-07-22,44.96,41.620415,43.3265,0.10216355721915289,43.77,0,-4.911092680176568,3.7702099177177892,0.14308013281835236
2020-07-23,44.94,41.408577,43.51649999999999,0.186065276160465,44.96,0,-7.89907258600527,3.271173003343569,0.08390171894131211
2020-07-24,44.11,44.578365,43.6165,0.17636045691832197,44.94,0,-0.8047055497825174,1.1314525466279903,-0.009704819242143031
2020-07-25,49.16,45.074024,43.9955,0.48333951775639244,44.11,1,2.1855003410552114,11.738700548919768,0.30697906083807047
2020-07-26,48.1,44.664577,44.1975,0.5816899953580681,49.16,1,-9.144472164095072,8.82968493693083,0.09835047760167565
2020-07-27,53.28,45.301075,44.69199999999999,0.9410168573011555,48.1,1,-5.818970932038562,19.215967063456567,0.3593268619430874
2020-07-28,55.75,45.43028,45.212,1.2699915164223439,53.28,0,-14.732960251358538,23.307971335043785,0.3289746591211884
2020-07-29,55.16,50.39287,45.7535,1.3645199887578312,55.75,0,-9.609198463337304,20.559082911689803,0.09452847233548733
2020-07-30,56.75,47.65667,46.376,1.4431592845268457,55.16,0,-13.602846960298729,22.369328963256862,0.07863929576901452
2020-07-31,58.13,48.409714,47.048,1.4910261890867411,56.75,0,-14.696539656181168,23.554667573541916,0.047866904559895396
2020-08-01,61.65,48.447906,47.8955,1.650267743044994,58.13,0,-16.655932402992217,28.717729222995896,0.1592415539582528
2020-08-02,56.77,48.04486,48.538,1.331139394098325,61.65,0,-22.068352246806565,16.95990770118259,-0.31912834894666897
2020-08-03,58.48,51.616104,49.268,1.1464317615797386,56.77,0,-9.078555353220787,18.697734838028733,-0.18470763251858635
2020-08-04,57.61,52.01774,49.982,0.8883965867342489,58.48,0,-11.050379031660125,15.261494137889642,-0.25803517484548966
2020-08-05,58.88,48.714245,50.8215,0.7324727242416,57.61,0,-15.44133858266048,15.856478065385717,-0.1559238624926489
2020-08-06,59.03,44.884903,51.678,0.5755788036523799,58.88,0,-23.76884688501773,14.226556755292396,-0.15689392058922014
2020-08-07,57.17,44.727978,52.414,0.2967161432189096,59.03,0,-24.228396149948253,9.073911550349143,-0.2788626604334703
2020-08-08,58.46,55.810997,53.205000000000005,0.15637364595258463,57.17,0,-2.377126098867689,9.876891269617508,-0.14034249726632497
2020-08-09,56.96,53.63672,53.955999999999996,-0.06819780023195099,58.46,0,-8.250566626753338,5.56749944399141,-0.22457144618453562
2020-08-10,58.27,52.935673,54.681000000000004,-0.15430684160743446,56.96,0,-7.065181249982857,6.563522978731183,-0.08610904137548347
2020-08-11,54.1,52.113792,55.138,-0.49848545308951087,58.27,-1,-10.564969247582647,-1.8825492400884996,-0.3441786114820764
2020-08-12,54.52,50.184124,55.617,-0.6923154338300233,54.1,-1,-7.238218127689611,-1.9724185051333123,-0.1938299807405124
2020-08-13,57.14,55.378845,56.2685,-0.6397721303658659,54.52,-1,1.575284693403791,1.5488239423478454,0.052543303464157365
2020-08-14,56.78,52.80572,56.6495,-0.624279700276142,57.14,0,-7.585367023172937,0.23036390435925794,0.015492430089723896
2020-08-15,59.85,52.180496,57.237,-0.4125047319978261,56.78,0,-8.100570243359789,4.565228785575763,0.21177496827831588
2020-08-16,63.87,52.70117,57.76650000000001,-0.027238302834130756,59.85,0,-11.944574979114455,10.565812365298207,0.38526642916369536
2020-08-17,67.22,53.33359,58.34000000000001,0.40387715692910797,63.87,0,-16.496647156440204,15.221117586561514,0.43111545976323873
2020-08-18,65.4,67.330444,58.852,0.5102722763695811,67.22,1,0.1643027907430841,11.126214911982617,0.10639511944047308
2020-08-19,62.12,54.45371,59.12050000000001,0.31322476649437814,65.4,1,-16.73744854941646,5.073536252230597,-0.19704750987520292
2020-08-20,62.8,58.864655,59.354000000000006,0.18831889741419916,62.12,1,-5.240414454256878,5.8058429086497805,-0.12490586908017898
2020-08-21,59.2,56.86115,59.231500000000004,-0.15839103477694572,62.8,-1,-9.456769372247582,-0.053181162050600084,-0.3467099321911449
2020-08-22,60.21,54.399628,59.403499999999994,-0.3313879137039111,59.2,-1,-8.10873701765731,1.3576641107005598,-0.17299687892696536
2020-08-23,60.55,55.70147,59.507000000000005,-0.4284385686384593,60.21,-1,-7.488009597431128,1.7527349723561803,-0.09705065493454823
2020-08-24,62.02,54.95441,59.727500000000006,-0.3997095877210515,60.55,0,-9.241270763041259,3.8382654556108937,0.02872898091740783
2020-08-25,58.34,56.262928,59.7005,-0.6214003381177999,62.02,-1,-9.282605596528217,-2.2788753863032887,-0.22169075039674846
2020-08-26,58.1,58.28154,59.653999999999996,-0.7674788686037899,58.34,-1,-0.10020583306104885,-2.6050222952358517,-0.14607853048598995
2020-08-27,56.1,56.291687,59.6005,-0.9690772952829616,58.1,-1,-3.112414781895441,-5.873272875227549,-0.20159842667917172
2020-08-28,57.38,54.069416,59.546499999999995,-0.983375734142695,56.1,-1,-3.619579240387564,-3.638333067434681,-0.014298438859733364
2020-08-29,56.97,56.580486,59.547000000000004,-0.9851391610861622,57.38,-1,-1.393366508178077,-4.327673938233673,-0.0017634269434672056
2020-08-30,62.89,57.69559,59.778,-0.5727423002626573,56.97,0,1.2736369543626325,5.205928602495905,0.4123968608235049
2020-08-31,60.92,56.772335,60.11900000000001,-0.4245922915480067,62.89,0,-9.72756391717247,1.3323574909762217,0.14815000871465056
2020-09-01,62.69,55.051662,60.527499999999996,-0.21018756428935959,60.92,0,-9.632858757274528,3.572756185205075,0.21440472725864712
2020-09-02,58.06,66.722084,60.5735,-0.37344910156191125,62.69,0,6.431781855814577,-4.149504321196564,-0.16326153727255166
2020-09-03,47.28,66.45537,60.0985,-1.1564935637056875,58.06,0,14.459814057857706,-21.329151309932858,-0.7830444621437762
2020-09-04,50.32,63.647015,59.622,-1.4023614746165833,47.28,0,34.6172051986462,-15.601623561772499,-0.24586791091089588
2020-09-05,47.83,61.16199,58.81999999999999,-1.6483641433289278,50.32,0,21.5460872801764,-18.68412104726283,-0.24600266871234444
2020-09-06,47.92,60.61626,57.855,-1.7131488812645,47.83,0,26.73272115526752,-17.17224094719557,-0.06478473793557216
2020-09-07,48.84,47.52677,57.027,-1.6040803341461796,47.92,-1,-0.8205936030672902,-14.356357514861376,0.10906854711832037
2020-09-08,47.47,48.425377,56.29449999999999,-1.5342478961099209,48.84,-1,-0.8489416623877142,-15.675598859568865,0.06983243803625871
2020-09-09,47.82,46.11162,55.54549999999999,-1.379405379842987,47.47,-1,-2.8615507548147163,-13.908417423553649,0.1548425162669338
2020-09-10,48.67,47.44504,55.01899999999999,-1.1443445182332832,47.82,-1,-0.7841036041527805,-11.539649939111927,0.23506086160970385
2020-09-11,48.96,46.04679,54.456500000000005,-0.9044563297393102,48.67,-1,-5.389786158495675,-10.09337728278535,0.23988818849397298
2020-09-12,50.8,47.482574,53.968999999999994,-0.5731389836668761,48.96,-1,-3.0176175186057512,-5.871889417999217,0.3313173460724341
2020-09-13,48.15,47.571606,53.2755,-0.48711882652189864,50.8,-1,-6.3551069244625005,-9.620744995354341,0.08602015714497746
2020-09-14,49.08,44.38049,52.8125,-0.3297780351726187,48.15,-1,-7.82868255583544,-7.067455621301779,0.15734079134927992
2020-09-15,48.31,45.620605,52.323,-0.24372131393086738,49.08,-1,-7.048481115016298,-7.669667259140336,0.08605672124175134
2020-09-16,47.76,45.706074,51.90599999999999,-0.19225992614598608,48.31,-1,-5.390035684151675,-7.987515894116276,0.051461387784881296
2020-09-17,48.85,46.78471,51.479499999999994,-0.060080746209632,47.76,-1,-2.0420646347991545,-5.107858467933825,0.13217917993635409
2020-09-18,48.54,46.42839,51.058,0.026553937884730594,48.85,0,-4.957235408536978,-4.931646362959772,0.08663468409436259
2020-09-19,48.52,45.214813,50.3395,0.09854728174296046,48.54,0,-6.8504053720192095,-3.614457831325297,0.07199334385822986
2020-09-20,47.09,43.79866,49.648,0.06738219197060369,48.52,0,-9.730708412365397,-5.152271994843699,-0.03116508977235677
2020-09-21,43.16,43.446365,48.671499999999995,-0.18650461717637468,47.09,-1,-7.737597459236974,-11.323875368542161,-0.25388680914697836
2020-09-22,44.47,41.14235,47.992000000000004,-0.2318502789739849,43.16,-1,-4.674816396746836,-7.338723120520098,-0.04534566179761024
2020-09-23,42.96,41.01095,47.776,-0.32354667348636656,44.47,-1,-7.778394015848111,-10.08037508372405,-0.09169639451238165
2020-09-24,44.92,40.320423,47.506,-0.21730321101707428,42.96,-1,-6.144266465966708,-5.443522923420197,0.10624346246929228
2020-09-25,46.02,41.687366,47.415499999999994,-0.046952251694943214,44.92,-1,-7.1964236740968355,-2.9431304109415515,0.17035095932213107
2020-09-26,46.03,41.625877,47.321,0.08519572602449754,46.02,0,-9.548289047433526,-2.7281756514021196,0.13214797771944076
2020-09-27,46.05,46.308155,47.1815,0.1869153979791207,46.03,0,0.6042908099379796,-2.3981857295762166,0.10171967195462317
2020-09-28,45.23,46.663906,47.069500000000005,0.21019802847902147,46.05,0,1.3331294189188105,-3.908050860960936,0.02328263049990076
2020-09-29,45.69,46.383133,46.963,0.26430485287060135,45.23,0,2.549486921446641,-2.710644549964873,0.05410682439157988
2020-09-30,46.24,46.9179,46.8415,0.3400365012082429,45.69,0,2.6874591495933924,-1.2841177161277957,0.07573164833764157
2020-10-01,46.25,45.0559,46.706,0.3901156416762408,46.24,0,-2.560768655427191,-0.9763199588917977,0.050079140467997885
2020-10-02,44.88,47.856415,46.410000000000004,0.33253352735997765,46.25,0,3.4733292863175675,-3.2967032967032988,-0.057582114316263144
2020-10-03,45.51,49.616615,46.278,0.3373673903342933,44.88,0,10.55395564930961,-1.6595358485673555,0.00483386297431565
2020-10-04,46.69,49.33563,46.158500000000004,0.41539976616597873,45.51,1,8.406127245707507,1.1514672270545925,0.07803237583168543
2020-10-05,46.34,48.004433,46.059999999999995,0.43663315994747576,46.69,1,2.8152338364160605,0.607902735562328,0.021233393781497023
2020-10-06,45.99,48.857487,45.9715,0.42015778727717334,46.34,1,5.432642910775813,0.04024232404860201,-0.016475372670302413
2020-10-07,46.55,45.289486,45.8565,0.4380274060824241,45.99,0,-1.5231877986595295,1.5123264967888965,0.01786961880525073
2020-10-08,47.21,45.698116,45.79,0.4818704585450446,46.55,0,-1.8300401665086206,3.1011137803013797,0.043843052462620546
2020-10-09,47.78,45.275288,45.753,0.5328529607867938,47.21,0,-4.0980986482232,4.430310580726949,0.05098250224174916
2020-10-10,48.88,45.180943,45.8425,0.6182466269645286,47.78,0,-5.439634710338239,6.625947537765177,0.0853936661777348
2020-10-11,50.48,45.87636,46.2085,0.7512317897424745,48.88,0,-6.144922571759767,9.243970265210939,0.13298516277794592
2020-10-12,50.58,49.787678,46.513999999999996,0.809636373674668,50.48,0,-1.3714782787389437,8.741454185836528,0.0584045839321935
2020-10-13,49.89,53.382877,46.860499999999995,0.7659723513693597,50.58,1,5.54147360587884,6.4649331526552345,-0.0436640223053083
2020-10-14,49.79,51.540943,47.104,0.6965292599958927,49.89,1,3.3091664577108686,5.702275815217392,-0.06944309137346705
2020-10-15,49.53,51.834663,47.2795,0.6027703118653913,49.79,1,4.106574394684238,4.75999111665733,-0.09375894813050134
2020-10-16,47.6,54.14455,47.358000000000004,0.39073632074218345,49.53,1,9.316677414670558,0.5110013091769021,-0.21203399112320787
2020-10-17,46.93,45.950523,47.402,0.19520468552117762,47.6,0,-3.4652870242335245,-0.995738576431377,-0.19553163522100583
2020-10-18,47.54,42.31502,47.5175,0.10150819741738927,46.93,0,-9.833749169203967,0.04735097595622845,-0.09369648810378835
2020-10-19,47.99,43.00278,47.6325,0.06610954745877483,47.54,0,-9.544003125143792,0.7505379730226247,-0.03539864995861444
2020-10-20,46.88,41.895317,47.6645,-0.030599723829713377,47.99,-1,-12.699901901152913,-1.6458790084863877,-0.0967092712884882
2020-10-21,52.98,40.77282,48.001,0.29952745410742215,46.88,-1,-13.027262118082408,10.37270056873815,0.33012717793713553
2020-10-22,54.35,53.464382,48.4745,0.5773414035326332,52.98,-1,0.9142736346373396,12.12080578448463,0.27781394942521104
2020-10-23,55.42,55.333088,48.97,0.7873417915194505,54.35,1,1.80880942252544,13.171329385337968,0.2100003879868173
2020-10-24,59.23,56.416977,49.596999999999994,1.1168952732708803,55.42,1,1.7989479045668273,19.422545718491047,0.32955348175142984
2020-10-25,58.84,56.086662,50.222,1.2335267617042882,59.23,1,-5.307002714029256,17.159810441639127,0.11663148843340787
2020-10-26,56.82,54.319534,50.7635,1.1037546053328453,58.84,0,-7.68264054765838,11.930816433067065,-0.1297721563714429
2020-10-27,57.91,56.687138,51.33149999999999,1.022301543365671,56.82,0,-0.23383033481209903,12.815717444454197,-0.08145306196717428
2020-10-28,55.77,51.183834,51.7595,0.7669427716390769,57.91,0,-11.614860860079887,7.7483360542509105,-0.25535877172659416
2020-10-29,54.87,59.13652,52.114,0.4933554843437864,55.77,1,6.0364360511783826,5.2884061864374265,-0.27358728729529047
2020-10-30,54.01,58.151936,52.37049999999999,0.22411306392497643,54.87,1,5.981293197362094,3.1305792383116553,-0.26924242041880997
2020-10-31,55.72,61.044342,52.63249999999999,0.1352086514759392,54.01,1,13.024147456055596,5.866147342421519,-0.08890441244903724
2020-11-01,55.6,55.018543,52.883500000000005,0.046902632249780085,55.72,0,-1.2588958302078173,5.136762884453556,-0.0883060192261591
2020-11-02,53.8,53.14309,53.07899999999999,-0.143719754050462,55.6,0,-4.418904146702172,1.3583526441719018,-0.19062238630024209
2020-11-03,53.96,57.973053,53.2875,-0.2630691290832743,53.8,0,7.756604049285554,1.262022050199389,-0.11934937503281229
2020-11-04,54.67,57.8171,53.54449999999999,-0.29579016712832873,53.96,0,7.148073619166684,2.1019899336066445,-0.03272103804505444
2020-11-05,58.95,60.60569,54.112,-0.0439957254838117,54.67,0,10.857307485716856,8.940715552927262,0.25179444164451703
2020-11-06,63.2,61.02208,54.9255,0.3711137713909911,58.95,1,3.5149778927454363,15.06495161628024,0.4151094968748028
2020-11-07,58.9,63.4476,55.4935,0.32033838618903854,63.2,1,0.39177423791039895,6.1385567679097575,-0.05077538520195257
2020-11-08,61.02,64.29807,56.144999999999996,0.38919639791549976,58.9,1,9.164809533007483,8.682874699438967,0.06885801172646122
2020-11-09,59.23,62.47032,56.7625,0.2790145315512307,61.02,1,2.376797206282259,4.347060118916527,-0.11018186636426908
2020-11-10,57.93,60.337032,57.010000000000005,0.09302457839466216,59.23,1,1.8690398752578719,1.6137519733380012,-0.18598995315656852
2020-11-11,59.27,59.249966,57.25599999999999,0.0375360964092013,57.93,1,2.278552852968427,3.51753528014533,-0.05548848198546086
2020-11-12,60.72,61.650005,57.521,0.07368659689966206,59.27,1,4.015531197192793,5.561447123659182,0.03615050049046076
2020-11-13,65.96,61.367645,57.8575,0.40708056650168434,60.72,1,1.0666094592751583,14.004234541762074,0.3333939696020223
2020-11-14,63.85,62.228027,58.108000000000004,0.43931627317113087,65.96,0,-5.6579330749696695,9.881599779720515,0.03223570666944653
2020-11-15,62.28,61.15456,58.38099999999999,0.31456221383937244,63.85,0,-4.221519046027679,6.678542676555743,-0.12475405933175843
2020-11-16,73.84,63.0949,59.17750000000001,0.9351587995229003,62.28,1,1.308442877130623,24.777153478940463,0.6205965856835278
2020-11-17,76.32,62.60069,60.205000000000005,1.4087982276200175,73.84,1,-15.221168832169326,26.76687982725685,0.47363942809711723
2020-11-18,73.42,62.362194,61.13250000000001,1.4189488274319784,76.32,1,-18.28852979392125,20.099783257677984,0.01015059981196087
2020-11-19,81.53,59.770905,62.508500000000005,1.8374599049612432,73.42,0,-18.590432387611518,30.43026148443811,0.41851107752926486
2020-11-20,82.53,57.761333,63.849000000000004,2.0320528438788417,81.53,0,-29.153276750182545,29.258093313912507,0.19459293891759843
2020-11-21,87.14,86.957504,65.426,2.3018476550307554,82.53,1,5.364721037757102,33.188640601595694,0.2697948111519137
2020-11-22,82.87,84.548096,66.87950000000001,2.032687221858816,87.14,1,-2.9744139280181328,23.909419179270174,-0.2691604331719395
2020-11-23,89.03,60.53469,68.63300000000001,2.1008152457855376,82.87,1,-26.952225344595643,29.71893986857632,0.06812802392672168
2020-11-24,89.25,54.238445,70.362,1.9929126506946746,89.03,0,-39.07846199934581,26.84403513259999,-0.10790259509086297
2020-11-25,81.75,54.382725,71.502,1.283119290490558,89.25,0,-39.066975056624216,14.332466224720994,-0.7097933602041167
2020-11-26,71.0,83.48107,71.892,0.022949104276310806,81.75,0,2.1175186203889527,-1.2407500139097478,-1.2601701862142471
2020-11-27,69.15,77.4427,72.40450000000001,-0.9482015080898094,71.0,0,9.074229925451144,-4.494886367560037,-0.9711506123661202
2020-11-28,72.7,68.01759,72.9885,-1.3405144033032235,69.15,-1,-1.6376089894590644,-0.3952677476588765,-0.39231289521341406
2020-11-29,78.91,60.20084,73.9725,-1.1766470518837018,72.7,-1,-17.19279230214871,6.674777789043226,0.1638673514195217
2020-11-30,87.65,56.040543,75.4585,-0.5086263881147914,78.91,-1,-28.981697373540662,16.15656287893346,0.6680206637689103
2020-12-01,85.08,73.061455,76.749,-0.2802494576393091,87.65,0,-16.64409039024619,10.85486455849588,0.22837693047548235
2020-12-02,88.9,73.503914,78.158,0.06902901904931458,85.08,0,-13.606119088628898,13.743954553596566,0.34927847668862366
2020-12-03,89.0,72.248276,79.31,0.23821744724956861,88.9,0,-18.73084841750739,12.217879208170466,0.16918842820025404
2020-12-04,79.52,63.978184,80.0935,-0.32625638011751246,89.0,-1,-28.11440028501361,-0.7160381304350663,-0.5644738273670811
2020-12-05,83.14,56.05024,81.1365,-0.48422984479843656,79.52,-1,-29.514286263847733,2.4692955698113703,-0.1579734646809241
2020-12-06,83.55,82.04839,81.62199999999999,-0.5828865703998094,83.14,-1,-1.3129742007316356,2.3621082551273083,-0.09865672560137284
2020-12-07,83.37,77.24315,81.9745,-0.6755168697764491,83.55,0,-7.5485950883172475,1.702358660315096,-0.09263029937663969
2020-12-08,76.76,73.589966,82.1415,-1.1683220273473847,83.37,-1,-11.730879428676387,-6.551499546514234,-0.49280515757093557
2020-12-09,77.41,71.56555,81.9355,-1.4201362911335984,76.76,-1,-6.7671290283839305,-5.523246944242737,-0.25181426378621374
2020-12-10,74.7,73.336655,81.544,-1.7188921842098326,77.41,-1,-5.262040223374317,-8.393014814088092,-0.2987558930762342
2020-12-11,72.2,79.10499,80.797,-2.014089491143134,74.7,0,5.896905084530828,-10.640246543807311,-0.2951973069333014
2020-12-12,76.67,76.07111,80.487,-1.8421819804355857,72.2,0,5.3616531667947065,-4.7423807571408965,0.17190751070754828
2020-12-13,82.28,73.04802,80.1495,-1.3095630530092102,76.67,0,-4.7241171133693936,2.6581575680447136,0.5326189274263755
2020-12-14,82.35,75.60984,79.80449999999999,-0.9293430604662918,82.28,0,-8.106659707017009,3.189669755464923,0.3802199925429184
2020-12-15,81.32,75.215775,79.783,-0.7326567975210287,82.35,0,-8.663297466748249,1.926475564969971,0.19668626294526304
2020-12-16,92.94,80.47334,80.88,0.14764678077564364,81.32,0,-1.0411425288885647,14.910979228486651,0.8803035782966724
2020-12-17,101.01,78.67861,82.473,1.1833922568273794,92.94,0,-15.344725892649993,22.47644683714671,1.0357454760517357
2020-12-18,109.34,78.402275,84.305,2.276165615902759,101.01,0,-22.381670047075325,29.695747583180115,1.0927733590753794
2020-12-19,119.85,76.68429,86.352,3.4813326273014837,109.34,0,-29.866208135264,38.792384658143405,1.205167011398725
2020-12-20,114.58,86.51905,87.6985,3.6787915600664745,119.85,0,-27.810554361164343,30.65217763131639,0.1974589327649907
2020-12-21,104.45,103.01082,88.667,2.915748911890274,114.58,0,-10.0970339662722,17.800309021394657,-0.7630426481762003
2020-12-22,114.32,96.22001,89.938,2.860390132061296,104.45,0,-7.879359645670029,27.1097867419778,-0.0553587798289783
2020-12-23,102.45,99.13457,90.61049999999999,1.857580470407786,114.32,0,-13.283268666250706,13.066366480705897,-1.0028096616535098
2020-12-24,111.13,97.02059,92.191,1.6207150805397559,102.45,0,-5.299568827877168,20.54322005401828,-0.23686538986803019
2020-12-25,127.78,85.085,94.423,2.3812784396801145,111.13,0,-23.43651661614986,35.327197822564415,0.7605633591403587
2020-12-26,129.61,125.44897,96.726,2.7759356342105637,127.78,0,-1.8242549851459793,33.99706387114117,0.3946571945304491
2020-12-27,127.88,114.33664,98.9515,2.687043549251241,129.61,0,-11.7840911933517,29.235029282022,-0.08889208495932266
2020-12-28,129.83,102.891205,101.60499999999999,2.528456700861998,127.88,0,-19.54081573820427,27.779144727129594,-0.15858684838924297
2020-12-29,128.8,89.02966,104.1745,2.13856040715962,129.83,0,-31.42597004857314,23.638702369581825,-0.3898962937023782
2020-12-30,130.05,82.93465,106.94200000000001,1.7647529040826413,128.8,0,-35.609746423567316,21.6079744160386,-0.3738075030769785
2020-12-31,124.21,124.7318,109.54249999999999,0.964135684968424,130.05,0,-4.089353122146538,13.389780222288158,-0.8006172191142173
2021-01-01,126.24,124.878174,112.021,0.43801963609789496,124.21,1,0.5379388359431658,12.693155747583038,-0.526116048870529
2021-01-02,136.96,114.77954,114.755,0.6651126386346409,126.24,1,-9.078310348839508,19.34991939349049,0.2270930025367459
2021-01-03,161.24,79.39997,118.69950000000001,2.2162494871885325,136.96,1,-42.02689032688319,35.83881987708456,1.5511368485538917
2021-01-04,155.34,67.65152,122.4005,2.584889835801185,161.24,0,-58.042967145007054,26.911246277588745,0.3686403486126526
2021-01-05,158.43,149.38821,125.675,2.760868861706758,155.34,0,-3.831457376510801,26.063258404615087,0.17597902590557268
2021-01-06,168.92,138.16055,129.0705,3.2728245253286232,158.43,0,-12.793944973480013,30.874212155372433,0.5119556636218654
2021-01-07,169.35,126.51628,132.071,3.3190611475450105,168.92,0,-25.102840914083767,28.226484239537825,0.046236622216387246
2021-01-08,172.19,104.773056,134.68800000000002,3.2172060550148647,169.35,0,-38.13223736033455,27.843608933238283,-0.1018550925301458
2021-01-09,177.26,96.582504,137.822,3.16285008389303,172.19,0,-43.90934184769096,28.61517029211591,-0.054355971121834656
2021-01-10,170.07,167.58438,141.103,2.3515017381596834,177.26,0,-5.4584333163061975,20.528975287555888,-0.8113483457333466
2021-01-11,138.87,156.6135,142.3305,-0.4294041980111949,170.07,-1,-7.912333231582948,-2.431313035505388,-2.7809059361708783
2021-01-12,133.42,152.99866,143.879,-2.6547274484621397,138.87,-1,10.174016869419237,-7.269302677944664,-2.225323250450945
2021-01-13,147.38,136.1673,145.69150000000002,-3.170415597416092,133.42,-1,2.0591345849807094,1.1589557386669616,-0.5156881489539522
2021-01-14,152.5,126.412224,146.9275,-3.1444264906776294,147.38,0,-14.227016002226915,3.7926868693743447,0.025989106738462553
2021-01-15,143.65,150.11322,147.62949999999998,-3.6646529455321097,152.5,-1,-1.5651014984631149,-2.695599456748125,-0.5202264548544804
2021-01-16,143.52,157.95828,148.41150000000002,-3.935123088206227,143.65,-1,9.96051686091411,-3.2959036193286955,-0.2704701426741174
2021-01-17,142.8,147.6252,149.06,-4.063555801320662,143.52,-1,2.860366753245403,-4.199651147189045,-0.12843271311443516
2021-01-18,151.96,122.68344,150.21800000000002,-3.456449366100358,142.8,0,-14.087226076954225,1.159647978271572,0.6071064352203042
2021-01-19,151.86,125.15007,151.3085,-3.003220384673625,151.96,0,-17.642754546966515,0.3644871239884106,0.45322898142673296
2021-01-20,149.69,146.42706,152.5825,-2.7954554396716276,151.86,-1,-3.5775958196488626,-1.8956957711402111,0.2077649450019976
2021-01-21,129.72,156.79031,152.75650000000002,-3.8820169865492744,149.69,-1,4.743345394283605,-15.080536671107295,-1.0865615468776468
2021-01-22,137.66,156.35881,152.79149999999998,-3.9328790524061787,129.72,-1,20.53562320752751,-9.903365043212474,-0.05086206585690434
2021-01-23,137.67,157.27457,151.613,-3.8290287220287835,137.66,0,14.248559240440672,-9.196440938441961,0.10385033037739522
2021-01-24,141.01,158.39786,150.8965,-3.412411713388601,137.67,0,15.056190648663936,-6.5518418253571244,0.41661700864018236
2021-01-25,137.07,140.19427,149.8285,-3.2784133781685627,141.01,-1,-0.578487410578144,-8.515402610317796,0.13399833522003846
2021-01-26,134.67,141.7117,148.11599999999999,-3.2228279968457487,137.07,-1,3.386372247357651,-9.078019930324881,0.05558538132281399
2021-01-27,122.44,148.3945,145.7705,-3.839286371865567,134.67,-1,10.191208682276594,-16.004952991174484,-0.6164583750198185
2021-01-28,133.27,154.55319,143.8245,-3.3642671491575347,122.44,0,26.22769694435795,-7.338457634130478,0.47501922270803254
2021-01-29,134.65,149.83267,141.69400000000002,-2.8254412839377387,133.27,0,12.427907345344499,-4.971276130252524,0.5388258652197959
2021-01-30,133.36,152.2788,139.8585,-2.4388222037330394,134.65,0,13.092308455225348,-4.646481980001201,0.3866190802046994
2021-01-31,129.36,155.72086,139.38299999999998,-2.3352578985030163,133.36,0,16.767288327002554,-7.190977378876886,0.10356430523002302
2021-02-01,132.0,166.42795,139.31199999999998,-1.9854640416828488,129.36,0,28.654876312652178,-5.248650511083025,0.3497938568201675
2021-02-02,141.98,168.40012,139.04199999999997,-1.026728117575808,132.0,0,27.57584542939157,2.113030595072005,0.9587359241070408
2021-02-03,155.93,170.26239,139.2135,0.5191186221825028,141.98,1,19.91998178385601,12.00781533400137,1.5458467397583109
2021-02-04,145.07,157.90927,139.2845,0.7674197908125956,155.93,1,1.2693331881192638,4.1537285196845195,0.24830116863009277
2021-02-05,155.05,162.2893,139.86100000000002,1.5176391845604709,145.07,1,11.869653712431935,10.860068210580497,0.7502193937478753
2021-02-06,155.57,169.0215,140.4995,1.935949351337676,155.05,1,9.010963968906191,10.726372691717751,0.4183101667772051
2021-02-07,150.76,178.85048,140.4395,1.7797361663105844,155.57,1,14.96463272223216,7.348715995143802,-0.15621318502709158
2021-02-08,167.28,179.57288,141.2105,2.6287862185327637,150.76,1,19.111751112073833,18.461445855655214,0.8490500522221793
2021-02-09,181.49,168.97498,142.8005,3.90999684699178,167.28,1,1.0132565673944876,27.093392530138203,1.2812106284590161
2021-02-10,181.56,169.98863,145.39249999999998,4.483620733943296,181.49,0,-6.337190918426123,24.87576731949724,0.5736238869515158
2021-02-11,183.62,148.6402,147.69050000000001,4.700450719929812,181.56,0,-18.131638161540952,24.32756338423933,0.21682998598651615
2021-02-12,196.69,147.94873,150.6415,5.374201815516329,183.62,0,-19.4266798449243,30.568269699916684,0.6737510955865176
2021-02-13,225.76,147.7201,154.879,7.3078567928715294,196.69,0,-24.896998945834813,45.765403960511115,1.9336549773552
2021-02-14,213.49,217.4441,158.7,7.274951419718089,225.76,0,-3.6835103403330653,34.52425960932579,-0.03290537315344011
2021-02-15,207.83,206.04807,162.358,6.416422743483004,213.49,0,-3.4858470253656537,28.007243252565324,-0.8585286762350854
2021-02-16,210.26,148.99258,166.749,5.587075442661016,207.83,0,-28.310357393775863,26.09370970740454,-0.829347300821988
2021-02-17,237.49,131.72716,171.96,6.389438206146313,210.26,0,-37.350348334075214,38.10769946499185,0.8023627634852968
2021-02-18,226.59,120.9257,176.557,5.72453370106912,237.49,0,-49.08177298974266,28.33815708241532,-0.6649045050771925
2021-02-19,236.5,199.73792,181.714,5.489828104393119,226.59,0,-11.850516333879476,30.149575706880043,-0.234705596676001
2021-02-20,226.65,206.5117,186.57850000000002,4.263517038610502,236.5,0,-12.680040807098969,21.477019056322128,-1.2263110657826175
2021-02-21,227.13,197.33963,191.335,3.129491177318073,226.65,0,-12.931996414315853,18.708025191418187,-1.1340258612924288
2021-02-22,208.32,190.76108,194.652,0.8745799254096482,227.13,0,-16.012381508008904,7.0217619135688345,-2.2549112519084247
2021-02-23,177.34,177.83276,195.7225,-2.7433287135094595,208.32,-1,-14.634810065344178,-9.392124053187544,-3.6179086389191077
2021-02-24,181.43,181.51218,197.5405,-4.781542888654819,177.34,-1,2.3526426715190434,-8.155542787428402,-2.0382141751453595
2021-02-25,179.36,180.6379,198.756,-6.105007328290771,181.43,-1,-0.43659059871145584,-9.75869910845458,-1.323464439635952
2021-02-26,170.25,191.32877,199.48999999999998,-7.346464094524997,179.36,0,6.67304073881613,-14.657376309589445,-1.2414567662342257
2021-02-27,171.76,198.05457,200.54000000000002,-7.776953157275665,170.25,0,16.331609650330396,-14.351251620624328,-0.43048906275066834
2021-02-28,165.22,190.84247,200.43699999999998,-8.172583370890148,171.76,0,11.10996056224893,-17.570109311155118,-0.39563021361448314
2021-03-01,175.89,167.07965,200.157,-7.408696178700685,165.22,0,1.1255603915423382,-12.123982673601235,0.763887192189463
2021-03-02,179.08,172.78955,200.03300000000002,-6.418560377156398,175.89,-1,-1.7627205746489207,-10.474771662675659,0.9901358015442874
2021-03-03,187.64,176.69513,200.23399999999998,-4.981190833129599,179.08,-1,-1.3317347584703831,-6.289641119889727,1.437369544026799
2021-03-04,180.67,181.64896,199.43300000000002,-4.318588307898879,187.64,-1,-3.1928393205989454,-9.40817216809657,0.6626025252307199
2021-03-05,180.23,183.12021,197.1565,-3.74975717854585,180.67,0,1.3561790780065244,-8.58531166864902,0.568831129353029
2021-03-06,182.85,184.14471,195.6245,-3.0656907048348567,180.23,0,2.1720658910662825,-6.530112537028857,0.6840664737109932
2021-03-07,190.75,165.2706,194.7705,-2.0013122504790144,182.85,-1,-9.61411027332,-2.0642243050153892,1.0643784543558423
2021-03-08,191.85,173.62408,193.85,-1.1837568104191725,190.75,-1,-8.978199490088466,-1.0317255610007738,0.8175554400598419
2021-03-09,203.81,185.55663,192.166,0.13199498920225494,191.85,-1,-3.280362071300004,6.059344525046058,1.3157517996214274
2021-03-10,200.29,162.19312,190.851,0.7028344526389105,203.81,0,-20.41945182553604,4.9457430141838366,0.5708394634366556
2021-03-11,201.36,204.40323,189.094,1.068174122200935,200.29,1,2.0536366068029523,6.486720890139306,0.36533966956202457
2021-03-12,220.84,208.6977,188.8035,2.4580073989706124,201.36,1,3.644066781433123,16.968170611243956,1.3898332767696773
2021-03-13,226.06,211.50044,188.75,3.5014738819338422,220.84,1,-4.229105911572718,19.766887417218545,1.0434664829632299
2021-03-14,213.94,208.61963,189.031,3.1585652736449745,226.06,0,-7.714930148522517,13.177203739069249,-0.3429086082888677
2021-03-15,200.59,202.06448,190.1935,1.87898471691779,213.94,0,-5.55086302581185,5.466275135585603,-1.2795805567271845
2021-03-16,201.6,215.02663,191.202,0.9915331226230624,200.59,1,7.197081901846582,5.438227633602157,-0.8874515942947276
2021-03-17,205.98,212.07416,192.533,0.6091876667103246,201.6,1,5.195514739505831,6.9842572442126825,-0.3823454559127377
2021-03-18,199.7,201.6351,194.0055,-0.11820862481648842,205.98,1,-2.1093789113703343,2.935226063178609,-0.7273962915268131
2021-03-19,199.96,204.77858,195.4155,-0.6061078370588007,199.7,0,2.5431045127261265,2.3255575939472557,-0.48789921224231225
2021-03-20,200.17,213.69489,197.163,-0.9201278777413116,199.96,0,6.868816390231166,1.5251340261610833,-0.3140200406825109
2021-03-21,195.31,215.75362,198.134,-1.4301607708628499,200.17,0,7.785190754362705,-1.4252980306257301,-0.5100328931215383
2021-03-22,185.67,228.21172,198.4635,-2.3381027628061997,195.31,0,16.84589406494403,-6.4462734961340615,-0.9079419919433498
2021-03-23,185.83,213.7751,198.373,-2.817108535031012,185.67,0,15.137125388058289,-6.322937093253607,-0.47900577222481244
2021-03-24,176.05,212.76944,198.142,-3.6300819386659793,185.83,0,14.496819510986175,-11.149579594432268,-0.8129734036349672
2021-03-25,171.53,209.92827,197.707,-4.265807771738023,176.05,0,19.243549237499106,-13.240300039958116,-0.6357258330720441
2021-03-26,183.45,179.48032,197.737,-3.698227430822134,171.53,0,4.63494208716223,-7.22525374613755,0.5675803409158893
2021-03-27,184.06,185.52263,197.40249999999997,-3.1195403607064276,183.45,0,1.1298058240281814,-6.759032940312293,0.5786870701157065
2021-03-28,184.24,187.35999,197.022,-2.5845590722932488,184.06,0,1.7928856631329444,-6.487600369501874,0.5349812884131788
2021-03-29,193.73,184.99408,196.518,-1.504983141212099,184.24,0,0.40929200490867396,-1.4186995593279044,1.0795759310811497
2021-03-30,195.74,181.9766,196.2905,-0.6145849572305152,193.73,-1,-6.066900832303652,-0.28045167748821237,0.8903981839815839
2021-03-31,196.7,190.27905,196.0575,0.04495635216018523,195.74,-1,-2.7898984702283687,0.3277099830406815,0.6595413093907004
2021-04-01,202.86,203.58803,195.1585,0.8569761869511586,196.7,-1,3.501793570971822,3.946279562509453,0.8120198347909734
2021-04-02,211.46,212.22485,194.42849999999999,1.8757610635607767,202.86,1,4.616412065279003,8.7597754444436,1.018784876609618
2021-04-03,195.23,220.8338,193.493,1.3818680444998248,211.46,1,4.432895710551046,0.8977068937894368,-0.49389301906095184
2021-04-04,202.21,213.02716,193.574,1.443806934463407,195.23,1,9.115996847068207,4.461342948949753,0.06193888996358221
2021-04-05,221.48,204.67827,194.56799999999998,2.6319119180522965,202.21,1,1.2206460771560157,13.831668105752234,1.1881049835888895
2021-04-06,237.04,211.8971,196.121,4.220831372766828,221.48,0,-4.326758747262728,20.86416039077915,1.588919454714531
2021-04-07,219.05,225.84001,197.0885,3.826977039967587,237.04,0,-4.724936045950179,11.142963693975041,-0.39385433279924076
2021-04-08,226.11,221.06429,198.39600000000002,3.8009150286456013,219.05,1,0.91955502320032,13.969031633702292,-0.0260620113219856
2021-04-09,221.12,219.92433,199.4435,3.229078429603928,226.11,1,-2.7356898566896426,10.868491577815274,-0.5718365990416734
2021-04-10,256.34,225.02208,202.49499999999998,4.903886051019137,221.12,1,1.7646886160335713,26.590780019259736,1.6748076214152094
2021-04-11,252.31,232.26794,205.827,5.38303030897467,256.34,0,-9.390674753866927,22.583528885909043,0.4791442579555323
2021-04-12,244.42,232.47836,208.75650000000002,4.829033203526524,252.31,0,-7.860028125278676,17.083779427227398,-0.5539971054481452
2021-04-13,267.59,237.61469,213.33350000000002,5.62769484516847,244.42,0,-2.7842709031201363,25.432714505691774,0.7986616416419459
2021-04-14,278.86,218.96866,218.7,6.460052766803216,267.59,0,-18.17008914859836,27.5080018289895,0.8323579216347454
2021-04-15,285.63,270.27185,223.80900000000003,6.967994032104318,278.86,0,-3.0797351409533507,27.622213583904117,0.5079412653011026
2021-04-16,308.43,258.36975,230.02749999999997,8.25308578486802,285.63,0,-9.543902609472918,34.083968221190965,1.2850917527637016
2021-04-17,300.86,243.97299,235.8585,8.000960871999304,308.43,0,-20.898423647712814,27.559532516318058,-0.25212491286871597
2021-04-18,273.36,241.10864,239.84,5.508433290355839,300.86,0,-19.860186605688696,13.97598398932622,-2.492527581643465
2021-04-19,261.38,235.51675,243.12199999999999,2.720222443012947,273.36,0,-13.843739336263312,7.509809889685018,-2.788210847342892
2021-04-20,260.68,267.8399,246.321,0.6065089836553206,261.38,1,2.471461008935747,5.829385233090158,-2.1137134593576263
2021-04-21,257.69,273.58676,249.0625,-1.1211630346139358,260.68,1,4.951189763161488,3.463989962358845,-1.7276720182692564
2021-04-22,252.5,257.95566,251.1145,-2.654147837489216,257.69,1,0.10309207147517455,0.5517403415573403,-1.53298480287528
2021-04-23,241.31,250.34103,253.4185,-4.361601512075151,252.5,-1,-0.8550360651299506,-4.778064742708206,-1.7074536745859348
2021-04-24,224.75,242.85161,254.5455,-6.421661234963889,241.31,-1,0.6388497270594609,-11.70537290975484,-2.060059722888738
2021-04-25,223.88,244.27902,254.6655,-7.5788004528312705,224.75,-1,8.689220118708286,-12.088602500142349,-1.1571392178673818
2021-04-26,247.42,255.36192,255.1845,-6.534284647690878,223.88,0,14.061963202507343,-3.042700477497664,1.0445158051403922
2021-04-27,259.77,252.69142,257.2205,-4.86379607341863,247.42,0,2.1305559408249435,0.991172943058569,1.6704885742722482
2021-04-28,258.51,239.16187,258.8405,-3.746002495439443,259.77,-1,-7.933223530671357,-0.12768480975737145,1.117793577979187
2021-04-29,255.31,234.15515,260.55,-3.1484923904601274,258.51,-1,-9.42124042892441,-2.0111303012857453,0.5975101049793157
2021-04-30,271.13,259.552,261.2895,-1.6874203369885272,255.31,-1,1.661510302426461,3.766129140283104,1.4610720534716002
2021-05-01,276.78,265.96176,262.513,-0.40685586427474973,271.13,0,-1.9061846809245089,5.434778468113959,1.2805644727137775
2021-05-02,268.88,259.8047,263.736,-0.1703613897752838,276.78,0,-6.133142748753513,1.9504352837686194,0.23649447449946592
2021-05-03,294.87,232.0768,265.09999999999997,1.5625017205471945,268.88,0,-13.68759391351102,11.229724632214275,1.7328631103224783
2021-05-04,305.23,210.33524,266.4185,3.141388811709218,294.87,0,-28.66848591050187,14.567869723761683,1.5788870911620236
2021-05-05,356.04,300.11185,269.93899999999996,7.115263487651804,305.23,0,-1.6768184897198484,31.89646549776063,3.973874675942586
2021-05-06,354.67,306.51163,272.25100000000003,9.035730083321539,356.04,0,-13.910901247818893,30.27316704070875,1.920466595669735
2021-05-07,344.89,275.913,274.4525,9.011185433729178,354.67,0,-22.205713935555412,25.66473251291207,-0.024544649592360912
2021-05-08,347.1,278.0054,278.1395,8.513467562620697,344.89,0,-19.393023395480256,24.793493912227508,-0.4977178711084811
2021-05-09,387.8,258.7151,284.4605,10.182203042067115,347.1,0,-25.463817951418903,36.328242409754594,1.6687354794464184
2021-05-10,358.89,379.4563,289.371,8.655796760449732,387.8,0,-2.1515474914582287,24.024176576090905,-1.5264062816173833
2021-05-11,377.6,340.84564,295.3665,8.226023102021507,358.89,0,-5.027824099349727,27.8411735928076,-0.4297736584282248
2021-05-12,310.4,340.6454,298.2615,3.0048027026674546,377.6,0,-9.786709284378317,4.069750872975548,-5.221220399354053
2021-05-13,317.95,262.175,302.0935,-0.18237686995635727,310.4,0,-15.536408571852844,5.2488716241825735,-3.187179572623812
2021-05-14,326.23,253.43611,307.16749999999996,-1.8805792701787354,317.95,0,-20.290576678661637,6.205897433810562,-1.6982024002223781
2021-05-15,300.3,330.76917,310.9885,-4.735413107698761,326.23,0,1.3914002510690253,-3.436943809819327,-2.854833837520026
2021-05-16,295.89,333.44693,313.412,-6.781396925586105,300.3,0,11.03793870517503,-5.590724030987962,-2.0459838178873433
2021-05-17,281.53,334.91553,314.5,-8.832684948291735,295.89,0,13.189201170620843,-10.48330683624802,-2.0512880227056307
2021-05-18,293.98,304.69257,316.27349999999996,-9.048682593457812,281.53,0,8.22738817105416,-7.048804278575329,-0.21599764516607678
2021-05-19,185.93,248.74725,312.8045,-15.772437544024092,293.98,-1,-15.386334642503321,-40.560318026115354,-6.7237549505662795
2021-05-20,210.74,196.38155,309.78499999999997,-17.707894962004666,185.93,-1,5.621226278980156,-31.972174249882972,-1.9354574179805741
2021-05-21,179.97,201.08838,304.9445,-20.047306255685175,210.74,-1,-4.579871450009494,-40.98270340996476,-2.3394112936805094
2021-05-22,169.32,195.39621,299.9665,-21.187568944937574,179.97,0,8.571545100181629,-43.55369682947929,-1.140262689252399
2021-05-23,142.39,182.0292,292.34250000000003,-22.507114877459554,169.32,0,7.506027239703303,-51.29343150585359,-1.3195459325219794
2021-05-24,185.32,181.06609,286.347,-19.360259033511223,142.39,0,27.16208007263832,-35.28131951792754,3.1468558439483303
2021-05-25,183.76,198.1022,277.733,-16.374034384657964,185.32,0,6.897368535042431,-33.835734320372445,2.986224648853259
2021-05-26,198.91,183.2418,269.945,-12.541320188659668,183.76,-1,-0.28199497699529463,-26.31461964474245,3.832714195998296
2021-05-27,194.32,180.6502,262.4165,-9.610136433355237,198.91,-1,-9.179926841520661,-25.949778310433985,2.9311837553044313
2021-05-28,177.33,175.24516,253.92800000000003,-8.167107575211922,194.32,-1,-9.816198557087693,-30.165243691125042,1.4430288581433146
2021-05-29,164.01,157.96913,242.7385,-7.479646017083194,177.33,-1,-10.91798823113599,-32.433462347340864,0.687461558128728
2021-05-30,170.51,175.62022,233.31949999999998,-6.019883552570178,164.01,0,7.0789732327440085,-26.919953111505894,1.459762464513016
2021-05-31,187.97,166.53244,223.83800000000002,-3.4394188746680783,170.51,-1,-2.3327428388089357,-16.02408884997186,2.5804646779021
2021-06-01,182.99,188.9537,217.46749999999997,-1.7160212281850207,187.97,-1,0.5233307623473832,-15.854093140354292,1.7233976464830576
2021-06-02,187.14,181.0299,210.927,-0.03359351510626141,182.99,-1,-1.0711474798827854,-11.2773613619878,1.6824277130787593
2021-06-03,193.5,186.6564,204.2905,1.6760730000878183,187.14,0,-0.25841477616189024,-5.2819391993264535,1.7096665151940798
2021-06-04,178.44,189.33064,198.1975,1.9423942565518182,193.5,0,-2.1547066148861433,-9.968591934812494,0.26632125646399984
2021-06-05,172.94,182.00377,192.04999999999998,1.895763423429468,178.44,0,1.9971805205662632,-9.950533715178333,-0.04663083312235017
2021-06-06,176.41,175.94426,186.794,2.2235483648989067,172.94,0,1.737168754223829,-5.559065066329761,0.3277849414694387
2021-06-07,161.95,157.48244,180.1925,1.6195082032208603,176.41,0,-10.729302684774636,-10.123895278660326,-0.6040401616780464
2021-06-08,160.63,165.82086,178.9275,1.2979558185224391,161.95,0,2.390158577589541,-10.226208939374894,-0.3215523846984212
2021-06-09,172.56,143.0285,177.0185,2.0129433488073616,160.63,0,-10.957789069309124,-2.518663303553011,0.7149875302849225
2021-06-10,168.16,142.1982,176.428,2.2934028336793233,172.56,0,-17.59492558464719,-4.686330967873581,0.2804594848719617
2021-06-11,162.83,153.76602,176.1035,2.222228851943214,168.16,0,-8.559692121482144,-7.5373289003341695,-0.07117398173610923
2021-06-12,161.8,153.71553,177.074,2.203739928693153,162.83,0,-5.597537065953571,-8.625772275997605,-0.018488923250060907
2021-06-13,170.85,161.95084,176.35049999999998,2.8575014815450253,161.8,0,0.09322384526613944,-3.11907252885588,0.6537615528518721
2021-06-14,179.89,165.08711,176.157,3.891194347743678,170.85,0,-3.3730685239930827,2.119132364879043,1.0336928661986526
2021-06-15,175.15,167.16617,174.969,4.220556686079171,179.89,0,-7.07311789822078,0.1034468963073525,0.32936233833549267
2021-06-16,166.57,158.35007,173.5815,3.836513245200635,175.15,0,-9.59174014349308,-4.039312945215943,-0.3840434408785356
2021-06-17,167.08,160.10681,173.06900000000002,3.596811449019892,166.57,0,-3.8801635808143686,-3.460469523715977,-0.23970179618074283
2021-06-18,156.34,167.04156,172.6855,2.733999184816412,167.08,0,-0.023003985272781004,-9.465473360531131,-0.8628122642034803
2021-06-19,152.49,159.3271,171.7845,1.9593357620616203,156.34,0,1.9106451715062103,-11.231804964941539,-0.7746634227547915
2021-06-20,154.88,163.83334,170.13,1.6742879617790152,152.49,0,7.438745823240452,-8.963733615470524,-0.2850478002826051
2021-06-21,124.46,158.5101,167.20350000000002,-0.38660916585495286,154.88,0,2.343815417329145,-25.563759131836367,-2.060897127633968
2021-06-22,119.64,177.56061,163.8285,-1.8179252608283747,124.46,0,42.66479825659349,-26.9724132248052,-1.4313160949734218
2021-06-23,129.1,179.07387,160.6085,-1.8641405479912798,119.64,0,49.677254929665295,-19.618202025422065,-0.04621528716290513
2021-06-24,134.58,110.95642,158.4155,-1.2895243495687119,129.1,-1,-14.053895508568933,-15.046191818351105,0.574616198422568
2021-06-25,125.0,115.19242,156.01850000000002,-1.3140602643726993,134.58,-1,-14.40598828988509,-19.881296128343763,-0.024535914803987424
2021-06-26,126.89,108.598854,153.5425,-0.9778632899058728,125.0,-1,-13.120916748046877,-17.358386114593674,0.3361969744668265
2021-06-27,132.6,110.7769,152.075,-0.18717770591964822,126.89,-1,-12.698478016299797,-12.806181160611537,0.7906855839862246
2021-06-28,137.69,130.03194,150.928,0.8077831530342827,132.6,0,-1.9366993623621283,-8.77106964910421,0.9949608589539309
2021-06-29,144.2,132.5786,149.51,1.9674022859645959,137.69,0,-3.7122535968763604,-3.5516018995384946,1.1596191329303132
2021-06-30,144.26,132.79633,148.315,2.7533288445362594,144.2,0,-7.908234616093092,-2.734045780939222,0.7859265585716635
2021-07-01,137.02,132.79504,147.02450000000002,2.7916882289989573,144.26,0,-7.9474255196780055,-6.804648204891025,0.03835938446269793
2021-07-02,136.85,133.64944,145.777,2.804304190210127,137.02,0,-2.4599003210639943,-6.123736940669648,0.01261596121116959
2021-07-03,140.17,138.74933,144.243,3.016455393148405,136.85,0,1.3878908390802014,-2.8237072162947303,0.21215120293827816
2021-07-04,144.95,139.83795,142.496,3.428848780506554,140.17,0,-0.2368897337830759,1.7221536043116852,0.4123933873581489
2021-07-05,137.71,125.44139,140.624,3.1702283878663238,144.95,0,-13.458854093679925,-2.0721925133689747,-0.2586203926402302
2021-07-06,138.87,129.32047,139.23899999999998,3.033429650253579,137.71,0,-6.092175522554196,-0.26501195785661447,-0.13679873761274486
2021-07-07,137.41,129.21033,137.7555,2.8060415028343506,138.87,0,-6.955910456947148,-0.25080668285477925,-0.2273881474192283
2021-07-08,132.15,132.6713,136.546,2.284891072089822,137.41,0,-3.4485880459823677,-3.219427885108306,-0.5211504307445285
2021-07-09,134.58,122.2971,135.65050000000002,2.0924858058366347,132.15,0,-7.45584846580295,-0.7891603790623768,-0.19240526625318743
2021-07-10,133.99,118.58657,134.606,1.9187192986788357,134.58,0,-11.88395694772917,-0.4576319034812605,-0.17376650715779896
2021-07-11,134.28,104.789536,135.097,1.8175307268308867,133.99,0,-21.79301774575645,-0.604750660636437,-0.10118857184794905
2021-07-12,133.38,110.14867,135.78400000000002,1.687051530791182,134.28,0,-17.97090677551688,-1.7704589642373358,-0.1304791960397047
2021-07-13,131.44,117.80212,135.901,1.474837971960337,133.38,0,-11.67932494073851,-3.282536552343259,-0.21221355883084492
2021-07-14,131.07,132.71503,135.72549999999998,1.319351761536538,131.44,0,0.9700447774412297,-3.430084987714166,-0.15548621042379906
2021-07-15,125.86,135.37428,135.7685,0.8956874357626354,131.07,0,3.2839573029023192,-7.298084607254253,-0.42366432577390256
2021-07-16,120.65,137.4032,135.4565,0.3241019939448826,125.86,0,9.171458956131813,-10.930815427831075,-0.5715854418177528
2021-07-17,119.95,138.56384,134.824,-0.02315511452629515,120.65,0,14.847776853242845,-11.032160446211362,-0.34725710847117774
2021-07-18,119.17,141.73933,133.898,-0.2166564160922615,119.95,0,18.16534731675307,-10.999417467027136,-0.19350130156596634
2021-07-19,113.13,119.171555,132.3445,-0.6388300065447066,119.17,0,0.0013044939411645505,-14.518548182961903,-0.42217359045244507
2021-07-20,107.29,115.17448,130.496,-1.1679803647620108,113.13,0,1.807192277499479,-17.782920549288868,-0.5291503582173043
2021-07-21,117.74,113.80304,129.53199999999998,-0.6941909452735402,107.29,0,6.070500093933492,-9.103541981904078,0.47378941948847064
2021-07-22,120.67,119.753456,128.723,-0.09494175788502623,117.74,0,1.7100867298476825,-6.256069233936445,0.599249187388514
2021-07-23,124.24,120.71627,127.9265,0.5925892451626265,120.67,0,0.03834461488136409,-2.8817328700464793,0.6875310030476527
2021-07-24,125.99,113.8199,126.97850000000001,1.1819132897852214,124.24,0,-8.38707299364511,-0.7784782463173026,0.5893240446225949
2021-07-25,127.68,132.53842,126.477,1.6722668959280842,125.99,1,5.197572530247941,0.9511610806707963,0.49035360614286283
2021-07-26,131.06,133.1178,126.08650000000003,2.1789230196341194,127.68,1,4.258926888755085,3.9445142818620327,0.5066561237060352
2021-07-27,134.74,141.76077,125.953,2.683416587135042,131.06,1,8.164789184402657,6.976411836161113,0.5044935675009228
2021-07-28,140.42,146.26883,126.3665,3.281627598291675,134.74,1,8.556352490502535,11.121222792433109,0.598211011156633
2021-07-29,141.44,143.65237,126.7095,3.6023498713296114,140.42,1,2.3019329636648185,11.625410880794252,0.3207222730379362
2021-07-30,145.51,140.47,127.2855,3.918768178250528,141.44,0,-0.685802304367133,14.317813105184795,0.31641830692091677
2021-07-31,144.37,142.8066,127.78999999999999,3.8744799782321686,145.51,0,-1.8578827237764957,12.974411143281959,-0.044288200018359536
2021-08-01,140.31,141.19089,128.1365,3.411251286393584,144.37,0,-2.202058979585876,9.500415572455926,-0.4632286918385846
2021-08-02,141.35,152.63408,128.632,3.0274171777466488,140.31,1,8.783464456911256,9.887119845761545,-0.38383410864693523
2021-08-03,138.49,144.9612,129.003,2.457678288926143,141.35,1,2.5547908733031965,7.354092540483573,-0.5697388888205057
2021-08-04,142.57,140.27264,129.8385,2.23857758040468,138.49,1,1.2872005509197348,9.805643164392674,-0.2191007085214629
2021-08-05,143.53,139.71838,130.9825,2.046522429257186,142.57,0,-2.000151652477726,9.579523982211375,-0.19205515114749394
2021-08-06,147.95,142.62042,132.3825,2.0976314361153348,143.53,0,-0.6337195267322171,11.759484826166599,0.051109006858148565
2021-08-07,155.92,133.33067,134.22,2.5202435879482885,147.95,0,-9.881261765614433,16.167486216659206,0.42261215183295375
2021-08-08,149.69,160.33763,136.048,2.2415977153663693,155.92,1,2.8332678460658993,10.027343290603314,-0.2786458725819192
2021-08-09,166.31,151.12521,138.999,2.9911485393996387,149.69,1,0.9587905825685599,19.648342793833056,0.7495508240332693
2021-08-10,165.38,148.82884,141.381,3.2190430080529095,166.31,1,-10.511188645850558,16.974699570663667,0.2278944686532709
2021-08-11,170.6,145.07445,143.8775,3.4931685570102573,165.38,0,-12.278118495685124,18.573091692585706,0.27412554895734775
2021-08-12,165.38,144.33655,145.93449999999999,3.107682689216796,170.6,0,-15.394755069424088,13.324813529357357,-0.38548586779346117
2021-08-13,183.31,165.02786,148.8005,3.7992688502862126,165.38,0,-0.21292626144145027,23.191790350166837,0.6915861610694165
2021-08-14,182.76,158.34897,151.55450000000002,3.9416790737656147,183.31,0,-13.616841140221824,20.59028270358186,0.14241022347940202
2021-08-15,184.6,152.59981,154.23149999999998,3.8759514122284386,182.76,0,-16.502622160616205,19.69020595663014,-0.06572766153717602
2021-08-16,177.93,157.57283,156.391,3.131290112910193,184.6,0,-14.64093705298195,13.772531667423326,-0.7446612993182455
2021-08-17,168.61,150.20972,157.8005,1.8238690856868054,177.93,0,-15.579319509427869,6.850105037690003,-1.3074210272233877
2021-08-18,166.65,167.56882,159.06099999999998,0.6977993732589631,168.61,0,-0.617509555381139,4.771125543030679,-1.1260697124278423
2021-08-19,175.59,164.71025,160.565,0.4384496963441542,166.65,0,-1.1639658838930802,9.357581041945632,-0.2593496769148089
2021-08-20,183.59,163.21872,162.526,0.6749509656145651,175.59,0,-7.045549585727051,12.960387876401308,0.23650126927041093
2021-08-21,179.63,161.8831,164.492,0.44504660535138285,183.59,0,-11.82357295223477,9.202879167375924,-0.22990436026318228
2021-08-22,185.91,161.43562,166.71999999999997,0.5873387249946198,179.63,0,-10.128807454798578,11.510316698656448,0.14229211964323696
2021-08-23,187.01,198.25677,169.14600000000002,0.6235430372247013,185.91,1,6.641264537864426,10.561290246296085,0.03620431223008147
2021-08-24,173.42,188.29242,170.6885,-0.34754698503438064,187.01,1,0.6857491222895884,1.6002835574745706,-0.9710900222590819
2021-08-25,177.75,176.94685,172.39950000000002,-0.7546787725072228,173.42,1,2.0337063993168756,3.103547284069839,-0.4071317874728422
2021-08-26,167.7,176.7076,173.387,-1.702967883169574,177.75,-1,-0.5864439801995429,-3.2799460167140624,-0.9482891106623512
2021-08-27,176.2,180.70023,174.401,-1.7530339657948133,167.7,-1,7.752072647631566,1.0315307825069686,-0.05006608262523926
2021-08-28,175.6,171.71819,175.6965,-1.8142319308670611,176.2,-1,-2.5435951051051653,-0.05492425859364975,-0.06119796507224784
2021-08-29,174.3,166.41945,176.09599999999998,-1.919736408863237,175.6,-1,-5.228104298098481,-1.0198982373250751,-0.1055044779961758
2021-08-30,167.3,176.10347,176.192,-2.406865847888099,174.3,0,1.034692971103156,-5.0467671630948026,-0.48712943902486217
2021-08-31,171.5,176.3858,176.237,-2.38741072016062,167.3,0,5.430844723643896,-2.6878578278114102,0.019455127727479038
2021-09-01,180.9,171.4871,177.013,-1.7141648263036506,171.5,0,-0.007518178867529155,2.195883918130307,0.6732458938569694
2021-09-02,183.3,183.17535,177.0125,-1.1092449268553253,180.9,0,1.2577965748514341,3.5520090389096945,0.6049198994483254
2021-09-03,212.9,190.97144,178.5195,1.1595073116862746,183.3,1,4.185180331082917,19.258680424267386,2.2687522385416
2021-09-04,211.9,193.94836,179.8845,2.3967224207748847,212.9,1,-8.901660752554017,17.797809149759985,1.23721510908861
2021-09-05,232.2,185.92352,182.598,4.276386805010194,211.9,1,-12.258837683237967,27.164591068905448,1.8796643842353093
2021-09-06,219.4,175.39278,185.1375,4.338079412659546,232.2,0,-24.46478187370464,18.50651542772265,0.06169260764935203
2021-09-07,178.5,217.6264,185.73,1.4539047885146434,219.4,0,-0.8083847727466981,-3.892747536746885,-2.8841746241449027
2021-09-08,179.7,207.14026,185.9355,-0.4420792423005473,178.5,0,16.044962907037817,-3.3535822906330433,-1.8959840308151907
2021-09-09,180.5,193.80269,185.781,-1.643813415299869,179.7,0,7.847906843980426,-2.8425942373009114,-1.2017341729993216
2021-09-10,174.1,178.57733,185.5045,-2.8031489323592567,180.5,-1,-1.0651902809037395,-6.147829297941566,-1.1593355170593878
2021-09-11,178.6,182.9283,185.139,-3.1731340307104867,174.1,-1,5.070820764040964,-3.5319408660520017,-0.36998509835123006
2021-09-12,183.0,177.10005,184.9385,-3.0281239007140144,178.6,-1,-0.8398365734138756,-1.0481862889555202,0.14501012999647234
2021-09-13,179.4,175.67792,185.2375,-3.0715660129821867,183.0,-1,-4.001137988814891,-3.151359740873206,-0.043442112268172295
2021-09-14,183.1,186.12914,185.505,-2.7579793663389287,179.4,0,3.7509114447245993,-1.296461011832566,0.31358664664325797
2021-09-15,189.0,187.0205,186.57,-2.090367887344291,183.1,0,2.1411756164450813,1.3024602026049241,0.6676114789946377
2021-09-16,185.2,183.18153,187.01999999999998,-1.85012476671523,189.0,-1,-3.0785535378430886,-0.9731579510212776,0.24024312062906095
2021-09-17,180.0,185.23604,187.23999999999998,-1.9754697157346568,185.2,-1,0.019459075598177035,-3.8666951506088343,-0.12534494901942672
2021-09-18,181.4,186.73357,187.595,-1.8976883185664146,180.0,-1,3.7408701578776045,-3.302326821077317,0.07778139716824217
2021-09-19,175.6,183.94911,188.01,-2.151830656132522,181.4,0,1.4052436265030632,-6.600712728046379,-0.2541423375661074
2021-09-20,157.2,184.19522,187.29500000000002,-3.3998919056799233,175.6,0,4.8947727490123185,-16.068234603166143,-1.2480612495474013
2021-09-21,148.5,194.03297,185.675,-4.578716460411568,157.2,0,23.430645192852467,-20.0215430187155,-1.1788245547316452
2021-09-22,161.4,152.18939,184.58,-4.263451505642193,148.5,0,2.484439117739899,-12.558240329396469,0.31526495476937555
2021-09-23,163.9,147.15956,182.13,-3.6822333368358144,161.4,-1,-8.823072393292096,-10.009333992203366,0.5812181688063784
2021-09-24,152.1,138.36687,179.14000000000001,-3.8689893006460294,163.9,-1,-15.578482571427893,-15.09433962264152,-0.18675596381021498
2021-09-25,151.0,140.35199,175.08,-3.8356393043452455,152.1,-1,-7.723872619267748,-13.753712588530965,0.033349996300783946
2021-09-26,150.7,144.61722,171.645,-3.606283089423501,151.0,-1,-4.227007935378725,-12.202510996533555,0.22935621492174452
2021-09-27,145.0,146.53604,169.97,-3.602493141699439,150.7,-1,-2.763078128888098,-14.690827793139965,0.0037899477240621593
2021-09-28,140.6,152.73343,168.015,-3.6491086620900983,145.0,0,5.333399279364224,-16.316995506353596,-0.046615520390659526
2021-09-29,144.7,152.40654,166.225,-3.174106491541668,140.6,0,8.397254564005827,-12.949315686569413,0.4750021705484304
2021-09-30,153.3,149.70932,165.185,-2.102650938481159,144.7,0,3.461865976751477,-7.194963223052935,1.0714555530605088
2021-10-01,166.2,145.8375,164.565,-0.4343091098447731,153.3,0,-4.867910047955405,0.9935283930361808,1.668341828636386
2021-10-02,168.9,172.8769,163.85999999999999,0.8707419446253901,166.2,1,4.017393109887379,3.075796411570866,1.3050510544701632
2021-10-03,170.5,168.88965,163.415,1.807492419965886,168.9,1,-0.006128811426883176,4.335587308386628,0.9367504753404958
2021-10-04,167.5,164.653,162.635,2.1666123252471863,170.5,1,-3.429325584791972,2.991361023150004,0.35911990528130033
2021-10-05,173.8,161.84073,161.875,2.7334250466812486,167.5,0,-3.3786693971548507,7.366795366795374,0.5668127214340624
2021-10-06,178.5,160.23949,161.54000000000002,3.2923640514254666,173.8,0,-7.80236668910476,10.498947629070186,0.558939004744218
2021-10-07,178.6,179.53505,161.47,3.5160022396449007,178.5,1,0.5798596293986344,10.608781817055798,0.22363818821943404
2021-10-08,175.9,189.15057,161.195,3.331053749544136,178.6,1,5.907376108885082,9.122491392412924,-0.18494849010076475
2021-10-09,179.9,192.8574,161.41000000000003,3.319692552855779,175.9,1,9.640367604440552,11.455300167275867,-0.011361196688357111
2021-10-10,174.8,192.98796,162.29,2.8294210898640655,179.9,1,7.275131081395042,7.708423193049492,-0.4902714629917133
2021-10-11,179.1,189.6412,163.82,2.658116007101463,174.8,1,8.490391781455585,9.327310462702968,-0.17130508276260237
2021-10-12,172.6,183.538,164.38,2.000423814274888,179.1,1,2.4779421467144784,5.0006083465141735,-0.6576921928265751
2021-10-13,177.6,186.71733,165.065,1.801694678663471,172.6,1,8.179218385062105,7.593978129827642,-0.19872913561141692
2021-10-14,181.3,181.0853,166.525,1.8139830158146009,177.6,1,1.9624417966550567,8.872541660411352,0.012288337151129758
2021-10-15,189.6,177.28549,168.45499999999998,2.247315661203687,181.3,0,-2.2142901581029433,12.552313674275037,0.433332645389086
2021-10-16,186.0,181.1499,170.22,2.1572824222857667,189.6,0,-4.456802561313288,9.27035600986958,-0.09003323891792014
2021-10-17,183.7,191.02802,172.155,1.8219793574724283,186.0,1,2.703233944472446,6.706165955098596,-0.3353030648133384
2021-10-18,185.6,187.45825,174.405,1.6144045867035621,183.7,1,2.0458638830294023,6.4189673461196595,-0.2075747707688662
2021-10-19,188.8,187.5875,176.60999999999999,1.577052256967617,185.6,1,1.0708480045713258,6.902213917671722,-0.037352329735945045
2021-10-20,207.3,187.33203,179.31,2.621165961672726,188.8,0,-0.7775258209745822,15.609837711226374,1.0441137047051088
2021-10-21,196.8,190.05751,180.83999999999997,2.4317010414237608,207.3,0,-8.317650566340303,8.825481088254833,-0.1894649202489651
2021-10-22,191.0,188.99477,181.945,1.7733856830253636,196.8,0,-3.966074067402667,4.976778696858944,-0.6583153583983972
2021-10-23,196.3,184.539,183.235,1.5600480957245022,191.0,0,-3.382721746155105,7.130188009932599,-0.2133375873008614
2021-10-24,190.4,178.2478,184.38000000000002,0.9184839636122817,196.3,0,-9.196228866849216,3.264996203492777,-0.6415641321122205
2021-10-25,195.5,181.46843,185.465,0.7420484725299215,190.4,0,-4.690950858492815,5.41072439543849,-0.17643549108236023
2021-10-26,197.6,195.47037,186.42000000000002,0.6732513725713529,195.5,0,-0.01515732396898977,5.997210599721048,-0.06879709995856853
2021-10-27,179.3,194.37595,186.45499999999998,-0.6278884294144902,197.6,-1,-1.6316062525698984,-3.8373870370866823,-1.3011398019858431
2021-10-28,189.8,190.95393,187.15,-0.7938490614457301,179.3,-1,6.499684169448021,1.4159764894469706,-0.1659606320312399
2021-10-29,196.7,192.69849,187.98999999999998,-0.4675356984099297,189.8,-1,1.527126621772913,4.6332251715516835,0.3263133630358004
2021-10-30,190.2,192.17487,188.76000000000002,-0.7038715046230193,196.7,0,-2.3005258146129837,0.7628734901462011,-0.23633580621308958
2021-10-31,191.9,194.84427,189.4,-0.7555666874650431,190.2,0,2.44178170285391,1.3199577613516367,-0.05169518284202379
2021-11-01,197.6,193.78409,190.65,-0.4318300131677306,191.9,0,0.9818072614724436,3.6454235510096975,0.32373667429731245
2021-11-02,200.9,193.55743,191.815,-0.0419289007674859,197.6,0,-2.0458329544376235,4.736334488960722,0.3899011124002447
2021-11-03,207.3,193.71327,193.11499999999998,0.5669338613053485,200.9,0,-3.5772662544915095,7.3453641612510845,0.6088627620728344
2021-11-04,202.6,201.08665,193.765,0.5714517259901335,207.3,0,-2.997272231989423,4.559646995071354,0.004517864684784989
2021-11-05,198.9,204.78372,194.41,0.25945629290747796,202.6,1,1.0778489258776558,2.3095519777789253,-0.31199543308265554
2021-11-06,197.6,199.84106,195.105,-0.08199718739579875,198.9,1,0.47313446612619114,1.2787985956279975,-0.3414534803032767
2021-11-07,202.0,205.02884,195.925,-0.060067273400056465,197.6,1,3.759533963222738,3.100676279188459,0.02192991399574229
2021-11-08,229.0,201.73985,197.935,1.6308908176526478,202.0,0,-0.1287856904586943,15.694546189405612,1.6909580910527042
2021-11-09,262.0,207.2606,200.67,4.658509471164102,229.0,0,-9.493185651354393,30.562615238949526,3.027618653511454
2021-11-10,260.4,197.8981,203.85,6.1464994435912494,262.0,0,-24.466373356244038,27.740986019131707,1.4879899724271475
2021-11-11,262.3,252.68398,207.41500000000002,6.800829800958294,260.4,0,-2.9631431567870257,26.461442036496873,0.6543303573670443
2021-11-12,251.2,225.3653,210.16,6.053207287301026,262.3,0,-14.081092104400975,19.527978682908255,-0.7476225136572676
2021-11-13,257.7,202.4427,213.525,5.575453881324954,251.2,0,-19.40975189208984,20.688443976115202,-0.4777534059760722
2021-11-14,279.3,212.26617,217.715,6.242832963254198,257.7,0,-17.630510548542393,28.286980685758905,0.6673790819292442
2021-11-15,263.0,201.20818,220.98500000000004,5.160055651625164,279.3,0,-27.95983685672049,19.012602665339255,-1.0827773116290338
2021-11-16,230.2,250.44829,223.53000000000003,1.9723229309644736,263.0,0,-4.772514082179777,2.9839395159486233,-3.1877327206606907
2021-11-17,229.6,247.48558,225.51999999999998,-0.3172153916096292,230.2,0,7.508940245150282,1.8091521816246952,-2.289538322574103
2021-11-18,204.2,239.73363,225.89500000000004,-3.5057165488625692,229.6,0,4.413600748839697,-9.604019566612827,-3.18850115725294
2021-11-19,217.9,234.24025,227.28000000000003,-4.587262803257447,204.2,0,14.711189830454982,-4.127067933826128,-1.081546254394878
2021-11-20,226.8,178.87193,229.025,-4.587383587702915,217.9,-1,-17.910999089766666,-0.9715096605174082,-0.00012078444546759215
2021-11-21,221.1,223.65918,230.2,-4.830963823165906,226.8,-1,-1.3848414076278708,-3.953084274543873,-0.243580235462991
2021-11-22,209.1,221.69357,230.60999999999999,-5.605411385787912,221.1,-1,0.2684635902518683,-9.327435930792245,-0.7744475626220062
2021-11-23,216.2,227.17033,231.05499999999998,-5.4403052381937265,209.1,0,8.641957849021853,-6.4292051676007835,0.16510614759418552
2021-11-24,212.2,227.43597,231.535,-5.390936676575641,216.2,0,5.197027808091472,-8.35078929751442,0.04936856161808567
2021-11-25,222.9,223.68414,232.73499999999999,-4.466291479935483,212.2,0,5.4119430096165235,-4.225836251530703,0.9246451966401574
2021-11-26,195.7,215.3171,232.64000000000001,-5.450021151470178,222.9,-1,-3.401932303495825,-15.878610729023393,-0.9837296715346948
2021-11-27,195.1,229.34407,232.29500000000002,-5.868342925913849,195.7,-1,17.191655817358367,-16.01196754127296,-0.4183217744436707
2021-11-28,199.5,235.97928,230.82000000000002,-5.577885405911591,195.1,-1,20.95298747537321,-13.569014816740324,0.2904575200022581
2021-11-29,205.5,232.51674,227.99500000000003,-4.743583627405681,199.5,0,16.549743805314066,-9.866444439571056,0.8343017785059095
2021-11-30,207.8,229.31064,225.36499999999995,-3.837460051041601,205.5,0,11.5866853662941,-7.794023029307986,0.9061235763640805
2021-12-01,208.8,217.49919,222.69,-3.0080370736389326,207.8,0,4.66756077198252,-6.2373703354438845,0.8294229774026682
2021-12-02,203.5,220.99042,220.30499999999998,-2.665363625856811,208.8,0,5.838322548117212,-7.628061097115353,0.3426734477821216
2021-12-03,188.0,224.67871,216.82,-3.290604129798417,203.5,0,10.407228961916463,-13.292131722165848,-0.625240503941606
2021-12-04,162.7,232.50853,210.99,-5.107651359674099,188.0,0,23.674749820790392,-22.887340632257462,-1.8170472298756821
2021-12-05,156.3,234.23273,205.65500000000003,-6.3586521211396345,162.7,0,43.966027689478345,-23.998930247258766,-1.2510007614655354
2021-12-06,161.3,159.64822,202.20999999999998,-6.447272373322784,156.3,0,2.142177784358998,-20.231442559715134,-0.08862025218314962
2021-12-07,161.8,161.15247,198.82,-6.07517427057448,161.3,-1,-0.0914657034640492,-18.619857157227635,0.37209810274830435
2021-12-08,165.1,150.76918,196.865,-5.2412768162284245,161.8,-1,-6.817564710845765,-16.135422751631836,0.8338974543460553
2021-12-09,151.3,160.83167,193.535,-5.240982878564628,165.1,-1,-2.5853028230996333,-21.822926085720923,0.0002939376637964841
2021-12-10,148.3,161.14331,189.60999999999999,-5.062014854918646,151.3,0,6.505823229923983,-21.786825589367638,0.1789680236459823
2021-12-11,158.0,154.1158,186.45499999999998,-3.9584174889224766,148.3,0,3.9216446056610255,-15.261054946233669,1.103597365996169
2021-12-12,159.0,155.611,183.95,-2.8793244027728715,158.0,-1,-1.5120301065565664,-13.56346833378635,1.079093086149605
2021-12-13,144.6,164.92307,180.37,-2.848387427247726,159.0,-1,3.725198229903695,-19.831457559461114,0.030936975525145627
2021-12-14,150.4,158.26175,177.28,-2.1804273028486207,144.6,-1,9.447959382834116,-15.162454873646206,0.6679601243991051
2021-12-15,153.6,163.05965,173.815,-1.3091652744449274,150.4,0,8.41731822237055,-11.630181514828987,0.8712620284036934
2021-12-16,148.9,143.19316,171.475,-0.8573262381268982,153.6,-1,-6.775285800298052,-13.165184429217081,0.45183903631802913
2021-12-17,144.1,145.22246,168.925,-0.6964873030527166,148.9,-1,-2.469806658332987,-14.695870948645858,0.16083893507418168
2021-12-18,148.6,148.19427,166.38,-0.13138132762691868,144.1,-1,2.8412733534654797,-10.686380574588293,0.5651059754257979
2021-12-19,153.2,147.31091,163.76500000000001,0.6641688187152077,148.6,0,-0.8674878291133878,-6.451317436570711,0.7955501463421264
2021-12-20,152.6,141.26112,161.005,1.2290872267494457,153.2,0,-7.793000223742445,-5.220334772212044,0.564918408034238
2021-12-21,154.7,146.25754,158.3,1.78934252675813,152.6,0,-4.15626615871764,-2.274162981680368,0.5602553000086843
2021-12-22,155.4,144.8887,155.895,2.2238825694813826,154.7,0,-6.342144542612711,-0.31752140864043393,0.43454004272325264
2021-12-23,163.6,145.79324,154.675,3.0304112177758675,155.4,0,-6.181954048775341,5.7701632455147776,0.8065286482944849
2021-12-24,161.2,141.38849,154.6,3.3444413963348474,163.6,0,-13.576718356032242,4.269081500646827,0.31403017855897986
2021-12-25,157.8,144.0633,154.675,3.261880772203339,161.2,0,-10.630711254943387,2.020365282042993,-0.08256062413150822
2021-12-26,155.7,155.4332,154.395,3.010601157400423,157.8,0,-1.4998751448134577,0.8452346254736087,-0.2512796148029164
2021-12-27,155.9,150.24365,154.1,2.8066630982634884,155.7,0,-3.504397980892735,1.168072680077879,-0.2039380591369344
2021-12-28,145.7,155.41142,153.13,1.97298792247706,155.9,0,-0.31339144997294305,-4.852086462482863,-0.8336751757864285
2021-12-29,145.5,150.41171,152.84,1.4219881519145368,145.7,0,3.23384533046286,-4.80240774666318,-0.5509997705625231
2021-12-30,148.0,160.38345,152.825,1.2461148611414181,145.5,0,10.229177573292526,-3.15720595452314,-0.17587329077311864
2021-12-31,146.3,148.1054,152.24,1.0437088131460062,148.0,0,0.07121111895586993,-3.9017341040462408,-0.20240604799541195
2022-01-01,150.8,147.9229,151.82999999999998,1.2285736986084501,146.3,0,1.10929414823457,-0.6783903049463036,0.18486488546244395
2022-01-02,151.2,147.84923,152.16000000000003,1.3820289900803626,150.8,0,-1.9567454209062158,-0.6309148264984465,0.1534552914719125
2022-01-03,148.5,148.02386,152.065,1.306768295133275,151.2,0,-2.1006185541707927,-2.344392200703645,-0.07526069494708754
2022-01-04,146.5,152.9555,151.71,1.133792116250988,148.5,0,3.0003403172348486,-3.4341836398391714,-0.172976178882287
2022-01-05,135.4,148.42114,151.035,0.3253125799119747,146.5,0,1.3113601215870307,-10.351905187539307,-0.8084795363390134
2022-01-06,135.9,147.8624,150.625,-0.09956286877964349,135.4,0,9.204133116864378,-9.775933609958502,-0.4248754486916182
2022-01-07,131.4,143.46574,149.76500000000001,-0.5805914290570975,135.9,0,5.567140558171215,-12.26254465329016,-0.481028560277454
2022-01-08,129.4,140.25526,148.575,-0.910731914965722,131.4,0,6.739166120415948,-12.905939761063426,-0.33014048590862455
2022-01-09,130.9,130.96654,147.49,-0.9035546036269455,129.4,0,1.2106162871606891,-11.248220218319888,0.007177311338776526
2022-01-10,126.5,126.07084,146.08,-1.0597941112377498,130.9,-1,-3.689198679738235,-13.403614457831333,-0.1562395076108043
2022-01-11,131.6,127.55914,144.89000000000001,-0.7015864904721418,126.5,-1,0.8372672461709486,-9.172475671198853,0.35820762076560797
2022-01-12,141.9,131.30472,143.805,0.2937396978521605,131.6,-1,-0.22437840609564538,-1.3247105455304065,0.9953261883243023
2022-01-13,136.7,132.4997,142.57999999999998,0.6463795364313789,141.9,0,-6.62459843254493,-4.124000561088509,0.35263983857921843
2022-01-14,144.7,133.44814,141.925,1.4186299915264362,136.7,0,-2.378832936374123,1.9552580588338748,0.7722504550950573
2022-01-15,147.7,140.3612,141.525,2.0910799431073137,144.7,0,-2.998475428688659,4.36318671612788,0.6724499515808775
2022-01-16,146.4,139.5113,141.05,2.386543986321553,147.7,0,-5.544138955521108,3.7929812123360467,0.29546404321423925
2022-01-17,151.2,137.32745,141.325,2.8140801850205186,146.4,0,-6.197094526447238,6.987440297187335,0.42753619869896564
2022-01-18,141.5,140.9414,141.125,2.370214514780926,151.2,0,-6.78478422619047,0.2657218777679362,-0.44386567023959245
2022-01-19,136.2,141.84799,140.535,1.6788347293108359,141.5,0,0.24593070202075973,-3.0846408368022256,-0.6913797854700903
2022-01-20,129.7,141.29904,139.70499999999998,0.7881535618421136,136.2,0,3.7437898296966865,-7.161518914856302,-0.8906811674687223
2022-01-21,114.5,146.73346,137.89000000000001,-0.7377649087825109,129.7,0,13.132967982001745,-16.96279643193851,-1.5259184706246245
2022-01-22,108.4,143.34927,135.75,-1.999424390540458,114.5,0,25.19587221103985,-20.14732965009208,-1.2616594817579472
2022-01-23,112.3,139.12741,133.94,-2.386579451992284,108.4,0,28.346320007999875,-16.1564879796924,-0.38715506145182577
2022-01-24,109.5,137.56393,132.08999999999997,-2.627455626949388,112.3,0,22.496824867472732,-17.10197592550532,-0.240876174957104
2022-01-25,107.8,104.46929,130.71,-2.687831969571393,109.5,-1,-4.594254167112585,-17.52735062351772,-0.0603763426220052
2022-01-26,106.9,99.05935,129.26,-2.5747292426958897,107.8,-1,-8.108210519426164,-17.298468203620597,0.11310272687550338
2022-01-27,106.9,94.42607,128.035,-2.295518001549471,106.9,-1,-11.668782818529296,-16.507205061116096,0.2792112411464185
2022-01-28,109.4,94.95164,127.035,-1.7620537669450673,106.9,-1,-11.17714006729055,-13.882001023340019,0.5334642346044038
2022-01-29,110.8,100.900635,126.03,-1.1633771116637668,109.4,-1,-7.769072426302564,-12.084424343410301,0.5986766552813005
2022-01-30,108.6,110.04637,125.13499999999999,-0.7823022119919543,110.8,-1,-0.6801701624901261,-13.213729172493704,0.3810748996718125
2022-01-31,109.5,113.46683,124.03,-0.3579746702074704,108.6,0,4.481424855044319,-11.71490768362493,0.42432754178448384
2022-02-01,115.0,117.87344,122.68499999999999,0.3655959890474261,109.5,0,7.646980459831621,-6.264009455108602,0.7235706592548965
2022-02-02,108.3,121.39104,121.26500000000001,0.45938690164124907,115.0,0,5.557423467221467,-10.69146085020411,0.093790912593823
2022-02-03,111.0,123.03259,119.58000000000001,0.7523663994815912,108.3,0,13.603502099203604,-7.175112895132975,0.29297949784034216
2022-02-04,121.3,111.020454,118.25999999999999,1.638134424029582,111.0,0,0.018427393457911036,2.5706071368171877,0.8857680245479909
2022-02-05,121.7,109.048805,117.025,2.2134888778789286,121.3,0,-10.099913242525632,3.99487289040803,0.5753544538493465
2022-02-06,127.6,113.76508,115.845,2.9100732502273328,121.7,0,-6.520063013156714,10.147179420777759,0.6965843723484042
2022-02-07,137.4,111.33421,115.64000000000001,3.888382326331855,127.6,0,-12.747481773639544,18.81701833275682,0.9783090761045221
2022-02-08,133.7,122.10568,115.51500000000001,4.1215855390886915,137.4,0,-11.13123553635599,15.742544258321406,0.23320321275683664
2022-02-09,140.1,133.26457,116.035,4.510710411439567,133.7,0,-0.32567528529940254,20.739432067910542,0.3891248723508758
2022-02-10,134.6,127.53047,117.03999999999999,4.207454369631699,140.1,0,-8.97182598018714,15.003417634996586,-0.30325604180786847
2022-02-11,125.6,120.58889,117.89999999999998,3.253173104344166,134.6,0,-10.409442737233581,6.530958439355401,-0.9542812652875328
2022-02-12,126.7,120.32119,118.62,2.5780106072397837,125.6,0,-4.202874299067596,6.811667509694821,-0.6751624971043824
2022-02-13,125.6,121.69029,119.425,1.9669128123041397,126.7,0,-3.953991824468481,5.170609168934476,-0.611097794935644
2022-02-14,124.6,125.17638,120.26499999999999,1.4299030619670436,125.6,0,-0.33727998186827773,3.6045399742235964,-0.5370097503370961
2022-02-15,131.5,129.47272,121.49499999999998,1.4683817069812601,124.6,1,3.9106880298204296,8.234906786287523,0.038478645014216495
2022-02-16,127.7,129.31795,122.53500000000001,1.179352473201878,131.5,1,-1.659355598710789,4.215122209980815,-0.28902923377938206
2022-02-17,116.3,131.71283,122.88,0.21249680805035837,127.7,1,3.1423880891493714,-5.354817708333332,-0.9668556651515197
2022-02-18,114.9,132.10085,123.085,-0.4908308460171629,116.3,0,13.58628145908346,-6.649876101880804,-0.7033276540675213
2022-02-19,115.5,110.28862,123.42999999999999,-0.8633606198848852,114.9,-1,-4.013385556904106,-6.424694158632417,-0.3725297738677223
2022-02-20,110.6,104.43956,123.48499999999999,-1.3580534422453854,115.5,-1,-9.576138583096592,-10.434465724581928,-0.49469282236050016
2022-02-21,102.8,103.329575,122.875,-2.085359028090744,110.6,-1,-6.573621532585043,-16.337741607324517,-0.7273055858453585
2022-02-22,107.4,104.29036,122.83,-2.1242432406159715,102.8,0,1.4497660477337697,-12.562077668322067,-0.03888421252522756
2022-02-23,105.4,106.81711,122.55,-2.1459548997697566,107.4,-1,-0.5427298377124121,-13.994288045695628,-0.021711659153785146
2022-02-24,104.1,109.402725,121.69000000000001,-2.1062015441373045,105.4,-1,3.7976520111257654,-14.45476210041911,0.03975335563245208
2022-02-25,109.2,109.89266,121.06500000000001,-1.6167735368107268,104.1,-1,5.56451685719486,-9.80052038161319,0.48942800732657776
2022-02-26,108.2,112.9802,120.09499999999998,-1.2567575896911198,109.2,0,3.461723187904216,-9.904658811773999,0.36001594711960694
2022-02-27,102.9,112.40486,118.37,-1.2682787952802865,108.2,0,3.8861935768903044,-13.069189828503841,-0.011521205589166694
2022-02-28,113.7,109.88987,117.37,-0.4817132782964375,102.9,0,6.792876277882799,-3.126863764164609,0.786565516983849
2022-03-01,112.5,109.73742,115.99000000000001,-0.0008695730613093033,113.7,-1,-3.4851195000721495,-3.0088800758686167,0.4808437052351282
2022-03-02,110.3,100.97432,114.775,0.19933131991571074,112.5,-1,-10.245049370659723,-3.8989326944020983,0.20020089297702004
2022-03-03,111.7,112.12638,114.08000000000001,0.4424251468428997,110.3,-1,1.6558303902177325,-2.086255259467049,0.24309382692718895
2022-03-04,101.0,116.365974,112.795,-0.07354205490199206,111.7,0,4.1772376242341345,-10.457023804246642,-0.5159672017448917
2022-03-05,104.9,118.763565,111.75999999999999,-0.10632064169482192,101.0,0,17.587688181659964,-6.138153185397267,-0.032778586792829856
2022-03-06,101.1,105.669945,110.58500000000001,-0.32568134301816354,104.9,0,0.7339797551797789,-8.577112628294989,-0.21936070132334162
2022-03-07,98.4,106.542465,108.93000000000002,-0.5795471247344963,101.1,0,5.38324946583674,-9.666758468741406,-0.2538657817163328
2022-03-08,100.7,109.15631,107.58,-0.5213227343798676,98.4,0,10.931210401581549,-6.395240751068967,0.058224390354628675
2022-03-09,106.9,110.72102,107.11000000000001,-0.02046140026289045,100.7,0,9.95136401148988,-0.1960601251050396,0.5008613341169772
2022-03-10,102.5,108.02008,106.49000000000001,0.055159615336093815,106.9,0,1.0477835045895643,-3.7468306883275506,0.07562101559898426
2022-03-11,104.6,103.77446,105.94500000000001,0.27497315386027577,102.5,0,1.2433754525533536,-1.2695266411817574,0.21981353852418195
2022-03-12,105.6,104.09343,105.69500000000001,0.5028146337280779,104.6,0,-0.48429295848021686,-0.08988126212215627,0.22784147986780212
2022-03-13,101.7,101.25133,105.64000000000001,0.4098914758723815,105.6,0,-4.118061065673824,-3.7296478606588526,-0.09292315785569638
2022-03-14,105.6,104.45868,105.55,0.6176339950100527,101.7,1,2.7125655842858873,0.047370914258642496,0.20774251913767117
2022-03-15,106.8,108.54269,105.62,0.8292223243767811,105.6,1,2.7866349075779824,1.1172126491194778,0.21158832936672844
2022-03-16,111.4,109.12788,105.98500000000001,1.247219414799186,106.8,1,2.1796594398298543,5.109213567957722,0.41799709042240485
2022-03-17,110.2,110.30235,106.035,1.3996923041863933,111.4,0,-0.9853205518191814,3.927948318951296,0.15247288938720738
2022-03-18,111.9,109.28524,106.22,1.5596279307934693,110.2,0,-0.8300905868059519,5.347392204857849,0.15993562660707594
2022-03-19,116.8,110.41191,106.91499999999999,1.916518783366838,111.9,0,-1.3298382388362986,9.245662442126928,0.3568908525733687
2022-03-20,114.9,114.171486,106.975,1.9398202997537155,116.8,0,-2.2504401533570983,7.408272960972201,0.023301516386877497
2022-03-21,116.0,113.62189,107.15,1.9398447275299044,114.9,0,-1.1123697066742868,8.259449370041992,2.4427776188939987e-05
2022-03-22,122.7,120.787796,107.77000000000001,2.2782358654273045,116.0,1,4.127410362506735,13.853577062262218,0.33839113789740005
2022-03-23,122.4,110.13553,108.30499999999999,2.359053472262075,122.7,1,-10.239993020005606,13.014172937537522,0.08081760683477057
2022-03-24,126.5,117.90133,109.58,2.5496133481072314,122.4,1,-3.675384770810998,15.440773863843768,0.19055987584515632
2022-03-25,123.9,114.752045,110.53,2.365578656397533,126.5,0,-9.286921203372035,12.096263457884742,-0.18403469170969844
2022-03-26,124.8,125.036026,111.715,2.174372940586069,123.9,1,0.9168894277454049,11.712840710737138,-0.19120571581146395
2022-03-27,129.7,126.84699,113.28,2.2390107048773653,124.8,1,1.6402183434902116,14.49505649717513,0.0646377642912963
2022-03-28,127.6,129.37213,114.625,2.0087909825468437,129.7,1,-0.2527900172272465,11.319520174482003,-0.23021972233052157
2022-03-29,130.1,127.775986,115.78500000000001,1.8948116107805748,127.6,1,0.13791984151523762,12.363432223517712,-0.11397937176626893
2022-03-30,131.1,134.22665,117.215,1.7596192711396688,130.1,1,3.171909341071776,11.845753529838325,-0.13519233964090605
2022-03-31,123.8,131.54552,118.175,1.0845209220972367,131.1,1,0.33982987625739375,4.75988999365348,-0.675098349042432
2022-04-01,124.8,132.02374,119.13499999999999,0.6336244842125516,123.8,1,6.642764681568056,4.755109749443913,-0.45089643788468514
2022-04-02,124.8,133.20192,120.29,0.2816283748874451,124.8,1,6.732307336269283,3.749272591237834,-0.3519961093251065
2022-04-03,128.7,134.05638,121.44500000000001,0.2583202940374907,124.8,1,7.41697213588617,5.973897649141571,-0.023308080849954393
2022-04-04,124.8,129.62527,122.345,-0.05611719217729316,128.7,0,0.7189391283629654,2.0066206220115235,-0.31443748621478385
2022-04-05,122.7,126.97878,122.91,-0.4215459196461415,124.8,0,1.7458194341415039,-0.17085672443250652,-0.36542872746884836
2022-04-06,111.7,123.25358,122.98499999999999,-1.3667950110886231,122.7,0,0.451163965798821,-9.175915762084793,-0.9452490914424816
2022-04-07,114.1,126.39324,123.095,-1.7676408568980126,111.7,0,13.154200431803236,-7.307364230878593,-0.40084584580938953
2022-04-08,110.7,129.21696,122.79,-2.1723659326569993,114.1,0,13.248873550990092,-9.84607867090154,-0.40472507575898664
2022-04-09,112.7,124.21042,122.67999999999999,-2.208739431347099,110.7,0,12.204533605394644,-8.134985327681765,-0.03637349869009965
2022-04-10,110.3,112.797035,122.39500000000001,-2.2880940956322666,112.7,0,0.08610045899303763,-9.881939621716583,-0.07935466428516769
2022-04-11,102.4,110.56792,121.38,-2.736010740919044,110.3,0,0.24289834099473287,-15.636842972483104,-0.44791664528677755
2022-04-12,104.8,106.72669,120.5,-2.727896505733863,102.4,0,4.225285351276392,-13.02904564315353,0.008114235185181062
2022-04-13,110.5,110.935585,119.7,-2.217560592540107,104.8,0,5.8545658606609345,-7.685881370091899,0.5103359131937562
2022-04-14,107.3,108.210785,118.87,-1.9821174519014653,110.5,-1,-2.071687862344457,-9.73332211659797,0.2354431406386417
2022-04-15,111.0,107.39895,118.17999999999999,-1.4864545670701026,107.3,-1,0.09221684010586821,-6.075478084278214,0.49566288483136267
2022-04-16,114.3,105.96348,117.41000000000001,-0.8758135902297379,111.0,-1,-4.537407127586571,-2.648837407375874,0.6106409768403647
2022-04-17,108.8,106.563736,116.47,-0.7847166671207204,114.3,-1,-6.768384985202043,-6.585386794882804,0.09109692310901751
2022-04-18,111.3,107.158646,115.53,-0.5117055043319292,108.8,-1,-1.5085977666518242,-3.6613866528174532,0.27301116278879123
2022-04-19,113.8,108.35417,114.66499999999999,-0.13781943630753002,111.3,-1,-2.646745954241069,-0.7543714298172894,0.37388606802439917
2022-04-20,111.9,112.72964,114.07000000000001,-0.0007902598807667527,113.8,-1,-0.9405648980702138,-1.9023406680108719,0.13702917642676327
2022-04-21,106.8,112.86018,113.17,-0.22361641333954507,111.9,0,0.8580730257554128,-5.628700185561549,-0.22282615345877832
2022-04-22,105.4,111.47063,112.2,-0.4236769776829672,106.8,0,4.373246096493156,-6.060606060606058,-0.20006056434342212
2022-04-23,105.1,110.323586,111.02000000000001,-0.5278159307117285,105.4,0,4.671333501189659,-5.332372545487313,-0.1041389530287613
2022-04-24,104.6,109.53905,110.00999999999999,-0.5779344735709087,105.1,0,4.22364152351184,-4.917734751386235,-0.05011854285918016
2022-04-25,104.6,103.28522,109.10499999999999,-0.5583407115731709,104.6,-1,-1.2569624424892394,-4.129049997708625,0.01959376199773777
2022-04-26,98.6,102.779335,108.45,-0.877713176307581,104.6,-1,-1.7405974933339754,-9.08252650991241,-0.31937246473441006
2022-04-27,100.5,102.77792,107.76999999999998,-0.8866410427197939,98.6,-1,4.2372450141829425,-6.7458476384893595,-0.008927866412212992
2022-04-28,103.3,99.77744,107.4,-0.6410635039837236,100.5,-1,-0.7189622565881529,-3.81750465549349,0.24557753873607036
2022-04-29,100.4,100.0568,106.785,-0.6111400586292519,103.3,-1,-3.13959260185367,-5.979304209392697,0.029923445354471667
2022-04-30,95.8,100.749886,106.05999999999999,-0.8250501742194434,100.4,0,0.3484915927111808,-9.673769564397503,-0.21391011559019146
2022-05-01,99.3,99.69826,105.905,-0.6617733870790872,95.8,0,4.069162261262072,-6.2367215901043425,0.1632767871403562
2022-05-02,100.7,102.17399,105.7,-0.4031511742208007,99.3,0,2.8942480788370184,-4.730368968779565,0.25862221285828646
2022-05-03,99.4,104.242004,105.14500000000001,-0.2697145286538829,100.7,0,3.517382715522589,-5.463883208901996,0.1334366455669178
2022-05-04,106.3,104.31059,105.095,0.3021828364013315,99.4,1,4.9402340557013895,1.1465816642085715,0.5718973650552144
2022-05-05,96.8,104.7884,104.38499999999999,0.07162065872518264,106.3,1,-1.4220143530801654,-7.266369689131574,-0.23056217767614884
2022-05-06,96.7,103.89788,103.505,-0.05009836185308636,96.8,1,7.332521233676882,-6.574561615380893,-0.121719020578269
2022-05-07,94.3,99.9972,102.78,-0.24388233049501062,96.7,0,3.4097207985594915,-8.250632418758517,-0.19378396864192426
2022-05-08,93.9,100.2215,101.91,-0.3444855518052905,94.3,0,6.279423734921795,-7.859876361495428,-0.10060322131027988
2022-05-09,76.2,97.68576,100.03,-1.484671530589889,93.9,0,4.031693821136176,-23.82285314405678,-1.1401859787845985
2022-05-10,80.2,84.170135,98.44500000000001,-1.8284502370389957,76.2,0,10.459495404260986,-18.533191121946267,-0.3437787064491067
2022-05-11,66.6,84.14306,96.43499999999999,-2.774058321544807,80.2,0,4.916532140717538,-30.937937470835276,-0.9456080845058112
2022-05-12,64.5,93.555405,94.39,-3.30708528855867,66.6,0,40.473580575204124,-31.66649009428965,-0.5330269670138632
2022-05-13,67.9,98.221436,92.53,-3.195037582432544,64.5,0,52.28129542151163,-26.618394034367228,0.11204770612612602
2022-05-14,68.9,100.379974,90.745,-2.830423550483019,67.9,0,47.835013792686844,-24.072951677778388,0.36461403194952524
2022-05-15,71.6,68.41458,89.095,-2.2116783722837337,68.9,-1,-0.7045264167951824,-19.63634322913744,0.6187451781992852
2022-05-16,67.3,76.6142,87.53,-1.9077671439593509,71.6,-1,7.003068124781782,-23.112075859705246,0.3039112283243828
2022-05-17,73.2,79.513214,86.16499999999999,-1.1618309066847736,67.3,-1,18.14742067062129,-15.046712702373341,0.7459362372745773
2022-05-18,66.0,83.13725,84.3,-1.0113085157676238,73.2,0,13.575481977619106,-21.70818505338078,0.1505223909171498
2022-05-19,72.1,84.8919,82.88499999999999,-0.39079071567356216,66.0,0,28.62408955891927,-13.0120045846655,0.6205178000940617
2022-05-20,68.6,73.38641,81.525,-0.11997634842924931,72.1,0,1.7842074538401607,-15.854032505366463,0.27081436724431285
2022-05-21,69.8,72.5699,80.05,0.21767061566548485,68.6,0,5.787026986436325,-12.804497189256715,0.33764696409473416
2022-05-22,71.7,76.930115,78.6,0.6236831942195202,69.8,0,10.215064106151509,-8.778625954198462,0.4060125785540354
2022-05-23,69.1,83.48452,77.08500000000001,0.7626611778455832,71.7,0,16.43587162970166,-10.358694947136295,0.13897798362606295
2022-05-24,70.2,85.29672,75.28,0.9613686921692164,69.1,0,23.43954039379071,-6.748140276301805,0.1987075143236332
2022-05-25,68.2,70.14386,73.85,0.9870710313822428,70.2,0,-0.07997170472756815,-7.6506431956668814,0.02570233921302645
2022-05-26,63.5,70.61154,72.19000000000001,0.7284322925583417,68.2,0,3.5359849678106627,-12.037678348801787,-0.2586387388239011
2022-05-27,61.6,73.24189,70.55499999999999,0.482161558840394,63.5,0,15.34155898206816,-12.692225923038752,-0.24627073371794772
2022-05-28,63.0,73.80056,69.01,0.466052116793815,61.6,0,19.806103892140573,-8.708882770612963,-0.016109442046579048
2022-05-29,63.6,75.51979,68.38,0.5429314388723672,63.0,0,19.872683570498513,-6.990348054986829,0.07687932207855219
2022-05-30,69.1,65.02687,67.825,0.9855332778460326,63.6,1,2.2435074332375176,1.8798378179137358,0.44260183897366545
2022-05-31,68.4,60.57258,67.915,1.236245240060545,69.1,1,-12.340696917256459,0.7141279540602214,0.2507119622145124
2022-06-01,62.7,64.1891,67.825,1.0316356376488027,68.4,1,-6.156283373024039,-7.556210836712126,-0.2046096024117423
2022-06-02,64.5,64.967026,67.655,1.0286464453694961,62.7,0,3.6156710635341858,-4.663365604907252,-0.0029891922793066072
2022-06-03,62.6,64.44774,67.34,0.9137158690753102,64.5,0,-0.0810253527737403,-7.038907038907041,-0.1149305762941859
2022-06-04,63.7,66.13649,66.94500000000001,0.9240179008303526,62.6,0,5.649344837322781,-4.847262678318028,0.010302031755042407
2022-06-05,63.2,66.63869,66.74,0.9080589698101136,63.7,0,4.6133236009247405,-5.304165418040144,-0.015958931020239042
2022-06-06,64.5,67.98633,66.30499999999999,0.9892789144148431,63.2,0,7.57330399525316,-2.7222683055576393,0.08121994460472948
2022-06-07,63.8,65.16933,66.19500000000001,0.9972609174960017,64.5,0,1.037715941436531,-3.6180980436589016,0.007982003081158595
2022-06-08,61.3,68.20156,65.655,0.8417756136658525,63.8,0,6.898998392039337,-6.63315817531034,-0.15548530383014914
2022-06-09,60.3,60.55407,65.24,0.6857908841349971,61.3,0,-1.2168523343507804,-7.5720416922133635,-0.1559847295308554
2022-06-10,56.7,59.94674,64.58500000000001,0.3701811194528677,60.3,0,-0.5858388113145164,-12.208717194394989,-0.3156097646821294
2022-06-11,52.2,57.749718,63.61,-0.08721335451328205,56.7,0,1.851353990127585,-17.93743122150605,-0.45739447396614974
2022-06-12,47.9,65.57266,62.55,-0.5965360536586273,52.2,0,25.618127114014598,-23.421262989608312,-0.5093226991453452
2022-06-13,43.5,62.627926,61.214999999999996,-1.116728960872969,47.9,0,30.74723564259444,-28.93898554275912,-0.5201929072143416
2022-06-14,46.15,46.14397,60.1125,-1.1640059510324354,43.5,0,6.078093079314835,-23.227282179247243,-0.047276990159466514
2022-06-15,50.65,54.494625,59.46999999999999,-0.7916743852607562,46.15,0,18.081527825683068,-14.831007230536395,0.37233156577167925
2022-06-16,44.78,52.73033,58.629,-0.835843329452433,50.65,0,4.10726835320521,-23.621416022787354,-0.04416894419167683
2022-06-17,47.6,58.82816,57.859,-0.5822707606961011,44.78,0,31.371503645099125,-17.73103579391279,0.25357256875633194
2022-06-18,47.18,66.071976,57.038,-0.36081439082295486,47.6,0,38.80667165547859,-17.28321469897261,0.2214563698731462
2022-06-19,54.29,44.474136,56.2975,0.31027243646526426,47.18,0,-5.735192131116865,-3.565877703272793,0.6710868272882191
2022-06-20,52.77,50.394844,55.516000000000005,0.676545830876111,54.29,0,-7.174720841451866,-4.946321781108153,0.3662733944108467
2022-06-21,53.52,71.51769,55.057,0.9758915262701997,52.77,0,35.52717939343938,-2.7916522876291823,0.29934569539408873
2022-06-22,52.13,61.207924,54.4385,1.078801985766976,53.52,0,14.364581257773079,-4.2405650412851115,0.10291045949677624
2022-06-23,55.74,64.67947,54.095499999999994,1.3698254197914963,52.13,1,24.073405424052545,3.039994084535697,0.29102343402452036
2022-06-24,55.84,47.735893,53.7025,1.536376383372203,55.74,1,-14.359717887492435,3.9802616265537036,0.16655096358070676
2022-06-25,58.88,51.876118,53.4865,1.8003017562571042,55.84,1,-7.0986430761124195,10.083852934852725,0.26392537288490114
2022-06-26,56.61,50.98614,53.092,1.7684490715375647,58.88,0,-13.40668952983359,6.626233707526559,-0.031852684719539504
2022-06-27,55.86,50.415325,52.69500000000001,1.6458503967001645,56.61,0,-10.94272184279293,6.006262453743223,-0.12259867483740017
2022-06-28,52.68,52.681744,52.263999999999996,1.3139725693662365,55.86,0,-5.689682023225613,0.7959589774988596,-0.331877827333928
2022-06-29,53.68,52.9304,51.93300000000001,1.132083233252286,52.68,1,0.47532431356999266,3.3639497044268434,-0.18188933611395042
2022-06-30,53.84,52.760162,51.79,0.9975516329397447,53.68,1,-1.7135574636445132,3.9582931067773783,-0.1345316003125414
2022-07-01,51.19,55.201668,51.7395,0.718154055463974,53.84,1,2.5291006419846354,-1.062051237449148,-0.27939757747577065
2022-07-02,50.55,56.4022,51.872,0.48924045862999943,51.19,0,10.18206444911879,-2.548581122763731,-0.2289135968339746
2022-07-03,50.95,56.84333,52.2445,0.3692245642348828,50.55,0,12.449713913552491,-2.477772779909846,-0.12001589439511662
2022-07-04,52.26,49.061363,52.55,0.38098760813614874,50.95,0,-3.7068435324536977,-0.5518553758325389,0.011763043901265924
2022-07-05,49.7,49.307793,52.5025,0.22688779258132552,52.26,0,-5.649076418725181,-5.337841055187838,-0.15409981555482322
2022-07-06,50.34,52.08567,52.7805,0.1806059180287911,49.7,0,4.800141793141656,-4.623866768977179,-0.04628187455253441
2022-07-07,52.15,54.62135,53.008,0.2785834417037414,50.34,0,8.504865583466017,-1.6186236039843118,0.09797752367495027
2022-07-08,51.35,57.9806,53.216499999999996,0.29464476714810806,52.15,0,11.180438062717226,-3.507370834233734,0.01606132544436667
2022-07-09,54.09,52.151665,53.206500000000005,0.4837636201918327,51.35,1,1.561177670665467,1.660511403681877,0.18911885304372467
2022-07-10,52.12,50.710964,53.174,0.469753864345821,54.09,1,-6.247061928487971,-1.9821717380674804,-0.014009755846011718
2022-07-11,48.71,49.284782,52.9335,0.2361933462785848,52.12,1,-5.439788162571045,-7.97887915970038,-0.2335605180672362
2022-07-12,47.33,48.366154,52.69349999999999,0.006277817290386567,48.71,0,-0.7059049126647202,-10.178674789110604,-0.22991552898819823
2022-07-13,49.56,48.12275,52.3845,0.02106690675500822,47.33,0,1.6749404787941748,-5.391862096612548,0.014789089464621652
2022-07-14,51.32,49.637794,52.158500000000004,0.1584145241058581,49.56,0,0.15697032814548822,-1.6075999118072861,0.13734761735084988
2022-07-15,51.78,48.01535,51.8035,0.2820554416174732,51.32,0,-6.439301750200946,-0.045363730249883744,0.1236409175116151
2022-07-16,55.08,47.06836,51.727,0.5712231078466519,51.78,0,-9.099344582850524,6.482107990024555,0.28916766622917867
2022-07-17,55.76,45.599525,51.722,0.7804768742837067,55.08,0,-17.212190538017143,7.807122694404696,0.20925376643705484
2022-07-18,58.6,44.96016,52.017999999999994,1.0647400174839219,55.76,0,-19.36843740717752,12.653312314967913,0.2842631432002152
2022-07-19,57.9,58.709843,52.229,1.1527747533879005,58.6,1,0.18744484963270341,10.857952478508109,0.08803473590397859
2022-07-20,57.2,60.266106,52.397000000000006,1.1105749920026584,57.9,1,4.086538258817738,9.166555337137616,-0.04219976138524206
2022-07-21,58.02,62.525265,52.7385,1.0834305759514882,57.2,1,9.309903391591314,10.014505532011722,-0.02714441605117024
2022-07-22,56.09,63.94344,53.015499999999996,0.8891775808919925,58.02,1,10.209306245505989,5.799247389914285,-0.19425299505949567
2022-07-23,56.32,61.60516,53.284000000000006,0.7361867672072692,56.09,1,9.832697021789054,5.697770437654819,-0.15299081368472334
2022-07-24,58.39,55.908314,53.5905,0.73282490355243,56.32,0,-0.7309770042246043,8.955878373965538,-0.003361863654839148
2022-07-25,54.0,52.521164,53.80550000000001,0.4094914369773021,58.39,0,-10.051097892739019,0.3614872085567289,-0.3233334665751279
2022-07-26,53.88,49.43303,53.982499999999995,0.17412375385783085,54.0,0,-8.45735337999132,-0.18987634881673143,-0.23536768311947126
2022-07-27,59.01,46.263054,54.3255,0.3408755542898033,53.88,0,-14.13687102070719,8.623022337576277,0.16675180043197246
2022-07-28,63.41,42.288162,54.9285,0.703562832812771,59.01,0,-28.337294981451766,15.440982367987468,0.36268727852296767
2022-07-29,60.65,57.390705,55.256499999999996,0.7115079717031104,63.41,0,-9.49265871527743,9.760842615800861,0.007945138890339432
2022-07-30,60.42,59.21714,55.6715,0.6565281315275657,60.65,0,-2.3625058569597566,8.52949893572115,-0.05497984017554469
2022-07-31,59.74,62.222122,56.223,0.5347759584731309,60.42,1,2.9826583786541057,6.255447059032786,-0.12175217305443486
2022-08-01,59.44,60.7356,56.828500000000005,0.40058648053001544,59.74,1,1.6665542648514622,4.595405474365841,-0.13418947794311542
2022-08-02,58.05,55.938484,57.253,0.19516170382398657,59.44,1,-5.890840861550246,1.3920667912598415,-0.20542477670602888
2022-08-03,57.77,57.413387,57.5755,0.02624952199114583,58.05,0,-1.0966627070043287,0.33781730076161737,-0.16891218183284074
2022-08-04,59.65,54.870472,57.96900000000001,0.026863708819944154,57.77,0,-5.019089571844036,2.899825768945454,0.0006141868287983243
2022-08-05,62.47,53.84867,58.33850000000001,0.19362891872809662,59.65,0,-9.725614485376937,7.081944170659149,0.16676520990815247
2022-08-06,60.83,53.036106,58.592000000000006,0.17072416305268368,62.47,0,-15.101478934497933,3.8196340797378348,-0.022904755675412947
2022-08-07,61.1,50.77749,58.717,0.15164127559834917,60.83,0,-16.525581606943785,4.058449852683213,-0.019082887454334507
2022-08-08,62.61,62.272255,58.95250000000001,0.2147424995893672,61.1,1,1.9185841961500079,6.204147406810553,0.06310122399101803
2022-08-09,59.16,63.592358,59.0505,0.009022207901953072,62.61,1,1.569010757863037,0.18543450097797146,-0.20572029168741413
2022-08-10,61.59,62.072575,59.229000000000006,0.02082129556346457,59.16,1,4.923216050504596,3.98622296510155,0.011799087661511498
2022-08-11,61.84,59.864487,59.51649999999999,0.029168825411135746,61.59,0,-2.8016127710083873,3.9039594062151,0.008347529847671176
2022-08-12,62.88,59.463764,59.844500000000004,0.08526486714321946,61.84,0,-3.842554672260956,5.072312409661705,0.05609604173208371
2022-08-13,63.8,62.32307,60.114999999999995,0.1604956483424953,62.88,0,-0.8857020894989752,6.129917657822511,0.07523078119927584
2022-08-14,63.14,66.156876,60.57199999999999,0.14257828079545165,63.8,1,3.6941623986701653,4.239582645446762,-0.01791736754704365
2022-08-15,60.67,65.17301,60.911500000000004,-0.048618220044934546,63.14,1,3.2198476081488057,-0.3964768557661559,-0.1911965008403862
2022-08-16,61.33,66.05769,61.027499999999996,-0.13853978964040037,60.67,1,8.880325500981227,0.4956781778706354,-0.08992156959546582
2022-08-17,60.52,66.134285,60.882999999999996,-0.2537665626941217,61.33,0,7.833499059423664,-0.59622554736132,-0.11522677305372131
2022-08-18,60.02,59.08009,60.85150000000001,-0.35845190807398586,60.52,-1,-2.379230718618979,-1.366441254529478,-0.10468534537986418
2022-08-19,53.99,59.18024,60.53000000000001,-0.8031370085259353,60.02,-1,-1.3991325706372668,-10.804559722451685,-0.4446851004519494
2022-08-20,54.1,55.30657,60.248000000000005,-1.0439452732534322,53.99,-1,2.4385407404185053,-10.204488115788081,-0.24080826472749695
2022-08-21,55.67,56.153076,60.0595,-1.0487907683257653,54.1,0,3.7949651975508294,-7.308585652561208,-0.004845495072333117
2022-08-22,57.22,57.590336,60.01800000000001,-0.9043713088450198,55.67,0,3.4494985556803734,-4.6619347529074755,0.14441945948074553
2022-08-23,57.08,54.998264,59.98350000000001,-0.7797567810044298,57.22,-1,-3.882795678531734,-4.840497803562659,0.12461452784059002
2022-08-24,56.46,53.09996,59.824,-0.702943355295747,57.08,-1,-6.972739440875195,-5.623161273067661,0.07681342570868277
2022-08-25,56.63,51.96724,59.532,-0.6080993165324082,56.46,-1,-7.957422281468629,-4.874689242760186,0.0948440387633388
2022-08-26,52.68,53.790287,59.1245,-0.7684687136323232,56.63,-1,-5.014502882178593,-10.89988076009099,-0.16036939709991493
2022-08-27,53.01,52.959835,58.720000000000006,-0.8055030224483856,52.68,0,0.5311978976655936,-9.724114441416907,-0.0370343088160624
2022-08-28,53.41,50.07155,58.260000000000005,-0.7569887468695194,53.01,-1,-5.543202297841795,-8.324751115688308,0.04851427557886612
2022-08-29,55.8,50.76333,58.092000000000006,-0.5286749929609376,53.41,-1,-4.955385597741814,-3.9454658128485995,0.22831375390858188
2022-08-30,53.01,47.162018,57.663,-0.5290055349070943,55.8,-1,-15.480254798807119,-8.069299203995628,-0.00033054194615678156
2022-08-31,53.84,50.373146,57.263,-0.4404029107230669,53.01,-1,-4.974257579458766,-5.977681923755295,0.08860262418402742
2022-09-01,57.58,50.684494,56.99799999999999,-0.11399022787170554,53.84,0,-5.860895210708239,1.021088459244198,0.3264126828513614
2022-09-02,60.99,58.397655,56.857499999999995,0.32356607812677485,57.58,1,1.4200338434535404,7.2681704260651765,0.4375563059984804
2022-09-03,60.15,57.660545,56.708000000000006,0.5358850855483248,60.99,1,-5.459017299358761,6.0696903435141305,0.21231900742154997
2022-09-04,60.9,58.56162,56.719500000000004,0.6961482995456,60.15,1,-2.6407002411776523,7.370481051490218,0.16026321399727517
2022-09-05,60.39,59.809864,56.6725,0.7333857690114614,60.9,0,-1.7900426203785642,6.55961886276413,0.03723746946586137
2022-09-06,54.11,57.26094,56.35200000000001,0.3216615807841823,60.39,0,-5.181419851369743,-3.9785633162975778,-0.4117241882272791
2022-09-07,57.31,53.998383,56.216499999999996,0.25437850681976926,54.11,0,-0.2062787500288753,1.945158449921297,-0.06728307396441302
2022-09-08,57.96,54.186363,56.415,0.2431967174517013,57.31,0,-5.450421880623205,2.7386333421962274,-0.011181789368067963
2022-09-09,61.13,51.520702,56.76649999999999,0.42803051258963937,57.96,0,-11.109899306313757,7.686751869500514,0.18483379513793807
2022-09-10,63.28,53.53094,57.14699999999999,0.659964200464648,61.13,0,-12.430981499228722,10.731971932034947,0.23193368787500862
2022-09-11,62.16,56.379803,57.39399999999999,0.6990728888663839,63.28,0,-10.904230872538841,8.304003902846999,0.03910868840173587
2022-09-12,61.38,62.692684,57.609,0.635377138345599,62.16,1,0.8569565212097616,6.545852210592096,-0.06369575052078491
2022-09-13,59.1,63.951534,57.741,0.41340994490730254,61.38,1,4.189531233692134,2.353613550163665,-0.2219671934382964
2022-09-14,60.18,63.791607,57.91850000000001,0.3173622698778006,59.1,1,7.938421155797243,3.90462460181115,-0.09604767502950196
2022-09-15,56.34,62.456833,58.1015,-0.009432751434966247,60.18,0,3.783371362150528,-3.031763379602933,-0.32679502131276683
2022-09-16,55.95,60.793392,58.2485,-0.24353216473922584,56.34,0,7.90449446467249,-3.946024361142342,-0.2340994133042596
2022-09-17,57.83,53.959286,58.4695,-0.26183873274873476,55.95,-1,-3.558023706731043,-1.0937326298326449,-0.018306568009508917
2022-09-18,52.63,52.54719,58.311,-0.5951631417769869,57.83,-1,-9.135065502553955,-9.742587161941996,-0.33332440902825217
2022-09-19,52.91,50.813705,58.306,-0.7573839194222792,52.63,-1,-3.4510631876573528,-9.25462216581484,-0.1622207776452923
2022-09-20,52.3,49.023075,58.229,-0.8589278641659672,52.91,-1,-7.346295400189437,-10.182211612770272,-0.101543944743688
2022-09-21,51.09,48.464874,57.904500000000006,-0.9534505721205764,52.3,-1,-7.332936390864001,-11.768515400357488,-0.09452270795460915
2022-09-22,53.57,52.572952,57.533500000000004,-0.8009571821331317,51.09,0,2.902627266603658,-6.889029869554266,0.15249338998744466
2022-09-23,55.22,51.775036,57.287,-0.552775960472786,53.57,-1,-3.3506890831541973,-3.60814844554611,0.24818122166034573
2022-09-24,53.43,51.489605,56.9135,-0.47590240474444256,55.22,-1,-6.755514397046047,-6.1206919272228895,0.07687355572834342
2022-09-25,52.53,49.229977,56.520500000000006,-0.4525486154167968,53.43,-1,-7.8607960807547546,-7.06027016746137,0.023353789327645758
2022-09-26,53.44,48.888332,56.487,-0.3474228017001293,52.53,-1,-6.932548321067279,-5.394161488484083,0.10512581371666752
2022-09-27,52.65,52.11601,56.254,-0.3042529177995241,53.44,-1,-2.4775285206868936,-6.406655526718098,0.043169883900605166
2022-09-28,53.29,51.705677,56.02049999999999,-0.21022613386777533,52.65,-1,-1.7935858832465252,-4.8741085852500285,0.09402678393174879
2022-09-29,53.96,51.650726,55.662,-0.08685859184598499,53.29,-1,-3.076137514806951,-3.0577413675397906,0.12336754202179034
2022-09-30,53.48,51.68764,55.172000000000004,-0.024760306576095514,53.96,-1,-4.2111913569332335,-3.066773000797519,0.062098285269889475
2022-10-01,52.92,52.229836,54.71,-0.009368678540173425,53.48,-1,-2.3376299359500576,-3.2717967464814457,0.01539162803592209
2022-10-02,51.82,52.70542,54.23199999999999,-0.05849891832334286,52.92,-1,-0.4054772340251237,-4.4475586369670905,-0.04913023978316944
2022-10-03,54.17,52.71044,53.9855,0.0748095445330037,51.82,1,1.7183357571506532,0.3417584351353602,0.13330846285634657
2022-10-04,55.28,51.724056,53.7405,0.2361743926557609,54.17,1,-4.515310607538337,2.8646923642318254,0.1613648481227572
2022-10-05,54.63,53.64984,53.654999999999994,0.2938080500065088,55.28,1,-2.948912249287719,1.817165222253301,0.05763365735074788
2022-10-06,53.53,54.228706,53.534000000000006,0.254016158339878,54.63,0,-0.7345664289524461,-0.007471887025077312,-0.039791891666630774
2022-10-07,52.83,53.29534,53.284000000000006,0.1801938880298607,53.53,0,-0.4383682202517885,-0.8520381352751439,-0.07382227031001731
2022-10-08,52.79,53.479214,53.29200000000001,0.13062088085868484,52.83,0,1.2288732057535703,-0.9419800345267759,-0.049573007171175854
2022-10-09,53.9,54.1906,53.341499999999996,0.17193814296901944,52.79,1,2.6531565616157495,1.047027173963991,0.041317262110334596
2022-10-10,52.63,52.312584,53.358000000000004,0.11577982418113553,53.9,1,-2.9451133147683763,-1.3643689793470548,-0.05615831878788391
2022-10-11,52.03,55.332172,53.404999999999994,0.04396356068881746,52.63,1,5.134281576665068,-2.5746652935118304,-0.07181626349231807
2022-10-12,52.23,50.113888,53.338,0.017051857209987697,52.03,0,-3.6827065407164454,-2.0773182346544754,-0.026911703478829763
2022-10-13,51.1,49.941284,53.132000000000005,-0.06522013954174577,52.23,-1,-4.381994677986784,-3.824437250621101,-0.08227199675173347
2022-10-14,51.31,51.006126,53.025999999999996,-0.09221374218572187,51.1,-1,-0.1837056676935571,-3.236148304605277,-0.0269936026439761
2022-10-15,50.39,51.198475,52.919,-0.15504865541058865,51.31,-1,-0.21735551737828715,-4.7790018707836435,-0.06283491322486678
2022-10-16,51.43,53.050858,52.81850000000001,-0.11161828943355645,50.39,0,5.280526977466386,-2.6288137679033055,0.043430365977032204
2022-10-17,51.82,51.70406,52.777,-0.045086677524925456,51.43,0,0.5328788660899834,-1.8132898800613917,0.066531611908631
2022-10-18,51.86,50.139454,52.705499999999994,0.010203230075588765,51.82,0,-3.2430453725599135,-1.60419690544629,0.05528990760051422
2022-10-19,50.94,51.190994,52.554500000000004,-0.0057395456050817195,51.86,-1,-1.2900226326739046,-3.0720490157836275,-0.015942775680670485
2022-10-20,51.22,52.508408,52.4415,0.011100437651992645,50.94,-1,3.0789312775293283,-2.3292621301831544,0.016839983257074365
2022-10-21,51.63,53.750996,52.376999999999995,0.055876235508073746,51.22,-1,4.941420609110366,-1.4261985222521198,0.0447757978560811
2022-10-22,52.18,50.326214,52.395,0.12462155912718398,51.63,0,-2.525249202653652,-0.41034449852085775,0.06874532361911023
2022-10-23,54.03,51.14475,52.388,0.28746569888866635,52.18,0,-1.9840002151319647,3.1343055661601955,0.16284413976148238
2022-10-24,52.54,53.766533,52.251,0.28694640509060565,54.03,0,-0.4876311346488662,0.5530994622112524,-0.0005192937980607049
2022-10-25,55.92,52.399807,52.3155,0.4941993121435778,52.54,0,-0.2668310309890365,6.889927459357173,0.20725290705297217
2022-10-26,56.39,51.263123,52.4585,0.63397948770862,55.92,0,-8.327749358737933,7.494495648941543,0.1397801755650422
2022-10-27,54.75,55.66616,52.5545,0.5880413164135219,56.39,0,-1.2836308148677191,4.177568048406897,-0.04593817129509814
2022-10-28,54.92,56.167202,52.661,0.542276344518625,54.75,1,2.588496796072346,4.2897020565503885,-0.04576497189489681
2022-10-29,56.6,55.19193,52.79600000000001,0.5941477209864037,54.92,1,0.4951363137752894,7.20509129479505,0.05187137646777862
2022-10-30,55.35,50.893936,52.932,0.5161565479840514,56.6,1,-10.081384881225157,4.568125141691224,-0.07799117300235225
2022-10-31,55.01,50.051846,53.080999999999996,0.41775611988606287,55.35,0,-9.572094759643889,3.6340686874776327,-0.09840042809798855
2022-11-01,55.1,56.483837,53.2245,0.338211323868005,55.01,1,2.679216738203143,3.5237531587896593,-0.07954479601805786
2022-11-02,60.95,56.959732,53.717000000000006,0.6414736339616833,55.1,1,3.3751942934012,13.465011076567931,0.3032623100936783
2022-11-03,61.84,58.277122,54.2435,0.8507768498436538,60.95,1,-4.385360955605265,14.00444292864584,0.20930321588197043
2022-11-04,67.58,57.373768,55.10300000000001,1.297792882310579,61.84,0,-7.222238271695989,22.643050287643117,0.44701603246692534
2022-11-05,69.23,58.35181,55.99300000000001,1.6063972063599903,67.58,0,-13.655207967856958,23.640455056882097,0.3086043240494112
2022-11-06,68.26,66.45421,56.81500000000001,1.6412066210662464,69.23,0,-4.00952134331441,20.1443280823726,0.03480941470625609
2022-11-07,67.42,61.00312,57.592999999999996,1.5071375782712213,68.26,0,-10.631232900141699,17.062837497612566,-0.13406904279502507
2022-11-08,57.82,58.4646,57.937,0.7117691043495098,67.42,0,-13.283002655925543,-0.20194349034295414,-0.7953684739217115
2022-11-09,50.68,57.155876,57.910000000000004,-0.3010253245898391,57.82,-1,-1.1486057425320504,-12.48489034709032,-1.012794428939349
2022-11-10,60.56,59.460777,58.356500000000004,-0.3101430365825273,50.68,-1,17.32592202587775,3.775928988201825,-0.009117711992688182
2022-11-11,61.49,57.575474,58.822,-0.2601588737655476,60.56,-1,-4.928213696498698,4.535717928666143,0.049984162816979705
2022-11-12,59.94,56.572147,59.11749999999999,-0.333425904790988,61.49,0,-7.997808799179112,1.3912969932761117,-0.07326703102544041
2022-11-13,57.37,55.712727,59.359,-0.5444376895219443,59.94,-1,-7.052508186490523,-3.3507976886403146,-0.21101178473095628
2022-11-14,56.7,55.81349,59.398,-0.708229186003742,57.37,-1,-2.713104721476268,-4.542240479477424,-0.1637914964817977
2022-11-15,58.01,55.161217,59.479000000000006,-0.7058645277878617,56.7,-1,-2.7139034641272644,-2.4697792498192777,0.0023646582158802776
2022-11-16,57.49,58.9355,59.61600000000001,-0.7146578868239846,58.01,0,1.5954164775604456,-3.566156736446599,-0.008793359036122883
2022-11-17,62.59,56.84471,59.9995,-0.36969979195617286,57.49,0,-1.1224364172709418,4.317535979466506,0.3449580948678117
2022-11-18,62.62,57.45905,60.3005,-0.14381334738219542,62.59,0,-8.197716528433435,3.8465684364142883,0.22588644457397744
2022-11-19,63.98,58.653862,60.73199999999999,0.08080522549122127,62.62,0,-6.333660173248609,5.348086675887513,0.2246185728734167
2022-11-20,62.12,58.312435,61.0875,0.08717719524387002,63.98,0,-8.858338308617556,1.6901984857785946,0.006371969752648754
2022-11-21,61.31,62.31738,61.398,0.02323224566258264,62.12,0,0.3177382450140646,-0.14332714420665327,-0.06394494958128738
2022-11-22,70.66,60.39861,61.883500000000005,0.5669006266291592,61.31,0,-1.486528851122246,14.18229414949056,0.5436683809665765
2022-11-23,79.02,62.083122,62.74250000000001,1.3984377084773283,70.66,0,-12.13823626745263,25.943339841415288,0.8315370818481691
2022-11-24,78.66,63.942673,63.296499999999995,1.8071374163117215,79.02,0,-19.080393913576067,24.272274138380485,0.40869970783439324
2022-11-25,74.1,56.34336,63.54,1.6572331160542797,78.66,0,-28.371013347471514,16.619452313503295,-0.14990430025744184
2022-11-26,76.47,71.47222,63.9505,1.6035441173685974,74.1,0,-3.5462599534254737,19.576860227832466,-0.05368899868568233
2022-11-27,74.92,67.11269,64.3255,1.3591554281635787,76.47,0,-12.23657148342998,16.47014014659815,-0.24438868920501866
2022-11-28,73.97,61.8506,65.133,1.0432439344701976,74.92,0,-17.444472508957475,13.56762317105001,-0.3159114936933811
2022-11-29,75.8,60.367584,66.389,0.874099276528784,73.97,0,-18.389097974157597,14.175541128801461,-0.16914465794141353
2022-11-30,79.16,59.225014,67.31899999999999,0.9014608469359038,75.8,0,-21.866736500118524,17.589387839985754,0.02736157040711973
2022-12-01,77.57,77.063705,68.12299999999999,0.7326023280656262,79.16,0,-2.6481740218090692,13.867563084420834,-0.16885851887027759
2022-12-02,77.94,73.002556,69.023,0.573021573422535,77.57,0,-5.888157989985851,12.918882111759853,-0.15958075464309118
2022-12-03,76.47,70.565765,69.978,0.3088908950092657,77.94,0,-9.46142496682143,9.277201406156228,-0.2641306784132693
2022-12-04,77.07,72.93177,70.9965,0.12447505573376993,76.47,0,-4.626951321162505,8.554647060066335,-0.18441583927549576
2022-12-05,80.19,60.687843,72.10549999999999,0.16022712531410122,77.07,0,-21.25620433014933,11.21204346409082,0.03575206958033128
2022-12-06,79.88,85.123276,73.225,0.1128422153153732,80.19,1,6.151983734675072,9.088426083987713,-0.04738490999872802
2022-12-07,76.89,82.99053,73.94,-0.15545587683624973,79.88,1,3.8940059105993035,3.9897213957262685,-0.2682980921516229
2022-12-08,78.27,61.142815,74.7225,-0.2689159361576179,76.89,1,-20.480147436297997,4.74756599417846,-0.11346005932136816
2022-12-09,76.31,55.536552,75.339,-0.49191683575507383,78.27,0,-29.044905545931748,1.2888411048726471,-0.22300089959745595
2022-12-10,76.36,54.944733,76.051,-0.6424910539836874,76.31,0,-27.997991526647066,0.4063062944602931,-0.1505742182286136
2022-12-11,76.5,77.17065,76.8105,-0.7325683253184687,76.36,0,1.061611665113239,-0.40424160759271793,-0.09007727133478127
2022-12-12,76.23,76.00973,77.089,-0.8045008537203224,76.5,-1,-0.6408791136897467,-1.1142964625303151,-0.07193252840185371
2022-12-13,77.39,73.60529,77.0075,-0.7681969073335226,76.23,-1,-3.4431414483460876,0.4967048664091257,0.03630394638679979
2022-12-14,75.3,72.02286,76.8395,-0.8716120795625253,77.39,-1,-6.935188440346783,-2.0035268319028674,-0.10341517222900265
2022-12-15,72.42,68.79574,76.7555,-1.1056086684947228,75.3,-1,-8.637797848320258,-5.648455159565108,-0.23399658893219755
2022-12-16,66.25,72.937126,76.24449999999999,-1.6166248799441396,72.42,0,0.7140653958408824,-13.108486513781308,-0.5110162114494168
2022-12-17,64.89,71.353134,75.74300000000001,-1.9638357317330697,66.25,0,7.702844007959905,-14.328716845121011,-0.3472108517889301
2022-12-18,64.37,69.88001,75.263,-2.1320923744518834,64.89,0,7.689956098331069,-14.473247146672335,-0.1682566427188137
2022-12-19,63.37,71.84236,74.64150000000001,-2.205136703435617,64.37,0,11.608453394741817,-15.100848723565322,-0.07304432898373348
2022-12-20,65.55,73.33635,73.961,-2.0067085707732786,63.37,0,15.727236053818352,-11.372209678073581,0.19842813266233827
2022-12-21,65.4,63.766827,73.3525,-1.7926501509948092,65.55,-1,-2.720325507797598,-10.841484611976416,0.2140584197784694
2022-12-22,66.21,65.70968,72.76599999999999,-1.514665496565561,65.4,-1,0.47351475520235176,-9.009702333507406,0.27798465442924813
2022-12-23,65.75,65.72828,72.22999999999999,-1.28878173564364,66.21,-1,-0.7275651506274922,-8.971341547833298,0.22588376092192108
2022-12-24,65.76,67.88952,71.6645,-1.0744633091492584,65.75,0,3.2540208939817017,-8.239086297957844,0.2143184264943816
2022-12-25,69.15,68.24297,71.1125,-0.6604761133506994,65.76,0,3.775811021345367,-2.7597117243803715,0.4139871957985589
2022-12-26,70.78,69.76491,70.6575,-0.25385602372050675,69.15,0,0.8892376528041313,0.173371545837317,0.4066200896301927
2022-12-27,68.67,69.412506,70.2465,-0.11126866396854584,70.78,-1,-1.932034326765154,-2.244239926544377,0.1425873597519609
2022-12-28,66.32,70.30925,69.649,-0.15670920467658855,68.67,-1,2.3871412231391957,-4.779680971729684,-0.04544054070804271
2022-12-29,66.66,69.58325,69.16650000000001,-0.14559323481039477,66.32,-1,4.920464344277755,-3.6238641538895515,0.011115969866193787
2022-12-30,67.94,70.42368,68.74549999999999,-0.03929101688537706,66.66,0,5.646089358691734,-1.1717130575819437,0.1063022179250177
2022-12-31,70.14,69.457634,68.4275,0.17990136222661723,67.94,1,2.2337856522931574,2.5026487888641347,0.2191923791119943
2023-01-01,70.91,71.78656,68.1615,0.366691389759377,70.14,1,2.3475335879580115,4.032334969154131,0.18679002753275975
2023-01-02,74.74,71.571655,68.02900000000001,0.7178266965917337,70.91,1,0.9330916280320173,9.864910552852436,0.3511353068323567
2023-01-03,75.57,71.221275,68.0425,0.9604742838882697,74.74,0,-4.707953800388214,11.062938604548611,0.24264758729653602
2023-01-04,75.46,70.3637,68.1945,1.0602261636883745,75.57,0,-6.889372943364794,10.654085006855373,0.0997518798001048
2023-01-05,74.25,76.57857,68.59450000000001,0.9925687239201391,75.46,1,1.4823317053840694,8.244830124864222,-0.06765743976823546
2023-01-06,75.91,73.87013,69.1455,1.0044235109540713,74.25,1,-0.5116061329440236,9.782993831847334,0.01185478703393228
2023-01-07,76.4,74.5655,69.747,0.9885376227922522,75.91,1,-1.7711785640221518,9.538761523793147,-0.01588588816181913
2023-01-08,78.68,76.927795,70.5125,1.0680777223822147,76.4,1,0.6908316886861836,11.583052650239324,0.07954009958996244
2023-01-09,81.62,70.87902,71.316,1.2429446518725635,78.68,0,-9.914818643978187,14.448370632116218,0.17486692949034888
2023-01-10,80.83,81.2114,72.0875,1.227520969835735,81.62,0,-0.5006090503964693,12.127622680769887,-0.015423682036828534
2023-01-11,84.08,80.59488,72.98100000000001,1.3486609471653859,80.83,0,-0.2908831493373417,15.208067853276862,0.12113997732965087
2023-01-12,86.09,79.99723,73.998,1.466838248483703,84.08,0,-4.855815259532401,16.3409821887078,0.11817730131831716
2023-01-13,86.23,74.98723,75.0215,1.4542813000426627,86.09,0,-12.896702992734715,14.940383756656425,-0.012556948441040383
2023-01-14,87.84,73.33129,75.95599999999999,1.4509382771407302,86.23,0,-14.958493333259346,15.64590025804415,-0.0033430229019324464
2023-01-15,87.37,86.994125,76.7855,1.3174978884789037,87.84,0,-0.9629720330021243,13.784503584661174,-0.1334403886618265
2023-01-16,85.91,83.10228,77.64750000000001,1.0433278256672955,87.37,0,-4.884651867819694,10.641038024405148,-0.27417006281160816
2023-01-17,87.02,82.893745,78.6825,0.856957018075756,85.91,0,-3.5109470115664245,10.596384202332146,-0.18637080759153957
2023-01-18,82.62,83.82409,79.48049999999999,0.3817984423749139,87.02,0,-3.6726165820581786,3.9500254779474373,-0.4751585757008421
2023-01-19,84.21,78.52153,80.29400000000001,0.1319394964602778,82.62,0,-4.960626783627229,4.877076742969565,-0.2498589459146361
2023-01-20,90.28,85.491165,81.301,0.32199442963574354,84.21,1,1.521393137552332,11.044144598467422,0.19005493317546573
2023-01-21,87.91,81.51823,82.151,0.23846089296982242,90.28,1,-9.705110075836116,7.01026159145963,-0.08353353666592112
2023-01-22,87.58,80.33324,82.79299999999999,0.11747090329872378,87.91,1,-8.618772956050574,5.781889773290021,-0.12098998967109864
2023-01-23,89.9,83.84111,83.5095,0.14819549888736638,87.58,0,-4.2691136909200855,7.652422778246789,0.0307245955886426
2023-01-24,87.19,83.43765,84.09599999999999,-0.04893939327556218,89.9,0,-7.188373094671169,3.6791286149162965,-0.19713489216292857
2023-01-25,89.38,86.48219,84.85249999999999,-0.06573996570892993,87.19,0,-0.8117983792131381,5.335729648507709,-0.016800572433367744
2023-01-26,87.52,85.94464,85.433,-0.22694147020543065,89.38,0,-3.8435431715358535,2.442849952594418,-0.16120150449650072
2023-01-27,88.89,84.55025,86.0575,-0.2635519325224087,87.52,0,-3.393227613822193,3.2914040031374325,-0.036610462316978065
2023-01-28,89.67,83.17149,86.607,-0.2572036958873851,88.89,0,-6.433239362950347,3.5366656274896977,0.006348236635023596
2023-01-29,94.84,81.70972,87.268,0.0564831993574888,89.67,0,-8.877309248494482,8.676719988999407,0.3136868952448739
2023-01-30,91.37,94.47677,87.795,-0.005153325733316283,94.84,0,-0.3829939965707082,4.071985876188852,-0.06163652509080508
2023-01-31,94.09,92.04794,88.29549999999999,0.09623887353030902,91.37,1,0.7419756104130135,6.562622104184261,0.1013921992636253
2023-02-01,100.33,89.953415,89.00750000000001,0.5189180009782928,94.09,1,-4.396413097043061,12.720838131618112,0.42267912744798375
2023-02-02,98.64,91.40218,89.628,0.6135592191804706,100.33,1,-8.898451577080788,10.0548935600482,0.09464121820217786
2023-02-03,99.86,81.71103,90.22900000000001,0.6819423581110389,98.64,0,-17.162379305824842,10.673951833667651,0.06838313893056824
2023-02-04,98.51,101.03204,90.786,0.5647170039288838,99.86,1,1.1736866182968662,8.50791972330536,-0.11722535418215507
2023-02-05,96.63,96.22808,91.32199999999999,0.30219052276384595,98.51,1,-2.3164341188592896,5.812400078841908,-0.26252648116503785
2023-02-06,95.93,93.63112,91.7675,0.036970272080254496,96.63,1,-3.1034681005753217,4.535919579371791,-0.26522025068359145
2023-02-07,100.86,93.89777,92.6795,0.14317408721101454,95.93,0,-2.118447052355077,8.826655301334162,0.10620381513076005
2023-02-08,99.22,94.65855,93.42999999999999,0.057003557643707126,100.86,0,-6.148575800362972,6.197152948731678,-0.08617052956730742
2023-02-09,92.05,94.19146,93.5185,-0.4982678862701757,99.22,-1,-5.068071300381254,-1.5702775386688257,-0.5552714439138828
2023-02-10,93.34,90.251785,93.78999999999999,-0.77742135946957,92.05,-1,-1.9535195238236662,-0.4797952873440544,-0.2791534731993943
2023-02-11,94.28,92.25811,94.125,-0.88944003337657,93.34,-1,-1.1590850156559722,0.16467463479415792,-0.11201867390699993
2023-02-12,92.51,91.323654,94.2555,-1.0617483042325127,94.28,-1,-3.135708342379416,-1.8518813225753328,-0.1723082708559427
2023-02-13,91.05,93.66072,94.4485,-1.2406088272298716,92.51,0,1.243888039342025,-3.598257251306266,-0.178860522997359
2023-02-14,95.82,91.570206,94.7705,-1.0137883667120673,91.05,0,0.5713406792713512,1.1074121166396662,0.22682046051780436
2023-02-15,102.82,92.060425,95.5355,-0.39996120934760393,95.82,0,-3.9235808759262087,7.624914298873188,0.6138271573644634
2023-02-16,98.55,91.77312,96.0185,-0.29405706458074565,102.82,0,-10.743904818683433,2.6364710967157308,0.10590414476685828
2023-02-17,100.12,91.59378,96.54100000000001,-0.138695522046127,98.55,0,-7.0585687289922605,3.7072331962585774,0.15536154253461865
2023-02-18,99.71,95.809166,96.7845,-0.08652220873116745,100.12,0,-4.305667244716501,3.022694749675826,0.05217331331495956
2023-02-19,97.43,106.12694,97.0875,-0.22090211942282822,99.71,0,6.435601109428286,0.3527745590318024,-0.13437991069166078
2023-02-20,95.9,101.37879,97.17800000000001,-0.41679883133728923,97.43,0,4.05295269329983,-1.3151124740167586,-0.195896711914461
2023-02-21,93.8,85.413185,96.8515,-0.676409952666905,95.9,-1,-10.935156288186757,-3.1506997826569587,-0.2596111213296157
2023-02-22,95.28,89.45078,96.68350000000001,-0.7323378759245234,93.8,-1,-4.636692136589649,-1.451643765482226,-0.05592792325761842
2023-02-23,94.59,86.631775,96.41999999999999,-0.7944844668045974,95.28,-1,-9.07664262978196,-1.8979464841319065,-0.062146590880074015
2023-02-24,91.55,90.51277,96.072,-1.0054316902524931,94.59,-1,-4.310422236552163,-4.70688650179033,-0.21094722344789574
2023-02-25,93.15,97.085625,95.898,-1.0001805231057461,91.55,0,6.046558923893198,-2.8655446411812453,0.0052511671467470045
2023-02-26,95.27,92.3653,95.865,-0.8242308691390281,93.15,-1,-0.8424014604929945,-0.6206644760861617,0.17594965396671802
2023-02-27,94.07,94.55747,95.52550000000001,-0.7605103372158502,95.27,-1,-0.7479036118359292,-1.523676923962727,0.06372053192317795
2023-02-28,93.8,95.556435,95.25450000000001,-0.7093893960824078,94.07,-1,1.580136740031533,-1.526961980798818,0.051120941133442344
2023-03-01,97.78,95.15917,95.541,-0.3960035654154299,93.8,0,1.449010722926942,2.343496509352011,0.3133858306669779
2023-03-02,95.39,95.88516,95.64349999999999,-0.34027933228280993,97.78,-1,-1.9378580962204703,-0.2650467621950141,0.05572423313261998
2023-03-03,90.56,100.16185,95.45750000000001,-0.6039130874162126,95.39,-1,5.002463545010941,-5.130555482806493,-0.2636337551334027
2023-03-04,89.34,100.064285,95.299,-0.8221359190571286,90.56,-1,10.495014662456173,-6.252951237683504,-0.21822283164091594
2023-03-05,89.93,97.89261,95.24300000000001,-0.8830726766075003,89.34,0,9.573101234137141,-5.578362714320215,-0.060936757550371756
2023-03-06,87.36,90.44934,94.82,-1.041882280938105,89.93,0,0.577494518305897,-7.867538493988604,-0.15880960433060465
2023-03-07,86.29,93.312935,93.9935,-1.155610471443135,87.36,0,6.814256954542447,-8.19577949539063,-0.11372819050503002
2023-03-08,82.76,88.225494,93.204,-1.3894782684322609,86.29,0,2.2430112235086552,-11.205527659757081,-0.23386779698912585
2023-03-09,76.68,96.854996,92.03200000000001,-1.8459556476070396,82.76,0,17.031169317954394,-16.68115438108484,-0.4564773791747787
2023-03-10,71.37,102.36543,90.61500000000001,-2.3646841942631207,76.68,0,33.49691280550053,-21.23820559510015,-0.5187285466560811
2023-03-11,69.21,73.033646,89.204,-2.688822724486159,71.37,0,2.331015314393734,-22.413793103448278,-0.3241385302230384
2023-03-12,76.26,74.10078,88.22200000000001,-2.2801150702335358,69.21,0,7.066575165963427,-13.558976219083677,0.40870765425262334
2023-03-13,81.46,74.53661,87.60499999999999,-1.5463645903325078,76.26,-1,-2.259882685083315,-7.014439815079045,0.7337504799010279
2023-03-14,83.94,71.27423,87.038,-0.8174075449479283,81.46,-1,-12.504013065269756,-3.5593648751120193,0.7289570453845795
2023-03-15,76.43,68.44713,86.13000000000001,-0.7653434887164297,83.94,-1,-18.457078513344722,-11.262045744804368,0.05206405623149868
2023-03-16,78.86,78.38323,85.49549999999999,-0.5041801773777057,76.43,0,2.5555830389888943,-7.7612271990923425,0.26116331133872395
2023-03-17,85.51,78.381004,85.1135,0.14481155372416188,78.86,0,-0.6074000336088076,0.4658485434155606,0.6489917311018676
2023-03-18,83.02,77.84854,84.501,0.41924190377938686,85.51,0,-8.959722535650076,-1.7526419805682876,0.274430350055225
2023-03-19,83.98,77.98442,83.9965,0.6637337472981759,83.02,0,-6.065501353448336,-0.019643675629333987,0.24449184351878905
2023-03-20,78.05,75.77166,83.209,0.43542756131095794,83.98,0,-9.774160691743015,-6.200050475309168,-0.22830618598721797
2023-03-21,82.48,76.30655,82.444,0.5829074872376956,78.05,0,-2.2337615986346857,0.043666003590317505,0.14747992592673764
2023-03-22,87.27,75.07459,82.03800000000001,0.9798375214100856,82.48,0,-8.978427994262818,6.37753236305125,0.39693003417239003
2023-03-23,93.61,72.11787,82.1905,1.6089944534974134,87.27,0,-17.36236219077199,13.893941513921925,0.6291569320873278
2023-03-24,93.58,70.11784,82.4025,1.940539517858483,93.61,0,-25.095776489766386,13.56451563969539,0.33154506436106956
2023-03-25,91.5,69.69196,82.481,1.9329179961844947,93.58,0,-25.52686129963584,10.934639492731666,-0.00762152167398833
2023-03-26,93.32,93.80738,82.77900000000001,1.9575963396789988,91.5,1,2.521727515048668,12.733905942328347,0.02467834349450415
2023-03-27,89.23,94.58945,82.926,1.6196017821621684,93.32,1,1.3603161396103536,7.601958372524904,-0.3379945575168304
2023-03-28,89.13,94.03244,83.2445,1.3229501882068386,89.23,1,5.382091432866605,7.070136765792326,-0.2966515939553298
2023-03-29,91.31,93.42576,83.976,1.210251532034277,89.13,1,4.819654843281063,8.733447651710016,-0.11269865617256158
2023-03-30,89.06,94.4159,84.8605,0.9332882045231028,91.31,1,3.4014907283780844,4.948709941610054,-0.27696332751117425
2023-03-31,89.57,92.090195,85.8785,0.7418954381745899,89.06,1,3.402419382605474,4.298514762134865,-0.19139276634851288
2023-04-01,92.57,96.944885,86.69399999999999,0.7713848199914839,89.57,1,8.233655525182826,6.777862366484423,0.029489381816893978
2023-04-02,92.77,98.21996,87.2595,0.7573253702271145,92.57,1,6.103449361273064,6.315071711389583,-0.014059449764369347
2023-04-03,92.97,99.900406,87.711,0.7149812783875119,92.77,1,7.686111764351694,5.995827205253618,-0.04234409183960264
2023-04-04,92.58,97.510124,88.51849999999999,0.6178466595125427,92.97,1,4.883429285299527,4.588306399227291,-0.09713461887496921
2023-04-05,92.64,89.82263,89.20750000000001,0.5187721081928816,92.58,0,-2.9783626745112315,3.8477706470868367,-0.09907455131966114
2023-04-06,90.97,89.64405,89.4805,0.3120883515167896,92.64,0,-3.2339695615883732,1.66460849011795,-0.20668375667609196
2023-04-07,90.6,90.66484,89.8595,0.13104358419459272,90.97,0,-0.3354504801119175,0.8240642336091312,-0.18104476732219688
2023-04-08,89.91,88.62227,90.156,-0.045160822702456915,90.6,-1,-2.182926405344572,-0.2728603753494047,-0.17620440689704964
2023-04-09,90.58,88.3957,90.7825,-0.12219950584280959,89.91,-1,-1.6842414110073578,-0.22306061190207424,-0.07703868314035267
2023-04-10,93.78,91.90717,91.3475,0.028692667429736085,90.58,-1,1.46519447641674,2.6629081255644707,0.15089217327254567
2023-04-11,94.22,95.3969,91.695,0.13833532015722638,93.78,1,1.7241377290517022,2.753694312667,0.1096426527274903
2023-04-12,92.06,96.753876,91.61749999999999,0.05013470340827686,94.22,1,2.68931833201218,0.4829863290310363,-0.08820061674894952
2023-04-13,94.17,99.1398,91.647,0.11494053765829992,92.06,1,7.690420405594854,2.7529542701888725,0.06480583425002306
2023-04-14,96.33,98.83762,91.8885,0.27517953270445394,94.17,1,4.956592966115965,4.833575474624142,0.16023899504615402
2023-04-15,96.68,98.491135,92.0565,0.37069702985927333,96.33,1,2.243469992271036,5.022459033311072,0.09551749715481939
2023-04-16,100.01,99.218285,92.5955,0.6099729056248413,96.68,1,2.625449531375245,8.007408567370987,0.23927587576556797
2023-04-17,98.84,96.14819,93.08099999999999,0.638240772432503,100.01,0,-3.8614204985751472,6.187084367378966,0.02826786680766169
2023-04-18,101.95,93.66615,93.613,0.8044559801577003,98.84,0,-5.234568035105666,8.905814363389704,0.16621520772519727
2023-04-19,90.47,94.392876,93.6835,0.11548739983614009,101.95,0,-7.4125790373842895,-3.4301664647456556,-0.6889685803215602
2023-04-20,90.22,88.08282,93.716,-0.35696779419551006,90.47,-1,-2.6386458741718584,-3.7304195654957484,-0.47245519403165015
2023-04-21,85.32,85.89213,93.3535,-0.9648882452376468,90.22,-1,-4.7970206265543585,-8.60546203409621,-0.6079204510421368
2023-04-22,87.0,85.86384,93.065,-1.2037280969833102,85.32,-1,0.6374099810135819,-6.51695051845484,-0.23883985174566336
2023-04-23,86.75,87.82292,92.75399999999999,-1.3191395510226342,87.0,0,0.9458870723329741,-6.473036203290415,-0.11541145403932407
2023-04-24,88.31,82.7464,92.5405,-1.2326218600746677,86.75,-1,-4.615102102845822,-4.57151193261328,0.08651769094796657
2023-04-25,91.03,87.55791,92.46000000000001,-0.9472364088081081,88.31,-1,-0.8516508838272164,-1.546614752325337,0.28538545126655956
2023-04-26,88.13,89.09276,92.318,-0.9086612022884869,91.03,-1,-2.128135583092457,-4.536493424900889,0.03857520651962121
2023-04-27,89.73,87.05258,92.2745,-0.7375535418727183,88.13,-1,-1.22253286382687,-2.757533229657163,0.17110766041576864
2023-04-28,89.63,91.345505,92.26050000000001,-0.5991558480125071,89.73,0,1.8004065092412609,-2.8511659919467287,0.13839769386021117
2023-04-29,91.08,91.860245,92.2855,-0.38823218700368267,89.63,0,2.488279316051062,-1.3062723829854102,0.21092366100882443
2023-04-30,88.22,93.737915,92.00750000000001,-0.41707689306115475,91.08,0,2.918220288825759,-4.11651224084994,-0.02884470605747208
2023-05-01,86.75,94.40719,91.634,-0.5050345240436322,88.22,0,7.013362520434533,-5.329899382325338,-0.0879576309824775
2023-05-02,88.2,96.499756,91.441,-0.4379334526163877,86.75,0,11.238911653458212,-3.544361938299012,0.06710107142724453
2023-05-03,88.88,98.81752,91.1765,-0.32530360176473005,88.2,0,12.038004695693377,-2.5187411229867442,0.11262985085165766
2023-05-04,88.38,97.97515,90.77900000000001,-0.264604847496798,88.88,0,10.233068251588348,-2.642681677480491,0.06069875426793203
2023-05-05,88.61,89.77318,90.3755,-0.19244744493529398,88.38,0,1.5763499667186491,-1.9535161631194329,0.07215740256150405
2023-05-06,83.26,90.02913,89.538,-0.47255453133844616,88.61,0,1.601545004311379,-7.011548169492274,-0.2801070864031522
2023-05-07,83.42,88.558266,88.76700000000001,-0.6060581236029295,83.26,0,6.36351871971553,-6.023634909369481,-0.13350359226448338
2023-05-08,77.71,91.02087,87.555,-1.01390336456529,83.42,0,9.111563646659034,-11.244360687567829,-0.4078452409623604
2023-05-09,79.9,91.36672,87.0265,-1.0658502795680271,77.71,0,17.573957157294558,-8.188884994800425,-0.05194691500273718
2023-05-10,80.93,80.66433,86.562,-0.963603077274958,79.9,0,0.9566076705989838,-6.506319170074618,0.10224720229306916
2023-05-11,80.88,81.38577,86.34,-0.8367967873901567,80.93,0,0.5631690412431954,-6.323835997220301,0.12680628988480125
2023-05-12,80.45,80.6326,86.0125,-0.7235882155503193,80.88,-1,-0.3058866506514224,-6.467083272780119,0.11320857183983746
2023-05-13,80.26,81.49156,85.688,-0.6078715671272996,80.45,-1,1.2946698441869915,-6.334609280179252,0.11571664842301965
2023-05-14,83.5,81.23926,85.44749999999999,-0.2763689136586738,80.26,-1,1.2201069181410351,-2.2791772725942727,0.33150265346862584
2023-05-15,86.89,83.811874,85.2405,0.18320886065653097,83.5,1,0.37350226305202094,1.9351130037951483,0.45957777431520475
2023-05-16,89.99,84.44062,85.3335,0.6800451205851772,86.89,1,-2.818943005681574,5.456825279638119,0.4968362599286462
2023-05-17,93.88,84.58174,85.541,1.223055293778225,89.99,1,-6.00984405710877,9.748541635005434,0.5430101731930479
2023-05-18,90.43,83.63216,85.58099999999999,1.2953316478726677,93.88,0,-10.915896493320924,5.665977261308022,0.07227635409444266
2023-05-19,91.8,84.65614,85.61699999999999,1.3734211346299925,90.43,0,-6.384890867547766,7.221696625670145,0.07808948675732474
2023-05-20,92.42,96.52103,85.827,1.4000670479451398,91.8,1,5.142730513429333,7.681731855942772,0.026645913315147318
2023-05-21,92.18,96.67526,86.0985,1.3349980763582014,92.42,1,4.604265798714427,7.063421546252263,-0.06506897158693836
2023-05-22,90.83,96.62668,86.22999999999999,1.1419746772432045,92.18,1,4.823908078538585,5.3345703351501905,-0.193023399114997
2023-05-23,91.7,96.99159,86.37100000000001,1.0179429497685017,90.83,1,6.783653426430216,6.169894987901023,-0.1240317274747027
2023-05-24,85.82,98.20557,86.243,0.5105664849336717,91.7,0,7.094401751635765,-0.4904745892420276,-0.50737646483483
2023-05-25,86.57,82.674,86.14099999999999,0.21146190484466493,85.82,0,-3.6658079689184047,0.49802068701315527,-0.2991045800890068
2023-05-26,87.08,85.308304,86.33200000000001,0.04277945978084008,86.57,0,-1.4574288633385477,0.8664226474540037,-0.16868244506382485
2023-05-27,88.55,84.58737,86.5885,0.02585314898165736,87.08,0,-2.8624577099542066,2.2653123682706147,-0.01692631079918272
2023-05-28,91.45,83.67205,87.2755,0.19613228301934987,88.55,0,-5.508695114540687,4.783129285996654,0.17027913403769251
2023-05-29,90.86,80.364586,87.8235,0.25165117765933276,91.45,0,-12.121830643559496,3.457502832385414,0.055518894639982885
2023-05-30,92.25,93.37129,88.3895,0.35811559574377105,90.86,1,2.763913839156739,4.36760022400851,0.1064644180844383
2023-05-31,90.42,95.281715,88.8665,0.2846215448493713,92.25,1,3.2864123502074865,1.7481278096920658,-0.07349405089439975
2023-06-01,94.19,96.94363,89.55350000000001,0.45891589887015616,90.42,1,7.2148046934401595,5.177352085624775,0.17429435402078486
2023-06-02,95.45,97.395134,90.313,0.6181541282421192,94.19,1,3.4028389130140897,5.687996191024548,0.15923822937196308
2023-06-03,96.03,97.144264,90.9395,0.7148030295634338,95.45,1,1.7750279949621826,5.5976775768505505,0.09664890132131454
2023-06-04,94.19,96.84699,91.30449999999999,0.6110877303744866,96.03,1,0.8507679815430387,3.1603042566357717,-0.10371529918894717
2023-06-05,87.71,96.83848,91.1905,0.08971820670837527,94.19,0,2.811846362011794,-3.816735295891575,-0.5213695236661113
2023-06-06,90.92,95.9228,91.0425,-0.0479091651482868,87.71,0,9.36358243842012,-0.13455254414147488,-0.13762737185666207
2023-06-07,88.85,91.9373,90.9635,-0.27464780659936716,90.92,0,1.1188975316126109,-2.3234594095433905,-0.22673864145108036
2023-06-08,88.5,94.83236,90.7985,-0.43496129153419827,88.85,0,6.733099959442712,-2.5314294839672504,-0.1603134849348311
2023-06-09,89.3,89.67975,90.6425,-0.47085519929067154,88.5,0,1.3330491922669492,-1.4810933061201987,-0.035893907756473276
2023-06-10,77.13,92.21388,89.89,-1.2535256339947327,89.3,0,3.263026255642851,-14.195127377906335,-0.7826704347040612
2023-06-11,77.68,92.61759,89.2325,-1.6486145285925935,77.13,0,20.07985460639202,-12.946516123609667,-0.3950888945978608
2023-06-12,77.5,88.968254,88.5225,-1.8228929784416248,77.68,0,14.531738014103324,-12.451636589567618,-0.1742784498490313
2023-06-13,77.5,88.435936,88.10650000000001,-1.833993833690325,77.5,0,14.110885127898184,-12.038271864164402,-0.011100855248700192
2023-06-14,73.15,79.595345,87.4355,-2.0156630034244896,77.5,0,2.703670378654234,-16.33832939709843,-0.18166916973416458
2023-06-15,74.6,77.84021,86.8115,-1.9199811362952661,73.15,0,6.411770281527675,-14.066684713430828,0.09568186712922344
2023-06-16,76.13,80.97737,86.1905,-1.6459953755369865,74.6,0,8.548754980992385,-11.672400090497218,0.27398576075827963
2023-06-17,76.86,82.81796,85.46099999999998,-1.3219175495340343,76.13,0,8.784924006941258,-10.064239828693774,0.3240778260029522
2023-06-18,77.19,79.40242,84.7775,-1.00594583066786,76.86,0,3.307858501099809,-8.949898263100476,0.31597171886617437
2023-06-19,77.48,76.34189,84.039,-0.7118785748577845,77.19,-1,-1.0987324423702847,-7.804709718107067,0.2940672558100754
2023-06-20,80.33,75.127716,83.5345,-0.2819603689604202,77.48,-1,-3.0359885590434676,-3.8361395591043173,0.4299182058973643
2023-06-21,85.05,74.294556,83.07750000000001,0.3305512338767178,80.33,-1,-7.513313003781276,2.37428906743701,0.612511602837138
2023-06-22,85.93,77.354576,82.6015,0.7795867479601379,85.05,0,-9.048117447572197,4.029587840414527,0.44903551408342013
2023-06-23,91.26,78.901566,82.363,1.3848312011224149,85.93,0,-8.17925572936366,10.802180590799274,0.6052444531622769
2023-06-24,89.71,91.97636,82.139,1.6140346391800267,91.26,1,0.7849622028793021,9.217302377676862,0.22920343805761179
2023-06-25,88.2,93.45885,82.1635,1.5944016262558027,89.71,1,4.1788507924405796,7.34693629166236,-0.019633012924223925
2023-06-26,87.21,95.48973,81.978,1.4493831629634661,88.2,1,8.265000946667726,6.3822001024665145,-0.14501846329233659
2023-06-27,88.07,97.03348,81.939,1.348136876631891,87.21,1,11.2641644114243,7.482395440510626,-0.10124628633157506
2023-06-28,83.02,96.86977,81.66499999999999,0.8993985706380786,88.07,1,9.991786346487533,1.6592175350517406,-0.4487383059938125
2023-06-29,84.73,82.47709,81.4365,0.6857400983995219,83.02,0,-0.6539521462025293,4.044255340050234,-0.21365847223855672
2023-06-30,108.7,80.81984,83.015,2.0496436980601525,84.73,0,-4.614847778190654,30.940191531650907,1.3639035996606306
2023-07-01,107.1,82.343216,84.48599999999999,2.694345345087232,108.7,0,-24.24727144215013,26.7665648746538,0.6447016470270794
2023-07-02,113.58,82.45827,86.28999999999999,3.3639745813999324,107.1,0,-23.00815386375904,31.625912620234104,0.6696292363127005
2023-07-03,107.27,80.105896,87.77850000000001,3.1902297779108064,113.58,0,-29.47182955089474,22.205323627084063,-0.17374480348912602
2023-07-04,104.27,104.84848,89.3345,2.7009477430982356,107.27,0,-2.2574063348472277,16.718624943330955,-0.4892820348125708
2023-07-05,102.6,101.21086,90.7345,2.1182635440546695,104.27,0,-2.9338628502400583,13.077164694796354,-0.582684199043566
2023-07-06,95.25,100.56639,91.6905,1.140269664943661,102.6,0,-1.9820750572992758,3.8820815678832594,-0.9779938791110085
2023-07-07,98.23,96.86018,92.759,0.6224089540060405,95.25,1,1.6904815914124016,5.8980799706767035,-0.5178607109376205
2023-07-08,97.79,97.46444,93.789,0.20042290664729911,98.23,1,-0.7793551948591675,4.26595869451642,-0.42198604735874135
2023-07-09,95.08,97.89748,94.66900000000001,-0.2846724542913801,97.79,1,0.10990509897643548,0.4341442288394164,-0.4850953609386792
2023-07-10,96.72,97.70995,95.4885,-0.505638346235445,95.08,0,2.766042604233772,1.2896840980851065,-0.2209658919440649
2023-07-11,96.77,99.24878,96.07449999999999,-0.6497872402661771,96.72,0,2.614536080309141,0.7239173766191964,-0.14414889403073206
2023-07-12,96.21,97.83177,96.5885,-0.7756799833472989,96.77,0,1.0972117914497692,-0.39186859719325023,-0.12589274308112186
2023-07-13,101.85,96.23039,97.11800000000001,-0.48609317181791045,96.21,0,0.02119577596371869,4.8724232377108105,0.2895868115293885
2023-07-14,95.13,102.42094,97.389,-0.7389508639363482,101.85,0,0.5605661114115483,-2.3195638111080314,-0.2528576921184378
2023-07-15,94.78,100.02727,97.71799999999999,-0.9103443069846402,95.13,0,5.147973779096702,-3.006610859821106,-0.17139344304829196
2023-07-16,92.89,100.084045,98.002,-1.1178971529015937,94.78,0,5.596165235446559,-5.216220077141278,-0.20755284591695355
2023-07-17,92.2,97.90179,98.2085,-1.2581046385447983,92.89,0,5.395399724619677,-6.11810586660014,-0.1402074856432045
2023-07-18,91.56,96.883194,98.63550000000001,-1.3426930908349997,92.2,0,5.079386084302126,-7.1733807807533845,-0.0845884522902014
2023-07-19,91.99,90.93107,98.9985,-1.3166411746566618,91.56,-1,-0.6869064871011861,-7.079400192932228,0.02605191617833791
2023-07-20,92.37,91.7853,98.18199999999999,-1.2227976951018793,91.99,-1,-0.22252287368616278,-5.919618667372822,0.09384347955478245
2023-07-21,94.09,89.38255,97.53150000000001,-1.0030805344215006,92.37,-1,-3.2342177107438204,-3.528603579356418,0.21971716068037872
2023-07-22,92.09,85.01478,96.457,-0.9511016115797142,94.09,-1,-9.645256523321258,-4.5274059943809055,0.0519789228417864
2023-07-23,93.16,86.05733,95.7515,-0.8088946067308468,92.09,-1,-6.550844531971105,-2.7064850159005305,0.1422070048488674
2023-07-24,89.14,95.7365,94.99499999999999,-0.9405773886691133,93.16,0,2.7656758276880877,-6.163482288541492,-0.13168278193826655
2023-07-25,89.45,98.20705,94.3375,-0.9585517033554205,89.14,0,10.171692291663744,-5.180866569497816,-0.01797431468630717
2023-07-26,90.64,97.52675,94.107,-0.845969233003719,89.45,0,9.029344502209682,-3.684104264294897,0.11258247035170155
2023-07-27,90.6,99.18671,93.7255,-0.734025649716697,90.64,0,9.429287889418303,-3.3347381449018707,0.11194358328702192
2023-07-28,91.44,99.67351,93.408,-0.5705182389850604,90.6,0,10.014909150584652,-2.106885919835564,0.16350741073163666
2023-07-29,94.32,89.64839,93.36999999999999,-0.25177458816358567,91.44,0,-1.9593266364470532,1.0174574274392234,0.3187436508214747
2023-07-30,94.03,96.458725,93.2355,-0.05416908744127874,94.32,0,2.2675201183057085,0.8521432287058034,0.19760550072230693
2023-07-31,92.28,95.981735,93.011,-0.0358997661068981,94.03,0,2.075651631917671,-0.785928546085941,0.01826932133438064
2023-08-01,93.94,95.88495,92.89750000000001,0.08670746074028235,92.28,1,3.906533084599858,1.1222045803170049,0.12260722684718045
2023-08-02,87.54,94.96353,92.18199999999999,-0.24628360224094448,93.94,1,1.0895587546738634,-5.0356902649107,-0.3329910629812268
2023-08-03,82.55,89.63535,91.553,-0.7568346689873985,87.54,1,2.393595028991204,-9.833648269308489,-0.510551066746454
2023-08-04,82.2,89.91048,90.924,-1.0540740362040113,82.55,0,8.916386050357742,-9.594826448462456,-0.2972393672166128
2023-08-05,83.12,90.83449,90.4355,-1.118581102901212,82.2,0,10.504243205643625,-8.089190638631953,-0.06450706669720074
2023-08-06,82.57,93.66312,89.954,-1.125096998590398,83.12,0,12.684211327091097,-8.208639971541011,-0.00651589568918598
2023-08-07,82.49,92.63566,89.5005,-1.0623649521105711,82.57,0,12.190454480029263,-7.832917134541156,0.06273204647982689
2023-08-08,83.86,81.334305,89.094,-0.8645611974152305,82.49,-1,-1.401012474760192,-5.874694143264412,0.19780375469534062
2023-08-09,84.08,83.87274,88.6795,-0.6638861159992437,83.86,-1,0.015194012900966572,-5.18665531492623,0.20067508141598678
2023-08-10,83.14,84.01906,88.13199999999999,-0.5444464212690576,84.08,-1,-0.07248069988217865,-5.664230926337756,0.11943969473018612
2023-08-11,83.58,83.32277,87.7065,-0.3928754396924088,83.14,0,0.21983301063153948,-4.704896444391244,0.15157098157664883
2023-08-12,83.47,84.43797,87.222,-0.2633150638224193,83.58,0,1.0265291008147155,-4.301667010616582,0.12956037586998947
2023-08-13,81.92,83.35304,86.861,-0.24563956578836166,83.47,-1,-0.14011908165920253,-5.68839870597852,0.017675498034057657
2023-08-14,82.11,83.245636,86.494,-0.1874153231249771,81.92,-1,1.6182079911231975,-5.068559668878766,0.05822424266338455
2023-08-15,79.26,82.81829,85.925,-0.30040666447311803,82.11,-1,0.8626119966498835,-7.7567646203084,-0.11299134134814093
2023-08-16,74.56,81.87719,85.123,-0.6321674145681548,79.26,0,3.3020308304699264,-12.409102122810523,-0.3317607500950368
2023-08-17,64.77,80.27389,83.7895,-1.407048216489144,74.56,0,7.663475904341928,-22.699144880921843,-0.7748808019209892
2023-08-18,63.98,66.30311,82.27250000000001,-1.8414816283051998,64.77,0,2.3670035746982174,-22.234039320550618,-0.43443341181605577
2023-08-19,64.18,71.1861,80.78,-1.9723788979470633,63.98,0,11.26304500063497,-20.54964100024758,-0.13089726964186355
2023-08-20,65.25,73.39696,79.42850000000001,-1.8461469249732971,64.18,0,14.361105324806683,-17.850645549141696,0.1262319729737662
2023-08-21,67.0,75.47749,78.0815,-1.5177648590858324,65.25,0,15.67431921246408,-14.1922222293373,0.32838206588746477
2023-08-22,64.83,76.29555,76.946,-1.3265993108167677,67.0,0,13.873951470673973,-15.746107659917344,0.19116554826906462
2023-08-23,65.64,65.80276,76.10050000000001,-1.038259405042112,64.83,0,1.5004739521573276,-13.745638990545409,0.28833990577465585
2023-08-24,64.88,65.04768,75.2345,-0.8019550778742657,65.64,-1,-0.9023709387259111,-13.762967787384781,0.23630432716784622
2023-08-25,65.13,67.423935,74.335,-0.5443694482878616,64.88,-1,3.920984797354257,-12.383130423084683,0.2575856295864041
2023-08-26,65.01,66.49049,73.45700000000001,-0.3093199825011155,65.13,-1,2.0888895661201707,-11.499244455940213,0.23504946578674613
2023-08-27,65.39,76.35588,72.602,-0.06810359426536294,65.01,0,17.45251613183307,-9.933610644334872,0.24121638823575253
2023-08-28,65.52,63.09433,71.685,0.14853394573863543,65.39,0,-3.510735840366456,-8.600125549278099,0.21663754000399837
2023-08-29,68.86,65.689316,70.924,0.5429256039658537,65.52,0,0.2584184919084882,-2.9101573515312262,0.3943916582272182
2023-08-30,67.65,65.977005,70.1495,0.736447629755923,68.86,0,-4.186748468076078,-3.5631045125054315,0.19352202579006939
2023-08-31,63.89,66.22248,69.16499999999999,0.629510161202627,67.65,0,-2.110154066628565,-7.6266897997542,-0.106937468553296
2023-09-01,62.98,69.02113,68.1405,0.5203019021561177,63.89,0,8.031199597513792,-7.573322766930102,-0.10920825904650933
2023-09-02,64.59,60.459473,67.274,0.5750298725575229,62.98,0,-4.002107563909172,-3.98965424978446,0.0547279704014052
2023-09-03,63.93,60.056717,66.365,0.5834642586999976,64.59,0,-7.018552532984504,-3.669102689670753,0.008434386142474715
2023-09-04,63.75,63.856827,65.5895,0.5917432241901848,63.93,0,-0.11445834158210107,-2.804564755029389,0.00827896549018714
2023-09-05,63.15,65.57753,65.01899999999999,0.5713386566665033,63.75,0,2.8667135799632355,-2.874544363955141,-0.02040456752368147
2023-09-06,62.87,64.82765,64.924,0.5531449035418223,63.15,0,2.656614374567005,-3.1636990943256866,-0.018193753124680967
2023-09-07,63.71,63.334152,64.9105,0.6075056470052935,62.87,0,0.7382729786538732,-1.8494696543702454,0.054360743463471195
2023-09-08,62.61,63.68689,64.832,0.5793015672552624,63.71,0,-0.03627429220295221,-3.427319842053298,-0.02820407975003114
2023-09-09,63.06,63.70407,64.7225,0.5984229937919094,62.61,0,1.7474381806770092,-2.568658503611564,0.019121426536647057
2023-09-10,61.11,63.701794,64.428,0.4916784338321545,63.06,0,1.0177508256490557,-5.149934810951757,-0.10674455995975496
2023-09-11,58.85,64.61057,64.12899999999999,0.2907351277954424,61.11,0,5.7283142119807025,-8.231845187044847,-0.20094330603671207
2023-09-12,59.96,58.57523,63.845000000000006,0.25568653569577515,58.85,0,-0.46689949910724005,-6.085049729814402,-0.035048592099667264
2023-09-13,61.98,59.284325,63.7,0.38394615422924616,59.96,0,-1.1268768412340011,-2.700156985871281,0.128259618533471
2023-09-14,62.83,60.191418,63.584999999999994,0.5322988566228082,61.98,0,-2.885741055030978,-1.1873869623338769,0.14835270239356202
2023-09-15,65.89,61.785126,63.629,0.825292441181261,62.83,0,-1.66301809259609,3.5534111804365978,0.2929935845584528
2023-09-16,65.38,61.855247,63.628499999999995,0.963874852427625,65.89,0,-6.123467145911985,2.7526972975946316,0.13858241124636406
2023-09-17,63.55,65.721794,63.53000000000001,0.9119744306895621,65.38,1,0.5227808632884267,0.03148118998896413,-0.051900421738062974
2023-09-18,65.89,66.23219,63.381499999999996,1.0074448492901134,63.55,1,4.220602664302228,3.957779478238926,0.09547041860055128
2023-09-19,67.28,66.16339,63.363,1.1273567872434032,65.89,1,0.4149204936731665,6.181841137572404,0.1199119379532898
2023-09-20,64.55,63.2481,63.395999999999994,0.9908039649957483,67.28,0,-5.992716586263796,1.820304120133768,-0.13655282224765486
2023-09-21,64.69,63.610546,63.4815,0.8815607766887179,64.55,0,-1.4553894468465536,1.9037042287910664,-0.10924318830703039
2023-09-22,64.37,62.962204,63.4705,0.7637960656193761,64.69,0,-2.670885794570738,1.4171938144492375,-0.11776471106934183
2023-09-23,65.07,62.57612,63.527499999999996,0.7102168212835767,64.37,0,-2.7868285393222356,2.428082326551489,-0.053579244335799414
2023-09-24,63.58,62.219418,63.51899999999999,0.5582970849823337,65.07,0,-4.380793649882448,0.09603425746628105,-0.151919736301243
2023-09-25,64.33,61.996246,63.57800000000001,0.494382412064458,63.58,0,-2.49096203540323,1.1827990814432479,-0.06391467291787567
2023-09-26,63.8,61.96963,63.6245,0.4061647134952333,64.33,0,-3.6691571660681466,0.2758371382093369,-0.08821769856922468
2023-09-27,63.53,64.04138,63.6155,0.3230057278592797,63.8,0,0.3783414356387192,-0.1344012072529433,-0.08315898563595359
2023-09-28,65.21,64.491165,63.74550000000001,0.3710850259804239,63.53,1,1.5129311524206066,2.297417072577651,0.0480792981211442
2023-09-29,65.55,63.779987,63.870000000000005,0.41254009424498295,65.21,1,-2.1929346186089798,2.630342883983079,0.041455068264559025
2023-09-30,65.97,64.26492,64.113,0.4518352311707827,65.55,1,-1.9604529432446565,2.8964484581910055,0.03929513692579978
2023-10-01,68.19,64.744545,64.58,0.6015586199515779,65.97,0,-1.8575943869786913,5.589965933725611,0.14972338878079516
2023-10-02,65.97,68.1535,64.8805,0.527926049070154,68.19,0,-0.05352189768477449,1.6792410662679866,-0.07363257088142394
2023-10-03,65.5,66.53648,65.0565,0.4286358922607469,65.97,1,0.8586990520667556,0.6817151245455877,-0.09929015680940706
2023-10-04,64.4,65.24314,65.135,0.2772869356431698,65.5,1,-0.39215087890625,-1.1284255776464258,-0.15134895661757708
2023-10-05,64.8,65.1687,65.0805,0.1963369969613336,64.4,1,1.193635360054339,-0.43100467882085036,-0.0809499386818362
2023-10-06,65.5,62.503414,65.0865,0.18245313582948347,64.8,0,-3.5441139597951588,0.6353083972866863,-0.01388386113185014
2023-10-07,65.45,64.68998,65.1815,0.16305371229636312,65.5,0,-1.2366724378280058,0.4119266969922495,-0.019399423533120352
2023-10-08,65.34,67.16576,65.154,0.1370134987202187,65.45,1,2.62147628049799,0.2854774841145702,-0.026040213576144416
2023-10-09,63.07,67.11047,64.9435,-0.029982397701055957,65.34,1,2.709632128577436,-2.8848152624974017,-0.16699589642127466
2023-10-10,63.61,65.4284,64.8965,-0.09717641324945803,63.07,1,3.739334283057267,-1.9823873398411371,-0.06719401554840207
2023-10-11,61.55,66.42666,64.73949999999999,-0.2639985632459237,63.61,0,4.4280123099687065,-4.926667644946278,-0.16682214999646566
2023-10-12,61.12,62.291008,64.577,-0.3798961068835439,61.55,0,1.2039122593102707,-5.353299162240428,-0.11589754363762023
2023-10-13,61.58,62.28646,64.4025,-0.4001359722095413,61.12,0,1.9084765648966728,-4.382593843406708,-0.020239865325997364
2023-10-14,61.62,61.49559,64.3045,-0.3852498787653653,61.58,-1,-0.13707338427908541,-4.174668957848994,0.014886093444175963
2023-10-15,61.63,64.5759,64.1695,-0.35016433599619246,61.62,-1,4.796976982792725,-3.957487591456996,0.03508554276917286
2023-10-16,63.19,64.36983,64.139,-0.20454193757646688,61.63,-1,4.445606474943712,-1.47959899593071,0.14562239841972557
2023-10-17,62.07,61.95633,64.066,-0.1678360928255258,63.19,-1,-1.9523194402545858,-3.1155371023631915,0.036705844750941075
2023-10-18,60.23,62.102673,63.81699999999999,-0.2468874004286714,62.07,0,0.0526382743745716,-5.620759358791539,-0.0790513076031456
2023-10-19,61.78,62.108677,63.628499999999995,-0.1774444617003743,60.23,0,3.119171360452256,-2.905144707167377,0.0694429387282971
2023-10-20,63.38,62.219757,63.499,-0.014973204767857462,61.78,0,0.7118113954000063,-0.18740452605552807,0.16247125693251685
2023-10-21,64.75,59.598637,63.327,0.18264545228199003,63.38,0,-5.966177615655943,2.247066811944355,0.1976186570498475
2023-10-22,65.26,63.687798,63.291500000000006,0.3366348454408705,64.75,0,-1.6404671098274612,3.1102122717900484,0.1539893931588805
2023-10-23,69.02,63.36478,63.46750000000001,0.6618460312878152,65.26,0,-2.9041059975093693,8.74857210383265,0.32521118584694464
2023-10-24,69.15,60.236694,63.705,0.8441610112850807,69.02,0,-12.725739878386694,8.547209795149529,0.18231497999726554
2023-10-25,68.71,59.619217,63.9005,0.889054083225619,69.15,0,-13.782766566962678,7.526545175702839,0.044893071940538265
2023-10-26,68.76,61.860367,64.0635,0.8747047176654085,68.71,0,-9.968902894354434,7.331007515980239,-0.014349365560210492
2023-10-27,66.99,68.69394,64.1405,0.7058337803160377,68.76,0,-0.09607444883017759,4.442590874720328,-0.16887093734937075
2023-10-28,67.73,67.44509,64.26,0.6075378071528887,66.99,1,0.6793420623355708,5.399937752878927,-0.09829597316314898
2023-10-29,68.79,66.741806,64.54599999999999,0.5776666424839118,67.73,1,-1.4590195920959197,6.5751557029095755,-0.02987116466897699
2023-10-30,69.21,66.993454,64.826,0.5500887940104744,68.79,1,-2.6116383493353954,6.762718662265142,-0.02757784847343736
2023-10-31,68.89,66.496544,65.19300000000001,0.4769151932285556,69.21,0,-3.920612795438015,5.670854232816388,-0.07317360078191881
2023-11-01,69.97,68.19343,65.63550000000001,0.4672566824521529,68.89,0,-1.0111365371595578,6.603895757631147,-0.009658510776402673
2023-11-02,69.43,68.09666,66.02799999999999,0.39346492681403933,69.97,0,-2.6773520089804097,5.152359605016078,-0.07379175563811358
2023-11-03,69.45,68.44592,66.4195,0.3181850871095824,69.43,0,-1.4173659058584283,4.56266608450832,-0.07527983970445695
2023-11-04,70.41,67.0833,66.8585,0.30518223454551996,69.45,0,-3.407778647239475,5.311964821226904,-0.013002852564062417
2023-11-05,71.6,68.878456,67.279,0.3458775126664311,70.41,0,-2.1751794976244003,6.422509252515642,0.040695278120911116
2023-11-06,74.46,73.13054,67.8985,0.5238835988304777,71.6,1,2.1376242184772254,9.663689183118914,0.17800608616404667
2023-11-07,73.41,73.66922,68.5575,0.5279009639261725,74.46,1,-1.0620199157895094,7.078000218794431,0.004017365095694725
2023-11-08,73.07,74.545204,69.122,0.4667623206915441,73.41,1,1.5463889968637239,5.711640288186096,-0.061138643234628365
2023-11-09,73.83,72.8167,69.6445,0.43712572687655915,73.07,0,-0.3466486979790262,6.009806948143795,-0.029636593814984957
2023-11-10,73.28,74.046036,70.071,0.34419016900748156,73.83,1,0.29261244291150507,4.579640650197661,-0.09293555786907759
2023-11-11,75.26,72.31635,70.571,0.3771260927272624,73.28,1,-1.3150206819892465,6.644372334244955,0.032935923719780824
2023-11-12,74.88,70.065315,70.864,0.3357600337659017,75.26,1,-6.902318301113438,5.667193497403464,-0.0413660589613607
2023-11-13,71.1,71.77849,70.9615,0.032246086679271535,74.88,0,-4.141976283146779,0.19517625754809778,-0.30351394708663015
2023-11-14,70.61,70.51441,71.0565,-0.20977975679058503,71.1,-1,-0.8236119180456584,-0.6283731959778491,-0.24202584346985656
2023-11-15,74.03,71.55398,71.32000000000001,-0.15057345746567163,70.61,-1,1.336889911214551,3.799775659001673,0.05920629932491339
2023-11-16,70.97,70.18947,71.519,-0.31885965308876196,74.03,-1,-5.18780442551795,-0.7676281827206848,-0.16828619562309033
2023-11-17,70.29,69.19228,71.647,-0.46829911129484314,70.97,-1,-2.5048842745229045,-1.8940081231593777,-0.14943945820608118
2023-11-18,69.86,69.88012,71.7005,-0.581070171917534,70.29,-1,-0.5831280072123168,-2.5669277062224194,-0.11277106062269082
2023-11-19,70.54,68.75549,71.767,-0.5927845626788462,69.86,-1,-1.581028966414972,-1.7096994440341517,-0.011714390761312199
2023-11-20,69.51,69.38762,71.798,-0.6483216320451579,70.54,-1,-1.6336560553520254,-3.1867182929886577,-0.05553706936631175
2023-11-21,66.15,69.95958,71.607,-0.8756320629816097,69.51,0,0.6467838696208206,-7.620763333193674,-0.22731043093645176
2023-11-22,68.7,69.560074,71.57050000000001,-0.8195325849887589,66.15,0,5.1550625132865555,-4.01073067814254,0.056099477992850755
2023-11-23,69.51,67.79834,71.5735,-0.6979129484848802,68.7,-1,-1.3124601983260593,-2.88305029095963,0.12161963650387875
2023-11-24,70.73,66.441505,71.5895,-0.5138461213270458,69.51,-1,-4.414464922847214,-1.2005950593313224,0.1840668271578344
2023-11-25,71.87,67.89138,71.603,-0.30422194596057794,70.73,-1,-4.013317814140266,0.3728894040752624,0.20962417536646782
2023-11-26,70.03,72.934975,71.3815,-0.2790510203493117,71.87,0,1.4818069714904016,-1.8933477161449415,0.02517092561126627
2023-11-27,69.22,72.199005,71.172,-0.30444311229107174,70.03,0,3.097251359350455,-2.74265160456359,-0.025392091941760064
2023-11-28,69.77,72.85333,71.00699999999999,-0.27271011842116494,69.22,0,5.248963478086177,-1.742081766586386,0.0317329938699068
2023-11-29,70.0,72.28802,70.8155,-0.22663581433445656,69.77,0,3.6090257602826754,-1.1515840458656652,0.04607430408670837
2023-11-30,69.42,72.80065,70.6225,-0.22516370482332979,70.0,0,4.0009307861328125,-1.7027151403589518,0.001472109511126779
2023-12-01,71.57,70.30194,70.438,-0.07698914134574517,69.42,0,1.2704421175003577,1.6070870836764113,0.14817456347758462
2023-12-02,72.2,70.47578,70.304,0.05854074753840727,71.57,0,-1.5288854654697668,2.696859353664088,0.13552988888415243
2023-12-03,72.31,70.057816,70.36449999999999,0.1457218872372254,72.2,0,-2.967014471249571,2.7648885446496596,0.08718113969881813
2023-12-04,72.93,70.37594,70.48049999999999,0.23024366710406768,72.31,0,-2.6746806589305194,3.4754293740822138,0.08452177986684228
2023-12-05,74.34,71.159325,70.49600000000001,0.35855902290748387,72.93,0,-2.4279108103714697,5.452791647753054,0.1283153558034162
2023-12-06,72.41,74.45534,70.568,0.2936286150098442,74.34,1,0.1551486742185352,2.6102482711710673,-0.06493040789763965
2023-12-07,74.02,72.802795,70.7545,0.3362245563973547,72.41,1,0.5424601714628552,4.615254153446076,0.042595941387510494
2023-12-08,78.5,71.79442,71.1865,0.6263733521326573,74.02,1,-3.006730160820128,10.27371762904484,0.2901487957353026
2023-12-09,76.32,71.90422,71.47550000000001,0.6300201291593545,78.5,0,-8.402266775726511,6.777846954550834,0.0036467770266971344
2023-12-10,77.18,71.44172,71.859,0.6464715759396022,76.32,0,-6.391877548249754,7.4047788029335395,0.01645144678024779
2023-12-11,72.67,77.51606,72.185,0.32591203543854763,77.18,1,0.43542352356604613,0.6718847405970761,-0.3205595405010546
2023-12-12,72.37,78.08667,72.3685,0.07885434312834061,72.67,1,7.453791002992979,0.0020727250115826117,-0.24705769231020702
2023-12-13,73.12,75.62849,72.549,-0.042353820218932636,72.37,1,4.502537837917337,0.7870542667714207,-0.12120816334727325
2023-12-14,72.93,75.340546,72.659,-0.1382200757781431,73.12,0,3.036851277758302,0.37297513040366753,-0.09586625555921047
2023-12-15,70.93,72.72515,72.61200000000001,-0.32837198696045666,72.93,-1,-0.28088432467885377,-2.316421528122076,-0.19015191118231356
2023-12-16,72.19,72.991196,72.72,-0.35885823284865637,70.93,-1,2.905957533781095,-0.7288228822882303,-0.030486245888199703
2023-12-17,71.18,73.95427,72.81800000000001,-0.4317191799467387,72.19,-1,2.443924933065092,-2.249443818836009,-0.07286094709808233
2023-12-18,70.85,72.2362,72.872,-0.4829402908500009,71.18,0,1.4838415640530511,-2.774728290701512,-0.0512211109032622
2023-12-19,70.73,72.21272,72.9085,-0.5034104483738743,70.85,0,1.9233913596617054,-2.9879917979385113,-0.020470157523873378
2023-12-20,69.83,72.7963,72.929,-0.5521638281182537,70.73,0,2.92139515822162,-4.249338397619608,-0.04875337974437943
2023-12-21,70.93,71.40908,72.897,-0.48719503019516464,69.83,0,2.2613210731363247,-2.6983277775491428,0.06496879792308907
2023-12-22,73.58,71.78261,72.96600000000001,-0.25432535127716654,70.93,0,1.2020414947505367,0.8414878162431682,0.2328696789179981
2023-12-23,72.45,72.13123,72.973,-0.16907717661042015,73.58,-1,-1.96896817704263,-0.7167034382579806,0.08524817466674639
2023-12-24,71.12,71.353355,72.88250000000001,-0.19320232276377705,72.45,-1,-1.5136571322086392,-2.418275992179196,-0.024125146153356897
2023-12-25,72.22,72.81034,72.7765,-0.12909859721624684,71.12,-1,2.376744771298723,-0.7646699140519259,0.06410372554753022
2023-12-26,73.24,73.552185,72.81800000000001,-0.01786631867186496,72.22,0,1.844620684843189,0.5795270400175544,0.11123227854438188
2023-12-27,75.98,74.58309,72.91600000000001,0.22688134673585308,73.24,1,1.8338226868375873,4.202095562016557,0.24474766540771803
2023-12-28,76.51,75.049385,72.8165,0.4009296474399676,75.98,1,-1.2248156478010301,5.072339373630976,0.17404830070411453
2023-12-29,73.25,75.20042,72.663,0.2787583108628962,76.51,1,-1.7116500262169636,0.8078389276523172,-0.12217133657707141
2023-12-30,73.22,75.27491,72.465,0.18282237526151307,73.25,1,2.764382215896971,1.0418822880010976,-0.09593593560138314
2023-12-31,72.83,74.54686,72.473,0.08496835284960635,73.22,1,1.8121547954260293,0.4925972431112267,-0.09785402241190672
2024-01-01,74.72,73.69716,72.5905,0.13635239377613784,72.83,1,1.190661559078078,2.933579462877364,0.05138404092653148
2024-01-02,72.97,72.383705,72.583,0.04597525426500104,74.72,0,-3.1267329508027872,0.5331827011834733,-0.0903771395111368
2024-01-03,65.24,72.719,72.1985,-0.5102517443136332,72.97,-1,-0.343974551158651,-9.638011870052704,-0.5562269985786342
2024-01-04,66.41,70.40263,71.9725,-0.7601658962414248,65.24,-1,7.913295013783252,-7.728646357983952,-0.24991415192779165
2024-01-05,66.0,64.158875,71.663,-0.9040875143354412,66.41,-1,-3.3897387265189685,-7.902264767034588,-0.14392161809401638
2024-01-06,65.64,62.371254,71.386,-0.9687789750852266,66.0,-1,-5.498100049567945,-8.04919732160367,-0.06469146074978538
2024-01-07,64.27,62.830162,71.057,-1.0426670720925795,65.64,-1,-4.280679390097741,-9.551486834513145,-0.07388809700735288
2024-01-08,67.73,62.09184,70.90700000000001,-0.8078303409918097,64.27,-1,-3.3890791400810243,-4.480516733185731,0.23483673110076975
2024-01-09,66.99,61.49623,70.765,-0.6579943774001064,67.73,-1,-9.203851942859059,-5.334558044230913,0.14983596359170337
2024-01-10,70.1,66.70707,70.7235,-0.3220921889655457,66.99,-1,-0.42234751907350154,-0.881602296266456,0.33590218843456066
2024-01-11,71.88,65.00361,70.6385,0.028680777102655375,70.1,0,-7.270173033361931,1.7575401516170392,0.3507729660682011
2024-01-12,72.97,64.94437,70.6645,0.3262868026639053,71.88,0,-9.648905877743282,3.26260003254816,0.29760602556124993
2024-01-13,71.98,65.07451,70.70750000000001,0.4414834059345968,72.97,0,-10.82018820475238,1.799667644875004,0.11519660327069148
2024-01-14,69.78,64.67987,70.5855,0.3580849176700944,71.98,0,-10.141885794013968,-1.1411692203072799,-0.08339848826450236
2024-01-15,69.13,70.97017,70.38,0.25268399097877536,69.78,0,1.7056019882241493,-1.7760727479397558,-0.10540092669131906
2024-01-16,69.44,69.40984,70.053,0.19970669222033854,69.13,0,0.40480752903836725,-0.8750517465347659,-0.05297729875843682
2024-01-17,69.46,69.48734,69.7005,0.1634023709223411,69.44,0,0.06817804503551056,-0.3450477399731874,-0.03630432129799743
2024-01-18,68.11,70.48241,69.4435,0.0516488549133326,69.46,0,1.4719358137214855,-1.9202661156191736,-0.11175351600900851
2024-01-19,71.29,68.95576,69.347,0.18743984823257265,68.11,1,1.2417517855135543,2.8018515581063523,0.13579099331924005
2024-01-20,71.36,71.46089,69.2735,0.27236840820867286,71.29,1,0.23971345719288295,3.011974275877501,0.08492855997610022
2024-01-21,71.75,71.4143,69.125,0.3407661546075094,71.36,1,0.07609166371982809,3.79746835443038,0.06839774639883656
2024-01-22,67.36,71.20609,68.8445,0.08939207637835273,71.75,0,-0.7580587672854965,-2.1563087828366787,-0.2513740782291567
2024-01-23,65.5,71.63079,68.85749999999999,-0.18797639512670794,67.36,0,6.340247491759531,-4.876012053879371,-0.27736847150506067
2024-01-24,66.13,71.571754,68.8435,-0.3077631160018517,65.5,0,9.269854130635736,-3.9415485848337317,-0.11978672087514375
2024-01-25,65.5,66.771996,68.8185,-0.4022100326163812,66.13,0,0.9708083236558269,-4.82210452131331,-0.09444691661452953
2024-01-26,67.05,65.407524,68.889,-0.3357841622533104,65.5,-1,-0.1411845665851622,-2.669511823368025,0.0664258703630708
2024-01-27,68.06,65.2538,69.07849999999999,-0.2057047179580357,67.05,-1,-2.6788971834801414,-1.4744095485570605,0.13007944429527474
2024-01-28,68.35,68.00593,69.1095,-0.08802730139947856,68.06,-1,-0.07944748817105646,-1.098980603245578,0.11767741655855712
2024-01-29,68.43,66.906334,69.1815,0.0025068424364573794,68.35,0,-2.11216690074638,-1.0862730643307719,0.09053414383593594
2024-01-30,67.47,65.51087,69.05,0.004906075390633591,68.43,0,-4.265860167752412,-2.2881969587255586,0.0023992329541762114
2024-01-31,66.76,66.403046,68.794,-0.03211848407873019,67.47,-1,-1.5813759384958115,-2.956653196499683,-0.03702455946936378
2024-02-01,67.54,66.85501,68.5225,0.003249299324607602,66.76,-1,0.14231723536267207,-1.4338356014447626,0.035367783403337794
2024-02-02,68.05,67.69925,68.326,0.06489898807812977,67.54,-1,0.23578511634308372,-0.40394578930421254,0.06164968875352217
2024-02-03,68.81,69.16447,68.2775,0.1555963854171657,68.05,1,1.6377176457166187,0.7799055325692927,0.09069739733903592
2024-02-04,66.94,68.24617,68.168,0.09155072483438009,68.81,1,-0.8194011859536255,-1.8014317568360645,-0.0640456605827856
2024-02-05,67.7,69.247375,68.08099999999999,0.10150428599534067,66.94,1,3.4469308160759673,-0.5596275025337262,0.009953561160960578
2024-02-06,68.29,68.58184,68.02250000000001,0.14623699196959672,67.7,1,1.3025709233924903,0.3932522327171131,0.04473270597425605
2024-02-07,68.62,70.29993,68.048,0.19349773348636368,68.29,1,2.943222664830127,0.8405831177992046,0.04726074151676696
2024-02-08,70.53,71.56594,68.01,0.34025640089673437,68.62,1,4.293122787720182,3.705337450374939,0.1467586674103707
2024-02-09,70.64,69.202644,67.974,0.42603780077299674,70.53,0,-1.88197313463132,3.9220878571218356,0.08578139987626238
2024-02-10,70.8,68.303764,67.9265,0.4713228848206267,70.64,0,-3.307241869674804,4.230307759121981,0.04528508404762993
2024-02-11,71.55,68.64513,68.136,0.5254299251741517,70.8,0,-3.0436068604894913,5.010567101091936,0.05410704035352498
2024-02-12,72.82,69.70885,68.502,0.6142176404697127,71.55,0,-2.5732396283739476,6.3034655922454785,0.08878771529556106
2024-02-13,68.97,70.10405,68.64399999999999,0.3919417671995531,72.82,0,-3.7296763490563114,0.47491404929783765,-0.22227587327015963
2024-02-14,69.81,69.19656,68.8595,0.28476086022554786,68.97,1,0.32849604277675243,1.3803469383309568,-0.10718090697400523
2024-02-15,69.76,67.995674,68.995,0.1978911002182157,69.81,1,-2.5989483837547933,1.1087759982607444,-0.08686976000733215
2024-02-16,70.59,67.44055,69.1215,0.18401434031523067,69.76,1,-3.324897136163281,2.124519867190391,-0.013876759902985036
2024-02-17,69.97,67.04594,69.2025,0.12366060301315052,70.59,0,-5.02063098955567,1.1090639789024939,-0.06035373730208016
2024-02-18,70.8,66.660225,69.321,0.12959360433257022,69.97,0,-4.730277383806228,2.1335526031072827,0.005933001319419706
2024-02-19,71.3,70.21539,69.5125,0.15540763240123895,70.8,0,-0.8257160079007728,2.5714799496493352,0.025814028068668726
2024-02-20,69.65,72.90728,69.65700000000001,0.05476730623188619,71.3,0,2.2542496048551497,-0.010049241282290367,-0.10064032616935276
2024-02-21,68.9,73.13184,69.725,-0.06254535548117268,69.65,0,4.999057526051005,-1.1832197920401415,-0.11731266171305887
2024-02-22,68.8,74.0887,69.7625,-0.14253415554097382,68.9,0,7.530768274049791,-1.3796810607418106,-0.07998880005980114
2024-02-23,68.8,74.41928,69.762,-0.18822930657157894,68.8,0,8.167559601539793,-1.3789742266563507,-0.04569515103060512
2024-02-24,70.41,67.545296,69.93549999999999,-0.10685899603338983,68.8,0,-1.823698088180183,0.6784823158481832,0.0813703105381891
2024-02-25,70.16,67.61063,70.05850000000001,-0.0685693834209658,70.41,0,-3.975818462287845,0.14487892261465385,0.03828961261242403
2024-02-26,71.93,65.7703,70.2405,0.06977884198633888,70.16,0,-6.256696381345981,2.4053074793032647,0.13834822540730468
2024-02-27,73.97,66.705765,70.50800000000001,0.2806611539856285,71.93,0,-7.26294345821242,4.910081125546021,0.21088231199928964
2024-02-28,74.48,67.44195,70.7055,0.42767091779763466,73.97,0,-8.825269789087848,5.338340015981788,0.14700976381200614
2024-02-29,79.92,72.247696,71.1695,0.840586445172079,74.48,0,-2.997185925279862,12.295295035092284,0.41291552737444437
2024-03-01,84.87,72.99096,71.873,1.3653343176289015,79.92,0,-8.669971011661078,18.083285795778664,0.5247478724568224
2024-03-02,94.49,73.5028,73.02000000000001,2.2275850037917238,84.87,0,-13.393660907513885,29.40290331416048,0.8622506861628223
2024-03-03,90.7,72.202194,73.91400000000002,2.395303320686452,94.49,0,-23.587475697039693,22.710176691831023,0.16771831689472805
2024-03-04,88.95,73.895485,74.913,2.243638785939015,90.7,0,-18.527580017291726,18.737735773497267,-0.1516645347474368
2024-03-05,81.93,75.10654,75.51899999999999,1.5583089778278483,88.95,0,-15.563196329135051,8.489254359829998,-0.6853298081111667
2024-03-06,85.87,71.97,76.3245,1.2703041302493254,81.93,0,-12.156717660560089,12.506469089217752,-0.28800484757852285
2024-03-07,88.0,71.79006,77.19500000000001,1.1280273089056405,85.87,0,-16.3968068584097,13.997020532417892,-0.1422768213436849
2024-03-08,88.32,71.4424,78.1125,0.9664674033376373,88.0,0,-18.81545673717152,13.06769083053288,-0.16155990556800326
2024-03-09,90.67,72.37729,79.10600000000001,0.9286375542096197,88.32,0,-18.051076971966282,14.618360174955114,-0.03782984912801757
2024-03-10,87.43,86.36618,79.9125,0.6114851170399476,90.67,0,-4.746685320478798,9.40716408571877,-0.3171524371696721
2024-03-11,103.86,82.15155,81.623,1.3897840969105344,87.43,0,-6.037343825953627,27.243546549379456,0.7782989798705868
2024-03-12,97.52,81.14963,83.054,1.3575952797489341,103.86,0,-21.866331902997423,17.417583740698813,-0.03218881716160027
2024-03-13,97.24,80.29019,84.476,1.2027366126297796,97.52,0,-17.667974107474745,15.10961693261991,-0.15485866711915452
2024-03-14,94.08,79.99578,85.74,0.7925726554657002,97.24,0,-17.733668300263037,9.727081875437374,-0.4101639571640794
2024-03-15,89.75,91.884735,86.70700000000001,0.1674166609157357,94.08,0,-2.333402309287971,3.5095205692735205,-0.6251559945499645
2024-03-16,84.12,91.665695,87.405,-0.643065006722269,89.75,0,2.134479320813022,-3.758366226188429,-0.8104816676380047
2024-03-17,85.93,87.50345,88.10499999999999,-1.0509493335894966,84.12,0,4.022168909091917,-2.468645366324253,-0.40788432686722764
2024-03-18,86.77,83.37318,88.74499999999999,-1.2446192842435924,85.93,-1,-2.975472390658647,-2.2254774916896665,-0.19366995065409576
2024-03-19,78.45,84.92221,88.9435,-1.8756043765321424,86.77,-1,-2.1295255349090945,-11.79793914114016,-0.63098509228855
2024-03-20,84.65,80.44896,89.18,-1.8167054858014167,78.45,-1,2.5480680058456784,-5.079614263287733,0.05889889073072574
2024-03-21,85.75,80.39587,89.224,-1.6498177031520833,84.65,-1,-5.025556533912624,-3.89357123643863,0.16688778264933335
2024-03-22,83.4,83.97712,88.6695,-1.6404037803777691,85.75,-1,-2.0674991885705176,-5.942855209513975,0.009413922774314187
2024-03-23,85.26,83.4841,88.3975,-1.4577737388776786,83.4,0,0.10083973836555074,-3.5493085211685726,0.18263004150009055
2024-03-24,89.65,85.929436,88.4325,-1.0113677077844967,85.26,0,0.7851697513259015,1.3767562830407385,0.4464060310931819
2024-03-25,90.58,87.160645,88.865,-0.6415373436298033,89.65,0,-2.776748989124379,1.9298936589208389,0.3698303641546934
2024-03-26,95.77,86.95235,89.35999999999999,-0.0657648015605985,90.58,0,-4.004916315127165,7.173231871083272,0.5757725420692048
2024-03-27,93.55,86.32694,89.6375,0.1361663621848539,95.77,0,-9.860141543439847,4.364802677450838,0.2019311637454524
2024-03-28,94.11,81.634834,89.92699999999999,0.2702981819591188,93.55,0,-12.736681678727116,4.651550702236267,0.13413181977426492
2024-03-29,109.06,81.841805,90.84649999999999,1.272623392892716,94.11,0,-13.036016890453158,20.04865349793334,1.0023252109335972
2024-03-30,102.84,113.65876,91.617,1.412651348725345,109.06,1,4.216724803595065,12.249909951209927,0.14002795583262895
2024-03-31,105.01,106.32774,91.6745,1.5370780749610709,102.84,1,3.3914270033775127,14.546575110854176,0.12442672623572593
2024-04-01,99.2,95.40168,91.7585,1.1324353290200726,105.01,1,-9.14990953940027,8.109875379392651,-0.40464274594099825
2024-04-02,106.75,83.28637,92.23400000000001,1.2674170685013708,99.2,0,-16.041966407529774,15.7382310210985,0.1349817394812982
2024-04-03,98.33,79.57717,92.4465,0.7114922243121526,106.75,0,-25.4546404443245,6.3642214686332075,-0.5559248441892182
2024-04-04,98.38,97.77217,92.878,0.2905769953540247,98.33,0,-0.567302938566242,5.923900170115631,-0.42091522895812794
2024-04-05,97.82,96.004234,93.563,-0.06324280919558767,98.38,0,-2.414886853054637,4.549875484967338,-0.35381980454961237
2024-04-06,101.6,95.43512,94.3465,-0.07934787864279702,97.82,0,-2.43802941228148,7.688149533898966,-0.016105069447209353
2024-04-07,101.21,92.954216,95.0685,-0.14887444865047783,101.6,0,-8.509629917895694,6.46007878529691,-0.06952657000768081
2024-04-08,103.27,91.36807,96.3095,-0.09154729124007055,101.21,0,-9.724263897079705,7.227220575332647,0.05732715741040728
2024-04-09,97.53,109.26367,96.95349999999999,-0.4552849823520848,103.27,0,5.803884840708825,0.5946149442774217,-0.36373769111201426
2024-04-10,96.71,108.40024,97.5015,-0.7488496397677995,97.53,0,11.145532694667665,-0.811782382835135,-0.2935646574157147
2024-04-11,98.78,105.21814,98.2705,-0.7969022264671155,96.71,0,8.797580031472968,0.5184668847721369,-0.048052586699316
2024-04-12,86.08,97.75926,98.3115,-1.6293242008187274,98.78,-1,-1.0333447206307589,-12.4415760109448,-0.8324219743516119
2024-04-13,77.33,82.94757,97.69550000000001,-2.65394344467113,86.08,-1,-3.6389744414715945,-20.845893618436886,-1.0246192438524027
2024-04-14,79.72,71.57492,97.1525,-3.028338330824262,77.33,-1,-7.442233732966668,-17.943439437996965,-0.3743948861531319
2024-04-15,78.1,69.04412,96.269,-3.224565424203257,79.72,-1,-13.391720034402635,-18.87315750657014,-0.19622709337899513
2024-04-16,79.94,69.60199,95.5885,-3.0706752945969424,78.1,-1,-10.88093502420774,-16.370693127311338,0.15389012960631465
2024-04-17,80.19,70.71568,94.8925,-2.799877042746508,79.94,-1,-11.539050558670953,-15.493848302025977,0.2707982518504344
2024-04-18,80.75,70.489716,93.477,-2.443833774674254,80.19,-1,-12.096626042933186,-13.615113878280221,0.3560432680722543
2024-04-19,80.87,80.07552,92.3785,-2.0755347389210614,80.75,-1,-0.8352651684645898,-12.457985353734903,0.36829903575319234
2024-04-20,85.04,80.2922,91.38,-1.4556687674895534,80.87,-1,-0.7144822787778666,-6.938060844823801,0.619865971431508
2024-04-21,84.16,75.37525,90.628,-1.0295813516452976,85.04,-1,-11.364943826411658,-7.136867193361879,0.4260874158442558
2024-04-22,85.39,73.652084,89.55999999999999,-0.6102848919247261,84.16,-1,-12.485641218410242,-4.656096471639111,0.4192964597205715
2024-04-23,85.02,76.88393,88.8945,-0.3179423846045024,85.39,-1,-9.961439991097832,-4.358537367328685,0.2923425073202237
2024-04-24,83.25,83.95371,88.138,-0.2091173067859664,85.02,-1,-1.2541608287709831,-5.545848555674062,0.10882507781853601
2024-04-25,83.78,81.532,87.43599999999999,-0.07376494143694279,83.25,-1,-2.0636664496527777,-4.181344068804602,0.13535236534902362
2024-04-26,88.1,89.43675,86.761,0.3131558902580469,83.78,1,6.751912532031435,1.5433201553693465,0.3869208316949897
2024-04-27,83.88,89.55515,85.8945,0.29175533899210837,88.1,1,1.651705894513521,-2.3453189668721492,-0.02140055126593854
2024-04-28,83.99,87.89877,84.9305,0.2912142225429797,83.88,1,4.7910982276578205,-1.107376030990045,-0.0005411164491286868
2024-04-29,83.51,83.23869,84.2295,0.26545960416886194,83.99,0,-0.8945193031257381,-0.8542137849565729,-0.025754618374117744
2024-04-30,79.49,86.18311,83.3685,-0.0012678151418796801,83.51,0,3.200949704400103,-4.652236756088934,-0.2667274193107416
2024-05-01,80.17,91.30313,82.438,-0.10510411604414571,79.49,0,14.861153734451667,-2.751158446347559,-0.10383630090226603
2024-05-02,80.02,90.43008,82.135,-0.15412925660650645,80.17,0,12.79790021095309,-2.5750289158093493,-0.049025140562360736
2024-05-03,81.85,98.387184,82.36099999999999,-0.039519578746055384,80.02,0,22.95324186836592,-0.6204392855841913,0.11460967786045106
2024-05-04,81.66,79.81804,82.458,0.04282359667390434,81.85,0,-2.4825425284915172,-0.9677654078439955,0.08234317541995972
2024-05-05,81.32,80.310745,82.619,0.09095593493722687,81.66,0,-1.6522835669142593,-1.5722775632723789,0.04813233826332253
2024-05-06,80.79,83.71725,82.66149999999999,0.10278974343857472,81.32,0,2.9479181127365357,-2.264052793622162,0.011833808501347853
2024-05-07,80.84,83.87936,82.694,0.12803195530515055,80.79,0,3.8239341308049726,-2.2420006288243393,0.025242211866575825
2024-05-08,81.7,84.478676,82.7415,0.2117555531482398,80.84,0,4.501083426874261,-1.2587395684148814,0.08372359784308925
2024-05-09,83.08,80.57668,82.852,0.3604477728488771,81.7,0,-1.3749289541816514,0.2751894945203428,0.14869221970063728
2024-05-10,80.22,74.73719,82.611,0.27065794624721073,83.08,0,-10.041899077296543,-2.894287685659301,-0.08978982660166634
2024-05-11,81.39,74.44518,82.4725,0.2926674252465875,80.22,0,-7.198725005867651,-1.3125587316984402,0.022009478999376775
2024-05-12,81.41,72.976776,82.2735,0.3095394081731653,81.39,0,-10.336925761092425,-1.049548153415136,0.016871982926577767
2024-05-13,80.62,72.35272,82.05350000000001,0.2699090402495812,81.41,0,-11.125510173235778,-1.74703090057098,-0.0396303679235841
2024-05-14,78.79,82.01548,81.8305,0.1299560351481046,80.62,0,1.730935303279461,-3.715607261351201,-0.13995300510147657
2024-05-15,82.45,81.06123,81.76400000000001,0.28452209069225187,78.79,1,2.882641858748326,0.8390000489212768,0.15456605554414726
2024-05-16,82.43,81.73873,81.48049999999999,0.3800868933801689,82.45,1,-0.8626666048789073,1.1653094912279807,0.095564802687917
2024-05-17,84.14,81.58598,81.49350000000001,0.543199452442652,82.43,1,-1.0239193541584608,3.2474982667329155,0.16311255906248312
2024-05-18,83.84,81.649605,81.486,0.6105874410028622,84.14,0,-2.9598231550234364,2.88883980070196,0.06738798856021022
2024-05-19,82.4,83.8434,81.43050000000001,0.5403007445123298,83.84,0,0.004054207838214563,1.1905858370021016,-0.07028669649053243
2024-05-20,88.64,86.46377,81.888,0.8762949708384729,82.4,1,4.931757288071709,8.245408362641651,0.33599422632614306
2024-05-21,88.26,88.595116,82.29249999999999,1.0248546481007796,88.64,1,-0.05063666333360426,7.251572135978389,0.1485596772623068
2024-05-22,85.78,88.27017,82.5805,0.9117932923882975,88.26,1,0.011525174643802271,3.8744013417211094,-0.1130613557124821
2024-05-23,85.45,84.37993,82.76050000000001,0.775809620598194,85.78,0,-1.6321653195766073,3.2497387038502605,-0.1359836717901035
2024-05-24,85.0,85.7848,82.9275,0.6231608272336516,85.45,1,0.39180534635111575,2.499170962587809,-0.1526487933645424
2024-05-25,84.98,86.078,83.1105,0.4940900463755191,85.0,1,1.2682387408088236,2.2494149355376303,-0.1290707808581325
2024-05-26,83.9,86.76032,83.266,0.3177907557797658,84.98,1,2.0949900809611406,0.7614152235005889,-0.17629929059575333
2024-05-27,85.24,81.32059,83.486,0.2748458874064094,83.9,0,-3.074389561140501,2.100951057662351,-0.04294486837335637
2024-05-28,83.44,83.443985,83.57300000000001,0.1167223345802616,85.24,0,-2.1070096370816898,-0.15914230672586813,-0.15812355282614782
2024-05-29,83.59,82.73049,83.5985,0.018874522280408784,83.44,0,-0.8503216225028811,-0.010167646548679646,-0.09784781229985282
2024-05-30,84.42,82.485985,83.80850000000001,0.0072887129557068775,83.59,0,-1.3207503262996885,0.7296395950291347,-0.011585809324701907
2024-05-31,83.21,83.2319,83.89950000000002,-0.07982704344666944,84.42,-1,-1.407364278403372,-0.8218165781679552,-0.08711575640237632
2024-06-01,83.48,84.19434,84.003,-0.11508467108699222,83.21,-1,1.1829630656105488,-0.6225968120186138,-0.03525762764032278
2024-06-02,83.11,83.26868,84.12750000000001,-0.15657136877546418,83.48,-1,-0.25314236007127927,-1.209473715491382,-0.04148669768847196
2024-06-03,82.82,81.19445,84.329,-0.1943252547206422,83.11,-1,-2.3048365077391777,-1.7894200097238202,-0.037753885945178006
2024-06-04,83.65,83.671455,84.38900000000001,-0.15584167545588645,82.82,0,1.0280794292450954,-0.875706549431803,0.038483579264755735
2024-06-05,85.44,80.87091,84.5395,-0.009971150811961843,83.65,0,-3.322282552861632,1.0651825478030907,0.1458705246439246
2024-06-06,84.19,80.1712,84.542,0.0015776850872515485,85.44,0,-6.166662437638984,-0.4163610986255398,0.011548835899213392
2024-06-07,80.13,80.60651,84.35650000000001,-0.2510003515276171,84.19,-1,-4.256436218486457,-5.0102837362859,-0.25257803661486866
2024-06-08,79.97,77.3548,84.235,-0.40642646733952714,80.13,-1,-3.463375311018028,-5.063216002849172,-0.15542611581191002
2024-06-09,80.49,80.67883,83.82750000000001,-0.44848960799058546,79.97,-1,0.886373649884333,-3.9813903551937244,-0.04206314065105832
2024-06-10,79.66,79.29434,83.39750000000001,-0.5024256602947539,80.49,-1,-1.4854739209645547,-4.481549207110539,-0.053936052304168425
2024-06-11,77.32,78.67232,82.97449999999999,-0.6561955492742919,79.66,-1,-1.2398725773502186,-6.814744288908036,-0.15376988897953803
2024-06-12,78.5,81.35059,82.627,-0.6383447022764172,77.32,0,5.212873211193143,-4.994735377055921,0.01785084699787476
2024-06-13,79.15,77.93037,82.3345,-0.5462295188338804,78.5,-1,-0.725647750174164,-3.867758958881149,0.09211518344253677
2024-06-14,77.61,79.15734,81.96600000000001,-0.5509114343726518,79.15,-1,0.009274799011955862,-5.314398653100076,-0.004681915538771397
2024-06-15,79.23,79.15619,81.73249999999999,-0.4130990062717621,77.61,-1,1.9922548187653017,-3.0618175144526156,0.13781242810088967
2024-06-16,78.98,78.47642,81.4195,-0.31159573449940403,79.23,-1,-0.9511327256040613,-2.996210981398799,0.10150327177235807
2024-06-17,76.59,78.05666,81.077,-0.3740309185825694,78.98,-1,-1.1690763317503294,-5.534245223676252,-0.062435184083165396
2024-06-18,72.66,77.838295,80.53049999999999,-0.633373305418496,76.59,0,1.6298406879620746,-9.773315700262627,-0.2593423868359266
2024-06-19,73.77,76.83414,79.99799999999999,-0.6794535442301661,72.66,0,5.744752219777909,-7.785194629865741,-0.046080238811670116
2024-06-20,74.69,76.50244,79.572,-0.6000263420308745,73.77,0,3.70400082181104,-6.135323983310719,0.07942720219929167
2024-06-21,74.17,77.95065,79.10650000000001,-0.5366270669666973,74.69,0,4.365581839833816,-6.240321591778184,0.0633992750641772
2024-06-22,74.61,75.42998,78.6815,-0.424109241980394,74.17,0,1.698769606299293,-5.174659862864842,0.11251782498630325
2024-06-23,73.37,76.28123,78.209,-0.3929502762627446,74.61,0,2.2399505586602424,-6.187267450037718,0.031158965717649423
2024-06-24,69.68,78.73485,77.51050000000001,-0.5698765350103425,73.37,0,7.312045825897413,-10.102502241631779,-0.17692625874759793
2024-06-25,71.35,75.99227,76.806,-0.524590272371567,69.68,0,9.058942915240866,-7.103611697002843,0.045286262638775554
2024-06-26,71.02,75.57577,76.14750000000001,-0.46883916731015773,71.35,0,5.922589372235248,-6.733641944909566,0.055751105061409234
2024-06-27,73.28,78.363464,75.80499999999999,-0.24309513822112727,71.02,0,10.339994868302949,-3.330914847305576,0.22574402908903046
2024-06-28,72.9,74.21806,75.4515,-0.09056128217650183,73.28,0,1.28010828942711,-3.381642512077282,0.15253385604462544
2024-06-29,74.95,74.846436,75.1745,0.16337310949419948,72.9,0,2.670007608882022,-0.2986385010874591,0.2539343916707013
2024-06-30,75.31,76.401764,74.95700000000001,0.35932751980707067,74.95,1,1.9369765390468605,0.4709366703576643,0.1959544103128712
2024-07-01,74.38,74.851166,74.81,0.4255251806489273,75.31,1,-0.6092606938197149,-0.5747894666488529,0.06619766084185663
2024-07-02,76.04,76.613014,74.68700000000001,0.5712415252867076,74.38,1,3.0021702355356426,1.8115602447547687,0.14571634463778027
2024-07-03,72.08,75.66272,74.3335,0.3992027031824241,76.04,0,-0.49616027543070257,-3.0316075524494375,-0.17203882210428345
2024-07-04,65.42,76.62921,73.724,-0.1361978981785006,72.08,0,6.311336606244799,-11.263631924475073,-0.5354006013609247
2024-07-05,61.85,75.55599,72.855,-0.6737730353025815,65.42,0,15.493720768059985,-15.1053462356736,-0.5375751371240809
2024-07-06,65.39,75.103455,72.17550000000001,-0.7292512975451304,61.85,0,21.428382521978577,-9.40138966823924,-0.055478262242548926
2024-07-07,62.05,76.50016,71.4485,-0.9170557320462627,65.39,0,16.99061051733469,-13.154229969838413,-0.18780443450113227
2024-07-08,64.92,64.55093,71.0615,-0.7795567811240951,62.05,0,4.030501544715707,-8.642513878823264,0.13749895092216757
2024-07-09,65.3,64.37572,70.638,-0.6025011079197342,64.92,-1,-0.838390075345139,-7.556839095104628,0.17705567320436089
2024-07-10,66.96,65.335144,70.2515,-0.32687376690492886,65.3,-1,0.05381936136103039,-4.685309210479491,0.27562734101480535
2024-07-11,67.36,71.589294,69.911,-0.08357769980140439,66.96,-1,6.913522152917796,-3.6489250618643734,0.24329606710352447
2024-07-12,69.25,67.94687,69.643,0.22197857888234473,67.36,0,0.8712424235219353,-0.5643065347558271,0.3055562786837491
2024-07-13,69.82,68.933174,69.46549999999999,0.46579533664518236,69.25,0,-0.4575102768219766,0.5103252693783269,0.24381675776283762
2024-07-14,69.92,70.31208,69.47749999999999,0.6270777376708536,69.82,1,0.7047842785746035,0.6368968371055517,0.16128240102567126
2024-07-15,72.29,71.62698,69.5245,0.8716113727387049,69.92,1,2.4413381615819842,3.9777344677056328,0.2445336350678513
2024-07-16,73.21,72.352486,69.634,1.0609842200739363,72.29,1,0.08643748338397426,5.13542235115029,0.1893728473352314
2024-07-17,71.38,73.13572,69.539,1.027939343568098,73.21,0,-0.10146250605598621,2.6474352521606495,-0.03304487650583843
2024-07-18,71.63,70.08135,69.4755,0.9876174727825555,71.38,0,-1.819344026496605,3.101093191124927,-0.04032187078554239
2024-07-19,73.4,71.24647,69.398,1.0396001310644998,71.63,0,-0.5354354455786182,5.766736793567552,0.05198265828194426
2024-07-20,73.03,70.48495,69.28399999999999,1.0077732035276739,73.4,0,-3.9714615741282855,5.406731712949613,-0.03182692753682592
2024-07-21,73.98,70.64116,69.264,1.0070268686510508,73.03,0,-3.2710405893233103,6.808731808731822,-0.0007463348766230116
2024-07-22,71.26,69.8694,69.025,0.789294327085086,73.98,0,-5.556366552562776,3.2379572618616432,-0.2177325415659649
2024-07-23,72.92,70.60854,69.067,0.7246953405946314,71.26,0,-0.9141967499353232,5.578641029724773,-0.06459898649045459
2024-07-24,71.29,69.66209,69.3605,0.5478520441200055,72.92,0,-4.467791433329121,2.7818426914454255,-0.17684329647462582
2024-07-25,68.79,69.16229,69.70750000000001,0.2531565733528506,71.29,0,-2.984580613734403,-1.316214180683576,-0.29469547076715497
2024-07-26,71.31,71.60921,70.0035,0.21982974377961878,68.79,1,4.098280496177215,1.8663352546658376,-0.0333268295732318
2024-07-27,71.32,71.919846,70.467,0.19138738979553888,71.31,1,0.8552034512055604,1.2104956930194195,-0.028442353984079904
2024-07-28,71.07,71.550446,70.7745,0.15046872250969884,71.32,1,0.3231149139661131,0.4175232604963509,-0.04091866728584004
2024-07-29,73.69,69.40141,71.19399999999999,0.28668891440810185,71.07,0,-2.3478078459727114,3.5059134196702106,0.136220191898403
2024-07-30,71.69,69.91325,71.43050000000001,0.2313043950759485,73.69,0,-5.125181457213069,0.3632901911648224,-0.055384519332153354
2024-07-31,70.14,69.897995,71.56949999999999,0.08691986198005844,71.69,0,-2.4996582576130706,-1.9973592102781077,-0.14438453309589006
2024-08-01,69.59,69.71112,71.5865,-0.04205972384700549,70.14,-1,-0.6114619254793991,-2.7889336676607988,-0.12897958582706393
2024-08-02,65.06,67.82904,71.3485,-0.4085209035275184,69.59,-1,-2.5304777592416343,-8.813780247657622,-0.36646117968051295
2024-08-03,64.65,69.066795,71.08500000000001,-0.6407605681619327,65.06,-1,6.158615661114497,-9.05254273053387,-0.2322396646344143
2024-08-04,62.46,68.48,70.59349999999999,-0.8888334191383782,64.65,0,5.924212462387607,-11.521599014073521,-0.2480728509764455
2024-08-05,56.08,67.39864,69.737,-1.3991959960463751,62.46,0,7.9068899994433925,-19.583578301332143,-0.5103625769079969
2024-08-06,58.25,67.664536,69.0805,-1.4983725658118843,56.08,0,20.657160346756314,-15.678085711597339,-0.09917656976550915
2024-08-07,55.99,59.80368,68.2985,-1.613923869173766,58.25,0,2.66726252347103,-18.02162565795735,-0.1155513033618818
2024-08-08,61.16,60.574226,67.6865,-1.2558374469345086,55.99,0,8.187580602597837,-9.64224771557105,0.35808642223925746
2024-08-09,60.72,63.756794,67.071,-0.9748103425853074,61.16,0,4.2459025111675635,-9.469070089904728,0.2810271043492012
2024-08-10,61.16,62.873096,66.43,-0.6984330968736119,60.72,0,3.5459427965488377,-7.933162727683291,0.27637724571169553
2024-08-11,59.73,61.562496,65.85350000000001,-0.5572056054179004,61.16,0,0.658103638493685,-9.298670533836491,0.14122749145571145
2024-08-12,61.5,57.948257,65.2825,-0.3026042316110833,59.73,-1,-2.9829943976409417,-5.794048941140426,0.25460137380681713
2024-08-13,63.44,59.00228,64.89000000000001,0.021249769615907077,61.5,-1,-4.061331400057164,-2.2345507782401244,0.3238540012269904
2024-08-14,64.06,57.572495,64.6535,0.28724526541319717,63.44,-1,-9.24890525404171,-0.917970411501298,0.2659954957972901
2024-08-15,65.33,57.218807,64.3545,0.5438590389041051,64.06,0,-10.67935182569625,1.5158225143540804,0.25661377349090797
2024-08-16,66.49,58.56435,64.113,0.7728809047860148,65.33,0,-10.356114911719226,3.7075164163274144,0.22902186588190965
2024-08-17,67.59,65.84198,63.939,0.9670123811236646,66.49,0,-0.9746127530925627,5.710129967625399,0.19413147633764982
2024-08-18,66.33,65.4132,63.571000000000005,0.9762848410247089,67.59,0,-3.220594202666126,4.340029258624205,0.009272459901044305
2024-08-19,66.32,65.14696,63.302499999999995,0.9467521022048018,66.33,0,-1.7835709370406465,4.7667943604123035,-0.029532738819907145
2024-08-20,64.41,64.569336,63.016000000000005,0.7710337707749695,66.32,0,-2.639722651537988,2.212136600228499,-0.1757183314298323
2024-08-21,64.27,61.759686,62.75,0.6241005103066692,64.41,0,-4.114756223633869,2.4223107569721054,-0.14693326046830024
2024-08-22,63.77,64.28562,62.685500000000005,0.47851484868713867,64.27,0,0.024306275192796375,1.7300651665855715,-0.14558566161953057
2024-08-23,66.1,64.163475,62.757999999999996,0.520919033339895,63.77,1,0.6170221681371971,5.325217502151118,0.042404184652756305
2024-08-24,66.57,63.938473,62.963499999999996,0.5590405796895778,66.1,1,-3.270086614519304,5.727921732432278,0.03812154634968279
2024-08-25,64.82,65.545235,63.4005,0.4495300766282626,66.57,1,-1.5393800808535558,2.23894133327023,-0.10951050306131516
2024-08-26,63.01,65.28493,63.6385,0.2483737568279356,64.82,0,0.7172591301512949,-0.9876097016743048,-0.201156319800327
2024-08-27,60.38,62.701122,63.85799999999999,-0.052576017114048024,63.01,-1,-0.49020427878821005,-5.446459331642062,-0.30094977394198363
2024-08-28,61.82,63.148735,63.891,-0.14044038722963625,60.38,-1,4.585516804217813,-3.2414581083407645,-0.08786437011558823
2024-08-29,62.47,62.325554,63.9785,-0.14023682127197323,61.82,-1,0.8177837173131163,-2.3578233312753474,0.0002035659576630211
2024-08-30,64.94,61.876434,64.16749999999999,0.031623125823906806,62.47,0,-0.9501611554796283,1.2038804690848297,0.17185994709588004
2024-08-31,64.97,61.459,64.42949999999999,0.14627760945308044,64.94,0,-5.3603331786432635,0.8389014349017279,0.11465448362917363
2024-09-01,63.59,65.02024,64.53399999999999,0.12875013710214567,64.97,0,0.07732920377313743,-1.462794805838765,-0.01752747235093477
2024-09-02,65.33,65.82701,64.6285,0.22811005810149887,63.59,1,3.517866187133879,1.0854344445561876,0.0993599209993532
2024-09-03,64.36,65.022354,64.64349999999999,0.2220583436142357,65.33,1,-0.47091056792198965,-0.4385591745496291,-0.00605171448726316
2024-09-04,65.42,64.74458,64.648,0.2792976407070792,64.36,1,0.5975499221299146,1.1941591387204642,0.05723929709284348
2024-09-05,66.08,65.37972,64.6275,0.3470422978242888,65.42,0,-0.061567417892323374,2.247495261305173,0.06774465711720962
2024-09-06,63.05,64.37156,64.4005,0.18154206512991844,66.08,0,-2.5854129190883657,-2.0970334081257085,-0.16550023269437036
2024-09-07,62.07,65.41459,64.1875,0.00893668961770172,63.05,0,3.750339299322219,-3.2989289191820834,-0.17260537551221672
2024-09-08,60.95,65.672386,63.919,-0.1680286342198799,62.07,0,5.803747654959873,-4.6449412537743,-0.17696532383758162
2024-09-09,61.42,65.58531,63.769499999999994,-0.23659681778848385,60.95,0,7.6051056433936575,-3.684363214389312,-0.06856818356860395
2024-09-10,61.51,64.847115,63.631499999999996,-0.2573407765962168,61.42,0,5.579802284253142,-3.3340405302405216,-0.020743958807732943
2024-09-11,62.19,60.002705,63.552499999999995,-0.20878305189759272,61.51,-1,-2.4504883427713704,-2.143896778254195,0.04855772469862407
2024-09-12,62.84,59.40088,63.3895,-0.12077252184722798,62.19,-1,-4.484838549204049,-0.8668628085092875,0.08801053005036474
2024-09-13,64.91,62.216953,63.30650000000001,0.07824895248215369,62.84,-1,-0.9914810986825473,2.5329152614660257,0.19902147432938166
2024-09-14,65.91,61.01253,63.36099999999999,0.26795365601875987,64.91,0,-6.004419533943027,4.0229794352993276,0.18970470353660618
2024-09-15,63.24,60.98965,63.37249999999999,0.20705260729241548,65.91,0,-7.46525454966111,-0.20908122608384724,-0.06090104872634439
2024-09-16,62.62,63.61266,63.484500000000004,0.12262355774807149,63.24,0,0.5892780745504446,-1.361749718435219,-0.08442904954434399
2024-09-17,63.77,62.52152,63.58200000000001,0.14055130445858088,62.62,0,-0.15726811358129483,0.29568116762605023,0.017927746710509396
2024-09-18,64.84,61.688713,63.7005,0.2162687480153334,63.77,0,-3.263739887516911,1.7888399620097257,0.07571744355675253
2024-09-19,65.4,62.905495,63.7235,0.2911984917040306,64.84,0,-2.983506030318626,2.630897549569632,0.0749297436886972
2024-09-20,65.33,63.458733,63.741499999999995,0.32083775092490374,65.4,0,-2.9682987691430225,2.4920969854804227,0.029639259220873126
2024-09-21,66.84,64.46055,63.90400000000001,0.4206367276576729,65.33,0,-1.3308611650407043,4.594391587381059,0.09979897673276916
2024-09-22,68.68,65.35971,64.07149999999999,0.5792799417084269,66.84,0,-2.2146758028734714,7.192745604519985,0.158643214050754
2024-09-23,66.96,64.38258,64.2015,0.5379780649274198,68.68,0,-6.25715838939421,4.296628583444309,-0.04130187678100705
2024-09-24,66.7,64.12303,64.2655,0.46546721976418803,66.96,0,-4.236810609003967,3.7881911756696827,-0.07251084516323181
2024-09-25,66.55,60.661907,64.289,0.3831553852308804,66.7,0,-9.05261289948288,3.5169313568417544,-0.08231183453330765
2024-09-26,68.54,66.20139,64.5635,0.4347119147597268,66.55,0,-0.5238270060985589,6.1590527155436146,0.05155652952884643
2024-09-27,71.13,65.16306,65.0165,0.6047716648541801,68.54,0,-4.926957908788444,9.4029977005837,0.1700597500944533
2024-09-28,69.95,66.371796,65.46650000000001,0.5982211351503877,71.13,0,-6.689447976526249,6.848540856774063,-0.00655052970379244
2024-09-29,69.27,66.778564,65.85900000000001,0.5118634581042032,69.95,0,-4.533860681736958,5.179246572222455,-0.08635767704618447
2024-09-30,66.82,65.76409,66.1245,0.26588731403759436,69.27,0,-5.061222041721925,1.0518037943576066,-0.24597614406660884
2024-10-01,63.41,66.16443,66.1855,-0.12911108514265734,66.82,-1,-0.9811004026676043,-4.193516706831569,-0.3949983991802517
2024-10-02,62.95,63.08403,66.191,-0.4082508994567349,63.41,-1,-0.5140669431206578,-4.8964360713692185,-0.27913981431407753
2024-10-03,63.44,64.456955,66.11749999999999,-0.5385825600001705,62.95,-1,2.3938919079502536,-4.049608651264786,-0.1303316605434356
2024-10-04,64.95,65.49068,66.0695,-0.5024903959522972,63.44,0,3.2324667085164167,-1.6944278373530937,0.0360921640478733
2024-10-05,66.29,68.585594,66.22200000000001,-0.3736827392879979,64.95,0,5.59752760161061,0.10268490833861531,0.12880765666429927
2024-10-06,67.02,66.00728,66.442,-0.23159219463391123,66.29,0,-0.4264920163179873,0.8699316697269844,0.14209054465408666
2024-10-07,64.77,68.22581,66.49199999999999,-0.2782736069831511,67.02,0,1.7991751565822296,-2.5897852373217747,-0.04668141234923989
2024-10-08,65.69,66.893486,66.53450000000001,-0.23789027194755108,64.77,0,3.2785024285150883,-1.2692663204803682,0.04038333503560004
2024-10-09,64.59,68.18648,66.494,-0.2734228819901107,65.69,0,3.800392237985713,-2.8634162480825283,-0.03553261004255964
2024-10-10,64.32,68.546844,66.4435,-0.3010836105136231,64.59,0,6.126094569471855,-3.1959484373941875,-0.027660728523512368
2024-10-11,65.58,63.88408,66.3805,-0.22403311901598014,64.32,-1,-0.6777379050183546,-1.205926439240439,0.07705049149764295
2024-10-12,66.19,63.222507,66.256,-0.1263616421727154,65.58,-1,-3.5948345885839554,-0.099613619898579,0.09767147684326474
2024-10-13,64.8,64.2896,66.148,-0.1482327553127485,66.19,-1,-2.8711337700299295,-2.037854508072805,-0.021871113140033094
2024-10-14,66.83,64.126724,66.1545,-0.02529006534821364,64.8,0,-1.039005797586319,1.021094558949126,0.12294268996453485
2024-10-15,70.87,63.69749,66.3705,0.3103053973796608,66.83,0,-4.687280125484553,6.779367339405304,0.33559546272787444
2024-10-16,70.08,69.58803,66.4475,0.45264846459709496,70.87,0,-1.808906513190972,5.4667218480755375,0.14234306721743417
2024-10-17,72.8,69.43727,66.53099999999999,0.6893711380231522,70.08,0,-0.917135961523881,9.422675143917882,0.23672267342605724
2024-10-18,73.11,68.22936,66.689,0.8174679404077357,72.8,0,-6.278348231053611,9.628274528033119,0.12809680238458354
2024-10-19,74.9,67.97106,66.97049999999999,0.9633520728626062,73.11,0,-7.029049779041213,11.840287887950696,0.14588413245487042
2024-10-20,74.3,68.47198,67.34450000000001,0.9580175811579359,74.9,0,-8.582139874650583,10.328237643757078,-0.005334491704670263
2024-10-21,70.77,75.84862,67.7125,0.6690125574513928,74.3,1,2.084276653715936,4.515414436034691,-0.28900502370654313
2024-10-22,70.04,71.070465,68.06700000000001,0.3945231045420745,70.77,1,0.4245656180452579,2.898614600320271,-0.27448945290931825
2024-10-23,70.04,67.497086,68.397,0.1892086175167722,70.04,1,-3.6306602351669666,2.402152141175783,-0.2053144870253023
2024-10-24,71.18,67.442474,68.7085,0.11033547568159996,70.04,0,-3.7086316887002155,3.597080419453206,-0.07887314183517224
2024-10-25,68.84,67.1202,68.836,-0.10748896709075817,71.18,0,-5.703566857488287,0.005810912894422815,-0.21782444277235813
2024-10-26,68.47,68.54039,68.9085,-0.2750208893089723,68.84,-1,-0.4352265911556739,-0.6363511032746392,-0.1675319222182141
2024-10-27,71.06,68.88917,69.223,-0.2127210206378063,68.47,-1,0.6121918878991272,2.653742253297319,0.06229986867116599
2024-10-28,70.8,70.17776,69.4785,-0.19102840772552998,71.06,-1,-1.2415462099865022,1.9020272458386414,0.02169261291227631
2024-10-29,73.98,71.66899,69.94800000000001,0.024043357271178678,70.8,1,1.2273885435977265,5.764282038085429,0.21507176499670866
2024-10-30,71.76,68.614685,70.32,0.004376826817210189,73.98,1,-7.25238570073838,2.0477815699658874,-0.01966653045396849
2024-10-31,69.33,71.116516,70.50750000000001,-0.17479985264029452,71.76,1,-0.8967166760294804,-1.6700351026486673,-0.1791766794575047
2024-11-01,70.27,69.99513,70.7115,-0.2290977343674656,69.33,0,0.9593717673288104,-0.6243680306598005,-0.05429788172717109
2024-11-02,69.2,68.90326,70.9315,-0.3300289644936427,70.27,-1,-1.9449846629518233,-2.4410875281081,-0.10093123012617711
2024-11-03,66.86,69.12163,70.933,-0.5351943223744173,69.2,-1,-0.11325461326996437,-5.742038261458005,-0.2051653578807746
2024-11-04,65.56,67.27034,70.66749999999999,-0.7273463186116101,66.86,-1,0.6137301313495559,-7.22750910956237,-0.1921519962371928
2024-11-05,65.39,63.792988,70.433,-0.8274971372213495,65.56,-1,-2.695259573693829,-7.159996024590754,-0.1001508186097394
2024-11-06,71.01,64.48726,70.3435,-0.49334302178481804,65.39,0,-1.3805491495139746,0.9474933718111824,0.3341541154365315
2024-11-07,71.45,65.65064,70.26050000000001,-0.23394296850335172,71.01,0,-7.547327988988134,1.6929853900840377,0.2594000532814663
2024-11-08,72.78,64.4859,70.15450000000001,0.022335431559614927,71.45,0,-9.74681472511372,3.7424541547584087,0.25627840006296665
2024-11-09,73.98,64.76593,70.1385,0.25487549938762033,72.78,0,-11.01136277029232,5.477020466648148,0.2325400678280054
2024-11-10,76.58,73.16214,70.429,0.5491105223744945,73.98,0,-1.1055151492590958,8.733618253844291,0.2942350229868742
2024-11-11,80.03,71.262,70.9285,0.9195839422106274,76.58,0,-6.944370543748161,12.831936386642889,0.3704734198361329
2024-11-12,76.69,71.47763,71.261,0.8830034282236443,80.03,0,-10.68645431059056,7.618472937511406,-0.03658051398698314
2024-11-13,75.39,72.06666,71.4715,0.7213824962130038,76.69,0,-6.028611266110922,5.482604954422384,-0.16162093201064054
2024-11-14,82.38,71.3336,72.1485,1.017265345361392,75.39,0,-5.3805505965334435,14.181168007650882,0.29588284914838825
2024-11-15,83.7,75.35911,72.91,1.2202273260037124,82.38,0,-8.522568619578283,14.799067343299969,0.2029619806423204
2024-11-16,95.42,74.16034,74.12800000000001,2.015231262839873,83.7,0,-11.397444019750601,28.72328944528381,0.7950039368361606
2024-11-17,87.2,72.599014,74.94800000000001,1.8625228717973616,95.42,0,-23.91635476605894,16.34733415167849,-0.15270839104251133
2024-11-18,89.22,70.68196,75.71000000000001,1.7730597911948691,87.2,0,-18.94270520691478,17.844406287148313,-0.08946308060249253
2024-11-19,86.68,69.955826,76.456,1.4328777395009986,89.22,0,-21.591766637901742,13.372397195772736,-0.3401820516938705
2024-11-20,83.38,80.80878,77.1585,0.9016155565235549,86.68,0,-6.773446175047596,8.063272354957641,-0.5312621829774438
2024-11-21,89.51,79.44921,78.1205,0.8781832961648566,83.38,0,-4.7143066435530425,14.579399773426946,-0.023432260358698276
2024-11-22,92.2,79.88171,79.2705,0.952743029908123,89.51,0,-10.756668262995236,16.31060735077993,0.07455973374326641
2024-11-23,99.5,78.5479,80.9025,1.3768416388013422,92.2,0,-14.807052777801319,22.987546738357896,0.42409860889321926
2024-11-24,96.92,75.29495,82.4705,1.3641358739575624,99.5,0,-24.326681012484297,17.520810471623186,-0.012705764843779832
2024-11-25,92.26,91.47912,83.814,0.9424657648169594,96.92,0,-5.613786269946382,10.077075428925971,-0.421670109140603
2024-11-26,92.82,82.90966,84.9045,0.6175495065340222,92.26,0,-10.134770930679098,9.322827411974624,-0.32491625828293724
2024-11-27,97.23,82.63711,86.1935,0.6145998201481149,92.82,0,-10.97057977901196,12.804329792849813,-0.002949686385907313
2024-11-28,95.54,79.860085,87.3315,0.4229186243341019,97.23,0,-17.86476958377928,9.399243113882163,-0.191681195814013
2024-11-29,104.77,77.59855,88.87100000000001,0.8189173915665826,95.54,0,-18.778994254594775,17.88997535754069,0.39599876723248073
2024-11-30,102.74,98.0263,90.179,0.8420502916762729,104.77,0,-6.436672212513867,13.928963505916004,0.02313290010969027
2024-12-01,119.55,85.426384,92.155,1.8306710084173918,102.74,0,-16.85187466209074,29.727090228419506,0.988620716741119
2024-12-02,132.93,84.66108,94.96700000000001,3.1495485959965155,119.55,0,-29.183538764752587,39.974938662903945,1.3188775875791237
2024-12-03,130.89,84.638756,97.74199999999999,3.615040215188486,132.93,0,-36.32832633841884,33.913772994209246,0.4654916191919707
2024-12-04,133.69,78.55455,100.3075,3.821882287342122,130.89,0,-39.98429966315346,33.280163497245965,0.20684207215363593
2024-12-05,135.78,124.1463,102.9115,3.801743446943238,133.69,0,-7.138678083976922,31.93860744426036,-0.020138840398884028
2024-12-06,135.93,122.8288,104.93699999999998,3.507921869063514,135.78,0,-9.538373555222604,29.534863775408127,-0.29382157787972396
2024-12-07,133.79,117.36046,107.2665,2.9038261524144477,135.93,0,-13.661106176691362,24.72673201791799,-0.6040957166490664
2024-12-08,134.91,92.78338,109.551,2.338351489141866,133.79,0,-30.649989834012835,23.148122792124212,-0.5654746632725818
2024-12-09,110.44,74.55139,110.739,0.18830327702522176,134.91,0,-44.73990689973871,-0.2700042442138782,-2.150048212116644
2024-12-10,109.8,108.540665,112.05999999999999,-1.3218701096337835,110.44,-1,-1.7197893219380977,-2.016776726753517,-1.5101733866590052
2024-12-11,117.3,107.95076,113.44950000000001,-1.8293279749169677,109.8,-1,-1.68418953761811,3.3940211283434323,-0.5074578652831843
2024-12-12,119.24,91.71209,114.80149999999999,-2.0323581997334177,117.3,-1,-21.814075414685234,3.8662386815503327,-0.20303022481644994
2024-12-13,124.52,90.05483,116.05249999999998,-1.8161527447803643,119.24,0,-24.475987539000254,7.2962667758126845,0.21620545495305343
2024-12-14,118.21,91.51474,117.11699999999999,-2.0840196790752525,124.52,0,-26.505991013303582,0.9332547794086287,-0.2678669342948883
2024-12-15,121.11,120.61006,118.5595,-2.0487411954221546,118.21,0,2.030337235012113,2.1512405163652004,0.035278483653097936
2024-12-16,117.99,118.56697,119.81799999999998,-2.2048192336902055,121.11,-1,-2.099768123858217,-1.5256472316346368,-0.1560780382680509
2024-12-17,125.63,101.38433,121.23799999999999,-1.7809506723331001,117.99,-1,-14.073793754121771,3.622626569227479,0.4238685613571054
2024-12-18,108.35,95.72218,121.87849999999999,-2.6020797436642242,125.63,-1,-23.806269818085596,-11.099988923395017,-0.8211290713311241
2024-12-19,99.36,90.5727,121.60799999999999,-3.625525169650567,108.35,-1,-16.407290724053265,-18.294849023090578,-1.0234454259863428
2024-12-20,101.38,103.67351,121.54,-4.011232082959665,99.36,0,4.341291958967077,-16.58713180845813,-0.38570691330909757
2024-12-21,101.56,99.25226,120.6405,-4.085279549943266,101.38,-1,-2.098778555157571,-15.815998773214634,-0.07404746698360132
2024-12-22,99.78,99.68947,118.98299999999999,-4.075874665861147,101.56,-1,-1.841799543334915,-16.139280401401873,0.009404884082118592
2024-12-23,106.77,96.037125,117.77699999999997,-3.4456858299270814,99.78,-1,-3.7511278474753844,-9.345627754145529,0.6301888359340659
2024-12-24,108.35,99.81298,116.51000000000002,-2.796837325929808,106.77,-1,-6.515893367186034,-7.003690670328748,0.6488485039972733
2024-12-25,109.82,112.48349,115.21199999999999,-2.1709523992513544,108.35,0,3.814942307553651,-4.68006804846717,0.6258849266784536
2024-12-26,102.23,107.69646,113.527,-2.165510514571798,109.82,-1,-1.9336578863779874,-9.95093678155857,0.00544188467955653
2024-12-27,100.58,106.99747,111.8665,-2.1652230216478343,102.23,-1,4.663471623804774,-10.089258178275001,0.0002874929239635726
2024-12-28,100.74,106.4306,110.15799999999999,-2.047736319717343,100.58,-1,5.8168652091307935,-8.549537936418593,0.11748670193049149
2024-12-29,98.51,115.912674,109.56149999999998,-2.010807282397444,100.74,0,15.0612209154212,-10.087028746411812,0.03692903731989894
2024-12-30,99.4,100.299286,109.0415,-1.8226119621006034,98.51,0,1.8163494961647244,-8.842046376838171,0.1881953202968405
2024-12-31,103.28,102.244514,108.34049999999999,-1.3545024596637356,99.4,0,2.8616845727686373,-4.670921769790605,0.4681095024368678
2025-01-01,105.24,98.12343,107.6405,-0.8549299737690497,103.28,-1,-4.99280756707343,-2.2301085557945273,0.49957248589468595
2025-01-02,105.14,98.24242,106.67150000000001,-0.4913413437168883,105.24,-1,-6.649167254051747,-1.435716194109962,0.36358863005216135
2025-01-03,112.71,95.91728,106.39649999999999,0.25855667094113666,105.14,-1,-8.771845059451982,5.933935796760236,0.749898014658025
2025-01-04,111.21,118.36978,105.90149999999998,0.6318595169576418,112.71,1,5.021543336119805,5.012676874265246,0.3733028460165051
2025-01-05,115.72,124.10301,105.78799999999998,1.131654678981552,111.21,1,11.593392756911198,9.388588497750234,0.4997951620239103
2025-01-06,114.01,124.592766,105.207,1.2850075469804132,115.72,1,7.667443664107735,8.367313961998738,0.15335286799886116
2025-01-07,102.72,115.26287,104.92549999999999,0.5988760745397401,114.01,0,1.0989130677784524,-2.101967586525665,-0.6861314724406731
2025-01-08,101.43,112.108536,105.029,0.05935190505227422,102.72,0,9.139929679323952,-3.4266726332727053,-0.539524169487466
2025-01-09,102.23,101.70681,105.07149999999999,-0.22675525633194993,101.43,0,0.2729074214321078,-2.7043489433385672,-0.28610716138422415
2025-01-10,103.96,99.27675,105.19149999999999,-0.2791600879234648,102.23,-1,-2.8888304243112994,-1.1707219689803805,-0.05240483159151488
2025-01-11,104.39,90.94021,105.422,-0.2646643795547957,103.96,-1,-12.523847215218739,-0.9789228054865176,0.014495708368669091
2025-01-12,102.34,95.57148,105.20049999999999,-0.3666611804143325,104.39,-1,-8.447667595207127,-2.7190935404299297,-0.10199680085953677
2025-01-13,98.37,94.83371,104.70150000000001,-0.6580206079122203,102.34,-1,-7.334659256598718,-6.047191300984231,-0.2913594274978878
2025-01-14,102.45,100.76933,104.333,-0.5375633627837257,98.37,0,2.439090053616126,-1.8047980983964762,0.12045724512849454
2025-01-15,116.96,101.78685,105.06949999999999,0.5015414759563354,102.45,0,-0.6472913854700492,11.31679507373691,1.039104838740061
2025-01-16,124.41,107.52903,106.261,1.610269415496866,116.96,0,-8.063414974186548,17.079643519259182,1.1087279395405307
2025-01-17,137.04,109.17311,108.076,3.031419783972325,124.41,0,-12.247318574138683,26.799659498871165,1.421150368475459
2025-01-18,125.4,111.06128,109.42050000000002,3.0181275078852763,137.04,0,-18.95703495557866,14.603753410009993,-0.013292276087048638
2025-01-19,115.57,126.060165,110.229,2.215082223450481,125.4,1,0.5264476916056074,4.845367371562832,-0.8030452844347953
2025-01-20,118.58,123.88731,110.99399999999999,1.773502197187577,115.57,1,7.196769242345689,6.834603672270585,-0.44158002626290394
2025-01-21,119.11,121.58618,111.6875,1.4193199701363781,118.58,1,2.535150649877721,6.645775041969781,-0.35418222705119895
2025-01-22,115.38,115.783844,112.19949999999999,0.8633856428806155,119.11,0,-2.7925077708499493,2.8346828640056416,-0.5559343272557626
2025-01-23,116.42,113.20288,112.38500000000002,0.5125824297621877,115.38,0,-1.8869120650242637,3.5903367887173387,-0.35080321311842777
2025-01-24,118.71,120.372375,112.76000000000002,0.38734490977135216,116.42,1,3.3949282668624363,5.276693863071988,-0.12523751999083554
2025-01-25,123.92,126.0064,113.17,0.5955174949887194,118.71,1,6.146408105476982,9.49898382963683,0.20817258521736726
2025-01-26,117.11,125.05195,113.325,0.2333067000973128,123.92,1,0.9134510550058743,3.3399514670196306,-0.3622107948914066
2025-01-27,115.06,129.50462,113.94199999999998,-0.1641813322813075,117.11,0,10.58374469565873,0.9812009618929135,-0.3974880323786203
2025-01-28,109.92,124.767845,114.3665,-0.759765852937953,115.06,0,8.437202462896394,-3.887939212968833,-0.5955845206566455
2025-01-29,115.9,113.09336,115.05,-0.7369078082348839,109.92,0,2.88697316309944,0.738809213385492,0.02285804470306907
2025-01-30,130.15,118.39048,116.3595,0.20183144046587076,115.9,1,2.1488179823157036,11.85163222598929,0.9387392487007546
2025-01-31,128.09,112.40095,117.54450000000001,0.6240909101097176,130.15,1,-13.637381812677082,8.971495901552167,0.42225946964384686
2025-02-01,118.04,117.411545,118.32950000000001,0.18916975763944732,128.09,1,-8.336681396045996,-0.24465581279393883,-0.4349211524702703
2025-02-02,109.12,126.07309,118.867,-0.6885335129668992,118.04,0,6.805396136571813,-8.199920920019855,-0.8777032706063466
2025-02-03,106.91,123.93366,119.08999999999999,-1.367967549956166,109.12,0,13.575570394566327,-10.22755898899991,-0.6794340369892669
2025-02-04,101.07,126.09931,118.29549999999999,-2.1160534623975,106.91,0,17.94903360641033,-14.561416114729637,-0.7480859124413337
2025-02-05,103.38,125.789505,117.244,-2.343016266692448,101.07,0,24.457806475593966,-11.824912149022555,-0.2269628042949483
2025-02-06,101.66,131.88696,115.475,-2.483296414564066,103.38,0,27.574930248234676,-11.96362849101537,-0.1402801478716178
2025-02-07,103.11,129.57083,114.3605,-2.3539299064082684,101.66,0,27.455077020291295,-9.837749922394536,0.12936650815579753
2025-02-08,104.69,102.32474,113.81649999999999,-2.0486743255998023,103.11,-1,-0.7615773942118849,-8.018608901169861,0.30525558080846604
2025-02-09,107.2,106.93949,113.24750000000002,-1.5851571130044682,104.69,-1,2.1487164695507293,-5.340073732311983,0.4635172125953342
2025-02-10,120.21,113.798775,113.30250000000001,-0.3730445500622276,107.2,-1,6.1555734321252595,6.096511550936637,1.2121125629422407
2025-02-11,119.27,109.74322,113.497,0.35532596603735933,120.21,0,-8.707081384026516,5.086478056688719,0.7283705160995869
2025-02-12,122.04,109.88067,113.77799999999999,0.9782676257995067,119.27,0,-7.872332824568859,7.261509254864749,0.6229416597621473
2025-02-13,126.61,119.173805,114.173,1.6151150148080913,122.04,0,-2.3485699468892167,10.89311833796081,0.6368473890085846
2025-02-14,124.91,119.35479,114.2225,1.8234757270776707,126.61,0,-5.730361161135203,9.356737945676203,0.20836071226957942
2025-02-15,133.86,121.210175,115.06000000000002,2.4278487283215946,124.91,0,-2.9619929865127865,16.339301234138706,0.6043730012439239
2025-02-16,125.71,126.172386,115.59250000000002,2.1519367192202496,133.86,0,-5.743025422505916,8.75273049722082,-0.27591200910134495
2025-02-17,122.31,126.16327,116.21200000000002,1.636972087087944,125.71,1,0.360567212607395,5.247306646473672,-0.5149646321323056
2025-02-18,129.75,124.868324,116.90450000000001,1.6872216842854213,122.31,1,2.091672209782646,10.98802869008463,0.050249597197477236
2025-02-19,134.88,121.53531,117.14099999999999,1.9378381205617776,129.75,1,-6.331168525710501,15.143288857018469,0.2506164362763563
2025-02-20,130.82,128.55954,117.27749999999999,1.7100018265629835,134.88,0,-4.685987696528856,11.547398264799305,-0.22783629399879413
2025-02-21,128.1,131.84717,117.78049999999999,1.2758424148655845,130.82,1,0.7851765546170363,8.761637113104467,-0.434159411697399
2025-02-22,125.9,122.22222,118.61949999999999,0.765400306158635,128.1,1,-4.588429840349942,6.137692369298487,-0.5104421087069495
2025-02-23,129.85,118.64597,119.7665,0.624638029967874,125.9,1,-5.761736929653375,8.41929921973173,-0.14076227619076098
2025-02-24,114.77,120.97847,120.45149999999998,-0.49291091684539934,129.85,-1,-6.832137197818391,-4.716836236991641,-1.1175489468132733
2025-02-25,114.55,123.25615,121.00999999999999,-1.2146531348327896,114.77,-1,7.394048350607468,-5.338401784976443,-0.7217422179873902
2025-02-26,124.68,117.34457,122.16099999999999,-0.9871951828471559,114.55,-1,2.4396039678872516,2.0620328910208823,0.22745795198563368
2025-02-27,126.86,119.87364,123.34849999999999,-0.6818210849247608,124.68,0,-3.85495511086507,2.84681208121705,0.3053740979223951
2025-02-28,128.04,124.76729,124.51599999999999,-0.4058825266825443,126.86,0,-1.6496230427181042,2.830158373221113,0.27593855824221647
2025-03-01,124.31,124.06992,125.3715,-0.4752783906054203,128.04,-1,-3.1006533888793237,-0.8466836561738476,-0.069395863922876
2025-03-02,127.89,131.62964,125.75550000000001,-0.28989495614555016,124.31,-1,5.888213878107149,1.6973412693679308,0.18538343445987016
2025-03-03,109.89,127.71017,125.2865,-1.331063355261021,127.89,-1,-0.140615426419311,-12.289033535137467,-1.0411683991154708
2025-03-04,103.66,122.82362,124.36749999999999,-2.3322632477059404,109.89,0,11.76960929768547,-16.650250266347715,-1.0011998924449195
2025-03-05,104.73,98.70157,123.27349999999998,-2.7847424561432503,103.66,-1,-4.78336040563802,-15.042567948504734,-0.45247920843730993
2025-03-06,103.39,101.26736,122.19749999999999,-3.0170280409856116,104.73,-1,-3.306257163602989,-15.391067738701686,-0.23228558484236128
2025-03-07,103.71,101.3069,120.68999999999998,-2.9863099951020815,103.39,-1,-2.0147983127826077,-14.069102659706681,0.03071804588353011
2025-03-08,102.34,103.54455,119.52149999999999,-2.8934021067356004,103.71,-1,-0.15953328062098643,-14.375237927904175,0.09290788836648112
2025-03-09,94.62,102.76132,118.13699999999999,-3.165032731515288,102.34,0,0.41168851034236037,-19.906549175956716,-0.2716306247796876
2025-03-10,87.48,99.507286,116.02349999999998,-3.6066817130214686,94.62,0,5.165172343877974,-24.601481596400713,-0.4416489815061806
2025-03-11,90.46,104.34475,113.80250000000001,-3.4776878223045475,87.48,0,19.278405864978954,-20.511412315195194,0.12899389071692102
2025-03-12,91.51,101.20043,111.83700000000002,-3.1130298445285813,90.46,0,11.873128259706474,-18.17555907257885,0.3646579777759662
2025-03-13,88.08,101.4259,109.83600000000001,-2.898586065506059,91.51,0,10.835868561154513,-19.807713318037813,0.2144437790225222
2025-03-14,91.31,102.51365,108.10650000000001,-2.3579030283848788,88.08,0,16.386976597203006,-15.536993612779998,0.5406830371211804
2025-03-15,92.47,94.11513,106.2375,-1.7678114689805478,91.31,0,3.0720923923738477,-12.95917166725497,0.590091559404331
2025-03-16,90.22,97.744225,105.00999999999999,-1.3912742133242606,92.47,0,5.70371422984735,-14.084372916865053,0.37653725565628715
2025-03-17,92.3,98.23574,103.8975,-0.8888258834741993,90.22,0,8.884660454024711,-11.162443754662043,0.5024483298500613
2025-03-18,90.03,103.40919,102.16499999999999,-0.6093791269569815,92.3,0,12.035955922962659,-11.877844663045066,0.27944675651721784
2025-03-19,94.09,106.49307,100.5265,-0.07899978682603503,90.03,0,18.286207386166414,-6.4027893142604135,0.5303793401309465
2025-03-20,93.29,92.67811,98.789,0.27088208426236804,94.09,0,-1.5005758153554811,-5.566409215600922,0.3498818710884031
2025-03-21,90.84,90.90254,97.1155,0.3833737123741692,93.29,0,-2.559178782015429,-6.461893312601999,0.11249162811180113
2025-03-22,91.37,94.086624,95.2895,0.5304795901098744,90.84,0,3.574002802188253,-4.113254870683548,0.14710587773570527
2025-03-23,91.48,93.42747,94.369,0.663556986634271,91.37,0,2.2517974676495585,-3.06138668418654,0.13307739652439654
2025-03-24,93.77,101.16312,93.8745,0.9184755924126717,91.48,0,10.58495458578719,-0.11131883525345178,0.25491860577840075
2025-03-25,94.36,95.45118,93.35600000000001,1.1258152329934283,93.77,1,1.7928756578804896,1.0754531042461015,0.2073396405807566
2025-03-26,92.42,94.4686,92.80749999999999,1.128439563270601,94.36,1,0.11508839774202584,-0.41753091075612286,0.0026243302771726817
2025-03-27,92.79,96.102325,92.2615,1.1474615927087122,92.42,1,3.9843382811654657,0.5728283195048944,0.019022029438111154
2025-03-28,87.35,97.406906,91.512,0.8023682922311117,92.79,0,4.97565053123147,-4.548037415858036,-0.34509330047760045
2025-03-29,85.46,93.21204,91.054,0.47186886501147374,87.35,0,6.7109831278844165,-6.143607090298074,-0.330499427219638
2025-03-30,86.1,86.98641,90.985,0.3282251257849351,85.46,0,1.786112857874854,-5.369016870912794,-0.1436437392265386
2025-03-31,82.97,86.58042,90.6105,0.06788826991916785,86.1,0,0.5579807755562276,-8.432245711037908,-0.26033685586576727
2025-04-01,84.48,92.467995,90.259,0.04401694645042831,82.97,0,11.447504748633731,-6.4026856047596326,-0.023871323468739547
2025-04-02,81.54,95.724594,89.93199999999999,-0.11447991570202998,84.48,0,13.310362353469381,-9.331494907263247,-0.15849686215245828
2025-04-03,83.45,97.17235,89.539,-0.03927219755321065,81.54,0,19.171385850454907,-6.8003886574565255,0.07520771814881932
2025-04-04,84.41,82.20134,89.136,0.11793723971350634,83.45,0,-1.4962975174599344,-5.3020104110572595,0.157209437266717
2025-04-05,82.67,81.65204,88.7585,0.145726092274999,84.41,0,-3.2673396822429175,-6.85962471199941,0.02778885256149266
2025-04-06,70.62,81.69964,87.6745,-0.5673523611353053,82.67,-1,-1.173777226685355,-19.452064169171184,-0.7130784534103043
2025-04-07,70.99,84.38647,86.7225,-0.9135028426998684,70.62,-1,19.493722713084768,-18.141197497765866,-0.3461504815645631
2025-04-08,69.15,86.03549,85.4755,-1.1504791791333426,70.99,-1,21.193818767938275,-19.099625038753786,-0.23697633643347427
2025-04-09,76.03,70.16786,84.6125,-0.7474923820553618,69.15,0,1.4719623116074574,-10.143300339784306,0.4029867970779808
2025-04-10,73.81,75.84779,83.761,-0.543551379245371,76.03,-1,-0.23965069169859088,-11.880230656272005,0.20394100280999083
2025-04-11,76.19,79.28362,83.002,-0.18025923138486455,73.81,-1,7.4158281285723024,-8.207031155875761,0.36329214786050645
2025-04-12,78.62,84.03639,82.35900000000001,0.2674684827878666,76.19,-1,10.298454143475608,-4.53988028023653,0.44772771417273116
2025-04-13,77.85,85.316444,81.563,0.5398220085323295,78.62,0,8.517482061781546,-4.552309257874291,0.2723535257444629
2025-04-14,77.18,78.86841,80.704,0.6931285714997584,77.85,0,1.3081672487154858,-4.366574147501966,0.15330656296742884
2025-04-15,75.27,78.77886,79.8465,0.6830685378097678,77.18,0,2.071601450520487,-5.7316225507693,-0.010060033689990533
2025-04-16,74.33,82.01731,78.92349999999999,0.6314871323962006,75.27,0,8.964143876964807,-5.820192971675094,-0.05158140541356726
2025-04-17,74.95,79.76958,78.3035,0.6547011867390422,74.33,0,7.318144795327848,-4.282694898695456,0.023214054342841628
2025-04-18,76.0,83.14736,77.8305,0.7495280661448618,74.95,0,10.937107078547152,-2.3519057438921767,0.09482687940581958
2025-04-19,76.1,77.07672,77.3305,0.8219343885133075,76.0,0,1.416738409745066,-1.5912220921887308,0.07240632236844569
2025-04-20,77.79,79.468155,77.0715,0.976089011763186,76.1,1,4.425959142216253,0.9322512212685701,0.1541546232498785
2025-04-21,78.15,80.82851,76.755,1.0862986490207795,77.79,1,3.9060373694903663,1.8174711745163317,0.11020963725759358
2025-04-22,83.49,80.25018,76.85249999999999,1.4785231205716545,78.15,1,2.687374415187133,8.63667414853128,0.3922244715508749
2025-04-23,83.28,79.82172,76.84400000000001,1.669390084349109,83.49,0,-4.393680310703372,8.375409921399187,0.1908669637774545
2025-04-24,84.29,82.619804,76.838,1.7980971737358504,83.28,0,-0.7927420961524764,9.698326348941947,0.12870708938674147
2025-04-25,86.28,82.17196,77.0185,1.9395397031520445,84.29,0,-2.512802321343175,12.025032946629704,0.14144252941619406
2025-04-26,87.06,81.850586,77.84049999999999,1.9999099320061373,86.28,0,-5.1337668781872985,11.8440914434003,0.06037022885409282
2025-04-27,85.39,80.96048,78.5605,1.845389430717265,87.06,0,-7.006111031095655,8.693300068100376,-0.1545205012888724
2025-04-28,85.67,78.852974,79.3865,1.68451823155855,85.39,0,-7.655493690141374,7.915073721602544,-0.16087119915871484
2025-04-29,85.57,85.982155,79.8635,1.500009602052007,85.67,1,0.36436891116073833,7.145316696613587,-0.184508629506543
2025-04-30,83.51,84.091194,80.3485,1.181856289994906,85.57,1,-1.7281825957321046,3.9347343136461834,-0.31815331205710096
2025-05-01,88.85,79.657,80.98150000000001,1.266172225085195,83.51,1,-4.613821481662008,9.716416712458996,0.0843159350902889
2025-05-02,87.97,78.08467,81.449,1.1984963749523865,88.85,0,-12.116295981420578,8.006237031762208,-0.06767585013280852
2025-05-03,86.55,77.497894,81.884,1.0019095441739883,87.97,0,-11.904178370911248,5.698304919153921,-0.19658683077839822
2025-05-04,85.05,81.43468,82.2775,0.7274402470393548,86.55,0,-5.910251734230572,3.369694023274885,-0.2744692971346334
2025-05-05,83.25,79.7281,82.6765,0.39774058030718673,85.05,0,-6.2573737358079775,0.6936674871335816,-0.3296996667321681
2025-05-06,91.6,77.72557,83.53999999999999,0.6975497457464603,83.25,0,-6.635951136683558,9.648072779506826,0.2998091654392736
2025-05-07,89.53,76.61251,84.269,0.7096364457641837,91.6,0,-16.36188790267211,6.243102445739234,0.012086700017723384
2025-05-08,94.99,75.86051,85.2185,1.0196802773212719,89.53,0,-15.268053412504015,11.466406942154565,0.31004383155708815
2025-05-09,100.52,97.20252,86.4395,1.5023680354201252,94.99,1,2.3292159994020807,16.28942786573268,0.48268775809885334
2025-05-10,105.27,93.26358,87.8135,2.0147603936951146,100.52,1,-7.21888149396575,19.879061875451942,0.5123923582749894
2025-05-11,100.12,93.64754,88.91199999999999,1.8825236475015696,105.27,1,-11.04062198969762,12.605722512146858,-0.13223674619354497
2025-05-12,103.84,94.848175,89.9295,1.9149499617891577,100.12,0,-5.265506343559608,15.468227889624647,0.03242631428758802
2025-05-13,103.41,91.303894,90.93599999999999,1.7796761881950562,103.84,0,-12.072521145060913,13.717339667458436,-0.13527377359410142
2025-05-14,100.95,100.84308,91.76899999999999,1.4127764235741909,103.41,0,-2.482275782534326,10.004467739650657,-0.3668997646208654
2025-05-15,99.26,100.39776,92.41799999999999,0.9658510649484047,100.95,0,-0.5470445924846796,7.403319699625628,-0.4469253586257862
2025-05-16,99.48,98.782005,93.039,0.6118861481051638,99.26,0,-0.4815582207751474,6.922903298616712,-0.35396491684324083
2025-05-17,96.06,97.88994,93.57249999999999,0.10105155246873743,99.48,0,-1.5983731860754087,2.658366507253746,-0.5108345956364264
2025-05-18,100.94,102.18339,94.336,0.04812916761075492,96.06,1,6.374544822348172,7.00050881953867,-0.05292238485798251
2025-05-19,98.25,97.92111,94.97,-0.19821784710888846,100.94,1,-2.990774657671015,3.453722228072024,-0.24634701471964338
2025-05-20,94.46,104.16442,95.5175,-0.6226334066177941,98.25,1,6.019767004114981,-1.1071269662627317,-0.42441555950890564
2025-05-21,97.09,100.913666,95.92949999999999,-0.7252818061078643,94.46,0,6.832167871569323,1.2097425713675285,-0.10264839949007021
2025-05-22,100.26,95.70596,96.544,-0.5847571822371087,97.09,0,-1.4255194821653911,3.849022207490894,0.1405246238707556
2025-05-23,95.26,111.94002,96.9795,-0.819240484845122,100.26,0,11.649728406338825,-1.773055130207927,-0.2344833026080133
2025-05-24,95.63,95.825615,97.5085,-0.9319114189900781,95.26,0,0.5937591110636297,-1.9264987154966002,-0.1126709341449561
2025-05-25,95.6,94.83389,98.126,-0.9857293748292326,95.63,-1,-0.8324868532200883,-2.574241281617523,-0.0538179558391545
2025-05-26,95.02,96.968124,98.297,-1.0326912363248875,95.6,-1,1.4310924577912587,-3.3337741741863955,-0.046961861495654844
2025-05-27,95.9,92.496445,98.6155,-0.9773665109369016,95.02,-1,-2.6558148788166265,-2.75362392321693,0.05532472538798583
2025-05-28,95.37,97.91903,98.6345,-0.94858603803891,95.9,0,2.105348525380436,-3.3096938697920084,0.028780472897991682
2025-05-29,93.21,94.50431,98.26899999999999,-1.0398124808636897,95.37,-1,-0.9077166741007112,-5.1481138507565944,-0.09122644282477976
2025-05-30,85.64,93.83581,97.2875,-1.5443583109429952,93.21,-1,0.671395558730796,-11.972247205447765,-0.5045458300793055
2025-05-31,87.03,93.30668,96.63300000000001,-1.7061894267026207,85.64,-1,8.952217155502867,-9.937598956878094,-0.1618311157596255
2025-06-01,88.39,91.556915,95.8605,-1.6427559235970755,87.03,0,5.201557259799062,-7.7930951747591575,0.0634335031055453
2025-06-02,89.52,85.391624,95.16600000000001,-1.4523901001722237,88.39,-1,-3.392211278783128,-5.932791122880035,0.19036582342485175
2025-06-03,89.5,87.71258,94.5935,-1.2625248710511754,89.52,-1,-2.0190149465770526,-5.384619450596506,0.1898652291210483
2025-06-04,87.99,87.06614,94.03,-1.1751372233142479,89.5,-1,-2.719397518221893,-6.423481867489106,0.08738764773692753
2025-06-05,83.58,85.809616,93.235,-1.3389543927972878,87.99,-1,-2.4779905797622543,-10.355553172092028,-0.16381716948303993
2025-06-06,87.25,86.01582,92.7945,-1.1329358367979099,83.58,0,2.914361526989488,-5.975030847733432,0.2060185559993779
2025-06-07,88.31,81.47446,92.163,-0.8698931587324729,87.25,-1,-6.619533768356018,-4.180636481017322,0.263042678065437
2025-06-08,87.18,86.16137,91.6095,-0.7226760188291272,88.31,-1,-2.433054780058355,-4.835197222995421,0.14721713990334562
2025-06-09,90.73,88.369545,91.423,-0.3554596565748118,87.18,-1,1.3644700423378633,-0.7580149415354975,0.3672163622543154
2025-06-10,93.33,90.54382,91.235,0.0705812514828923,90.73,0,-0.20519867498347183,2.2962678796514484,0.4260409080577041
2025-06-11,91.56,93.515205,90.8,0.23211441699729685,93.33,1,0.19844142644464047,0.8370044052863493,0.16153316551440455
2025-06-12,86.13,89.6145,90.34349999999999,-0.014710266885988199,91.56,1,-2.1248340398372676,-4.663866243836022,-0.24682468388328505
2025-06-13,86.55,86.48556,89.8895,-0.13117992077081064,86.13,1,0.41281499611325706,-3.7151168935192667,-0.11646965388482244
2025-06-14,85.18,85.31661,89.36850000000001,-0.2737746681947488,86.55,-1,-1.4250580662595649,-4.686774422755226,-0.14259474742393818
2025-06-15,86.3,77.09601,88.9325,-0.2657390950815297,85.18,-1,-9.490480980533876,-2.9601101959351275,0.008035573113219119
2025-06-16,86.67,78.12724,88.471,-0.21097016798266943,86.3,-1,-9.470170287378691,-2.0356953125883077,0.054768927098860276
2025-06-17,84.22,80.245285,87.9135,-0.30926572591911583,86.67,-1,-7.412847543348695,-4.201288766799183,-0.0982955579364464
2025-06-18,85.08,83.635086,87.507,-0.28640497576725243,84.22,-1,-0.6945071722033797,-2.773492406321788,0.022860750151863396
2025-06-19,85.11,82.32571,87.48049999999999,-0.24112008328703327,85.08,-1,-3.2372984462463616,-2.709746743559985,0.04528489248021916
2025-06-20,82.91,79.38088,87.2745,-0.32591791058678465,85.11,-1,-6.731427255100934,-5.000888002795785,-0.08479782729975138
2025-06-21,80.23,76.94013,86.8665,-0.5176934700825793,82.91,-1,-7.200419562039217,-7.639884190107807,-0.1917755594957946
2025-06-22,80.21,80.87036,86.401,-0.5955324940009765,80.23,0,0.7981569588994092,-7.165426326084193,-0.07783902391839725
2025-06-23,84.91,80.056854,86.1715,-0.29530114224327164,80.21,-1,-0.19093099607669714,-1.4639410942132818,0.3002313517577049
2025-06-24,84.84,79.465485,86.014,-0.07757843239381534,84.91,-1,-6.4121014967134276,-1.3648940870090827,0.2177227098494563
2025-06-25,84.67,78.55998,86.0685,0.07081112550371715,84.84,-1,-7.402189651338184,-1.624868563992632,0.1483895578975325
2025-06-26,84.27,78.53567,85.9195,0.153125725580316,84.67,0,-7.244989465650653,-1.9198202969058287,0.08231460007659885
2025-06-27,84.83,79.80623,85.7455,0.2506267075871784,84.27,0,-5.296987495318244,-1.0676945145809502,0.09750098200686241
2025-06-28,86.31,85.02617,85.702,0.4106760787383834,84.83,1,0.2312493495723084,0.7094350190193975,0.160049371151205
2025-06-29,87.96,83.14961,85.5635,0.6114525049311341,86.31,1,-3.6616702273690063,2.8008438177493775,0.2007764261927507
2025-06-30,86.0,77.12863,85.197,0.5954554378567629,87.96,1,-12.313970450435562,0.942521450285805,-0.015997067074371207
2025-07-01,83.22,77.90722,84.78,0.3907398897713672,86.0,0,-9.410210542900618,-1.8400566171266834,-0.20471554808539572
2025-07-02,87.32,77.81271,84.8395,0.5166457329979832,83.22,0,-6.497580361635573,2.92375603345139,0.12590584322661602
2025-07-03,89.08,89.54839,84.966,0.6926675932812347,87.32,1,2.5519849398897456,4.84193677470989,0.1760218602832515
2025-07-04,86.84,88.36406,85.049,0.6340244605406203,89.08,1,-0.8037051546450503,2.1058448659008295,-0.05864313274061439
2025-07-05,87.55,88.651375,85.1115,0.6181890645770675,86.84,1,2.0858761134206905,2.8650652379525567,-0.01583539596355288
2025-07-06,87.35,87.92077,85.1455,0.5705317943258033,87.55,1,0.42349370393257746,2.589097486067961,-0.047657270251264205
2025-07-07,86.05,85.74925,85.237,0.4339276750542247,87.35,0,-1.83256746498461,0.9538111383554119,-0.13660411927157856
2025-07-08,87.75,87.02364,85.37049999999999,0.43919839017035256,86.05,1,1.1314857567139414,2.787262578993923,0.0052707151161278665
2025-07-09,90.61,87.15548,85.6455,0.6061446713691725,87.75,1,-0.6775163177751068,5.796568412817955,0.16694628119881993
2025-07-10,94.85,87.97029,86.24249999999999,0.952361315038178,90.61,1,-2.9132643883729026,9.980578021277216,0.3462166436690055
2025-07-11,94.26,88.41767,86.94399999999999,1.0823819599832543,94.85,0,-6.78158017542089,8.41461170408541,0.13002064494507626
2025-07-12,92.77,88.48339,87.57199999999999,1.0101763794176823,94.26,0,-6.1283780945199835,5.935687205956251,-0.07220558056557191
2025-07-13,94.62,92.13123,88.0575,1.0258530551669962,92.77,0,-0.6885488678106767,7.452516821395111,0.015676675749313862
2025-07-14,95.64,93.09866,88.5975,1.0404840417748844,94.62,0,-1.6078383744682727,7.948869889105229,0.014630986607888197
2025-07-15,96.35,91.645294,89.1815,1.0315376808097731,95.64,0,-4.1768149420189,8.038102072739296,-0.008946360965111255
2025-07-16,97.47,92.84431,89.84150000000001,1.0320966373120397,96.35,0,-3.638498239957668,8.491064819710253,0.000558956502266561
2025-07-17,101.6,93.65434,90.67999999999999,1.2283228523138312,97.47,0,-3.9146992393893623,12.042346713718574,0.1962262150017915
2025-07-18,101.73,97.99543,91.451,1.2788327602843141,101.6,0,-3.5478051253191074,11.239898962285826,0.05050990797048294
2025-07-19,113.16,98.89631,92.711,1.9535875797597306,101.73,0,-2.785501917894645,22.056713874297547,0.6747548194754165
2025-07-20,116.59,95.936615,94.2405,2.4692413217107205,113.16,0,-15.220382652673756,23.71538775791725,0.5156537419509899
2025-07-21,115.43,97.66541,95.851,2.5595911919675656,116.59,0,-16.23174122752206,20.42649528956402,0.09034987025684504
2025-07-22,119.65,95.360115,97.4675,2.716137750717265,115.43,0,-17.38706137809103,22.758868340728966,0.15654655874969947
2025-07-23,112.05,113.43436,98.61600000000001,2.1454532684039114,119.65,0,-5.194854417506796,13.622535896811858,-0.5706844823133537
2025-07-24,112.26,104.96291,99.887,1.6423967143696467,112.05,0,-6.324932161371177,12.386997306956866,-0.5030565540342646
2025-07-25,113.78,102.1257,101.1985,1.2879568767004406,112.26,0,-9.02752369116616,12.432496529098758,-0.35443983766920617
2025-07-26,113.91,95.74644,102.52650000000001,0.9536053726838585,113.78,0,-15.849501605946648,11.102983131190456,-0.3343515040165821
2025-07-27,114.78,91.14839,103.96300000000001,0.6944237170414498,113.91,0,-19.98209839027933,10.404663197483712,-0.2591816556424087
2025-07-28,109.02,110.23824,105.02650000000001,0.07124995351441932,114.78,0,-3.9569235903229285,3.8023736866409736,-0.6231737635270305
2025-07-29,108.52,109.473145,105.922,-0.41188069448134446,109.02,0,0.4156526612089561,2.452748248711315,-0.4831306479957638
2025-07-30,110.5,108.885345,106.70450000000001,-0.6227019581592046,108.52,0,0.3366618678440647,3.557019619603662,-0.21082126367786014
2025-07-31,106.09,101.30007,107.296,-1.0581689843209974,110.5,-1,-8.325726953566884,-1.1239934387116044,-0.4354670261617928
2025-08-01,106.59,104.014435,107.98700000000001,-1.295855210703949,106.09,-1,-1.9564192530369295,-1.2936742385657582,-0.23768622638295156
2025-08-02,106.09,106.22284,108.5605,-1.4579805063594238,106.59,-1,-0.3444606853656566,-2.2756895924392397,-0.16212529565547484
2025-08-03,110.39,102.65911,109.298,-1.254598979777862,106.09,0,-3.233941914460161,0.9991033687716141,0.20338152658156172
2025-08-04,121.22,105.42384,110.5415,-0.4131976241738773,110.39,0,-4.4987377626695695,9.660172876250096,0.8414013556039848
2025-08-05,120.27,107.931274,111.6815,0.03316423154734416,121.22,0,-10.962486046805395,7.690172499473948,0.44636185572122145
2025-08-06,119.22,105.44134,112.5625,0.20206660150016464,120.27,0,-12.32947735474414,5.914491948917267,0.16890236995282049
2025-08-07,122.89,115.948364,113.62050000000002,0.48896742228666934,119.22,0,-2.7442004212275615,8.158298898526214,0.2869008207865047
2025-08-08,123.78,114.70048,114.15149999999998,0.6562600098626543,122.89,0,-6.66410806404292,8.434843168946546,0.16729258757598497
2025-08-09,120.18,114.30888,114.33099999999999,0.4517776603286432,123.78,0,-7.651572413158679,5.115847845291319,-0.20448234953401112
2025-08-10,123.75,110.417755,114.747,0.4815362422446796,120.18,0,-8.12301953157504,7.8459567570394,0.02975858191603642
2025-08-11,120.05,107.15839,114.76699999999998,0.19150057349963223,123.75,0,-13.407364662247476,4.603239607204176,-0.2900356687450474
2025-08-12,130.46,116.88287,115.6875,0.616258980824882,120.05,0,-2.638172815363388,12.769313884386824,0.4247584073252497
2025-08-13,130.91,116.87262,116.62,0.8297414190789603,130.46,0,-10.414978055414501,12.253472817698501,0.2134824382540783
2025-08-14,121.29,119.74697,116.99550000000002,0.2550740476612443,130.91,0,-8.527254502810253,3.6706539995127887,-0.574667371417716
2025-08-15,119.14,118.85449,117.25699999999999,-0.30732875888991895,121.29,0,-2.008003802869162,1.6058742761626257,-0.5624028065511633
2025-08-16,121.05,111.28152,117.57050000000001,-0.5727621098333735,119.14,0,-6.596007194218069,2.9595008952075452,-0.26543335094345455
2025-08-17,120.71,119.7969,118.15500000000002,-0.780430607275636,121.05,0,-1.0351938139747239,2.162413778511259,-0.20766849744226246
2025-08-18,117.77,117.50879,118.61750000000002,-1.1051540545497716,120.71,-1,-2.6519848707646374,-0.7144814213754503,-0.3247234472741356
2025-08-19,112.67,119.33902,118.726,-1.621550021167252,117.77,-1,1.3322745821436945,-5.100820376328687,-0.5163959666174804
2025-08-20,116.06,115.32493,119.22449999999999,-1.6855044734053992,112.67,-1,2.3563755069596204,-2.654236335652479,-0.06395445223814722
2025-08-21,114.76,115.8731,119.633,-1.7579879892806711,116.06,-1,-0.16103715254030979,-4.073290814407389,-0.07248351587527191
2025-08-22,122.96,116.95451,120.47650000000002,-1.2217430348329854,114.76,0,1.9122634627088555,2.0613978659738437,0.5362449544476857
2025-08-23,121.45,117.55678,121.02949999999998,-0.9489546309919117,122.96,0,-4.394292490158126,0.3474359556967668,0.2727884038410737
2025-08-24,118.19,116.31298,120.878,-0.9651137600834132,121.45,-1,-4.229740097278332,-2.223729710948231,-0.016159129091501523
2025-08-25,109.13,113.73367,120.321,-1.5294752773852234,118.19,-1,-3.770477116758501,-9.300953283300508,-0.5643615173018102
2025-08-26,113.48,111.46406,120.03399999999999,-1.5485738125389101,109.13,-1,2.1387866969332774,-5.460119632770706,-0.019098535153686758
2025-08-27,112.18,115.299164,119.49849999999999,-1.5819511848166756,113.48,0,1.6030699844548562,-6.124344657045893,-0.033377372277765494
2025-08-28,113.64,117.23341,118.99150000000002,-1.4427862196857075,112.18,0,4.504736759038202,-4.497380064962636,0.1391649651309681
2025-08-29,109.91,117.05662,118.478,-1.530695591172224,113.64,0,3.0065273995216524,-7.231722345076721,-0.08790937148651645
2025-08-30,110.84,119.35617,117.83250000000001,-1.4554433249025056,109.91,0,8.594459698204785,-5.934271105170481,0.07525226626971837
2025-08-31,108.89,120.948784,117.27450000000002,-1.462346975251195,110.84,0,9.120158674225653,-7.149465570094109,-0.00690365034868945
2025-09-01,108.73,108.39747,116.18800000000002,-1.4028158589601059,108.89,-1,-0.45232016999308416,-6.4189072881881195,0.0595311162910892
2025-09-02,111.76,111.105064,115.23049999999998,-1.0979897887996193,108.73,-1,2.184368980124933,-3.0117894133931324,0.3048260701604866
2025-09-03,112.98,108.31567,114.81499999999998,-0.7684045106865454,111.76,-1,-3.0819021128038084,-1.5982232286721945,0.3295852781130739
2025-09-04,111.05,111.20421,114.4105,-0.6398523373004149,112.98,-1,-1.5717752044402251,-2.9372304115443963,0.12855217338613045
2025-09-05,112.05,107.080124,113.9605,-0.4555986287587219,111.05,-1,-3.5748546588318866,-1.6764580709982837,0.18425370854169298
2025-09-06,112.13,114.03,113.53149999999998,-0.30376501024534286,112.05,0,1.767067183665219,-1.2344591589118303,0.15183361851337907
2025-09-07,114.9,117.97308,113.38799999999999,-0.007849187682598013,112.13,0,5.210990364838807,1.3334744417398796,0.29591582256274485
2025-09-08,112.75,116.82788,113.39200000000001,0.048897156549228216,114.9,0,1.6778771622062614,-0.566177508113456,0.05674634423182623
2025-09-09,111.92,118.440254,113.18499999999999,0.03688983784114541,112.75,0,5.046788657583842,-1.1176392631532326,-0.012007318708082804
2025-09-10,117.66,118.88583,113.33,0.4016164705495393,111.92,1,6.223940082410984,3.8207006088414355,0.3647266327083939
2025-09-11,115.83,120.20874,112.97349999999999,0.49933799241276644,117.66,1,2.166190918217749,2.5284690657543685,0.09772152186322713
2025-09-12,118.03,122.45232,112.80250000000001,0.6806302527883679,115.83,1,5.717272109280574,4.634205802176363,0.18129226037560142
2025-09-13,119.22,125.774796,112.854,0.8387922586898575,118.03,1,6.561717810918038,5.640916582487107,0.15816200590148966
2025-09-14,115.1,125.82572,113.1525,0.6333819833952083,119.22,1,5.540783208121672,1.7211285654315998,-0.20541027529464917
2025-09-15,113.72,126.37308,113.1645,0.38427638506794715,115.1,1,9.794159333256411,0.4908783231490396,-0.2491055983272612
2025-09-16,115.03,117.20657,113.30700000000002,0.2916356039315687,113.72,1,3.0659281448541384,1.5206474445532796,-0.09264078113637847
2025-09-17,117.0,114.93425,113.475,0.343375283398451,115.03,0,-0.08323926112345792,3.1064111037673547,0.05173967946688235
2025-09-18,118.19,116.940674,113.88899999999998,0.43233715945742096,117.0,0,-0.05070612980769231,3.7764841205033117,0.08896187605896994
2025-09-19,114.04,122.9875,114.049,0.19819395005541973,118.19,0,4.0591446414737415,-0.007891344948224308,-0.23414320940200123
2025-09-20,113.92,123.70981,114.30049999999999,0.030542367694846972,114.04,0,8.47931282848945,-0.3328944317828738,-0.16765158236057276
2025-09-21,114.0,118.36165,114.564,-0.07395105748512565,113.92,0,3.898919030521691,-0.49230124646485196,-0.10449342517997262
2025-09-22,105.65,118.46409,114.2585,-0.6711948118701176,114.0,0,3.915867052580181,-7.5342315888971,-0.597243754384992
2025-09-23,106.07,117.61945,113.91300000000001,-0.9847657215113216,105.65,0,11.329345414269545,-6.885078963770612,-0.31357090964120393
2025-09-24,105.52,121.050186,113.6365,-1.1637567361148047,106.07,0,14.1229246320605,-7.142511428986287,-0.1789910146034831
2025-09-25,102.28,125.87796,113.14799999999998,-1.4180297536644493,105.52,0,19.292987305798075,-9.605118959239212,-0.2542730175496446
2025-09-26,104.55,99.84997,112.769,-1.3512913561779387,102.28,-1,-2.375862381166437,-7.2883505218632845,0.06673839748651056
2025-09-27,104.46,97.18549,112.247,-1.2343775801183712,104.55,-1,-7.04400433358366,-6.937379172717316,0.11691377605956754
2025-09-28,106.88,97.44978,111.9535,-0.9291479297833871,104.46,-1,-6.710910085013097,-4.531792217304514,0.30522965033498406
2025-09-29,106.76,98.613945,111.6955,-0.6818653303935351,106.88,-1,-7.733958638356827,-4.41870979582883,0.24728259938985198
2025-09-30,106.88,98.88319,111.15650000000001,-0.46699543405893573,106.76,-1,-7.378057006058423,-3.847278386779012,0.2148698963345994
2025-10-01,115.1,105.04258,111.12,0.2342824268982735,106.88,0,-1.719143290719582,3.5817134629229566,0.7012778609572092
2025-10-02,119.54,102.01974,111.1955,0.961904486242507,115.1,0,-11.364259562421939,7.504350445836397,0.7276220593442335
2025-10-03,120.56,99.52959,111.2625,1.4474466429206847,119.54,0,-16.739512471145908,8.356364453432198,0.4855421566781777
2025-10-04,120.51,98.24695,111.53299999999999,1.6842209603289375,120.56,0,-18.507839878742953,8.048738938251477,0.23677431740825283
2025-10-05,118.85,91.89657,111.7895,1.6460751955492652,120.51,0,-23.74361604983832,6.315888343717424,-0.03814576477967235
2025-10-06,118.32,120.044586,111.954,1.5059767351404445,118.85,1,1.005120893260943,5.686264001286243,-0.14009846040882068
2025-10-07,116.91,120.75068,111.94949999999999,1.2497285232928514,118.32,1,2.0543264165933808,4.431015770503675,-0.25624821184759305
2025-10-08,118.6,120.24791,111.97,1.129099225869282,116.91,1,2.855110380547807,5.921228900598371,-0.12062929742356943
2025-10-09,125.9,119.239044,112.56299999999999,1.4552404722211574,118.6,1,0.5388230939739719,11.848475964570968,0.32614124635187536
2025-10-10,96.88,119.05701,111.71100000000001,-0.27686236028751443,125.9,-1,-5.435260654537336,-13.27622167915426,-1.7321028325086718
2025-10-11,93.34,97.5461,110.678,-1.5815279145709082,96.88,-1,0.6875483089985726,-15.66526319593776,-1.3046655542833938
2025-10-12,98.98,101.352715,110.3445,-1.9604405636120497,93.34,-1,8.584438117178289,-10.299108700478948,-0.3789126490411414
2025-10-13,99.45,100.841156,110.0135,-2.064715080611754,98.98,0,1.8803354272169843,-9.602003390492978,-0.10427451699970414
2025-10-14,97.33,103.00098,109.604,-2.1519673405562045,99.45,0,3.570614944695824,-11.198496405240684,-0.08725225994445074
2025-10-15,95.5,103.28671,109.26500000000001,-2.2005645805360303,97.33,0,6.1201198463827975,-12.59781265730107,-0.04859723997982579
2025-10-16,91.79,99.37593,108.627,-2.3373477314210547,95.5,0,4.058566268201898,-15.499829692433732,-0.13678315088502435
2025-10-17,90.12,97.06427,107.91,-2.3867183815588477,91.79,0,5.74601810603687,-16.485960522657763,-0.04937065013779307
2025-10-18,91.69,97.712105,107.1505,-2.166503433884188,90.12,0,8.424439411188722,-14.428770747686661,0.22021494767465954
2025-10-19,93.33,98.684685,106.479,-1.7794563516550062,91.69,0,7.62862335414764,-12.348913870340631,0.38704708222918205
2025-10-20,94.01,97.387665,105.8355,-1.3653409834705528,93.33,0,4.347653267890149,-11.173472039155095,0.4141153681844534
2025-10-21,92.46,95.272766,104.7035,-1.095169851974589,94.01,0,1.3432253093088447,-11.693496396968593,0.27017113149596383
2025-10-22,91.88,98.263916,103.32050000000001,-0.8649837489954733,92.46,0,6.2772182734425765,-11.072826786552536,0.23018610297911568
2025-10-23,94.04,100.36938,101.99449999999999,-0.4950943513420629,91.88,0,9.239635542262162,-7.798949943379283,0.36988939765341033
2025-10-24,96.45,99.46717,100.7915,-0.03994901239922388,94.04,0,5.771130067345837,-4.3074068745876355,0.45514533894283904
2025-10-25,96.97,102.307724,99.6975,0.32424929536711833,96.45,0,6.07332711148101,-2.7357757215577183,0.3641983077663422
2025-10-26,100.02,97.21055,98.7825,0.7730715485521911,96.97,1,0.2480647632039882,1.2527522587502817,0.44882225318507274
2025-10-27,99.39,95.36576,97.90650000000001,1.0147954578474438,100.02,1,-4.653308535070326,1.5152211548773493,0.24172390929525278
2025-10-28,96.65,98.02153,96.809,0.9770743758234195,99.39,1,-1.3768687479955861,-0.1642409280128829,-0.037721082024024355
2025-10-29,98.53,97.653046,95.4405,1.058790645133683,96.65,1,1.037812368646528,3.2370953630796158,0.08171626931026355
2025-10-30,93.39,97.936874,95.26599999999999,0.7606710324557295,98.53,0,-0.6019746375231539,-1.9692230176558172,-0.2981196126779535
2025-10-31,95.38,95.228294,95.368,0.693391790176336,93.39,1,1.9684060098068243,0.012582837010318405,-0.06727924227939353
2025-11-01,101.38,96.06698,95.488,1.0286541607558783,95.38,1,0.7202541985634812,6.170408847184982,0.33526237057954233
2025-11-02,99.42,96.86795,95.4865,1.0883136933915476,101.38,1,-4.450630854751303,4.119430495410341,0.059659532635669255
2025-11-03,87.43,95.386505,94.9915,0.3295316000931221,99.42,0,-4.057025621652461,-7.9601859113710125,-0.7587820932984255
2025-11-04,85.21,96.35792,94.477,-0.27970973100839025,87.43,0,10.211503815217343,-9.80873651788267,-0.6092413311015124
2025-11-05,89.39,90.59297,94.357,-0.3542138086614681,85.21,0,6.317300553641379,-5.264050361923332,-0.07450407765307787
2025-11-06,87.0,93.4921,94.201,-0.5081240349344949,89.39,0,4.588996058463089,-7.644292523433928,-0.15391022627302675
2025-11-07,101.87,93.234,94.71000000000001,0.3989147265274724,87.0,1,7.1655185743309975,7.559919755041703,0.9070387614619673
2025-11-08,106.95,94.158646,95.39099999999999,1.2977031526890928,101.87,1,-7.56979912645253,12.11749536119761,0.8987884261616204
2025-11-09,110.31,98.54828,96.20599999999999,2.0314803442934344,106.95,1,-7.855746789533663,14.660208303016459,0.7337771916043416
2025-11-10,104.25,107.23739,96.79549999999999,2.017573330189628,110.31,0,-2.785433223787652,7.701287766476758,-0.013907014103806237
2025-11-11,99.68,106.46471,97.1855,1.6262512310133797,104.25,1,2.1244186291591727,2.566740923285883,-0.3913220991762485
2025-11-12,97.59,105.81558,97.363,1.1734476700824266,99.68,1,6.155279168730556,0.23314811581401956,-0.4528035609309531
2025-11-13,96.55,107.041016,97.36800000000001,0.7701794533082323,97.59,1,9.684409903678652,-0.8401117410237573,-0.4032682167741942
2025-11-14,97.7,103.16669,97.4045,0.5571043058801493,96.55,1,6.853119639273696,0.30337407409309025,-0.2130751474280831
2025-11-15,101.71,95.83621,97.489,0.6556570060991282,97.7,0,-1.9076641164758217,4.329719250376955,0.098552700218979
2025-11-16,95.79,96.72067,97.309,0.3091619319404531,101.71,0,-4.905444295131373,-1.5610066900286625,-0.34649507415867514
2025-11-17,91.24,95.51585,97.0385,-0.2113910639963238,95.79,-1,-0.2862028891936528,-5.975463347022063,-0.520552995936777
2025-11-18,95.66,96.55735,96.89500000000001,-0.24082569758195982,91.24,-1,5.827871721494313,-1.2745755714949312,-0.029434633585636027
2025-11-19,92.9,98.57526,96.8705,-0.41855577979070413,95.66,-1,3.0475186573868425,-4.098771039687006,-0.1777300822087443
2025-11-20,87.24,92.764015,96.46350000000001,-0.8640349234256828,92.9,-1,-0.14637761275145256,-9.56164766984405,-0.44547914363497865
2025-11-21,82.64,92.824326,95.5265,-1.384365204759085,87.24,0,6.401106787624304,-13.489973986276057,-0.5203302813334023
2025-11-22,82.12,92.27005,94.6615,-1.660802839235822,82.64,0,11.653013127817188,-13.248786465458501,-0.27643763447673697
2025-11-23,83.09,92.23688,94.4445,-1.671008345352943,82.12,0,12.319626694357337,-12.022404692703123,-0.0102055061171209
2025-11-24,85.46,92.02642,94.45700000000001,-1.4206564263191908,83.09,0,10.755109632039614,-9.524969033528498,0.2503519190337522
2025-11-25,85.3,83.01806,94.2525,-1.1783367484135794,85.46,-1,-2.8574084052709163,-9.498421792525399,0.24231967790561137
2025-11-26,86.87,81.16606,94.24600000000001,-0.8406640953595974,85.3,-1,-4.84635240167973,-7.826326846762733,0.337672653053982
2025-11-27,86.59,85.581535,93.482,-0.5770740377679071,86.87,-1,-1.4832101538442912,-7.372542307610017,0.2635900575916903
2025-11-28,84.22,88.00346,92.3455,-0.5057989910912561,86.59,0,1.6323637199644117,-8.799021067621055,0.07127504667665097
2025-11-29,83.95,89.33993,91.0275,-0.42362971098806534,84.22,0,6.079230198693713,-7.775122902419598,0.0821692801031908
2025-11-30,82.38,88.329094,89.934,-0.42093701103093384,83.95,0,5.216312010846296,-8.399492961505107,0.002692699957131506
2025-12-01,77.55,89.02569,88.8275,-0.6752860310240099,82.38,0,8.067113585077355,-12.695955644366894,-0.254349019993076
2025-12-02,82.79,89.73108,88.0875,-0.4332274373314773,77.55,0,15.707387622904582,-6.013906626933445,0.24205859369253258
2025-12-03,85.83,92.83367,87.5515,-0.032130727294926054,82.79,0,12.131503285208614,-1.966271280332154,0.40109671003655123
2025-12-04,83.54,92.55512,86.8435,0.10754692494349527,85.83,0,7.8353983170083685,-3.80396920897937,0.13967765223842132
2025-12-05,80.38,86.326065,85.777,0.020283554228254452,83.54,0,3.3350072581716015,-6.291896429112706,-0.08726337071524082
2025-12-06,81.68,86.52373,85.0715,0.07993298729642007,80.38,0,7.643353342861648,-3.986646526745142,0.059649433068165614
2025-12-07,81.43,85.07084,84.581,0.1294380353903679,81.68,0,4.151369892535075,-3.7254229673330843,0.049505048093947845
2025-12-08,83.87,84.71675,83.9915,0.3413641432918464,81.43,0,4.036290186212459,-0.14465749510366824,0.21192610790147848
2025-12-09,85.82,83.11131,83.6375,0.6119344148902699,83.87,0,-0.9045989433516954,2.609475414736201,0.2705702715984235
2025-12-10,84.3,88.140884,83.4905,0.682235955673888,85.82,1,2.7043630848451055,0.96957138836155,0.07030154078361806
2025-12-11,82.93,88.354675,83.50500000000001,0.6313453087247121,84.3,1,4.80981648038998,-0.6885815220645504,-0.05089064694917589
2025-12-12,81.95,84.68443,83.4965,0.530611443415621,82.93,1,2.115558885081913,-1.8521734443958666,-0.10073386530909101
2025-12-13,81.47,84.35492,83.4155,0.43461691123409185,81.95,0,2.934617978759911,-2.332300351853068,-0.0959945321815292
2025-12-14,78.96,85.736404,83.09049999999999,0.21608465583664538,81.47,0,5.236779696753791,-4.971085743857599,-0.21853225539744647
2025-12-15,77.51,78.423904,82.701,-0.0006418255803226636,78.96,-1,-0.6789457713458475,-6.276828575228823,-0.21672648141696804
2025-12-16,79.08,80.341324,82.3115,-0.01214451499092073,77.51,-1,3.6528497645969003,-3.9259398747441088,-0.011502689410598066
2025-12-17,76.01,80.85196,81.7825,-0.19050019773899196,79.08,-1,2.2407172844153096,-7.05835600525784,-0.17835568274807123
2025-12-18,74.29,84.84514,81.286,-0.37749836998415853,76.01,0,11.623652874364797,-8.606648131289516,-0.18699817224516657
2025-12-19,77.49,86.030624,80.963,-0.24526743289617814,74.29,0,15.803774922127378,-4.289613774193149,0.1322309370879804
2025-12-20,77.84,81.11634,80.736,-0.10120296658544126,77.49,0,4.679753048402422,-3.5869996036464533,0.14406446631073688
2025-12-21,76.79,77.97397,80.69800000000001,-0.04638763810330104,77.84,0,0.1721075357905596,-4.84274703214454,0.05481532848214021
2025-12-22,77.05,76.63444,80.411,0.03332141614555173,76.79,0,-0.20258163688611797,-4.17977639875142,0.07970905424885277
2025-12-23,77.01,74.037445,79.97,0.10523364970375537,77.05,0,-3.9098701254258565,-3.701388020507683,0.07191223355820364
2025-12-24,75.79,76.66066,79.58250000000001,0.09294453691102822,77.01,0,-0.45362967142052013,-4.765494926648451,-0.012289112792727153
2025-12-25,75.71,76.04181,79.349,0.1010641644278576,75.79,0,0.33224578708436964,-4.586069137607292,0.008119627516829375
2025-12-26,76.87,76.84917,79.1085,0.20045350815620733,75.71,0,1.5046451857313352,-2.8296580013525747,0.09938934372834973
2025-12-27,80.33,75.90618,79.0535,0.49816254087434597,76.87,0,-1.2538294062063038,1.6147292656239112,0.29770903271813864
2025-12-28,78.73,73.83825,78.79650000000001,0.5805153210085447,80.33,0,-8.081352911063151,-0.08439461143579333,0.08235278013419878
2025-12-29,78.32,77.88687,78.4215,0.5981898134511856,78.73,0,-1.0709115484686635,-0.1294287918491759,0.017674492442640855
2025-12-30,78.89,80.96397,78.151,0.6355765970509202,78.32,1,3.37585082945469,0.9456053025553153,0.037386783599734574
2025-12-31,76.85,82.8482,77.847,0.5153460756896657,78.89,1,5.01736333757348,-1.2807173044561768,-0.12023052136125445
2026-01-01,79.97,80.94803,77.748,0.6307513310836064,76.85,1,5.332503011650138,2.8579513299377397,0.11540525539394064
2026-01-02,81.93,80.754166,77.771,0.8123326922383212,79.97,1,0.9805747773090704,5.3477517326509965,0.1815813611547148
2026-01-03,82.08,80.562386,77.92699999999999,0.9085117174053778,81.93,0,-1.6692474562650745,5.329346696267026,0.09617902516705668
2026-01-04,82.26,81.86361,78.1645,0.9459641974035344,82.08,0,-0.26363387674848265,5.23959086285974,0.037452479998156596
2026-01-05,83.46,82.04535,78.3835,1.0075826690625214,82.26,0,-0.2609419874863301,6.47649058794261,0.06161847165898693
2026-01-06,83.96,81.9371,78.78099999999999,1.034148924629215,83.46,0,-1.8247025263786472,6.57392010764017,0.026566255566693675
2026-01-07,81.71,82.015495,79.152,0.8594968731234708,83.96,0,-2.315989399365204,3.2317566201738335,-0.17465205150574425
2026-01-08,81.31,82.13666,79.34299999999999,0.6839843449603524,81.71,1,0.522160953180463,2.479109688315306,-0.17551252816311835
2026-01-09,81.49,81.61223,79.5255,0.5525884497818779,81.31,1,0.3716989220940662,2.470276829444645,-0.1313958951784745
2026-01-10,81.19,79.421234,79.7455,0.42384005593698815,81.49,1,-2.5386745234269483,1.8113874764093156,-0.12874839384488979
2026-01-11,78.79,81.33874,79.83250000000001,0.16851715695073288,81.19,0,0.18319680723361378,-1.3058591425797812,-0.25532289898625526
2026-01-12,76.12,81.686554,79.78799999999998,-0.17037059535550297,78.79,0,3.6762964273107226,-4.597182533714316,-0.33888775230623586
2026-01-13,78.18,82.60745,79.9075,-0.24162426393431474,76.12,0,8.522664730134156,-2.1618746675843843,-0.07125366857881177
2026-01-14,76.67,75.28356,79.9555,-0.3686731879745839,78.18,-1,-3.7048328133244284,-4.10916072065086,-0.12704892404026918
2026-01-15,72.21,77.048355,79.7225,-0.7114552101595941,76.67,-1,0.49348519960748766,-9.423312113895078,-0.3427820221850102
2026-01-16,75.22,77.405945,79.46700000000001,-0.693145859739214,72.21,-1,7.195602858632816,-5.344356777026959,0.018309350420380066
2026-01-17,74.92,78.313675,79.2765,-0.6591278864890765,75.22,0,4.112835584628841,-5.495323330369021,0.034017973250137556
2026-01-18,72.29,79.65772,78.975,-0.7642402020596497,74.92,0,6.32370858668517,-8.46470402025956,-0.10511231557057321
2026-01-19,70.8,72.38132,78.57050000000001,-0.8765525312268065,72.29,0,0.12632056808945738,-9.889844152703638,-0.11231232916715683
2026-01-20,67.12,73.112465,78.084,-1.1252529347802918,70.8,0,3.2661933683406206,-14.041288868398134,-0.24870040355348522
2026-01-21,68.48,71.89844,77.5095,-1.1221957502761708,67.12,0,7.119245381406429,-11.649539733839076,0.0030571845041209578
2026-01-22,68.19,72.026764,76.8225,-1.0642434837833954,68.48,0,5.179269737172343,-11.236942302059951,0.057952266492775406
2026-01-23,68.07,74.56924,76.122,-0.9616473679428581,68.19,0,9.355091296921977,-10.577756758887059,0.1025961158405373
2026-01-24,68.19,66.366516,75.41850000000001,-0.8189395819615912,68.07,-1,-2.5025472112806573,-9.58451838739833,0.14270778598126688
2026-01-25,67.3,65.96363,74.6105,-0.7211608676769892,68.19,-1,-3.2649498808189863,-9.798218749371742,0.09777871428460205
2026-01-26,69.72,66.717896,73.8985,-0.44378840815578835,67.3,-1,-0.8649398100854342,-5.654377287766327,0.2773724595212008
2026-01-27,70.03,68.369774,73.3145,-0.2020341781976005,69.72,-1,-1.9366410431065764,-4.4800141854612585,0.24175422995818785
2026-01-28,69.42,68.00607,72.72,-0.05352969465688506,70.03,-1,-2.890085680355742,-4.537953795379534,0.14850448354071544
2026-01-29,66.24,68.71589,71.95750000000001,-0.13514658705141525,69.42,-1,-1.0142768985151547,-7.9456623701490665,-0.08161689239453018
2026-01-30,65.47,69.58182,71.17150000000001,-0.20261201111562066,66.24,0,5.0450145334437355,-8.010931341899509,-0.06746542406420541
2026-01-31,59.53,68.59634,70.2085,-0.5871464481588888,65.47,0,4.7752197414786846,-15.20969683158022,-0.3845344370432682
2026-02-01,58.49,67.95989,69.32700000000001,-0.8362108910576338,59.53,0,14.160746300939387,-15.631716358705855,-0.24906444289874496
2026-02-02,60.02,67.69854,68.41900000000001,-0.8213917066800724,58.49,0,15.74378480746575,-12.275829813355948,0.014819184377561356
2026-02-03,59.48,63.642387,67.5595,-0.7721826693863343,60.02,0,6.035300550044511,-11.959087915097069,0.049209037293738156
2026-02-04,58.89,64.51874,66.89349999999999,-0.7054292802667605,59.48,0,8.47131437957087,-11.964540650436872,0.06675338911957374
2026-02-05,50.79,65.49416,65.672,-1.1088415935229907,58.89,0,11.214405693977913,-22.66110366670727,-0.40341231325623017
2026-02-06,55.02,70.30258,64.67699999999999,-0.9963980511779216,50.79,0,38.41815669838428,-14.931119254139787,0.11244354234506915
2026-02-07,55.19,71.9917,63.822,-0.8233492510149532,55.02,0,30.84641806388585,-13.525116730907843,0.17304880016296842
2026-02-08,54.53,58.869843,63.00849999999999,-0.6724778349039804,55.19,0,6.667589290264318,-13.456120999547666,0.15087141611097277
2026-02-09,54.45,62.136967,62.375,-0.5048687443769388,54.53,0,13.950058142897973,-12.705410821643282,0.16760909052704154
2026-02-10,53.38,64.49347,61.620000000000005,-0.39758393846145434,54.45,0,18.445306222738743,-13.37228172671211,0.1072848059154845
2026-02-11,52.32,63.222073,60.826499999999996,-0.33218892141384426,53.38,0,18.43775309351509,-13.984858573154787,0.06539501704761008
2026-02-12,53.15,65.32834,60.08050000000001,-0.1751052169801186,52.32,0,24.863032536404578,-11.535356729720972,0.15708370443372566
2026-02-13,55.03,54.927643,59.4225,0.0986202402654186,53.15,0,3.3445772761347627,-7.391981151920566,0.2737254572455372
2026-02-14,55.99,52.93048,58.857000000000006,0.37216832147982437,55.03,0,-3.8152263183150117,-4.871128327981386,0.27354808121440577
2026-02-15,55.08,52.620262,58.125,0.5110781061746241,55.99,0,-6.018463750676743,-5.238709677419358,0.13890978469479975
2026-02-16,55.13,53.651054,57.379999999999995,0.6184174414174741,55.08,0,-2.594309400282824,-3.921226908330416,0.10733933524285
2026-02-17,53.96,56.24477,56.60699999999999,0.6210750769422786,55.13,0,2.0220751860127435,-4.676100128959301,0.002657635524804469
2026-02-18,53.32,55.51754,55.961,0.5903887395520453,53.96,0,2.8864714196207246,-4.719358124408067,-0.030686337390233298
2026-02-19,52.7,55.213303,55.32249999999999,0.5403424123470799,53.32,0,3.5508301055976883,-4.74038591892989,-0.05004632720496538
2026-02-20,55.19,56.41484,55.10549999999999,0.6780265145764535,52.7,1,7.049033583002247,0.15334222536771389,0.13768410222937355
2026-02-21,54.9,57.448975,54.926,0.7472003198909434,55.19,1,4.093086808072119,-0.04733641626916825,0.06917380531448991
2026-02-22,53.48,59.893585,54.599000000000004,0.6959900123992329,54.9,1,9.095783615807154,-2.0494880858623907,-0.051210307491710516
2026-02-23,51.35,53.303413,54.192499999999995,0.5251129608350462,53.48,0,-0.3301918640364915,-5.245190755178289,-0.17087705156418664
2026-02-24,51.15,54.010796,53.80550000000001,0.4101600223311732,51.35,0,5.1816856733431695,-4.935369060783767,-0.114952938503873
2026-02-25,56.76,54.578026,54.104000000000006,0.7061310465733901,51.15,1,6.7019077573237436,4.909064024841031,0.2959710242422169
2026-02-26,55.62,59.215622,54.134,0.8117673133250785,56.76,1,4.326324785486592,2.745040085713225,0.10563626675168836
2026-02-27,54.56,61.452396,54.1025,0.7958230450146297,55.62,1,10.486149573574737,0.8456171156600955,-0.015944268310448706
2026-02-28,54.4,55.51326,54.096000000000004,0.760132333362959,54.56,1,1.7471772135177972,0.5619639160011737,-0.035690711651670703
2026-03-01,53.24,55.680054,54.0355,0.6483857404937212,54.4,0,2.3530399098115837,-1.4721803258968584,-0.11174659286923783
2026-03-02,54.61,54.273636,54.096999999999994,0.654807622976425,53.24,1,1.9414648088989679,0.948296578368496,0.006421882482703811
2026-03-03,54.76,55.59314,54.218999999999994,0.6556085819302586,54.61,1,1.8002923428630297,0.997805197440019,0.000800958953833586
2026-03-04,56.77,56.6839,54.4,0.7700510574463459,54.76,1,3.5133289367809573,4.356617647058832,0.11444247551608733
2026-03-05,55.46,56.366005,54.421499999999995,0.7360928242679685,56.77,0,-0.7116347651089429,1.9082531720000482,-0.03395823317837743
2026-03-06,53.81,56.44048,54.3125,0.5875243384351378,55.46,0,1.7679034954281505,-0.9252013808975792,-0.14856848583283067
2026-03-07,53.58,55.6641,54.2375,0.46419056794303537,53.81,0,3.4456432762918676,-1.212260889605898,-0.12333377049210248
2026-03-08,52.59,54.723392,54.11049999999999,0.31357937949555925,53.58,0,2.133991203009084,-2.8099906672457,-0.15061118844747612
2026-03-09,53.77,54.251984,54.101,0.2915361409445225,52.59,0,3.160265530667658,-0.6118186355150477,-0.022043238551036737
2026-03-10,53.87,52.261513,54.128499999999995,0.2816447988430584,53.77,0,-2.805444009024264,-0.47756727047673214,-0.00989134210146414
2026-03-11,54.8,54.164543,54.23350000000001,0.3322152860136818,53.87,1,0.5467665711072421,1.0445573308010558,0.0505704871706234
2026-03-12,54.56,54.264324,54.202,0.3426072354267746,54.8,1,-0.9775106054152833,0.6604922327589463,0.01039194941309285
2026-03-13,55.3,54.72616,54.222,0.3890317319504095,54.56,1,0.30454204928490003,1.988122902143034,0.046424496523634895
2026-03-14,54.98,52.758675,54.29699999999999,0.3870736764590097,55.3,0,-4.595525096596684,1.2578963846989835,-0.001958055491399824
2026-03-15,56.27,56.688484,54.543000000000006,0.4567572387356159,54.98,1,3.1074648815833656,3.1663091505784364,0.06968356227660621
2026-03-16,58.7,56.641777,54.92049999999999,0.6394025462318298,56.27,1,0.6607020411839624,6.881765460984539,0.18264530749621388
2026-03-17,58.09,56.551064,54.987,0.6878124926266151,58.7,1,-3.6608798337348323,5.643152017749652,0.04840994639478535
2026-03-18,56.08,55.977917,55.010000000000005,0.5586361927248695,58.09,0,-3.6358810164756528,1.9451008907471243,-0.12917629990174562
2026-03-19,55.54,54.969673,55.059000000000005,0.41746263008459494,56.08,0,-1.9798980799959291,0.873608311084463,-0.14117356264027459
2026-03-20,56.17,55.825455,55.1475,0.34988515190597286,55.54,1,0.5139623909147701,1.8541185003853318,-0.06757747817862209
2026-03-21,54.81,55.943485,55.226,0.2041841867145935,56.17,1,-0.4032664055371836,-0.7532683880780734,-0.14570096519137934
2026-03-22,53.51,55.624832,55.17100000000001,0.020518501487158725,54.81,1,1.4866487015513778,-3.0106396476409856,-0.1836656852274348
2026-03-23,55.72,56.72272,55.21900000000001,0.046638558137390096,53.51,1,6.003963931701584,0.907296401600881,0.02612005665023137
2026-03-24,56.38,55.997425,55.1995,0.10385531941501101,55.72,1,0.4978913843246667,2.138606327955873,0.05721676127762092
2026-03-25,56.65,54.860695,55.259,0.1524378993678055,56.38,0,-2.694758983231813,2.517237011165599,0.04858257995279448
2026-03-26,54.59,54.60205,55.298,0.04401936911522278,56.65,0,-3.6150912952338894,-1.2803356360085327,-0.10841853025258272
2026-03-27,53.72,53.684032,55.30499999999999,-0.08127824599157776,54.59,-1,-1.659585198414465,-2.8659253232076556,-0.12529761510680054
2026-03-28,53.85,54.183136,55.36800000000001,-0.1465841230732119,53.72,-1,0.8621295352347843,-2.741655830082372,-0.06530587708163413
2026-03-29,53.32,54.207912,55.3455,-0.21265046225656264,53.85,-1,0.6646470660508039,-3.6597374673641054,-0.06606633918335075
2026-03-30,53.34,53.916992,55.318999999999996,-0.24014574916527123,53.32,0,1.1196402616279064,-3.577432708472663,-0.02749528690870859
2026-03-31,53.95,53.51241,55.2765,-0.2038243369888555,53.34,0,0.32322686577629306,-2.399753964161978,0.03632141217641574
2026-04-01,53.82,51.665924,55.23950000000001,-0.17616839693703523,53.95,-1,-4.233690320174936,-2.5697191321427715,0.02765594005182026
2026-04-02,52.29,52.336758,55.089,-0.24433678294451394,53.82,-1,-2.755931512612209,-5.080869139029569,-0.06816838600747871
2026-04-03,53.24,51.45819,55.00200000000001,-0.21016780144245695,52.29,-1,-1.590761296674793,-3.2035198720046676,0.034168981502056994
2026-04-04,53.59,52.410706,54.867999999999995,-0.15145851842012614,53.24,-1,-1.5576529556606913,-2.3292265072537575,0.058709283022330805
2026-04-05,54.11,51.381077,54.6385,-0.0692512800086702,53.59,-1,-4.121894359499651,-0.9672666709371617,0.08220723841145594
2026-04-06,53.53,50.849285,54.4105,-0.04666701019308889,54.11,-1,-6.026085518882975,-1.6182538296836049,0.022584269815581315
2026-04-07,55.36,53.09474,54.3745,0.09126976660953223,53.53,0,-0.8131107392320915,1.8124304591306624,0.13793677680262112
2026-04-08,53.95,53.300636,54.295,0.08729913324319538,55.36,0,-3.7199488954047926,-0.6354176259324041,-0.003970633366336851
2026-04-09,54.55,54.178383,54.214,0.12266636343860249,53.95,1,0.4233232132254928,0.6197661120743692,0.03536723019540711
2026-04-10,54.96,54.54544,54.221500000000006,0.1684308581845514,54.55,1,-0.008358068142753727,1.3620058463893379,0.0457644947459489
2026-04-11,55.06,54.348705,54.299,0.19814574270612417,54.96,1,-1.112253835975171,1.401499106797552,0.029714884521572782
2026-04-12,53.48,53.585976,54.187,0.10857804968148332,55.06,0,-2.677123779562924,-1.304740989536237,-0.08956769302464085
2026-04-13,54.62,52.73015,54.099000000000004,0.12227820865609251,53.48,0,-1.4021160893236901,0.9630492245697585,0.013700158974609189
2026-04-14,54.28,53.53147,53.980500000000006,0.10525763243918612,54.62,0,-1.9929123902573989,0.5548299849019456,-0.01702057621690639
2026-04-15,55.15,53.315907,54.00849999999999,0.14685361107786069,54.28,0,-1.7761486281167982,2.1135561994871326,0.04159597863867456
2026-04-16,56.36,52.63224,54.14050000000001,0.24437207738722172,55.15,0,-4.565294115303431,4.099518844487933,0.09751846630936103
2026-04-17,56.39,53.593723,54.2675,0.29596777972379545,56.36,0,-4.908226939107273,3.9111807251117194,0.051595702336573734
2026-04-18,55.65,54.29786,54.384,0.2662610797219483,56.39,0,-3.710127341914292,2.3278905560458925,-0.029706700001847164
2026-04-19,54.06,55.80316,54.42,0.1323010062209605,55.65,0,0.2752230388027878,-0.6615214994487311,-0.1339600735009878
2026-04-20,55.03,55.146214,54.474000000000004,0.10309102496393964,54.06,1,2.0092740131227123,1.0206704115724885,-0.02920998125702086
2026-04-21,55.57,55.83901,54.5615,0.11339104692295497,55.03,1,1.4701223538048827,1.8483729369610402,0.010300021959015332
2026-04-22,55.49,56.579586,54.72149999999999,0.10808983659122091,55.57,1,1.816782488847821,1.404384017251008,-0.0053012103317340575
2026-04-23,56.21,55.159122,54.86999999999999,0.14409574676337944,55.49,0,-0.596283173470871,2.442135957718263,0.036005910172158526
2026-04-24,56.54,56.34168,55.0175,0.17888735826395763,56.21,1,0.2342619095975178,2.767301313218523,0.03479161150057819
2026-04-25,56.05,55.824615,55.1145,0.15835583231163425,56.54,1,-1.2652715272097173,1.6973754638071608,-0.02053152595232338
2026-04-26,56.28,56.34802,55.251999999999995,0.14981292508305666,56.05,1,0.5317014205891833,1.8605661333526493,-0.00854290722857759
2026-04-27,55.57,51.781353,55.2625,0.08890202717688173,56.28,0,-7.993331562142554,0.5564351956570864,-0.06091089790617493
2026-04-28,55.71,54.497326,55.3505,0.0524033257113356,55.57,0,-1.9303115040187213,0.6494972945140589,-0.036498701465546124
2026-04-29,55.32,55.040016,55.388999999999996,-0.000823761328754502,55.71,-1,-1.2026275815537508,-0.12457347126684994,-0.053227087040090104
2026-04-30,55.19,54.201725,55.4005,-0.045151154396757875,55.32,-1,-2.02146600487434,-0.37996046967085717,-0.04432739306800337
2026-05-01,55.4,54.64225,55.417500000000004,-0.05977576219459779,55.19,-1,-0.9924804112426916,-0.03157847250418261,-0.014624607797839917
2026-05-02,55.39,54.351242,55.513,-0.06892023850334716,55.4,-1,-1.8930648638453271,-0.22156972240735964,-0.009144476308749372
2026-05-03,55.29,54.417015,55.546499999999995,-0.0797370125827925,55.39,-1,-1.7566075542812907,-0.4617752693688991,-0.01081677407944534
2026-05-04,54.96,55.142223,55.580499999999994,-0.10553124323325508,55.29,-1,-0.26727553236697826,-1.1163987369670887,-0.025794230650462574
2026-05-05,56.34,54.697086,55.64,-0.029992145128929476,54.96,0,-0.4783727543149294,1.2580877066858425,0.0755390981043256
2026-05-06,56.73,54.34711,55.65849999999999,0.041989706927074516,56.34,0,-3.5372546178718274,1.9251327290530786,0.07198185205600399
2026-05-07,56.42,54.27847,55.660000000000004,0.06320047073805188,56.73,0,-4.321401223879143,1.3654329859863419,0.021210763810977362
2026-05-08,58.32,54.705696,55.793499999999995,0.19236998712846587,56.42,0,-3.0384684403455697,4.528305268534876,0.129169516390414
2026-05-09,58.0,57.90974,55.9905,0.24032101484705815,58.32,0,-0.7034628806617857,3.5890017056464987,0.047951027718592276
2026-05-10,60.43,56.62634,56.2605,0.4098030305152147,58.0,0,-2.3683811056202853,7.411061046382452,0.16948201566815657
2026-05-11,58.52,55.65274,56.407999999999994,0.36867110269676096,60.43,0,-7.905443523886108,3.7441497659906555,-0.04113192781845376
2026-05-12,58.12,55.68318,56.53950000000001,0.29321103534168924,58.52,0,-4.847604643377804,2.7953908329574655,-0.07546006735507171
2026-05-13,57.01,55.40977,56.57950000000001,0.15421166802366681,58.12,0,-4.663160761224751,0.7608762891152941,-0.13899936731802243
2026-05-14,58.21,56.259037,56.66300000000001,0.1297409988036038,57.01,0,-1.3172478199925144,2.7301766584896487,-0.024470669220063024
2026-05-15,57.5,57.0731,56.7355,0.056150047806209025,58.21,0,-1.9530990487868563,1.3474808541389398,-0.07359095099739477
2026-05-16,56.14,56.30123,56.7285,-0.08598024373507973,57.5,-1,-2.0848149838654892,-1.0373974281005072,-0.14213029154128876
2026-05-17,54.57,57.66986,56.6785,-0.2768247043940507,56.14,-1,2.725081652732008,-3.7201055073793405,-0.19084446065897098
2026-05-18,54.37,56.432194,56.6115,-0.400136741595053,54.57,-1,3.412486267369462,-3.9594428693816663,-0.12331203720100231
2026-05-19,54.5,53.441772,56.5705,-0.45268472170622354,54.37,-1,-1.7072421170912222,-3.660034823803931,-0.05254798011117051
2026-05-20,53.96,54.242004,56.509,-0.4998505845206042,54.5,-1,-0.47338643205275227,-4.510785892512696,-0.04716586281438068
2026-05-21,54.18,55.000877,56.44799999999999,-0.4915298429227529,53.96,0,1.9289795781525072,-4.017857142857132,0.008320741597851289
2026-05-22,52.65,54.736675,56.311,-0.5594279754000305,54.18,0,1.0274552647677597,-6.501394043792512,-0.0678981324772776
2026-05-23,53.49,53.35349,56.221000000000004,-0.5190163764773872,52.65,0,1.3361612955729194,-4.857615481759487,0.040411598922643344
2026-05-24,52.76,53.493042,56.111000000000004,-0.5118475678995015,53.49,0,0.005687029701809704,-5.972091033843642,0.00716880857788571
2026-05-25,52.73,54.068584,55.93050000000001,-0.48005152826567066,52.76,0,2.48025860905738,-5.722280330052497,0.03179603963383082
2026-05-26,51.92,56.069386,55.69000000000001,-0.4831700614932074,52.73,0,6.332989813321556,-6.769617525588094,-0.003118533227536746
2026-05-27,51.97,55.964478,55.467499999999994,-0.45202446072906577,51.92,0,7.789825768610359,-6.305494208320179,0.031145600764141634
2026-05-28,51.67,55.01804,55.135000000000005,-0.4223413955982682,51.97,0,5.864998467133234,-6.284574226897622,0.029683065130797548
2026-05-29,51.89,51.872505,54.82950000000001,-0.3609832681349032,51.67,0,0.39192023996183384,-5.361165066250848,0.061358127463365
2026-05-30,52.45,52.52028,54.43050000000001,-0.260467560095044,51.89,0,1.2146443065408785,-3.638584984521557,0.10051570803985921
2026-05-31,52.07,52.635242,54.108000000000004,-0.2000727843999922,52.45,0,0.3531791461548146,-3.7665409920899013,0.060394775695051806
2026-06-01,50.79,53.146957,53.741499999999995,-0.22497091685630688,52.07,0,2.0682876847723013,-5.492031297972695,-0.02489813245631467
2026-06-02,46.91,53.808105,53.2365,-0.4674369621975698,50.79,0,5.9423222460129965,-11.883763958937953,-0.24246604534126293
2026-06-03,47.14,47.490025,52.68300000000001,-0.5702039079110612,46.91,0,1.236462516841599,-10.521420572101068,-0.10276694571349143
2026-06-04,45.64,49.157364,52.089999999999996,-0.689127899648585,47.14,0,4.2795161043732755,-12.382415050873481,-0.11892399173752377
2026-06-05,43.32,50.71812,51.449,-0.8627044451114465,45.64,0,11.126469270269876,-15.800112732997723,-0.1735765454628615
2026-06-06,41.39,51.29727,50.79,-1.0345818162921767,43.32,0,18.41475468263071,-18.507580232329197,-0.1718773711807302
2026-06-07,42.83,52.83655,50.213,-0.978960533840918,41.39,0,27.655355559941448,-14.703363670762556,0.05562128245125875
2026-06-08,43.03,44.558243,49.6395,-0.8605659162642771,42.83,0,4.0351221056538975,-13.315001158351711,0.11839461757664083
2026-06-09,43.03,45.388638,49.093,-0.7198347588096219,43.03,0,5.481379369566833,-12.350029535779036,0.14073115745465525
2026-06-10,41.74,45.91364,48.471,-0.6531649880129491,43.03,0,6.7014619302893665,-13.886653875513183,0.0666697707966728
2026-06-11,42.47,48.213573,47.962,-0.5060100230766942,41.74,0,15.50927996121357,-11.450731829364923,0.1471549649362549
2026-06-12,43.07,46.724792,47.440999999999995,-0.32326560123347825,42.47,0,10.018348199832237,-9.213549461436301,0.18274442184321593
2026-06-13,44.33,43.582497,47.0195,-0.08493771603241784,43.07,0,1.1899155864091153,-5.719967247631307,0.2383278852010604
2026-06-14,45.41,44.96672,46.653499999999994,0.164441676359095,44.33,0,1.4363198309377152,-2.6653948792695026,0.24937939239151286
2026-06-15,45.76,47.269684,46.3455,0.3607133690947979,45.41,0,4.095317854857143,-1.2633373250909004,0.19627169273570289
2026-06-16,45.69,48.974854,46.0315,0.4857837405601586,45.76,0,7.025466598830861,-0.7418832755830322,0.1250703714653607
2026-06-17,44.92,48.559902,45.694,0.5138905436298331,45.69,0,6.281247956143821,-1.6938766577668858,0.028106803069674502
2026-06-18,43.86,45.781418,45.292500000000004,0.46007067245894184,44.92,0,1.9176710745318026,-3.1627752939228446,-0.053819871170891265
2026-06-19,44.07,44.345093,44.8735,0.4377219145605653,43.86,0,1.1060026754160979,-1.7905891004713241,-0.022348757898376537
2026-06-20,44.53,45.678135,44.4965,0.45122695875232033,44.07,1,3.64904678514384,0.07528682031171809,0.013505044191755022
2026-06-21,44.47,46.03033,44.1805,0.4522828920600248,44.53,1,3.3692581584526904,0.6552664637113584,0.001055933307704482
2026-06-22,44.56,46.894905,44.063,0.45402241545034383,44.47,1,5.452901035151861,1.1279304632004172,0.00173952339031902
2026-06-23,42.17,45.31931,43.8145,0.29679659597865493,44.56,0,1.7040153380142242,-3.753323671387328,-0.1572258194716889
2026-06-24,41.19,46.07897,43.592,0.13748286303646728,42.17,0,9.269556231427476,-5.510185355111032,-0.15931373294218765
2026-06-25,40.92,47.38256,43.471999999999994,0.030209145570620377,41.19,0,15.034136270892137,-5.8704453441295374,-0.10727371746584691
2026-06-26,41.91,47.81808,43.498000000000005,0.041517970810506455,40.92,0,16.857480210409598,-3.6507425628764723,0.011308825239886078
2026-06-27,42.17,47.96349,43.464999999999996,0.07987768674611018,41.91,0,14.44402179067217,-2.9794087196594843,0.03835971593560372
2026-06-28,42.53,43.08965,43.44,0.13938120618726235,42.17,0,2.1808138497497067,-2.0948434622467693,0.059503519441152175
2026-06-29,43.2,44.081696,43.4485,0.22848377704878797,42.53,0,3.648472975877319,-0.5719414939526104,0.08910257086152562
2026-06-30,41.93,44.29506,43.458,0.20714052736044097,43.2,0,2.53485926875361,-3.516038473928848,-0.021343249688347
2026-07-01,42.71,45.296215,43.47,0.24804492112338372,41.93,0,8.028178052404119,-1.7483321831147873,0.04090439376294275
2026-07-02,43.54,46.226227,43.4935,0.3284461945932917,42.71,1,8.23279514549432,0.10691252715923476,0.080401273469908
2026-07-03,44.82,44.241547,43.518,0.4573579328723567,43.54,1,1.6112692486434907,2.9918654349924156,0.128911738279065
2026-07-04,44.86,43.857037,43.490500000000004,0.5297410099758746,44.82,1,-2.1485127385627587,3.148963566755947,0.07238307710351788
2026-07-05,45.82,43.358288,43.4935,0.620403440682505,44.86,0,-3.347552805886542,5.349075149160226,0.09066243070663038
2026-07-06,44.84,43.09488,43.451,0.5925500489251333,45.82,0,-5.947448384132203,3.196704333617185,-0.02785339175737167
2026-07-07,43.91,43.076492,43.4005,0.49371369827065903,44.84,0,-3.932889586150069,1.1739496088754635,-0.09883635065447427
2026-07-08,43.66,44.570385,43.3905,0.3978385069781939,43.91,1,1.503951216688796,0.6211036978140229,-0.09587519129246513
2026-07-09,43.8,44.4817,43.376999999999995,0.3328273834174562,43.66,1,1.8820451150178659,0.9751711736634664,-0.06501112356073768
2026-07-10,44.78,44.173954,43.3895,0.3434175067734345,43.8,1,0.8537762785611154,3.2046923794927413,0.01059012335597831
2026-07-11,44.65,44.619987,43.3985,0.3292175504898297,44.78,0,-0.3573303086356239,2.883740221436225,-0.01419995628360482
2026-07-12,44.01,45.576435,43.371,0.2669266757860556,44.65,1,2.074882618390436,1.4733347167462032,-0.06229087470377409
2026-07-13,43.57,44.444233,43.440999999999995,0.18991388855088998,44.01,1,0.9866688040759602,0.2969544899979395,-0.07701278723516564
2026-07-14,45.41,45.207447,43.652,0.2527822506529955,43.57,1,3.7581984209363157,4.027306881700714,0.0628683621021055
2026-07-15,45.18,44.88437,43.865,0.2673510378006742,45.41,0,-1.1575228000784445,2.99783426421976,0.01456878714767873
2026-07-16,44.94,45.427063,44.01649999999999,0.24963534345623797,45.18,1,0.5468414968597837,2.098076857542068,-0.017715694344436234
2026-07-17,45.17,44.479706,44.1665,0.2420383800887555,44.94,1,-1.024241632071924,2.272084045600178,-0.007596963367482473
2026-07-18,47.01,44.964943,44.3905,0.34337667095722213,45.17,1,-0.45396738514743296,5.90103738412497,0.10133829086846663
2026-07-19,47.07,45.01652,44.583999999999996,0.3933030816067875,47.01,0,-4.240541472330517,5.57599138704469,0.04992641064956538
2026-07-20,47.37,44.553513,44.856,0.4228081188392586,47.07,0,-5.346266043674979,5.604601391118235,0.02950503723247111
2026-07-21,46.87,45.37917,45.064,0.3859489357529031,47.37,0,-4.202724373841396,4.007633587786254,-0.036859183086355496
2026-07-22,47.14,45.21712,45.244,0.357686109789196,46.87,0,-3.5265177634572633,4.1906109097338895,-0.028262825963707106
2026-07-23,46.96,46.451046,45.351,0.3067597102553381,47.14,0,-1.4615061731221175,3.547882075367691,-0.05092639953385791
2026-07-24,46.36,45.548325,45.426,0.21679528165534767,46.96,0,-3.0061231155005608,2.0560912252894763,-0.08996442859999043
2026-07-25,46.56,45.876682,45.463,0.1576386674894567,46.36,0,-1.042531748287012,2.412951191078462,-0.059156614165890964
2026-07-26,47.84,45.907295,45.613,0.1894566685433906,46.56,0,-1.4018573302173991,4.882380023238998,0.0318180010539339
2026-07-27,46.05,45.50489,45.72,0.08027580576295845,47.84,0,-4.881081852227157,0.7217847769028835,-0.10918086278043215
