timestamps,open,high,low,close,volume,amount
2018-06-01,118.25,120.4,116.62,120.19,51605.41534,6128372.2864044
2018-06-02,120.19,124.5,118.66,123.44,45059.33298,5504755.4425296
2018-06-03,123.44,127.98,122.23,125.33,52884.48398,6636628.9044011
2018-06-04,125.07,127.01,118.0,119.77,59686.2455,7227010.0950593
2018-06-05,119.77,122.6,115.77,122.18,48879.6275,5823546.8693892
2018-06-06,122.2,122.94,118.0,121.61,36817.66091,4450435.1276919
2018-06-07,121.63,123.84,119.4,121.54,39573.29608,4812926.9252882
2018-06-08,121.56,122.18,118.04,119.68,28982.19754,3468451.5544842
2018-06-09,119.9,120.93,116.7,117.4,17060.66336,2035221.8030919
2018-06-10,117.25,117.47,102.75,106.48,88683.19352,9692900.3365471
2018-06-11,106.5,108.42,102.7,107.2,56836.22735,6006747.920507
2018-06-12,107.2,107.86,94.05,99.68,73444.59887,7540691.1212508
2018-06-13,99.68,100.45,86.71,93.37,168148.05693,15894051.7971939
2018-06-14,93.4,102.87,91.65,100.88,177889.85806,17309706.9493822
2018-06-15,100.89,100.98,94.49,95.5,155895.24619,15253287.6609214
2018-06-16,95.5,97.58,92.68,96.66,130013.99526,12447952.5384872
2018-06-17,96.65,98.2,94.51,94.95,119733.09263,11542696.5672782
2018-06-18,94.95,99.88,92.89,98.7,161804.46253,15517726.7643408
2018-06-19,98.79,120.0,96.91,98.67,130065.51125,12839843.2750858
2018-06-20,98.67,99.13,95.21,97.72,141985.64173,13782651.3579555
2018-06-21,97.72,99.3,96.0,96.72,137564.825,13359242.491736
2018-06-22,96.74,96.87,80.02,84.8,232108.91398,20336007.6290002
2018-06-23,84.75,86.77,81.31,82.73,165849.75562,13847070.9212274
2018-06-24,82.76,83.63,73.22,80.37,250304.81918,19659622.6025612
2018-06-25,80.46,84.38,78.55,81.48,164736.37327,13384187.7377008
2018-06-26,81.48,81.99,75.0,75.54,118123.18034,9353924.3990311
2018-06-27,75.63,81.75,74.87,80.6,139175.33409,10907247.0625975
2018-06-28,80.71,81.43,73.89,74.05,179829.06566,14111508.6826739
2018-06-29,74.24,80.79,72.15,78.94,182184.86448,13628167.3719328
2018-06-30,78.94,84.59,78.84,81.33,170407.29923,13873276.6907395
2018-07-01,81.34,81.83,77.73,79.95,145195.40481,11578099.2779205
2018-07-02,79.96,87.06,78.11,85.36,171028.13169,14148269.2234263
2018-07-03,85.36,90.0,83.64,85.09,192538.98749,16697670.121509
2018-07-04,84.87,89.01,83.98,85.28,119209.87857,10301557.5862838
2018-07-05,85.23,87.11,81.77,83.33,170561.63319,14375938.528664
2018-07-06,83.26,84.23,80.67,83.1,156241.98721,12927067.5168636
2018-07-07,83.1,85.35,79.4,84.79,161497.86946,13194718.2053427
2018-07-08,84.88,85.7,81.81,82.22,151162.89899,12714183.7492641
2018-07-09,82.26,83.12,79.8,80.46,164942.79095,13486143.2798038
2018-07-10,80.58,80.62,74.25,75.81,211707.97169,16301339.7445156
2018-07-11,75.79,80.98,75.31,78.18,192182.00671,14878690.4379341
2018-07-12,78.18,78.25,74.0,76.79,181966.74235,13812292.3279434
2018-07-13,76.82,78.6,74.96,76.53,167655.26932,12912109.6754353
2018-07-14,76.52,77.5,75.37,76.18,142798.45441,10889163.0562266
2018-07-15,76.19,79.5,75.1,78.54,149955.80081,11604880.68028
2018-07-16,78.54,84.28,77.6,83.49,182917.22074,14849320.6163774
2018-07-17,83.65,90.0,81.3,89.06,204689.47756,17424042.8957612
2018-07-18,88.99,94.41,84.2,86.21,207474.92801,18644932.145683
2018-07-19,86.26,89.0,84.8,86.0,154334.95177,13363247.479054
2018-07-20,86.1,86.69,80.72,81.87,172067.63126,14427924.6324704
2018-07-21,81.84,84.93,79.5,83.44,134142.44869,11093940.8247099
2018-07-22,83.42,84.2,81.78,82.21,137457.8165,11406970.0475816
2018-07-23,82.2,85.96,81.1,81.38,143669.03549,12017252.0703626
2018-07-24,81.43,89.79,80.79,89.12,207891.17573,17982460.0146273
2018-07-25,89.02,90.75,84.81,86.38,164176.79921,14305114.7484705
2018-07-26,86.38,87.9,82.75,83.37,151787.8452,13102178.265579
2018-07-27,83.51,85.12,81.37,84.39,158734.44422,13246486.8508777
2018-07-28,84.39,84.7,82.26,84.07,124974.4699,10466944.3885658
2018-07-29,84.1,85.38,83.22,83.85,119512.7544,10028538.8565991
2018-07-30,83.89,84.62,79.76,82.18,146947.05011,12152782.1732837
2018-07-31,82.16,82.63,76.02,78.69,157911.8041,12489474.2961049
2018-08-01,78.91,79.06,75.78,77.53,139634.79769,10805717.3092267
2018-08-02,77.62,78.46,75.33,76.11,134458.4997,10335329.4233413
2018-08-03,76.16,77.84,74.66,77.7,141502.8987,10755649.4894646
2018-08-04,77.63,78.15,72.1,73.13,148949.16457,11228478.3691647
2018-08-05,73.06,74.73,72.23,74.61,133945.84351,9870760.383583
2018-08-06,74.6,76.7,72.35,73.62,137607.07273,10218380.652637
2018-08-07,73.67,75.24,66.58,67.35,164019.46827,11907649.7705943
2018-08-08,67.32,67.49,60.8,62.13,185720.38797,11974283.3683025
2018-08-09,62.13,64.94,60.0,62.89,179209.22762,11263053.9221285
2018-08-10,62.84,63.14,58.12,59.16,181493.85537,11133870.1528231
2018-08-11,59.16,59.98,55.0,57.6,195460.35141,11141417.3558336
2018-08-12,57.73,61.55,57.02,59.32,173455.18347,10331214.5582386
2018-08-13,59.21,60.61,55.52,56.44,192384.17619,11164711.9247184
2018-08-14,56.5,56.5,49.2,54.24,230722.82945,11992181.1969879
2018-08-15,54.26,59.2,53.7,54.32,232565.44512,13029652.1463702
2018-08-16,54.32,57.58,54.06,55.29,153625.58485,8558558.0436344
2018-08-17,55.32,61.89,54.99,61.75,230326.37031,13405002.8651858
2018-08-18,61.79,62.31,55.12,57.04,205917.54266,11969875.7158708
2018-08-19,57.04,58.98,56.1,57.67,183235.7261,10508700.8036626
2018-08-20,57.79,58.5,53.18,53.39,220297.28735,12325875.738144
2018-08-21,53.39,56.82,53.21,56.42,176189.09409,9710200.6576136
2018-08-22,56.43,59.75,53.82,55.14,243024.91246,13791753.7616232
2018-08-23,55.15,57.89,54.8,57.29,168194.87364,9382986.3347497
2018-08-24,57.3,58.36,55.5,57.82,162850.08326,9285143.5188117
2018-08-25,57.88,58.38,56.93,57.89,141200.40986,8154031.6819145
2018-08-26,57.88,58.08,55.74,56.99,149004.51461,8456358.2434211
2018-08-27,57.05,61.17,56.52,60.61,173547.49618,10042122.8798607
2018-08-28,60.69,63.74,59.65,63.13,213926.35247,13093911.4322786
2018-08-29,63.12,63.4,60.14,61.41,185484.94761,11486407.6211692
2018-08-30,61.52,61.65,58.55,60.23,179589.13646,10761861.6166235
2018-08-31,60.13,62.75,59.55,62.04,176396.73591,10744055.1253341
2018-09-01,62.04,67.93,61.97,66.49,210232.08113,13646887.0324832
2018-09-02,66.45,67.3,64.15,66.21,180336.18966,11838318.6165133
2018-09-03,66.21,66.55,64.21,65.44,162189.69577,10569362.8786437
2018-09-04,65.5,69.45,65.36,67.6,220730.4701,14960889.6771891
2018-09-05,67.63,68.36,57.61,57.82,331321.57394,20765379.8883325
2018-09-06,57.71,57.89,53.96,57.61,251529.33699,14014155.38678
2018-09-07,57.61,58.53,55.0,55.66,193929.61889,10983095.9540696
2018-09-08,55.63,57.22,51.87,53.07,187659.63017,10323291.9059615
2018-09-09,53.09,56.72,52.2,54.74,208940.08803,11413319.2266282
2018-09-10,54.79,56.59,53.03,54.34,226840.05414,12366211.0596521
2018-09-11,54.34,54.75,49.74,52.04,239830.95074,12670927.0607934
2018-09-12,52.01,52.14,47.21,51.69,276375.64336,13756255.4351725
2018-09-13,51.69,55.49,51.66,54.44,232884.22924,12514995.482319
2018-09-14,54.49,59.0,52.83,56.24,279002.97525,15505362.5990428
2018-09-15,56.21,58.73,55.61,56.22,236098.10118,13554456.1074499
2018-09-16,56.22,57.55,54.35,56.75,193175.78497,10857782.7359343
2018-09-17,56.75,57.85,51.37,52.07,256476.30399,14029350.8701683
2018-09-18,52.06,55.52,50.41,53.96,224751.4303,11874091.7786288
2018-09-19,53.93,55.28,51.62,54.27,228844.25202,12289753.5187398
2018-09-20,54.33,57.42,53.28,56.53,194009.04757,10587308.0472446
2018-09-21,56.52,62.73,56.33,60.83,323523.44211,18976330.1438477
2018-09-22,60.82,61.9,58.0,60.65,210861.69481,12631718.4569846
2018-09-23,60.58,63.82,59.86,61.38,244808.34389,15089323.8147346
2018-09-24,61.36,61.56,57.02,58.01,231626.38896,13624552.6226588
2018-09-25,58.03,58.16,54.25,57.61,279946.32153,15753483.0913105
2018-09-26,57.57,59.85,56.4,57.18,226177.44005,13066635.7611178
2018-09-27,57.25,65.67,56.58,63.28,496070.9006,30665922.1148864
2018-09-28,63.25,65.0,60.14,61.95,306042.00886,19128678.5769378
2018-09-29,61.95,62.34,58.95,61.61,206352.47293,12577562.1807731
2018-09-30,61.61,63.0,59.81,61.21,224746.26092,13734703.9417407
2018-10-01,61.19,62.09,59.51,60.45,189136.61486,11484878.1829783
2018-10-02,60.47,61.8,59.02,59.46,190207.92017,11489099.1894847
2018-10-03,59.42,59.66,56.67,57.56,199293.42312,11515193.8373846
2018-10-04,57.6,59.4,57.39,58.42,164171.36993,9643908.9132993
2018-10-05,58.43,59.85,57.65,58.93,152016.10897,8865509.4448689
2018-10-06,58.88,59.17,56.92,57.96,146487.74108,8512401.7290898
2018-10-07,57.98,58.64,56.88,58.33,137742.58904,7971910.2958602
2018-10-08,58.32,60.26,57.63,59.66,178247.28353,10499302.7273968
2018-10-09,59.65,59.84,58.29,59.03,156778.85225,9264677.0282078
2018-10-10,59.02,59.18,57.37,58.46,156144.05481,9074909.8197375
2018-10-11,58.43,58.66,50.62,51.36,269784.69405,14307677.1493092
2018-10-12,51.31,54.26,50.87,53.74,204719.86413,10863354.9131566
2018-10-13,53.7,54.88,53.2,54.05,162360.69862,8771145.0818299
2018-10-14,54.06,54.44,52.11,52.61,173244.35474,9306172.1147422
2018-10-15,52.61,61.86,52.17,56.16,380967.73216,21747320.2475761
2018-10-16,56.15,57.34,54.71,55.54,178767.67022,9988474.0004034
2018-10-17,55.54,55.72,54.32,55.27,189501.34735,10451967.889007
2018-10-18,55.31,55.85,53.0,53.53,163778.72064,8907285.9636503
2018-10-19,53.53,54.74,53.31,53.71,131153.05917,7061519.0366258
2018-10-20,53.68,54.65,53.28,54.28,134248.62479,7246667.2003764
2018-10-21,54.27,54.9,53.44,53.61,139868.39748,7580763.3297482
2018-10-22,53.62,54.16,52.67,53.12,113096.19471,6044482.1308859
2018-10-23,53.12,53.97,52.53,53.33,56502.9476,3006380.2184277
2018-10-24,53.34,53.92,53.0,53.11,50279.98528,2684802.8934149
2018-10-25,53.12,53.27,52.52,52.84,43215.95472,2287144.4417594
2018-10-26,52.81,53.55,52.23,52.56,49669.65386,2623371.2515115
2018-10-27,52.6,53.08,51.72,52.25,39585.13085,2075854.6261564
2018-10-28,52.25,52.66,51.7,52.07,35288.39702,1838724.3862475
2018-10-29,52.1,52.26,48.17,49.21,93056.55633,4660386.8668885
2018-10-30,49.16,49.96,49.02,49.34,41869.78433,2069910.6907136
2018-10-31,49.35,50.71,47.71,49.93,59069.9364,2926931.182231
2018-11-01,49.94,50.85,49.78,50.61,40743.54904,2044481.6283927
2018-11-02,50.63,52.2,50.56,51.78,55439.54227,2853112.5898938
2018-11-03,51.78,51.81,50.6,51.04,44526.44126,2280110.5089847
2018-11-04,51.09,56.33,50.77,54.6,131563.2191,7106100.759797
2018-11-05,54.6,55.15,53.01,53.91,71425.68187,3841003.0724431
2018-11-06,53.93,56.88,53.87,56.48,82733.19375,4543573.2471019
2018-11-07,56.44,56.92,53.52,54.47,96697.10571,5343582.6991728
2018-11-08,54.49,55.12,52.42,52.72,71785.25117,3845880.2935037
2018-11-09,52.7,53.15,51.62,52.25,54807.00008,2873957.5317537
2018-11-10,52.28,53.08,51.97,52.48,37947.99062,1994759.2672652
2018-11-11,52.47,52.57,49.79,51.46,66550.49463,3407022.15279
2018-11-12,51.5,52.04,50.59,51.26,60038.96458,3075503.9229793
2018-11-13,51.26,51.66,49.6,50.43,63966.88343,3255168.879664
2018-11-14,50.41,51.08,42.0,45.05,307943.67228,13948978.8933711
2018-11-15,45.05,45.8,40.4,44.78,239147.14363,10442471.6269976
2018-11-16,44.78,44.95,42.38,42.89,126959.9343,5526205.6703331
2018-11-17,42.89,42.94,41.92,42.43,64923.26975,2748488.2839843
2018-11-18,42.46,43.84,42.11,42.61,69727.51818,2991350.2245596
2018-11-19,42.63,42.65,35.94,37.07,266627.8181,10193547.6518018
2018-11-20,37.11,38.8,31.47,33.8,481972.20552,16734732.4018969
2018-11-21,33.71,35.38,32.17,35.15,307689.28614,10447986.7251629
2018-11-22,35.17,35.68,31.84,32.11,140470.92969,4791952.8493514
2018-11-23,32.09,33.81,31.1,32.74,178263.37599,5763152.7094353
2018-11-24,32.74,34.3,29.07,29.73,175080.65021,5486899.3643201
2018-11-25,29.72,32.93,27.7,31.49,330712.41278,9875455.0267542
2018-11-26,31.51,32.88,28.66,30.18,346087.77239,10650151.26109
2018-11-27,30.18,32.16,29.05,31.61,194024.5309,5911546.9844789
2018-11-28,31.62,36.51,31.39,34.74,261988.56211,8934592.4563842
2018-11-29,34.74,36.0,33.08,33.88,206424.03941,7091338.8885229
2018-11-30,33.9,34.53,31.07,32.21,182324.55561,5934596.3999476
2018-12-01,32.19,35.1,31.38,34.17,130601.17527,4373049.6516537
2018-12-02,34.11,35.24,33.21,33.82,126562.51308,4314174.8406725
2018-12-03,33.81,33.97,30.08,30.9,160953.47619,5107201.1187242
2018-12-04,30.92,32.25,29.87,31.13,125624.10065,3938334.4457955
2018-12-05,31.14,31.4,29.15,29.27,122536.95919,3686632.3658405
2018-12-06,29.28,30.49,26.25,26.78,186020.5287,5318278.7153886
2018-12-07,26.74,26.94,22.32,24.91,344334.77132,8550497.2274868
2018-12-08,24.88,26.63,22.89,24.22,272026.24012,6669827.4592307
2018-12-09,24.23,26.75,24.2,25.37,185392.27774,4728009.3049824
2018-12-10,25.37,25.82,23.67,24.14,159523.3339,3913245.9562269
2018-12-11,24.15,24.63,22.94,23.41,116912.31068,2774102.4887662
2018-12-12,23.4,24.98,23.2,24.13,116697.01621,2839522.3254574
2018-12-13,24.13,24.29,22.91,23.08,101343.24553,2391795.1552609
2018-12-14,23.06,23.76,22.5,23.34,115451.19357,2669993.897385
2018-12-15,23.33,24.06,23.09,23.6,114346.73652,2696112.2014415
2018-12-16,23.59,26.96,23.48,25.52,284638.36643,7367653.6178438
2018-12-17,25.51,30.3,25.43,28.95,415677.55009,11734862.3593704
2018-12-18,28.97,30.15,27.39,29.89,241540.21994,6940548.103116
2018-12-19,29.89,31.55,28.51,28.83,464104.88134,13967868.6904562
2018-12-20,28.83,32.76,28.52,32.18,347428.50187,10702281.6625123
2018-12-21,32.18,32.87,29.55,30.29,222927.66345,6941800.3395846
2018-12-22,30.29,31.49,29.7,31.33,106033.33577,3234572.7694072
2018-12-23,31.29,33.84,31.09,32.97,255561.72891,8317118.2252661
2018-12-24,32.98,36.12,32.17,32.68,305504.74498,10561724.7698791
2018-12-25,32.69,32.93,29.19,30.5,248993.55556,7586691.2768408
2018-12-26,30.5,31.68,28.79,30.3,174048.04136,5242464.4829548
2018-12-27,30.27,30.89,27.17,27.55,157817.22611,4528463.300989
2018-12-28,27.55,33.08,27.39,31.8,242123.8975,7428412.8216719
2018-12-29,31.78,32.81,29.91,30.28,222196.85698,6994333.2082403
2018-12-30,30.28,32.0,29.68,31.38,151572.93045,4696122.0322328
2018-12-31,31.38,31.43,29.42,29.9,97446.11241,2959940.3443041
2019-01-01,29.92,31.8,29.56,31.48,103182.73765,3162741.4467664
2019-01-02,31.47,33.29,31.07,32.67,118306.23317,3805773.1198366
2019-01-03,32.68,32.8,30.62,31.39,94129.85114,2982980.2248225
2019-01-04,31.41,32.53,30.78,31.76,108636.82193,3437486.3851984
2019-01-05,31.76,35.95,31.76,34.33,335581.55848,11471296.9699548
2019-01-06,34.33,39.71,33.89,38.3,761396.10676,28298586.9009635
2019-01-07,38.29,39.04,36.53,37.35,444975.92431,16797767.6556064
2019-01-08,37.35,40.8,36.91,38.7,522510.17142,20322945.3312497
2019-01-09,38.7,39.72,38.0,38.17,312030.13021,12104357.4442312
2019-01-10,38.17,38.77,31.0,32.81,584622.4539,19980421.46609
2019-01-11,32.81,33.22,29.68,31.49,351182.38165,11268415.5174647
2019-01-12,31.48,32.13,31.07,31.65,178476.28718,5640569.2458151
2019-01-13,31.65,32.63,29.12,29.59,229264.11927,7075842.0712984
2019-01-14,29.6,32.5,29.38,31.71,255282.35801,7925720.2735823
2019-01-15,31.72,32.27,29.95,30.75,216841.86085,6784015.4244266
2019-01-16,30.74,31.93,30.47,31.29,153939.59622,4789334.1418824
2019-01-17,31.29,31.55,29.8,31.4,203218.00286,6238519.8934698
2019-01-18,31.38,31.53,30.31,30.77,150711.34444,4659547.3864997
2019-01-19,30.78,32.92,30.77,32.0,164989.63668,5273505.545043
2019-01-20,31.94,33.2,28.45,30.64,249450.00408,7815412.7300217
2019-01-21,30.63,31.22,30.34,30.82,110305.75866,3392716.0542585
2019-01-22,30.82,32.0,29.48,31.41,199887.16257,6183272.8098907
2019-01-23,31.4,32.18,31.24,31.69,123577.27232,3920165.8017895
2019-01-24,31.69,33.1,30.89,32.51,138812.16216,4453091.2945143
2019-01-25,32.52,33.0,31.87,32.69,169242.53382,5485967.9294638
2019-01-26,32.68,33.95,32.57,32.8,166677.42808,5537195.8890435
2019-01-27,32.79,33.2,31.05,32.21,173697.81998,5628213.3201342
2019-01-28,32.22,32.53,30.0,30.94,267887.62942,8275485.9723247
2019-01-29,30.94,31.26,29.91,30.81,135879.8588,4168438.6557358
2019-01-30,30.8,31.97,30.47,31.68,129114.99705,4046024.3723204
2019-01-31,31.68,32.33,31.08,31.41,154708.17427,4881672.9566493
2019-02-01,31.43,33.64,30.7,32.65,335544.96445,10864529.5873272
2019-02-02,32.61,35.01,32.44,34.59,268052.52354,8939273.973636
2019-02-03,34.59,34.89,32.86,33.44,348406.73224,11802330.6146259
2019-02-04,33.43,34.5,33.36,34.09,206649.66902,7014206.2681502
2019-02-05,34.08,34.54,33.63,34.34,214319.34235,7321284.8808597
2019-02-06,34.35,34.5,32.25,32.79,312456.54201,10273847.9600226
2019-02-07,32.78,33.61,32.73,33.24,144528.08084,4798854.8184626
2019-02-08,33.23,44.85,32.75,42.99,1237384.07012,48819159.693489
2019-02-09,42.99,46.95,42.05,44.68,993529.35851,43845377.3617417
2019-02-10,44.68,47.59,42.0,46.79,667594.46229,30084786.2181325
2019-02-11,46.8,46.87,41.81,42.9,570398.48991,25000654.7153878
2019-02-12,42.88,44.57,41.84,43.89,326731.55801,14181167.7324087
2019-02-13,43.89,44.66,40.64,41.61,333914.84326,14169773.6990322
2019-02-14,41.61,42.45,40.31,41.26,285144.93739,11825040.1861124
2019-02-15,41.26,44.6,41.06,42.58,389950.95213,16519445.9920431
2019-02-16,42.6,44.37,42.28,43.34,326691.70793,14225774.1208697
2019-02-17,43.34,45.13,42.6,43.91,331698.79603,14459368.8381966
2019-02-18,43.89,49.03,43.62,47.84,744029.87121,34349598.9758269
2019-02-19,47.81,49.1,46.56,47.14,404786.75784,19350985.317177
2019-02-20,47.16,52.21,46.25,51.5,566874.12073,28402239.4220076
2019-02-21,51.47,51.65,47.35,48.94,383781.90032,18972966.8701831
2019-02-22,48.93,49.97,48.08,49.19,265979.43489,13079846.878828
2019-02-23,49.22,51.88,48.0,51.4,411115.3383,20597303.0431109
2019-02-24,51.39,53.53,42.37,43.75,685277.01608,32440229.6963062
2019-02-25,43.74,46.85,43.0,45.4,377273.17275,16992487.3052862
2019-02-26,45.4,45.89,44.06,44.76,220101.55494,9886505.2314402
2019-02-27,44.77,45.53,42.51,45.16,223940.94505,9964616.9874317
2019-02-28,45.15,46.7,44.44,45.61,258562.96779,11834468.51228
2019-03-01,45.62,48.95,45.53,47.05,336011.92294,15914635.4786478
2019-03-02,47.02,49.4,46.38,48.49,325733.94735,15618945.7813467
2019-03-03,48.51,49.1,47.18,47.86,218511.99396,10525909.3067072
2019-03-04,47.87,48.22,44.57,45.78,306985.27977,14131761.4970669
2019-03-05,45.78,54.25,45.38,52.52,798938.10368,40660412.2179829
2019-03-06,52.52,56.81,51.11,55.37,670227.49403,36366973.2904414
2019-03-07,55.37,59.12,53.77,56.73,816612.77049,46227699.9424252
2019-03-08,56.73,57.6,54.3,55.61,440480.65904,24793142.8918252
2019-03-09,55.58,59.83,55.38,57.78,413625.10436,23841397.7942103
2019-03-10,57.78,58.04,55.84,56.59,198932.23727,11276533.6754336
2019-03-11,56.63,57.37,54.0,54.82,319640.84363,17619148.0806475
2019-03-12,54.82,56.96,53.72,56.58,186798.97334,10473627.53209
2019-03-13,56.6,56.84,54.3,55.29,234206.35923,13044765.6089822
2019-03-14,55.29,58.2,51.66,55.94,333686.39631,18559101.3738751
2019-03-15,55.94,59.15,55.94,58.52,295307.77677,17013433.6384185
2019-03-16,58.52,61.97,58.41,61.21,375314.79266,22846386.0282299
2019-03-17,61.22,61.32,59.57,60.47,174833.31913,10590199.9608341
2019-03-18,60.47,62.63,58.2,59.17,301146.21398,18071146.4905442
2019-03-19,59.2,59.96,58.33,59.52,221995.59833,13162394.4379992
2019-03-20,59.5,60.74,56.64,60.27,285413.7934,16953291.8433374
2019-03-21,60.29,60.64,56.98,58.54,164946.60535,9725257.740012
2019-03-22,58.54,59.6,58.0,59.26,184427.33587,10869615.6738316
2019-03-23,59.23,61.76,58.93,60.89,372961.54781,22578010.5670285
2019-03-24,60.88,60.9,58.84,59.82,360926.15706,21566309.6375968
2019-03-25,59.81,60.7,58.2,59.04,216703.66968,12846830.3232689
2019-03-26,59.06,59.35,57.23,58.79,175752.00925,10247903.100617
2019-03-27,58.81,61.87,58.58,61.44,260971.73061,15803472.9452996
2019-03-28,61.43,61.43,60.15,60.5,160785.54618,9744151.8473039
2019-03-29,60.48,61.8,60.15,61.45,200422.34535,12200871.3372611
2019-03-30,61.41,61.56,59.59,60.45,161304.26128,9780439.5002168
2019-03-31,60.45,60.72,59.83,60.48,120015.86005,7234304.2504601
2019-04-01,60.47,60.9,59.62,60.45,129238.66121,7810478.4448446
2019-04-02,60.45,78.4,59.95,76.78,805505.16575,55327330.1915808
2019-04-03,76.76,98.5,76.24,85.19,1514710.29313,130062156.1077033
2019-04-04,85.02,89.85,79.85,84.7,775702.67217,66127061.9191573
2019-04-05,84.71,89.85,83.65,88.24,366668.99563,31984491.3758827
2019-04-06,88.24,97.54,85.0,92.21,706789.23459,65322880.0905888
2019-04-07,92.23,95.44,88.74,91.55,404878.13429,37409101.1554274
2019-04-08,91.55,94.0,85.2,88.57,439909.33843,39092277.7488787
2019-04-09,88.57,88.71,82.61,86.17,317748.78519,27340412.18294
2019-04-10,86.19,91.1,85.91,88.16,315727.23676,27802373.2737036
2019-04-11,88.16,88.45,74.64,78.88,663804.98498,52734752.5700692
2019-04-12,78.9,80.43,75.0,78.47,351092.11924,27388660.7258404
2019-04-13,78.43,81.02,75.51,77.62,276710.7109,21674683.2126471
2019-04-14,77.58,83.6,76.09,83.28,242418.41303,19179352.734823
2019-04-15,83.31,84.41,75.0,78.07,437925.65449,35039724.5357955
2019-04-16,78.06,81.49,76.88,80.27,295134.17728,23370026.8609958
2019-04-17,80.27,81.5,78.0,78.77,232336.81062,18452843.5923519
2019-04-18,78.82,83.66,78.74,81.68,328509.77037,26614059.4859404
2019-04-19,81.67,83.17,79.48,82.05,265365.49383,21606124.7509276
2019-04-20,82.05,82.69,79.33,81.15,209481.54759,17009020.0094766
2019-04-21,81.16,81.85,72.86,76.65,405449.35652,30882393.8202287
2019-04-22,76.61,77.63,74.9,76.51,285737.83886,21814764.7461896
2019-04-23,76.47,79.29,73.33,73.7,408341.22655,31534100.588167
2019-04-24,73.67,74.69,69.9,72.85,466422.90922,33586009.2516322
2019-04-25,72.85,74.43,70.6,71.78,307408.70386,22353656.7217245
2019-04-26,71.79,76.5,70.31,73.82,345014.87676,25320328.5480487
2019-04-27,73.83,74.01,71.83,72.23,102336.98217,7467848.3762795
2019-04-28,72.24,72.72,68.95,69.89,218635.58959,15458571.1783797
2019-04-29,69.89,70.37,66.5,67.87,203603.18601,13896456.9662964
2019-04-30,67.86,74.74,67.86,74.32,354469.13538,25357609.0003327
2019-05-01,74.31,75.36,71.78,73.36,273831.04765,20098972.4966065
2019-05-02,73.35,74.42,72.73,73.68,289626.45366,21306943.7993429
2019-05-03,73.65,80.58,73.31,79.22,538448.40523,41683556.4117655
2019-05-04,79.26,82.76,74.54,77.77,457004.01484,35750061.7116449
2019-05-05,77.73,78.16,75.4,75.7,236821.31245,18139200.7639219
2019-05-06,75.7,76.91,71.64,74.94,389445.48037,28863797.8869894
2019-05-07,74.95,78.75,73.4,74.61,357677.92795,27275279.8649669
2019-05-08,74.59,75.5,72.4,74.44,206081.78548,15267753.6578615
2019-05-09,74.44,75.9,72.77,74.19,240477.43667,17829294.3569958
2019-05-10,74.18,79.61,72.66,77.11,422915.9252,32199715.1352361
2019-05-11,77.12,95.0,76.85,86.59,909602.12694,78091222.1082642
2019-05-12,86.59,94.01,83.0,84.73,797262.85973,69998434.01864
2019-05-13,84.71,92.49,84.1,87.16,627311.35573,55391993.134908
2019-05-14,87.34,93.61,86.5,91.17,644139.06467,58186818.859561
2019-05-15,91.15,104.25,89.69,102.02,673429.92612,66429508.1788531
2019-05-16,102.03,107.14,90.73,95.49,1179885.10784,116020063.7773053
2019-05-17,95.49,97.48,84.27,89.76,914179.22548,80856683.9611846
2019-05-18,89.76,90.51,85.11,86.51,380542.14297,33352370.4500154
2019-05-19,86.55,96.81,86.07,94.58,584649.51759,54045051.6228448
2019-05-20,94.55,94.58,87.11,91.1,447735.71615,40656121.4410844
2019-05-21,91.1,93.02,88.83,90.79,335538.23309,30483197.1255505
2019-05-22,90.77,92.04,85.83,87.74,308520.29109,27641752.0456785
2019-05-23,87.74,89.53,84.62,88.61,208332.29525,18146600.071508
2019-05-24,88.67,103.77,88.01,100.5,832985.16125,81794059.9838869
2019-05-25,100.5,105.07,98.87,102.66,519802.9895,53062963.8260795
2019-05-26,102.66,114.0,97.5,111.0,658431.91144,68920626.4237978
2019-05-27,111.03,121.89,109.94,116.3,873684.89847,99764291.8459324
2019-05-28,116.41,118.22,111.08,114.81,399902.25403,45797915.3005502
2019-05-29,114.87,118.33,108.0,115.06,359489.09796,41060611.9641629
2019-05-30,115.03,120.35,102.4,107.78,708618.8245,80058167.9964162
2019-05-31,107.78,114.93,104.55,114.6,487341.72799,53042097.0134148
2019-06-01,114.65,116.28,110.51,112.35,318759.84041,36157772.3131558
2019-06-02,112.34,116.48,111.25,114.39,234192.23299,26740364.1967509
2019-06-03,114.44,116.2,105.01,105.99,441610.78458,49245349.1978798
2019-06-04,105.94,106.8,98.13,102.2,673951.14145,69303243.3129226
2019-06-05,102.2,105.21,100.11,103.66,379894.44483,39022877.2563426
2019-06-06,103.61,112.07,101.0,111.19,488905.21588,51485265.6301071
2019-06-07,111.25,121.0,109.53,116.71,619792.48983,71559713.2584965
2019-06-08,116.74,119.7,113.5,118.01,454621.75369,52877380.6399323
2019-06-09,118.01,118.94,111.02,114.66,425246.36749,48979996.5592727
2019-06-10,114.66,130.12,112.54,129.15,793211.22328,97867984.4881624
2019-06-11,129.19,138.56,124.85,135.69,836034.97354,109260631.0297876
2019-06-12,135.79,143.19,129.86,135.32,1015972.92864,139662839.6225523
2019-06-13,135.32,136.52,127.92,130.55,477007.30523,63425735.6627966
2019-06-14,130.55,133.03,125.22,132.0,460272.62793,59616359.3131788
2019-06-15,132.03,139.5,132.01,137.54,389908.37623,52916731.4807058
2019-06-16,137.51,138.2,133.15,136.45,392560.10493,53270945.5999763
2019-06-17,136.42,136.82,131.53,133.8,302485.50097,40632294.8605125
2019-06-18,133.8,136.84,128.0,135.22,400995.83149,53298085.8261838
2019-06-19,135.25,139.5,133.5,136.43,373850.88301,51215678.8946964
2019-06-20,136.41,136.75,133.0,135.46,236819.61409,31945265.2665445
2019-06-21,135.45,141.29,131.0,138.28,392390.9775,53951692.1129757
2019-06-22,138.3,145.9,136.01,142.26,670112.19411,94685540.9070531
2019-06-23,142.2,143.34,136.15,137.5,273142.66174,38332851.5596966
2019-06-24,137.5,137.52,132.65,135.77,269137.08964,36393377.8443667
2019-06-25,135.78,138.63,129.75,136.33,343042.31826,46185009.2996886
2019-06-26,136.32,138.5,127.5,132.25,659208.45477,88988518.1248937
2019-06-27,132.24,133.5,111.82,116.01,932158.03694,111595940.1518993
2019-06-28,116.02,122.19,114.49,120.01,455587.96464,53924815.9827016
2019-06-29,119.99,137.0,116.0,133.86,650966.5278,82947506.0130042
2019-06-30,133.88,137.44,120.54,123.25,808645.44775,105468144.5679423
2019-07-01,123.22,127.03,113.82,123.17,612063.25919,74028859.4377541
2019-07-02,123.16,124.0,112.63,118.77,469582.087,55049525.438026
2019-07-03,118.74,123.15,116.78,121.36,365008.0675,43803309.4403507
2019-07-04,121.34,127.03,118.51,119.61,375062.74273,45922151.5752116
2019-07-05,119.64,120.99,116.22,118.35,223608.71264,26574015.8532825
2019-07-06,118.29,121.8,117.06,118.31,153816.69797,18323759.2707292
2019-07-07,118.28,120.35,117.0,119.48,142378.61429,16885095.364537
2019-07-08,119.48,125.07,117.77,122.92,219116.92194,26320498.8638013
2019-07-09,122.92,124.08,117.64,119.24,233440.12041,28157784.5815775
2019-07-10,119.23,120.13,102.5,108.31,507821.30862,55824246.2599259
2019-07-11,108.29,108.33,95.21,102.98,566917.40666,57565136.8519258
2019-07-12,103.0,107.02,100.65,104.86,204977.52431,21385292.1845931
2019-07-13,104.86,105.03,97.64,101.03,229252.96129,23255998.9076815
2019-07-14,101.06,101.9,87.58,89.66,429594.96949,39918729.8273722
2019-07-15,89.67,92.99,84.6,90.43,382169.24803,34028842.9172786
2019-07-16,90.43,91.91,76.6,79.61,483565.93207,40186396.036797
2019-07-17,79.62,94.65,71.0,89.95,611125.08258,53125198.9314649
2019-07-18,89.98,104.5,86.87,101.16,609872.10131,58346175.1364644
2019-07-19,101.15,101.26,94.73,98.23,366646.23978,35784995.4190319
2019-07-20,98.25,105.88,97.42,100.25,355926.02335,35977421.6047505
2019-07-21,100.26,101.41,96.4,99.7,247121.43139,24377591.970442
2019-07-22,99.74,100.91,91.14,95.31,318533.96014,30372489.1300881
2019-07-23,95.31,95.35,88.62,90.15,264516.21574,24185689.3495697
2019-07-24,90.1,97.45,86.8,94.5,355813.0883,32641378.1438992
2019-07-25,94.43,96.67,91.06,93.22,228403.48379,21524096.4244504
2019-07-26,93.23,94.52,89.83,94.06,169220.32033,15659054.23478
2019-07-27,94.01,96.09,86.67,88.79,250915.24992,22687995.2872745
2019-07-28,88.83,90.9,83.13,90.0,201075.77208,17720374.4262434
2019-07-29,90.0,92.26,87.48,90.33,233655.44074,21072179.1118312
2019-07-30,90.33,92.71,88.5,90.15,166817.93325,15087913.9724864
2019-07-31,90.12,99.95,89.81,98.76,280442.01907,26802062.2623117
2019-08-01,98.77,100.59,95.23,98.64,256621.80027,25131509.0214623
2019-08-02,98.62,98.77,92.52,94.76,284902.02673,27331986.4812726
2019-08-03,94.8,96.7,93.51,94.17,187442.26636,17836682.3712824
2019-08-04,94.15,94.8,90.11,92.64,210063.34433,19411525.5876972
2019-08-05,92.68,106.77,92.68,96.56,708024.73305,70031157.1904787
2019-08-06,96.56,99.32,91.0,92.99,370218.49667,35230611.3942631
2019-08-07,93.05,94.45,87.36,90.59,298275.75612,27205898.7377171
2019-08-08,90.59,92.75,87.72,90.15,227275.85013,20426334.73657
2019-08-09,90.08,90.45,82.64,84.24,245919.9803,21161127.8838708
2019-08-10,84.25,87.5,82.27,85.46,243663.59097,20738077.4375404
2019-08-11,85.46,91.57,85.15,89.93,196951.40228,17439833.9941493
2019-08-12,89.99,90.04,85.45,85.79,147573.87933,12841667.2105431
2019-08-13,85.79,86.79,83.26,84.88,166783.80957,14166418.1596839
2019-08-14,84.83,86.32,75.0,75.9,310895.4105,24988277.1277642
2019-08-15,75.91,77.7,74.36,76.25,157703.32106,12030480.7520128
2019-08-16,76.24,76.42,72.34,74.67,186709.02728,13900659.4192708
2019-08-17,74.63,75.35,71.5,72.65,131039.84431,9606659.8005814
2019-08-18,72.64,78.0,71.4,76.25,171800.85253,12945827.7805591
2019-08-19,76.31,78.95,75.36,77.1,176507.93997,13616902.8904594
2019-08-20,77.1,77.3,73.31,75.14,130580.76909,9832675.8514933
2019-08-21,75.13,75.33,70.14,73.27,188740.48706,13704139.3566925
2019-08-22,73.18,74.64,71.0,73.31,159575.08558,11682713.5554993
2019-08-23,73.38,75.92,72.1,75.38,138535.90048,10276202.4442559
2019-08-24,75.37,75.65,71.39,73.32,119841.86721,8767152.9537443
2019-08-25,73.32,74.93,70.56,72.1,143368.07877,10408156.40948
2019-08-26,72.12,75.46,72.09,73.54,186459.72505,13805533.1315414
2019-08-27,73.59,73.75,72.13,72.9,92746.01751,6757231.1022779
2019-08-28,72.88,73.14,65.0,66.73,295837.67734,20294112.3733274
2019-08-29,66.73,66.77,62.0,63.59,206167.47861,13330132.4686137
2019-08-30,63.55,65.6,62.16,64.17,188503.14428,12025139.0938975
2019-08-31,64.18,65.39,62.25,64.24,148167.15877,9443772.2045412
2019-09-01,64.23,67.21,63.74,65.89,160452.85757,10479308.7581945
2019-09-02,65.85,68.03,64.8,66.92,210648.66087,13961846.0324844
2019-09-03,66.92,71.0,66.47,69.06,286130.47957,19629532.3520897
2019-09-04,69.0,69.24,66.4,67.01,219846.1354,14865189.8886659
2019-09-05,67.02,67.39,64.14,65.23,166569.36182,10917424.2782613
2019-09-06,65.24,68.0,63.54,64.87,278618.16432,18378132.7288359
2019-09-07,64.88,70.57,64.53,68.77,305501.47722,20816429.3435973
2019-09-08,68.77,71.46,68.0,70.36,315059.92831,22060121.0232093
2019-09-09,70.36,71.38,67.73,69.89,229275.26659,15939720.8488187
2019-09-10,69.86,73.1,69.77,70.85,315598.33706,22476093.8475688
2019-09-11,70.85,71.81,68.25,69.8,208744.34146,14621909.7707836
2019-09-12,69.8,70.0,68.3,69.15,135570.08885,9369849.0942119
2019-09-13,69.18,69.58,67.36,68.93,156416.29244,10722817.4094285
2019-09-14,68.93,71.5,68.2,70.5,179064.87019,12520755.7829275
2019-09-15,70.49,71.28,69.5,70.04,123157.58776,8653254.9874815
2019-09-16,70.04,73.67,69.36,72.63,267731.58165,19101962.9812395
2019-09-17,72.67,77.59,72.15,74.04,331820.84685,24574442.8929495
2019-09-18,74.06,80.3,73.98,77.81,463500.72712,35716016.266972
2019-09-19,77.77,80.9,72.62,76.56,516227.12489,38833965.374848
2019-09-20,76.56,77.08,72.78,75.05,286151.47725,21475382.8429194
2019-09-21,75.06,75.58,72.06,73.22,211641.79197,15603395.9651253
2019-09-22,73.2,73.22,71.03,72.23,219392.15857,15823511.838941
2019-09-23,72.26,74.24,61.88,66.54,527501.79121,36517883.7939264
2019-09-24,66.54,67.42,54.07,54.57,987995.2338,60140536.5363633
2019-09-25,54.57,58.34,52.84,57.43,781318.26507,43535732.1644702
2019-09-26,57.48,57.56,50.3,55.19,630061.90746,34400819.9709003
2019-09-27,55.17,56.61,52.61,55.86,390379.87374,21349989.0495085
2019-09-28,55.86,56.16,53.67,55.37,258783.39518,14274176.8394336
2019-09-29,55.38,55.58,52.13,53.82,227546.40106,12197410.1689732
2019-09-30,53.84,56.25,52.46,55.99,369529.68787,20182788.0599933
2019-10-01,56.01,57.6,54.82,55.63,333606.02834,18706444.0183863
2019-10-02,55.59,56.66,55.13,56.23,215424.38457,12034864.9802444
2019-10-03,56.28,57.07,53.62,56.44,253310.60723,14061349.4274344
2019-10-04,56.45,57.5,55.22,56.3,247275.45318,13995320.6982941
2019-10-05,56.3,57.4,55.57,56.69,177602.10058,10003772.6070799
2019-10-06,56.69,56.8,52.73,54.41,259829.37559,14302889.3201775
2019-10-07,54.42,58.65,53.25,57.46,314689.40497,17738640.5892193
2019-10-08,57.46,58.45,56.47,56.94,184201.79637,10559404.6628282
2019-10-09,56.92,60.06,56.6,59.12,344098.9067,20109296.3410723
2019-10-10,59.1,59.33,57.0,57.47,215031.29392,12487446.424827
2019-10-11,57.48,58.42,55.33,55.85,266818.0674,15066092.2307557
2019-10-12,55.85,56.5,55.41,55.7,101685.84465,5692945.9608558
2019-10-13,55.71,57.69,55.47,56.46,157772.38785,8939980.1891891
2019-10-14,56.44,57.1,55.94,56.83,133434.14038,7558734.9042193
2019-10-15,56.83,57.39,53.4,54.58,332451.2139,18373352.239439
2019-10-16,54.57,55.39,51.0,52.45,299556.40107,15877658.5981411
2019-10-17,52.45,55.22,51.57,54.94,238776.4036,12771309.0902889
2019-10-18,54.95,55.01,52.19,53.21,213517.39011,11396652.4931308
2019-10-19,53.21,54.16,52.54,53.72,152610.00837,8152648.1899059
2019-10-20,53.72,55.46,52.58,54.85,208172.70191,11213347.3436287
2019-10-21,54.85,55.74,53.67,54.57,208464.19325,11371435.9380809
2019-10-22,54.57,55.09,52.97,53.39,159956.49835,8683674.6012259
2019-10-23,53.38,53.44,47.1,49.5,509593.26474,25426831.2276842
2019-10-24,49.48,50.32,48.3,49.54,308330.52196,15231954.3665215
2019-10-25,49.55,58.7,49.01,56.93,761473.61477,41420745.6813956
2019-10-26,56.94,63.37,54.14,56.71,1041416.04901,60212455.0623241
2019-10-27,56.69,62.85,55.59,59.78,661079.75268,39184044.8609764
2019-10-28,59.79,62.47,57.4,57.7,540004.69723,31899759.5679002
2019-10-29,57.7,60.75,57.65,59.75,401424.23907,23880814.2853157
2019-10-30,59.76,61.05,56.88,57.89,341531.28519,20067287.1619448
2019-10-31,57.9,59.56,57.01,58.29,269103.33623,15704328.2180473
2019-11-01,58.29,58.8,56.68,58.23,221222.3294,12800948.2235563
2019-11-02,58.24,59.19,57.73,58.25,150647.4393,8791009.2023331
2019-11-03,58.24,58.75,57.18,58.29,141302.66308,8187021.0260424
2019-11-04,58.29,62.4,57.87,61.29,410380.76551,24885022.399686
2019-11-05,61.26,64.15,60.89,63.12,527595.77833,33018350.5263202
2019-11-06,63.13,64.33,62.56,64.11,334742.14328,21184873.2606578
2019-11-07,64.11,64.33,60.27,61.39,327504.17073,20341773.3505898
2019-11-08,61.4,62.49,58.93,60.38,347351.93739,21069094.5645804
2019-11-09,60.36,62.37,60.17,62.04,196430.96635,12033723.0691569
2019-11-10,62.04,66.19,60.8,63.65,437892.99669,27791092.9306484
2019-11-11,63.65,64.33,60.47,61.84,409179.59195,25483714.4154713
2019-11-12,61.84,62.25,59.75,61.42,299770.7716,18364928.4149682
2019-11-13,61.45,62.05,60.27,60.96,175581.95546,10721665.6253691
2019-11-14,60.96,61.1,58.25,59.0,289462.24048,17199630.2987337
2019-11-15,59.0,60.75,56.2,57.6,333621.34492,19466114.1815775
2019-11-16,57.61,58.98,57.14,58.3,135649.0746,7869798.7489886
2019-11-17,58.29,59.97,57.55,59.22,190026.97121,11231813.569226
2019-11-18,59.21,59.3,54.0,55.81,297441.77936,16889540.764569
2019-11-19,55.8,56.23,54.2,55.13,245040.39116,13537640.5987772
2019-11-20,55.13,56.16,54.61,54.98,224543.3721,12409649.6988626
2019-11-21,54.99,55.29,48.51,50.61,442743.26376,22956914.1414131
2019-11-22,50.61,51.55,43.58,47.32,924579.32624,43972840.3431339
2019-11-23,47.32,48.53,46.13,48.1,301729.20885,14284224.6281057
2019-11-24,48.11,48.24,43.45,43.86,419517.52854,19189967.869167
2019-11-25,43.87,47.42,42.04,45.47,571324.21757,25692967.8735965
2019-11-26,45.48,47.57,45.22,46.91,310692.28241,14415831.257586
2019-11-27,46.91,48.69,44.51,47.7,455880.87524,21293926.3859094
2019-11-28,47.69,48.0,46.01,46.79,267853.24107,12673681.7589054
2019-11-29,46.78,49.33,46.73,48.54,301668.56643,14538397.0721103
2019-11-30,48.55,48.76,46.53,47.21,270874.56808,12935751.2240148
2019-12-01,47.21,48.45,45.5,47.45,313486.32183,14677016.9447244
2019-12-02,47.45,47.57,44.71,45.45,302502.05198,13883607.6955273
2019-12-03,45.44,46.22,44.26,44.75,323943.4612,14690325.2594683
2019-12-04,44.76,46.98,43.69,44.67,555322.93753,25068312.4042405
2019-12-05,44.64,45.21,43.7,44.81,444840.89828,19798104.1849034
2019-12-06,44.78,45.5,44.05,45.28,273507.67563,12251452.249812
2019-12-07,45.26,46.5,44.94,45.15,195130.20296,8895004.0359726
2019-12-08,45.14,46.2,44.81,45.56,131675.58673,5985309.3474994
2019-12-09,45.55,45.87,44.04,44.45,219794.24751,9893759.7205179
2019-12-10,44.45,44.67,43.6,44.09,151332.98482,6686909.3898843
2019-12-11,44.07,44.46,43.27,43.7,134280.00698,5891144.238884
2019-12-12,43.7,44.11,42.84,43.65,169652.16018,7380545.6200454
2019-12-13,43.65,44.55,43.43,44.44,127935.79567,5621054.0110898
2019-12-14,44.44,44.67,43.19,43.25,121589.21791,5323519.6220486
2019-12-15,43.28,44.04,42.9,43.44,105010.15867,4563418.4871183
2019-12-16,43.46,43.56,39.02,39.99,396847.07159,16244725.1081252
2019-12-17,39.98,40.13,36.1,36.92,648918.38857,24820514.2775863
2019-12-18,36.94,41.71,35.78,40.79,668186.50576,25716885.4291814
2019-12-19,40.79,41.1,39.06,39.65,240386.31479,9577045.4239534
2019-12-20,39.66,40.41,39.25,40.17,151508.47648,6050598.7318228
2019-12-21,40.15,40.22,39.41,39.67,91777.0964,3651414.4911813
2019-12-22,39.67,42.16,39.62,41.82,208763.30093,8592483.9553263
2019-12-23,41.84,42.67,40.21,40.56,288871.46721,12041679.1246247
2019-12-24,40.56,41.13,39.68,40.34,211802.58489,8565123.8035953
2019-12-25,40.33,40.48,39.38,40.08,136397.58244,5454518.4245286
2019-12-26,40.11,41.73,39.58,40.01,198471.3519,8031017.7625761
2019-12-27,39.99,41.5,39.67,40.95,219242.83628,8903088.988405
2019-12-28,40.96,43.76,40.91,42.83,284295.33296,12068166.8566078
2019-12-29,42.84,43.76,42.14,43.08,337087.7687,14473143.4587945
2019-12-30,43.07,44.18,41.82,42.38,298595.46371,12800752.8454704
2019-12-31,42.36,43.05,41.0,41.3,201549.74137,8450325.3247917
2020-01-01,41.29,42.08,41.16,41.62,110044.87445,4588192.8849425
2020-01-02,41.58,41.74,39.17,39.43,194486.2157,7837031.556193
2020-01-03,39.44,42.39,38.77,42.23,426771.00676,17556942.0162089
2020-01-04,42.23,42.9,41.77,42.78,248814.62818,10536131.9372125
2020-01-05,42.79,44.61,42.6,43.3,291964.84958,12684292.6604376
2020-01-06,43.29,46.08,43.16,45.8,384930.9909,17201996.63042
2020-01-07,45.8,47.03,44.48,46.3,493847.10532,22589565.7822382
2020-01-08,46.3,48.54,44.0,45.35,628050.68438,29193086.860851
2020-01-09,45.35,45.79,43.9,44.74,296221.65692,13283092.2577215
2020-01-10,44.75,49.72,43.71,49.06,729803.12291,34640199.7464603
2020-01-11,49.06,51.95,47.77,49.3,681984.46652,33981679.44026
2020-01-12,49.32,51.75,48.78,51.43,533583.45808,26990269.7988899
2020-01-13,51.44,51.6,48.91,49.6,382092.95573,19087715.1452283
2020-01-14,49.59,60.8,49.58,58.39,1232536.35364,68826521.7591026
2020-01-15,58.37,60.33,55.28,58.16,720369.64189,41857129.9763231
2020-01-16,58.17,58.5,54.5,57.56,477991.20162,27095155.6748764
2020-01-17,57.56,63.26,56.72,61.02,767514.50323,46255994.4309553
2020-01-18,61.05,62.5,57.9,59.32,498603.84903,29980576.6332818
2020-01-19,59.29,62.55,55.34,57.6,530916.40859,31173786.7912664
2020-01-20,57.59,58.29,55.84,57.19,262316.67258,14992782.8750855
2020-01-21,57.19,58.09,55.91,57.57,216543.72376,12411702.385829
2020-01-22,57.6,59.33,57.18,58.33,218658.95477,12717189.464886
2020-01-23,58.33,58.4,52.42,54.52,464982.43026,25617022.9812706
2020-01-24,54.52,55.41,50.64,54.38,550746.21423,29358272.1019765
2020-01-25,54.41,54.41,51.9,53.25,282004.92676,15034806.238122
2020-01-26,53.26,56.68,52.8,56.24,348355.26494,19066690.2846852
2020-01-27,56.29,59.65,55.87,58.55,504725.67707,29245084.4498473
2020-01-28,58.55,61.61,57.28,60.52,720540.74548,42958185.6417493
2020-01-29,60.54,62.56,59.4,59.8,570079.36355,34698879.0978732
2020-01-30,59.81,70.22,58.24,67.98,1286322.99676,83696612.665961
2020-01-31,68.0,70.1,65.37,68.0,938256.78346,63513691.4578824
2020-02-01,68.02,73.0,67.62,70.72,952836.8964,67544318.6886899
2020-02-02,70.72,73.5,67.66,69.93,818385.89212,57937576.8856642
2020-02-03,69.93,73.0,68.45,69.65,689182.24855,48493966.0387396
2020-02-04,69.65,70.5,66.62,68.07,487054.42541,33199657.2697339
2020-02-05,68.04,73.47,67.62,72.59,646729.48877,46118158.3242671
2020-02-06,72.59,75.08,70.91,73.6,715147.76142,52427941.7590075
2020-02-07,73.59,75.48,72.85,74.3,542489.66181,40132351.2514258
2020-02-08,74.31,77.94,71.53,76.56,647821.60398,48757951.4569273
2020-02-09,76.56,78.43,75.0,77.0,475670.64062,36581176.1136014
2020-02-10,76.99,77.48,72.21,74.02,709830.62871,52756980.5329314
2020-02-11,73.98,77.4,72.64,76.46,557017.26862,41776583.9815788
2020-02-12,76.45,82.81,76.44,81.17,771544.88292,61428938.0337114
2020-02-13,81.2,84.32,77.15,80.55,1051054.7479,85042904.5181441
2020-02-14,80.55,83.79,78.61,83.14,523491.69506,42705491.4369484
2020-02-15,83.14,83.5,75.04,76.7,704650.11923,55784555.241274
2020-02-16,76.74,80.77,67.85,74.67,998173.25658,74384870.9495908
2020-02-17,74.66,75.5,68.51,73.41,738054.46975,52679051.6661317
2020-02-18,73.44,79.09,70.0,77.25,713680.23162,53060847.6385917
2020-02-19,77.25,79.45,67.0,70.61,544027.83444,40495898.0328351
2020-02-20,70.61,72.43,66.1,69.4,731293.24627,50797288.3852944
2020-02-21,69.38,75.25,68.56,73.25,627123.84133,45527535.1692799
2020-02-22,73.25,76.79,72.32,74.79,651449.78648,48795358.4870923
2020-02-23,74.8,80.0,74.66,79.52,666132.69507,52092584.2558034
2020-02-24,79.52,79.76,71.71,75.59,936157.25919,70787716.5914523
2020-02-25,75.57,76.08,69.54,70.98,778054.96678,56572999.5179407
2020-02-26,70.98,72.15,57.41,60.53,1523364.69178,98294915.8549276
2020-02-27,60.53,65.1,57.15,61.77,1110493.93153,68225898.6252833
2020-02-28,61.76,63.39,56.56,59.89,1070641.27708,64057582.6189894
2020-02-29,59.88,61.65,57.84,58.05,507036.86245,30231389.1676288
2020-03-01,58.05,60.28,56.21,57.7,633924.91162,37024496.3843282
2020-03-02,57.72,62.32,57.25,61.42,660927.26176,39608823.9026946
2020-03-03,61.42,62.4,59.4,61.01,640940.77457,39002038.5629035
2020-03-04,61.02,61.78,58.71,60.38,424299.86211,25604221.9169715
2020-03-05,60.38,63.29,60.33,62.06,556909.07976,34487269.8522449
2020-03-06,62.06,63.84,61.18,63.22,469519.29565,29325440.175755
2020-03-07,63.21,63.89,59.86,60.46,444270.53508,27655735.411491
2020-03-08,60.46,60.47,50.41,51.0,945026.27128,51958845.6163139
2020-03-09,51.02,52.27,46.57,50.39,1426145.50164,70420337.2832655
2020-03-10,50.37,51.39,48.86,50.26,727732.90911,36535744.6094628
2020-03-11,50.24,50.74,45.47,48.53,799984.95798,38538721.6190485
2020-03-12,48.52,48.76,28.65,29.83,2239777.98028,80981795.2278049
2020-03-13,29.83,39.92,24.0,37.52,3435572.20926,113058309.4866767
2020-03-14,37.51,37.65,33.8,34.4,1181175.59196,42316336.5957334
2020-03-15,34.4,38.73,34.04,36.38,1040322.30282,37333342.6425041
2020-03-16,36.37,36.41,29.29,33.2,1624714.37584,52644643.378624
2020-03-17,33.23,35.85,32.42,34.07,945437.93136,32633674.457893
2020-03-18,34.06,34.83,32.28,34.71,1044607.75726,35191685.5695325
2020-03-19,34.72,40.8,34.0,38.9,1344406.50235,50321916.0686265
2020-03-20,38.9,43.69,34.05,38.08,1571300.60857,62380455.8925126
2020-03-21,38.07,39.84,36.21,38.32,667452.63396,25414755.1357619
2020-03-22,38.34,39.69,34.82,35.4,714342.7273,26556648.0907723
2020-03-23,35.42,39.99,34.57,38.94,859942.52611,32311045.4297424
2020-03-24,38.93,40.95,38.21,40.57,593656.77335,23511452.0939469
2020-03-25,40.56,41.04,38.09,39.17,577448.88856,22783918.7644918
2020-03-26,39.17,40.48,38.4,40.41,415595.26222,16307374.3661029
2020-03-27,40.41,41.21,37.73,38.04,481643.28173,19173843.6256671
2020-03-28,38.04,39.43,36.61,38.87,624312.49566,23604387.5985499
2020-03-29,38.85,39.11,36.97,37.11,402076.31264,15295566.9072943
2020-03-30,37.11,39.7,37.1,38.91,432738.21921,16715085.1675954
2020-03-31,38.93,39.32,38.33,39.08,378426.95789,14723154.0958653
2020-04-01,39.07,39.5,37.14,39.23,489850.01556,18778547.2175432
2020-04-02,39.23,42.92,39.0,39.86,701573.76921,28237488.2668046
2020-04-03,39.88,41.26,39.64,40.46,463368.1163,18748635.1666391
2020-04-04,40.49,41.16,39.86,40.71,362602.27624,14665302.0990476
2020-04-05,40.74,41.0,39.86,40.31,231112.9573,9362413.0545055
2020-04-06,40.31,45.09,40.28,45.04,721562.2858,30935223.8039845
2020-04-07,45.03,47.64,43.64,44.77,808081.85352,37013956.7638161
2020-04-08,44.79,47.2,44.27,46.55,500059.46495,23044062.5534744
2020-04-09,46.52,46.86,44.69,46.21,401085.47958,18464427.8396111
2020-04-10,46.19,46.39,40.86,42.25,785172.33131,33771322.3596793
2020-04-11,42.28,43.16,41.43,42.54,382360.32132,16212942.580929
2020-04-12,42.54,43.58,41.83,42.0,499257.03257,21342178.1331751
2020-04-13,41.99,41.99,39.52,41.22,744114.51306,30090872.0861414
2020-04-14,41.2,41.85,40.47,41.22,420837.68832,17361900.5288536
2020-04-15,41.19,41.75,39.08,39.22,460328.1631,18685153.461205
2020-04-16,39.24,43.78,37.91,42.53,913086.97771,37743900.8368466
2020-04-17,42.52,43.01,41.61,42.19,407623.04587,17197450.7389667
2020-04-18,42.2,44.43,41.98,44.14,497104.94271,21438290.7611933
2020-04-19,44.16,44.3,41.54,42.23,456205.81252,19598464.2516534
2020-04-20,42.23,43.24,39.55,40.21,543840.05683,22495305.8560983
2020-04-21,40.21,41.34,40.01,40.59,346732.08492,14070441.0197207
2020-04-22,40.59,42.32,40.27,41.8,463111.32681,19156266.6703552
2020-04-23,41.81,43.91,40.94,42.98,639336.05312,27228427.4097155
2020-04-24,42.98,44.99,42.83,44.53,623877.17694,27511434.9676274
2020-04-25,44.52,45.58,43.84,44.38,555367.18724,24833710.3539497
2020-04-26,44.38,45.39,43.75,44.52,485605.15593,21633052.1727374
2020-04-27,44.54,45.23,43.16,44.46,443570.66029,19611892.4186017
2020-04-28,44.47,46.13,43.42,45.69,590012.52304,26316522.2759296
2020-04-29,45.69,49.91,45.64,48.81,1198086.90059,56983117.1665334
2020-04-30,48.81,50.8,45.59,46.33,1404189.5332,67399084.9885884
2020-05-01,46.33,48.27,46.3,47.07,499757.96625,23637798.3684333
2020-05-02,47.08,49.6,46.73,49.2,408979.14996,19681383.6038507
2020-05-03,49.2,50.02,46.61,48.05,566317.38081,27433863.0171966
2020-05-04,48.07,48.2,45.11,46.96,693367.01092,32216489.9441149
2020-05-05,46.97,47.76,45.71,46.54,415057.43762,19397806.1047045
2020-05-06,46.56,47.55,44.55,44.94,466241.72785,21723146.90549
2020-05-07,44.92,48.22,44.37,47.37,796061.59933,37063053.8901235
2020-05-08,47.37,48.43,46.34,47.69,631882.81036,30005956.2869064
2020-05-09,47.7,49.1,46.75,46.95,656199.9985,31531059.6019839
2020-05-10,46.97,47.04,39.4,42.06,1404081.17548,58997967.7865462
2020-05-11,42.05,42.9,39.37,41.51,955643.70805,39459230.3842054
2020-05-12,41.49,42.88,41.26,42.18,598291.63995,25210189.4177928
2020-05-13,42.18,43.74,41.94,43.18,404524.24723,17315990.299253
2020-05-14,43.18,44.38,42.21,43.98,507436.34974,22075904.0089257
2020-05-15,43.99,44.14,41.82,42.74,468836.21013,20206122.3500829
2020-05-16,42.73,43.89,42.5,43.25,435940.40697,18877872.4650066
2020-05-17,43.25,44.49,43.1,43.71,344498.72506,15154204.1456112
2020-05-18,43.7,46.59,43.64,45.32,694361.60251,31432563.3847662
2020-05-19,45.33,45.8,44.07,45.73,375917.65225,16910574.087028
2020-05-20,45.73,46.14,43.17,44.25,546255.006,24521814.4765792
2020-05-21,44.24,44.62,41.66,42.73,504821.89137,21790870.5584974
2020-05-22,42.72,44.68,42.35,44.23,398405.53856,17376646.5729939
2020-05-23,44.22,44.74,43.67,43.85,237539.1384,10485675.1347525
2020-05-24,43.84,44.55,42.04,42.08,360333.24872,15692713.5176937
2020-05-25,42.08,43.32,41.72,42.97,250914.52741,10724204.7176995
2020-05-26,42.99,43.07,41.76,42.27,218690.04463,9289007.7526253
2020-05-27,42.26,44.05,42.22,43.85,282807.46234,12241409.4045981
2020-05-28,43.86,44.88,43.15,44.77,291358.47336,12814294.2587099
2020-05-29,44.77,45.29,44.17,44.47,298721.59314,13357497.6828728
2020-05-30,44.49,48.08,44.18,47.72,590070.5535,27463513.6798885
2020-05-31,47.72,47.84,45.07,45.61,494076.18673,23046362.233182
2020-06-01,45.6,48.81,45.36,48.25,599583.67722,28169093.7117312
2020-06-02,48.26,49.96,44.0,45.99,920374.03122,43606491.9494218
2020-06-03,46.01,47.5,45.25,47.16,428190.82164,19934098.4986712
2020-06-04,47.15,48.1,46.15,47.43,471692.41566,22364295.2813654
2020-06-05,47.43,47.98,46.42,46.83,400925.03604,18974096.1902247
2020-06-06,46.8,47.24,46.07,46.79,226441.44764,10574728.4621176
2020-06-07,46.79,46.98,45.06,46.63,306262.54148,14151417.8965962
2020-06-08,46.6,46.79,45.95,46.43,220499.06993,10227376.4431033
2020-06-09,46.45,46.84,45.31,45.87,219681.6354,10109968.6980758
2020-06-10,45.89,47.19,45.65,46.63,319582.73016,14778921.7062224
2020-06-11,46.63,46.96,42.0,43.22,538636.15983,24131180.6041691
2020-06-12,43.22,45.36,42.81,44.72,236934.18593,10491354.1973889
2020-06-13,44.72,45.22,44.27,45.08,151582.80518,6775955.9311852
2020-06-14,45.09,45.11,43.53,44.05,170082.74029,7542598.7766238
2020-06-15,44.04,44.09,41.75,43.73,355287.54016,15285580.7524259
2020-06-16,43.73,44.22,43.33,43.88,215557.59073,9436824.369403
2020-06-17,43.9,45.04,43.0,44.07,324893.86142,14346683.2404897
2020-06-18,44.07,44.23,42.88,43.43,193534.98938,8454598.7423494
2020-06-19,43.43,43.73,42.57,42.89,304810.97536,13177549.1287969
2020-06-20,42.89,43.85,42.21,43.57,202428.9463,8709765.1207691
2020-06-21,43.57,43.83,42.88,43.0,159632.6785,6913195.7711694
2020-06-22,43.0,44.67,42.94,44.3,281907.39739,12383199.9091788
2020-06-23,44.3,44.49,43.89,44.18,219437.96099,9687570.3990332
2020-06-24,44.18,44.69,42.1,42.65,357937.97223,15461096.4397973
2020-06-25,42.65,43.0,41.68,42.35,241972.00632,10274173.0759525
2020-06-26,42.34,43.6,41.37,43.09,348389.34208,14853210.4044505
2020-06-27,43.1,43.12,39.11,41.06,301504.6343,12500262.7682874
2020-06-28,41.04,42.05,40.48,41.37,169011.98685,6984592.7145514
2020-06-29,41.37,42.29,40.59,41.87,323346.172,13400088.9615602
2020-06-30,41.87,42.07,40.73,41.17,170712.36761,7047775.850108
2020-07-01,41.16,42.01,40.96,41.77,189759.33668,7889028.9814239
2020-07-02,41.76,41.9,40.28,41.05,274520.05417,11294890.1957212
2020-07-03,41.03,41.7,40.89,41.14,190294.77564,7860587.6040164
2020-07-04,41.13,42.23,41.06,42.11,239298.32793,9986664.029021
2020-07-05,42.11,42.2,40.75,41.58,235045.82858,9752587.2429427
2020-07-06,41.58,44.31,41.5,44.06,368489.71516,15857759.2091878
2020-07-07,44.07,44.49,43.06,43.39,307753.44376,13417182.8209459
2020-07-08,43.39,45.62,43.1,45.35,537390.40825,24100589.4894504
2020-07-09,45.35,45.87,43.57,44.33,413268.76529,18508763.9474714
2020-07-10,44.34,44.64,43.44,44.3,256685.44543,11325710.6723385
2020-07-11,44.32,44.77,43.85,44.69,186318.68972,8259738.9982672
2020-07-12,44.68,45.3,43.7,44.7,245471.12147,10954049.9587285
2020-07-13,44.72,45.59,42.31,43.92,445103.8423,19783707.2392492
2020-07-14,43.91,44.09,42.86,43.88,246958.9888,10753439.3524858
2020-07-15,43.88,44.06,42.81,43.33,216931.7592,9414665.1219019
2020-07-16,43.34,43.49,40.85,42.09,389747.37081,16388849.4941322
2020-07-17,42.09,42.49,41.72,41.9,201904.6002,8482168.9087271
2020-07-18,41.88,42.9,41.73,42.45,171429.48278,7261317.079744
2020-07-19,42.45,42.89,41.83,42.64,195427.40326,8265623.2485772
2020-07-20,42.65,42.79,41.37,41.94,180313.88112,7608229.1871633
2020-07-21,41.94,44.11,41.87,43.77,314440.37624,13653758.5128644
2020-07-22,43.77,45.12,43.2,44.96,335459.88539,14753443.1558658
2020-07-23,44.96,45.63,44.52,44.94,432494.11351,19488260.3589614
2020-07-24,44.93,44.96,43.93,44.11,246802.56871,10968239.4447895
2020-07-25,44.12,49.52,44.03,49.16,908436.85403,43121417.1466133
2020-07-26,49.16,50.79,47.49,48.1,895757.19561,43736445.022485
2020-07-27,48.07,55.83,46.85,53.28,1501022.7139,76319950.4080479
2020-07-28,53.29,57.92,51.65,55.75,1524796.93339,83657329.5222327
2020-07-29,55.76,56.97,54.65,55.16,827762.01759,46195373.4472572
2020-07-30,55.17,58.61,53.91,56.75,1024240.96809,57655048.2407161
2020-07-31,56.73,59.26,55.78,58.13,656214.79104,37799292.0562786
2020-08-01,58.13,62.23,57.55,61.65,1209772.30685,72750836.991993
2020-08-02,61.65,65.17,51.79,56.77,1811190.59194,106128081.2660031
2020-08-03,56.77,60.03,55.71,58.48,825040.86283,48042233.8805329
2020-08-04,58.51,59.62,56.26,57.61,625555.61417,36194009.1430542
2020-08-05,57.62,59.77,56.73,58.88,716365.47473,41978222.9782419
2020-08-06,58.88,60.68,57.69,59.03,822577.34534,48695999.6888676
2020-08-07,59.03,61.08,54.51,57.17,897911.44061,52389315.890209
2020-08-08,57.19,58.55,56.46,58.46,428217.7033,24648595.7487879
2020-08-09,58.46,58.67,56.0,56.96,368846.69372,21154392.5154948
2020-08-10,56.96,59.4,56.38,58.27,651148.79465,37767773.9869943
2020-08-11,58.27,59.67,52.37,54.1,887598.71928,49937919.2300356
2020-08-12,54.11,55.05,51.55,54.52,645092.49922,34861226.1993342
2020-08-13,54.54,57.3,51.86,57.14,837109.90719,45688905.9967991
2020-08-14,57.14,57.85,55.82,56.78,728312.30047,41365693.2699539
2020-08-15,56.78,60.87,56.45,59.85,1137795.12262,66736568.520312
2020-08-16,59.85,64.6,57.8,63.87,1576897.59255,97000374.9397375
2020-08-17,63.89,68.88,61.34,67.22,1790813.80276,116245941.7852515
2020-08-18,67.22,68.37,63.37,65.4,1562910.41383,103317811.9423166
2020-08-19,65.42,67.15,58.73,62.12,1699324.38729,105697900.025474
2020-08-20,62.08,63.68,61.0,62.8,867577.35764,54226397.3021562
2020-08-21,62.8,63.9,58.77,59.2,1054292.68684,64713283.3289637
2020-08-22,59.18,60.54,57.76,60.21,735637.16639,43559095.845974
2020-08-23,60.21,61.63,58.01,60.55,629697.6774,37577206.2334837
2020-08-24,60.56,63.01,59.97,62.02,687323.05849,42512670.1728616
2020-08-25,62.03,62.29,56.6,58.34,1171220.25124,69265853.4447933
2020-08-26,58.33,59.1,57.02,58.1,663386.26018,38515676.3160957
2020-08-27,58.11,59.24,53.91,56.1,975870.10827,55177834.1631139
2020-08-28,56.12,58.28,55.33,57.38,644522.18905,36748399.4045395
2020-08-29,57.36,58.18,56.93,56.97,408492.18575,23507419.6507849
2020-08-30,56.95,62.95,56.93,62.89,839317.10194,50554543.1594392
2020-08-31,62.89,63.7,60.51,60.92,680146.78621,42096579.0183941
2020-09-01,60.94,64.31,59.69,62.69,972744.47944,60949621.548338
2020-09-02,62.68,63.19,56.32,58.06,934006.30005,55622757.788497
2020-09-03,58.07,58.62,45.33,47.28,1324245.74096,70829796.0880798
2020-09-04,47.28,52.38,46.24,50.32,1476516.48212,72672986.3875758
2020-09-05,50.33,51.32,45.21,47.83,1350657.16967,64939622.8922979
2020-09-06,47.82,49.25,46.28,47.92,653592.78694,31350140.4871573
2020-09-07,47.93,49.18,45.22,48.84,826692.56519,39178475.9024551
2020-09-08,48.85,49.35,45.98,47.47,760182.50564,36217916.4656975
2020-09-09,47.47,48.81,46.52,47.82,378772.50759,18086146.4859451
2020-09-10,47.82,49.45,47.77,48.67,474471.86038,23124448.1519773
2020-09-11,48.65,49.59,47.37,48.96,367092.22089,17795692.8565707
2020-09-12,48.95,51.31,48.38,50.8,451949.52403,22526760.7039176
2020-09-13,50.82,51.04,47.26,48.15,458828.41821,22491968.4025884
2020-09-14,48.17,49.65,47.11,49.08,493683.75375,23889800.0519541
2020-09-15,49.08,50.37,48.1,48.31,615374.46932,30324133.0068738
2020-09-16,48.29,48.75,46.91,47.76,409293.57783,19641762.8650696
2020-09-17,47.76,49.67,47.64,48.85,412392.29057,20027421.9666725
2020-09-18,48.85,49.07,47.44,48.54,322351.62539,15606108.2084333
2020-09-19,48.53,49.03,47.94,48.52,225043.69543,10911627.6386474
2020-09-20,48.51,48.51,46.15,47.09,309678.11312,14655189.8259405
2020-09-21,47.1,47.64,41.59,43.16,724381.66742,32251827.7301862
2020-09-22,43.17,44.79,42.75,44.47,334632.72915,14655664.3296406
2020-09-23,44.47,45.14,42.25,42.96,416831.71649,18334844.4941458
2020-09-24,42.99,45.29,42.56,44.92,385922.04928,17040575.2431905
2020-09-25,44.92,46.58,43.97,46.02,417026.33099,18981897.4434856
2020-09-26,46.01,46.56,45.12,46.03,239828.37016,11012106.7215482
2020-09-27,46.01,46.62,44.56,46.05,299821.64354,13723604.1728721
2020-09-28,46.05,47.14,44.8,45.23,500347.34059,23201352.7828467
2020-09-29,45.23,45.85,44.95,45.69,314875.69765,14304470.5167336
2020-09-30,45.68,46.7,45.44,46.24,294138.00474,13522251.9359599
2020-10-01,46.26,48.46,45.23,46.25,691422.81613,32358413.4157879
2020-10-02,46.25,46.97,43.19,44.88,518670.86558,23374092.7277957
2020-10-03,44.88,45.97,44.72,45.51,225825.74372,10251368.171526
2020-10-04,45.5,47.07,45.28,46.69,257423.66188,11876813.2284272
2020-10-05,46.68,47.08,45.53,46.34,288147.27514,13330240.0624723
2020-10-06,46.35,48.25,45.52,45.99,650720.47185,30394416.8606215
2020-10-07,46.01,46.96,45.02,46.55,384596.71962,17705158.8502509
2020-10-08,46.56,47.5,45.45,47.21,412581.66491,19225906.3202001
2020-10-09,47.21,48.2,46.59,47.78,402514.89168,19072193.1607668
2020-10-10,47.78,50.46,47.76,48.88,426163.73877,21004622.6621016
2020-10-11,48.89,51.27,48.66,50.48,393329.63182,19761562.474248
2020-10-12,50.48,51.5,49.24,50.58,622150.70858,31453313.2649317
2020-10-13,50.58,50.71,48.8,49.89,468445.05222,23391991.8133577
2020-10-14,49.9,51.04,49.27,49.79,381873.31223,19133732.714963
2020-10-15,49.79,50.24,48.8,49.53,349966.03743,17351907.6486338
2020-10-16,49.52,49.84,45.6,47.6,603775.07786,28593842.0184204
2020-10-17,47.61,47.64,46.28,46.93,222964.85752,10497057.8389143
2020-10-18,46.92,47.98,46.78,47.54,164733.27305,7805904.884539
2020-10-19,47.54,48.44,46.8,47.99,316808.83163,15130105.4102499
2020-10-20,47.99,48.46,46.36,46.88,399254.84677,18896873.0924829
2020-10-21,46.88,55.0,46.85,52.98,1425655.0175,73309576.4555291
2020-10-22,52.98,56.31,52.97,54.35,1405890.00408,77327816.2303919
2020-10-23,54.35,57.0,53.02,55.42,1079055.89232,59587249.9274848
2020-10-24,55.41,59.64,54.83,59.23,945746.17086,54668506.1651542
2020-10-25,59.22,60.0,56.53,58.84,907068.98603,52879298.0785873
2020-10-26,58.83,59.31,54.94,56.82,937505.27029,53674188.7390686
2020-10-27,56.8,59.06,56.46,57.91,846699.37035,48920010.3914437
2020-10-28,57.9,60.55,54.71,55.77,1227549.68318,70621904.7241045
2020-10-29,55.76,56.57,53.37,54.87,798253.73442,44138399.0642294
2020-10-30,54.88,55.78,52.2,54.01,706074.89769,38012823.4838059
2020-10-31,54.02,56.5,53.6,55.72,593903.97546,32842454.195905
2020-11-01,55.69,56.19,54.07,55.6,369373.81151,20377654.8658563
2020-11-02,55.6,56.84,53.01,53.8,700498.4928,38304588.6046088
2020-11-03,53.82,54.37,51.13,53.96,672320.16238,35538087.9202807
2020-11-04,53.96,55.24,51.59,54.67,801009.79133,42873857.8930592
2020-11-05,54.7,59.73,54.62,58.95,1366335.62939,78053912.1651952
2020-11-06,58.94,63.68,58.61,63.2,1735473.54314,106582211.4200329
2020-11-07,63.22,64.77,57.0,58.9,1655539.62718,101656386.7819311
2020-11-08,58.9,62.03,58.52,61.02,795875.09498,47974026.2325454
2020-11-09,61.0,61.86,57.37,59.23,997800.78526,59500899.1666013
2020-11-10,59.22,59.6,57.04,57.93,639990.21607,37334044.1550524
2020-11-11,57.94,60.53,57.8,59.27,824536.88147,49135913.0916862
2020-11-12,59.28,60.82,57.6,60.72,830578.26228,48949867.8524848
2020-11-13,60.72,66.66,60.14,65.96,1974381.67036,125824947.0014505
2020-11-14,65.96,66.32,61.63,63.85,1017826.05829,64664038.1716187
2020-11-15,63.83,64.43,61.08,62.28,685249.75502,42937719.0781967
2020-11-16,62.29,74.62,62.08,73.84,2526207.15962,174408345.8385892
2020-11-17,73.83,77.0,71.36,76.32,2844994.89879,210321473.6289226
2020-11-18,76.32,77.13,67.77,73.42,2653342.04102,193749896.6949428
2020-11-19,73.41,83.4,71.47,81.53,2773824.05583,216138873.5744106
2020-11-20,81.54,85.63,79.99,82.53,2386175.15236,196229165.3065574
2020-11-21,82.55,88.5,80.1,87.14,2521719.40828,212594343.033746
2020-11-22,87.09,87.92,77.3,82.87,2048304.58082,171408076.0270896
2020-11-23,82.87,90.93,80.8,89.03,2535636.06789,220072734.1900282
2020-11-24,89.04,94.02,84.6,89.25,2621715.64303,235080123.5942253
2020-11-25,89.27,90.76,78.05,81.75,1631940.24087,141140495.3003431
2020-11-26,81.75,83.29,64.45,71.0,3435959.29518,251435782.4059192
2020-11-27,70.99,73.5,65.3,69.15,1707521.50402,118203288.9302582
2020-11-28,69.18,74.97,68.26,72.7,1483068.35897,106171116.7407572
2020-11-29,72.68,81.07,71.51,78.91,1514540.21111,115532599.7287442
2020-11-30,78.89,88.46,76.63,87.65,2118965.66781,176439147.7540077
2020-12-01,87.66,93.01,79.56,85.08,3600461.26285,316329074.0803772
2020-12-02,85.07,90.63,82.61,88.9,2135078.47937,185587960.2862111
2020-12-03,88.89,91.5,85.46,89.0,1690248.45885,149648537.4796246
2020-12-04,89.01,89.84,77.8,79.52,1701697.85317,144315548.66815
2020-12-05,79.52,84.28,78.61,83.14,1278363.44579,104622408.5642311
2020-12-06,83.11,85.19,80.31,83.55,921046.75996,76405873.3239923
2020-12-07,83.54,86.87,81.73,83.37,1145446.47407,96166838.1865423
2020-12-08,83.37,84.83,75.41,76.76,1230953.86975,98587741.4199429
2020-12-09,76.75,78.14,72.13,77.41,1378314.59353,104645905.6562271
2020-12-10,77.41,77.66,72.51,74.7,900570.5582,67806633.6994112
2020-12-11,74.77,75.09,69.87,72.2,1484095.85234,106519712.1956132
2020-12-12,72.2,77.58,71.97,76.67,872394.12884,65737747.0803373
2020-12-13,76.64,84.38,75.52,82.28,1278882.98328,102688853.3434067
2020-12-14,82.27,82.98,79.11,82.35,1102081.73026,89440711.0002851
2020-12-15,82.38,84.93,80.39,81.32,1348469.20889,110776073.6065539
2020-12-16,81.36,93.44,78.31,92.94,2349124.19924,201924000.2116802
2020-12-17,92.94,109.8,90.0,101.01,4161454.89253,414585850.6995055
2020-12-18,100.99,112.88,99.24,109.34,3141671.53609,337670222.209057
2020-12-19,109.34,124.24,105.31,119.85,2753360.19971,316850965.364659
2020-12-20,119.85,123.21,109.76,114.58,2671305.32839,313367367.832653
2020-12-21,114.59,118.65,100.31,104.45,2599527.81365,283146069.8185513
2020-12-22,104.48,114.63,98.35,114.32,3210319.32528,342738420.0010719
2020-12-23,114.31,117.29,95.23,102.45,3923591.07434,424020893.5197937
2020-12-24,102.46,112.32,98.55,111.13,2696980.51697,282469396.3783904
2020-12-25,111.13,128.63,108.18,127.78,3117913.94898,370546271.4684469
2020-12-26,127.74,135.19,124.94,129.61,3461075.6473,449830180.9840205
2020-12-27,129.61,139.47,121.88,127.88,3743173.13001,494840941.2477168
2020-12-28,127.83,137.41,126.37,129.83,2349842.95502,309678082.0632083
2020-12-29,129.84,130.9,120.0,128.8,1732248.38409,218608845.4084634
2020-12-30,128.8,133.11,122.63,130.05,1727676.641,220908109.4346975
2020-12-31,130.06,130.35,121.98,124.21,1248723.03424,156991311.0348211
2021-01-01,124.22,133.97,122.89,126.24,1539801.80815,197556175.3560369
2021-01-02,126.2,142.0,123.15,136.96,2442266.765,323461384.1554043
2021-01-03,136.94,164.7,135.3,161.24,3813834.07669,568621276.8387069
2021-01-04,161.23,173.66,139.31,155.34,3530422.20392,551040498.8754889
2021-01-05,155.33,162.8,146.52,158.43,1998205.92425,308980342.1990161
2021-01-06,158.46,169.72,154.95,168.92,1857831.43166,302208185.2799369
2021-01-07,168.96,181.22,161.18,169.35,2493533.9948,424745168.4611531
2021-01-08,169.35,181.92,150.0,172.19,2843159.7034,479867965.4656461
2021-01-09,172.28,178.8,163.3,177.26,1749781.84973,299170389.2869181
2021-01-10,177.27,185.83,161.86,170.07,2269705.0446,397700165.5603781
2021-01-11,170.06,170.74,112.7,138.87,5019816.79975,681062681.8451936
2021-01-12,138.88,146.86,128.0,133.42,2825579.61257,388334448.4717354
2021-01-13,133.44,148.46,125.9,147.38,2153426.27798,294745960.6848974
2021-01-14,147.39,156.89,143.55,152.5,2033762.60027,304472230.4060609
2021-01-15,152.46,155.74,130.0,143.65,2104225.5121,304793400.3979503
2021-01-16,143.66,152.59,139.28,143.52,1784053.82975,260477969.6066686
2021-01-17,143.52,147.0,136.22,142.8,1379082.3792,195777669.9910487
2021-01-18,142.78,154.99,138.44,151.96,1644947.14813,242255237.7443352
2021-01-19,151.97,166.02,150.18,151.86,2288798.47777,364329170.4371604
2021-01-20,151.85,156.15,138.4,149.69,2037654.31965,300191114.5686793
2021-01-21,149.67,150.25,125.64,129.72,2176119.47889,296428620.1166083
2021-01-22,129.7,141.85,122.7,137.66,1979078.0056,267423454.4764786
2021-01-23,137.65,143.52,135.05,137.67,969988.56158,134724709.0993206
2021-01-24,137.66,142.65,133.73,141.01,917459.85058,127591959.1230012
2021-01-25,141.01,147.87,136.62,137.07,1380902.3935,197598742.3625796
2021-01-26,137.07,139.76,127.85,134.67,1093141.08136,146658904.3297973
2021-01-27,134.69,134.96,118.13,122.44,1240323.68178,155421717.5906167
2021-01-28,122.45,135.84,120.74,133.27,1074760.50528,139123165.5404495
2021-01-29,133.25,145.5,131.44,134.65,2193040.3844,302900712.6877233
2021-01-30,134.67,136.23,128.02,133.36,1215569.95596,160309617.0147801
2021-01-31,133.35,135.06,125.67,129.36,917993.35191,119233545.9822861
2021-02-01,129.37,136.63,125.95,132.0,1167609.37029,153549752.2381648
2021-02-02,131.99,145.82,131.87,141.98,1884558.49538,265593003.2759642
2021-02-03,141.96,156.7,141.92,155.93,1820822.28924,276355784.6806293
2021-02-04,155.94,158.68,141.03,145.07,1766938.56965,263741634.9494189
2021-02-05,145.05,156.93,143.45,155.05,1572009.29596,239251271.3872744
2021-02-06,155.05,164.27,149.82,155.57,1879526.24312,298721059.7569077
2021-02-07,155.57,157.29,145.23,150.76,1259975.92894,190631760.7443417
2021-02-08,150.76,169.38,147.76,167.28,1894490.90608,301611530.016982
2021-02-09,167.28,184.49,164.22,181.49,1981149.12366,339741920.4317513
2021-02-10,181.52,195.17,169.57,181.56,2781973.96254,511568659.8745064
2021-02-11,181.59,193.59,175.72,183.62,1664189.0877,309306444.7378882
2021-02-12,183.62,199.84,176.75,196.69,1946870.34253,364142891.7831525
2021-02-13,196.71,229.07,191.45,225.76,2843517.28691,594221999.900488
2021-02-14,225.77,230.77,208.11,213.49,1765475.48101,387593416.6974883
2021-02-15,213.47,219.99,185.31,207.83,2173405.17958,447239834.9554889
2021-02-16,208.03,222.48,200.1,210.26,1660812.39786,351273131.9253475
2021-02-17,210.23,237.75,203.37,237.49,1839179.97093,409828549.4242446
2021-02-18,237.39,239.18,221.0,226.59,1580820.71,362511271.6078323
2021-02-19,226.58,241.92,220.06,236.5,1402427.87852,325090696.9235771
2021-02-20,236.45,247.04,214.02,226.65,1701950.27455,401705947.5888395
2021-02-21,226.77,233.78,220.06,227.13,1268407.03046,288545534.8844469
2021-02-22,227.17,227.39,180.0,208.32,2556958.2216,530466837.0554202
2021-02-23,208.1,208.8,157.29,177.34,3669737.32689,656297107.8739179
2021-02-24,177.35,189.46,169.08,181.43,1827554.60176,331667058.0278256
2021-02-25,181.43,205.21,175.0,179.36,1961972.0422,374933085.9501948
2021-02-26,179.36,182.86,162.74,170.25,2180233.25143,376896603.428194
2021-02-27,170.2,180.48,167.13,171.76,1113606.4401,194721552.3696573
2021-02-28,171.75,173.42,152.88,165.22,1682228.22219,270779244.8619955
2021-03-01,165.27,176.46,163.3,175.89,1216268.49518,206763547.4899487
2021-03-02,175.9,185.32,170.69,179.08,1441741.00235,255346162.5510491
2021-03-03,179.06,196.49,176.79,187.64,1873295.01116,356756304.151066
2021-03-04,187.7,194.4,176.83,180.67,1485337.09208,275358427.6270217
2021-03-05,180.66,183.57,168.5,180.23,1182501.69882,206736683.4266449
2021-03-06,180.21,184.67,174.68,182.85,935959.9679,169045674.0150868
2021-03-07,182.86,192.24,182.25,190.75,820418.23901,153066685.7113709
2021-03-08,190.75,195.28,179.58,191.85,1171979.04352,218298243.7494713
2021-03-09,191.86,205.0,188.92,203.81,1279698.49896,253719098.4610113
2021-03-10,203.8,208.0,191.47,200.29,1422079.58464,285300116.8257908
2021-03-11,200.29,203.54,191.03,201.36,981380.1209,194448681.7577249
2021-03-12,201.37,224.23,198.41,220.84,2081683.73697,438911699.7957679
2021-03-13,220.8,230.23,212.7,226.06,1330663.68103,296844070.6750121
2021-03-14,226.08,228.12,213.84,213.94,806542.74173,177641500.6654679
2021-03-15,214.0,222.58,197.56,200.59,1413381.72445,291674163.5832846
2021-03-16,200.59,205.53,191.15,201.6,1063051.80222,211789426.1765414
2021-03-17,201.61,206.94,194.13,205.98,885644.66746,177676188.781586
2021-03-18,205.96,208.25,199.13,199.7,774419.42586,158187015.5903925
2021-03-19,199.72,205.0,195.81,199.96,536877.41275,108136182.1619988
2021-03-20,199.96,206.1,198.82,200.17,473637.43878,96021040.4743002
2021-03-21,200.16,202.0,192.0,195.31,581731.80679,114260221.4238709
2021-03-22,195.33,199.0,184.42,185.67,725506.72916,139983277.9637057
2021-03-23,185.69,189.44,181.12,185.83,638849.27686,118859058.1084163
2021-03-24,185.82,197.17,172.0,176.05,1189902.97985,224797613.3940394
2021-03-25,176.05,179.03,167.86,171.53,956666.86464,166128051.9627271
2021-03-26,171.53,183.82,171.44,183.45,721838.20194,128689980.6956408
2021-03-27,183.44,186.12,177.75,184.06,475886.83873,86757743.8072639
2021-03-28,184.06,187.29,180.0,184.24,380545.16211,70082688.3918318
2021-03-29,184.22,197.6,182.45,193.73,904774.30423,174709382.2425777
2021-03-30,193.73,200.09,190.34,195.74,932290.6498,181705740.0552025
2021-03-31,195.71,198.99,187.0,196.7,698229.63786,135030259.1244361
2021-04-01,196.69,205.0,194.0,202.86,876741.40869,174997120.9538392
2021-04-02,202.87,213.77,200.78,211.46,942970.73038,194551967.4207516
2021-04-03,211.44,217.97,194.85,195.23,956126.60492,199480758.0963909
2021-04-04,195.17,204.92,192.22,202.21,565154.10714,113374291.8322612
2021-04-05,202.24,225.47,198.07,221.48,1329743.7613,281341829.9490769
2021-04-06,221.48,244.59,212.97,237.04,2444849.53403,562645677.6736383
2021-04-07,236.96,242.99,210.77,219.05,2263475.4652,510345556.6584819
2021-04-08,219.22,228.21,216.89,226.11,1074942.89645,239958597.0082218
2021-04-09,226.17,228.99,218.72,221.12,688918.8215,154922336.4573925
2021-04-10,221.13,257.0,219.16,256.34,1859281.88304,441762890.5777668
2021-04-11,256.55,263.62,244.77,252.31,1890765.80129,480319111.4327931
2021-04-12,252.35,259.94,240.01,244.42,1370860.1631,341852773.1501515
2021-04-13,244.44,273.54,244.36,267.59,1931888.55344,506855226.9692555
2021-04-14,267.61,283.0,255.0,278.86,1989435.79148,539680828.9516029
2021-04-15,278.8,290.9,266.0,285.63,1409760.53776,392118228.6840159
2021-04-16,285.64,317.09,265.5,308.43,3150447.99928,924239206.0551181
2021-04-17,308.39,335.69,296.75,300.86,2574519.6355,817941072.7363517
2021-04-18,300.87,304.83,231.1,273.36,3346589.56812,892238974.6647613
2021-04-19,273.35,284.39,250.21,261.38,1973511.87573,526834098.1599701
2021-04-20,261.47,272.8,234.31,260.68,2111225.32553,539480456.6228666
2021-04-21,260.73,277.0,250.75,257.69,1841080.20554,486078239.6309111
2021-04-22,257.63,289.61,239.0,252.5,2858792.51437,768476292.5373607
2021-04-23,252.6,257.15,206.89,241.31,2866031.89172,665705477.3804959
2021-04-24,241.31,241.41,220.34,224.75,1152968.01885,264865552.2302062
2021-04-25,224.76,235.8,210.73,223.88,928460.2198,209320711.9060828
2021-04-26,223.9,248.2,221.24,247.42,1236470.27391,297406460.0164286
2021-04-27,247.4,263.15,243.63,259.77,1114182.69248,283202344.995818
2021-04-28,259.77,266.94,247.58,258.51,1014038.43734,259424641.2548744
2021-04-29,258.5,262.89,248.16,255.31,877558.7853,223881131.7067478
2021-04-30,255.31,273.58,252.61,271.13,1037748.69625,274406726.4302906
2021-05-01,271.14,278.58,265.9,276.78,759685.23196,206313142.3786657
2021-05-02,276.77,277.47,264.7,268.88,656429.21428,177326870.5253842
2021-05-03,268.83,299.72,268.44,294.87,1427253.57143,406345333.7440491
2021-05-04,294.73,327.68,270.0,305.23,3939316.56899,1195932190.8395019
2021-05-05,305.24,360.0,300.52,356.04,3748897.98686,1271930983.0343182
2021-05-06,356.03,364.93,318.0,354.67,2752093.00755,941466204.1639098
2021-05-07,354.52,374.5,333.33,344.89,2822668.46597,1005644474.3105465
2021-05-08,344.89,356.68,334.0,347.1,1327716.1907,458585347.675604
2021-05-09,347.17,389.0,333.51,387.8,2292100.05852,824990298.5702829
2021-05-10,387.77,413.49,333.68,358.89,3830553.73813,1474442115.445165
2021-05-11,358.93,379.72,345.0,377.6,2031121.35038,731791805.4426808
2021-05-12,377.8,394.37,301.0,310.4,2537826.91562,909685569.0243373
2021-05-13,310.4,332.73,291.0,317.95,2979065.55728,939891706.7956719
2021-05-14,317.95,338.85,307.96,326.23,1482325.51445,479155547.2397575
2021-05-15,326.24,332.0,296.17,300.3,1486176.50537,464489234.4724434
2021-05-16,300.22,323.95,279.66,295.89,1693568.12752,510240764.0331864
2021-05-17,295.89,296.34,261.27,281.53,2079261.84526,581793612.0545212
2021-05-18,281.38,317.97,278.32,293.98,2558765.69804,770914140.9782432
2021-05-19,293.98,300.31,147.0,185.93,6731555.34383,1486762183.649728
2021-05-20,186.31,225.0,166.45,210.74,4269465.92695,857612372.3871421
2021-05-21,210.66,219.12,156.56,179.97,2998819.79591,567897537.0202928
2021-05-22,179.97,184.44,161.61,169.32,1983438.52337,345969489.8072126
2021-05-23,169.3,176.26,118.03,142.39,3854006.12408,548343321.0872037
2021-05-24,142.52,185.37,139.54,185.32,2491240.93285,404399573.7082626
2021-05-25,185.32,194.61,167.15,183.76,1974384.43463,352461818.377379
2021-05-26,183.89,204.13,179.42,198.91,1540975.47323,299472154.8361739
2021-05-27,198.92,209.0,180.39,194.32,1457775.38448,283796099.3329686
2021-05-28,194.31,198.88,165.5,177.33,2118247.13851,378817824.8082102
2021-05-29,177.3,188.69,157.65,164.01,1554075.0432,267430765.5363652
2021-05-30,164.04,181.1,155.11,170.51,1123365.50693,191392497.8709963
2021-05-31,170.48,188.5,163.5,187.97,1242054.05369,220163302.9188166
2021-06-01,188.01,193.16,175.82,182.99,1081241.44408,197281336.3500419
2021-06-02,183.05,191.34,178.27,187.14,976844.03214,180987111.2890519
2021-06-03,187.18,197.78,181.95,193.5,1079806.82442,206098853.8763331
2021-06-04,193.52,193.81,168.95,178.44,1130262.18071,200956756.4605302
2021-06-05,178.46,185.49,167.32,172.94,846082.98073,149043048.1254912
2021-06-06,172.95,179.96,172.02,176.41,677386.36378,119533928.1956378
2021-06-07,176.42,182.22,160.25,161.95,1035822.82509,180434186.5529158
2021-06-08,161.92,164.48,144.89,160.63,1417289.87647,222062589.1486036
2021-06-09,160.64,173.3,152.31,172.56,1139739.36054,186552484.1831124
2021-06-10,172.54,174.61,162.12,168.16,878866.63371,148034008.2104393
2021-06-11,168.18,173.78,160.55,162.83,928611.54446,156280950.685997
2021-06-12,162.84,164.3,154.14,161.8,653167.31003,103901880.1698796
2021-06-13,161.81,171.59,156.42,170.85,573493.90783,93618007.1634821
2021-06-14,170.85,179.99,166.34,179.89,802051.95645,138132150.6621459
2021-06-15,179.88,181.2,172.15,175.15,654352.05304,115569055.5994126
2021-06-16,175.16,177.31,164.23,166.57,761479.45263,129526004.7251286
2021-06-17,166.56,173.4,162.81,167.08,559434.62367,94143650.7256981
2021-06-18,167.13,167.43,151.2,156.34,800699.30384,127526013.1819842
2021-06-19,156.33,160.88,152.31,152.49,523073.02283,82045956.9790743
2021-06-20,152.51,156.18,143.75,154.88,611253.37603,91892149.2595213
2021-06-21,154.87,155.5,123.91,124.46,1492819.3793,203231053.1989494
2021-06-22,124.38,133.03,104.92,119.64,2255757.11457,266726032.4574071
2021-06-23,119.69,133.75,115.49,129.1,1020444.64312,130123287.9382656
2021-06-24,129.13,137.36,123.71,134.58,660335.54019,87188835.5945268
2021-06-25,134.59,138.45,124.31,125.0,764515.33892,99682735.3520945
2021-06-26,125.03,129.44,118.67,126.89,871924.09227,107497674.7426605
2021-06-27,126.81,132.67,124.66,132.6,573388.24688,73420914.5500181
2021-06-28,132.57,139.55,129.89,137.69,703645.47159,94415295.852427
2021-06-29,137.68,149.18,137.24,144.2,898148.69711,129346046.6291988
2021-06-30,144.23,146.94,136.01,144.26,629619.41847,88947304.9035651
2021-07-01,144.31,144.31,133.99,137.02,539535.2997,74099823.1362186
2021-07-02,137.01,138.97,130.6,136.85,467041.14947,62437652.7516769
2021-07-03,136.87,141.37,134.57,140.17,351451.49767,48777580.7544624
2021-07-04,140.19,148.1,136.88,144.95,443949.92264,63870573.990982
2021-07-05,144.96,145.03,133.84,137.71,561680.84949,78159874.1952629
2021-07-06,137.76,142.73,135.6,138.87,530800.52733,73627887.1771316
2021-07-07,138.86,142.93,136.87,137.41,520913.20131,73142110.8723597
2021-07-08,137.38,137.74,127.77,132.15,645442.57112,85207418.8887012
2021-07-09,132.11,135.85,126.0,134.58,527547.82163,69418988.6298179
2021-07-10,134.54,136.82,130.32,133.99,365844.86832,48672574.5655015
2021-07-11,133.99,136.48,132.08,134.28,324968.57149,43702609.5723674
2021-07-12,134.28,139.75,131.82,133.38,670917.62355,91393565.6235902
2021-07-13,133.32,134.61,129.35,131.44,454856.67168,60087913.3720207
2021-07-14,131.45,132.42,123.59,131.07,538916.43958,69151577.2285816
2021-07-15,131.06,133.13,121.93,125.86,494375.7243,62611833.2090542
2021-07-16,125.88,127.87,120.38,120.65,422183.01506,52332289.4664196
2021-07-17,120.66,122.92,117.68,119.95,425298.69428,51119228.3009861
2021-07-18,120.0,124.05,116.23,119.17,430985.21457,51789227.2068448
2021-07-19,119.16,120.75,111.82,113.13,493082.96266,56960133.8044519
2021-07-20,113.14,115.09,103.83,107.29,766236.24738,82496935.5181682
2021-07-21,107.31,119.24,105.05,117.74,682039.47283,77598308.8381937
2021-07-22,117.77,122.0,115.61,120.67,464759.47146,55142102.7474057
2021-07-23,120.69,124.78,117.02,124.24,404160.06952,48655550.744583
2021-07-24,124.27,127.7,123.29,125.99,432891.78019,54410461.660948
2021-07-25,126.0,127.99,123.51,127.68,392963.87036,49282879.2572322
2021-07-26,127.64,140.47,126.85,131.06,1052092.77379,142739916.4800818
2021-07-27,131.06,135.12,127.27,134.74,607384.02252,79681430.6635563
2021-07-28,134.73,142.0,132.39,140.42,729936.12774,100247791.355527
2021-07-29,140.48,143.0,136.55,141.44,542641.00192,75653246.3531883
2021-07-30,141.44,145.88,135.86,145.51,605847.24082,85050084.0945806
2021-07-31,145.51,146.6,141.83,144.37,388737.61543,56041707.6510586
2021-08-01,144.35,149.78,138.04,140.31,584699.77102,85237910.0633861
2021-08-02,140.31,145.93,138.76,141.35,419849.68249,59816989.9629861
2021-08-03,141.32,143.24,135.6,138.49,402821.08451,55904076.4378556
2021-08-04,138.49,144.5,135.54,142.57,486488.33119,68311414.3237331
2021-08-05,142.57,145.19,136.12,143.53,615027.38819,86661552.8370702
2021-08-06,143.51,150.9,141.73,147.95,685973.67511,100618381.9805661
2021-08-07,147.93,156.39,147.06,155.92,878574.53896,134279697.8721069
2021-08-08,155.92,157.63,147.0,149.69,700140.23658,106933255.7460166
2021-08-09,149.69,170.78,145.15,166.31,1165618.32076,186206657.5256303
2021-08-10,166.27,168.28,158.79,165.38,894686.73503,146650320.2943435
2021-08-11,165.38,176.07,164.23,170.6,914647.0176,156354817.1367582
2021-08-12,170.57,179.74,160.77,165.38,987267.21224,166955053.6017788
2021-08-13,165.41,184.57,164.0,183.31,1122682.76822,200074885.0965675
2021-08-14,183.32,185.11,174.62,182.76,944596.30069,170189633.3573743
2021-08-15,182.78,186.55,175.18,184.6,948648.90733,171774672.9728
2021-08-16,184.59,189.03,176.35,177.93,898330.4154,165189668.1403273
2021-08-17,177.96,184.38,168.01,168.61,781038.75082,138711288.56197
2021-08-18,168.6,174.54,162.92,166.65,694819.54486,117340405.200784
2021-08-19,166.64,175.82,162.66,175.59,682216.29479,115121985.8101465
2021-08-20,175.57,184.11,174.11,183.59,708140.15383,126775222.2323305
2021-08-21,183.59,184.48,176.52,179.63,644225.29965,116558250.5422969
2021-08-22,179.57,189.6,178.38,185.91,935874.98336,172606192.8561075
2021-08-23,185.85,191.94,183.61,187.01,877311.28336,164959040.9977036
2021-08-24,186.98,188.64,172.25,173.42,780692.69421,140949963.0400554
2021-08-25,173.39,179.0,169.06,177.75,617983.0803,108201062.3479691
2021-08-26,177.76,180.18,164.9,167.7,568905.75324,97291305.6699031
2021-08-27,167.7,176.35,165.0,176.2,456121.02531,77989311.7029358
2021-08-28,176.2,177.1,171.3,175.6,316185.26963,54977130.2006168
2021-08-29,175.7,182.6,173.1,174.3,547343.58554,97130374.9152609
2021-08-30,174.4,176.5,166.5,167.3,468119.396,80384494.1281
2021-08-31,167.4,175.4,165.6,171.5,553621.007,94748220.1421
2021-09-01,171.6,182.8,168.5,180.9,692302.294,121596203.584364
2021-09-02,180.9,187.9,179.4,183.3,683639.85445,125801760.5174036
2021-09-03,183.4,217.7,179.8,212.9,2071663.63126,418110896.2347498
2021-09-04,212.9,225.2,208.4,211.9,1448417.53392,313258847.4913833
2021-09-05,212.0,232.56,210.5,232.2,1007949.97992,223656696.2409005
2021-09-06,232.2,232.3,214.8,219.4,1001710.493,224156141.383
2021-09-07,219.4,221.9,162.1,178.5,2026882.59263,390578821.4650718
2021-09-08,178.4,189.0,169.3,179.7,1419232.641,255703914.0537
2021-09-09,179.7,188.6,176.5,180.5,896655.718,164129604.9424
2021-09-10,180.5,187.4,170.7,174.1,721100.842,128840044.1667
2021-09-11,174.1,186.2,173.4,178.6,551963.071,99706178.4928
2021-09-12,178.6,186.2,175.1,183.0,564714.696,102330739.3083
2021-09-13,183.1,240.0,170.7,179.4,5437062.6741,1066384966.6003321
2021-09-14,179.4,189.0,176.1,183.1,1091279.997,197408757.0389
2021-09-15,183.0,192.1,179.6,189.0,745508.059,137697994.3308
2021-09-16,189.1,195.4,181.5,185.2,935286.231,176852389.6626
2021-09-17,185.2,190.5,177.5,180.0,566767.069,103829576.8488
2021-09-18,180.0,185.8,177.9,181.4,372409.224,67815916.0014
2021-09-19,181.3,181.7,172.5,175.6,364865.775,64752004.4224
2021-09-20,175.6,176.0,153.3,157.2,1300459.67767,210410849.2483622
2021-09-21,157.2,162.3,144.7,148.5,988169.63393,153601638.9977284
2021-09-22,148.6,161.8,145.3,161.4,822665.566,127922221.5472
2021-09-23,161.4,165.0,157.1,163.9,559513.522,90086135.1178
2021-09-24,163.9,166.6,141.6,152.1,1236046.28455,186237491.0319295
2021-09-25,152.0,155.9,148.8,151.0,622457.078,94774250.5753
2021-09-26,150.9,153.4,141.9,150.7,837958.065,124574377.2929
2021-09-27,150.7,154.9,144.8,145.0,463173.188,69894991.7023
2021-09-28,145.0,149.0,140.0,140.6,551914.7719,80089909.9230395
2021-09-29,140.5,150.4,139.7,144.7,505249.15568,73600932.012
2021-09-30,144.8,154.5,143.9,153.3,505878.24,76383184.6256
2021-10-01,153.2,168.1,151.1,166.2,701432.917,113134956.7649
2021-10-02,166.1,172.8,164.4,168.9,427845.773,72335144.5985
2021-10-03,168.9,175.0,165.7,170.5,437060.787,74333713.9009
2021-10-04,170.5,170.9,161.3,167.5,586624.931,97383586.2245
2021-10-05,167.5,175.4,166.6,173.8,622714.612,106632729.7082
2021-10-06,173.7,183.0,163.8,178.5,967921.404,170174412.5194
2021-10-07,178.5,187.0,173.4,178.6,866672.447,156304829.0457
2021-10-08,178.6,183.4,174.4,175.9,697493.034,125125424.6659
2021-10-09,175.9,182.9,174.4,179.9,445979.888,80065420.2238
2021-10-10,179.9,184.0,174.0,174.8,559785.153,100526588.5123
2021-10-11,174.8,185.4,172.0,179.1,679614.987,122327312.9136
2021-10-12,179.2,179.2,166.3,172.6,708173.9,121699473.5302
2021-10-13,172.6,179.7,167.6,177.6,657952.562,114214446.173
2021-10-14,177.7,186.7,176.9,181.3,746399.181,135168993.4822
2021-10-15,181.3,193.0,176.4,189.6,1143344.438,211824402.5954
2021-10-16,189.7,192.6,185.0,186.0,576811.605,108844697.3458
2021-10-17,186.0,188.1,176.4,183.7,475002.963,87262505.3058
2021-10-18,183.8,187.6,178.5,185.6,591931.083,108947835.1919
2021-10-19,185.5,191.6,183.1,188.8,598824.688,112333891.5991
2021-10-20,188.8,209.4,185.6,207.3,1121684.82,222585184.1791606
2021-10-21,207.4,214.7,195.2,196.8,1129324.235,231341654.3586
2021-10-22,196.8,201.5,187.9,191.0,731846.105,143275061.182
2021-10-23,191.0,198.0,188.7,196.3,413109.664,80163188.7776
2021-10-24,196.3,199.9,185.2,190.4,568204.06,109098359.2349
2021-10-25,190.4,197.4,189.6,195.5,435121.822,84716413.2221
2021-10-26,195.5,199.4,190.3,197.6,571152.655,111116683.286
2021-10-27,197.5,205.0,171.1,179.3,1380721.926,259457762.2993
2021-10-28,179.2,194.5,177.6,189.8,722390.735,134606102.6475
2021-10-29,189.8,198.7,188.1,196.7,581094.6,112307310.5774
2021-10-30,196.7,197.3,186.6,190.2,415371.62,79709873.3519
2021-10-31,190.2,195.2,186.7,191.9,514684.875,98184786.2762
2021-11-01,191.9,201.2,187.8,197.6,656176.592,127154969.2596
2021-11-02,197.6,204.9,195.1,200.9,589454.742,117904274.5188
2021-11-03,200.9,209.3,197.4,207.3,839855.941,171071614.8041
2021-11-04,207.3,207.3,196.1,202.6,592543.494,119417154.6377
2021-11-05,202.6,203.3,196.7,198.9,454701.028,90965420.0931
2021-11-06,198.9,201.1,191.0,197.6,420636.051,82377992.1963
2021-11-07,197.6,202.1,196.9,202.0,351383.08,70064882.6889
2021-11-08,202.1,229.7,202.0,229.0,1380080.247,299667456.992
2021-11-09,229.0,274.6,226.5,262.0,3256268.81184,830585795.1065485
2021-11-10,262.0,295.7,251.6,260.4,3733558.8607,1027166414.2170991
2021-11-11,260.3,274.2,250.5,262.3,1666490.106,436992713.8862
2021-11-12,262.2,282.7,243.7,251.2,2414623.352,636618307.4809
2021-11-13,251.1,264.2,245.2,257.7,1167201.211,295930996.2662
2021-11-14,257.7,279.7,248.4,279.3,1358747.997,356511979.1264
2021-11-15,279.3,281.5,259.0,263.0,1155933.609,312897146.7494
2021-11-16,263.0,263.3,222.5,230.2,2396155.13,575835892.2584
2021-11-17,230.4,235.4,217.6,229.6,1422751.183,324060464.2185
2021-11-18,229.6,232.4,199.4,204.2,1689641.574,362559775.049
2021-11-19,204.1,221.3,199.5,217.9,1040819.801,219957203.1715
2021-11-20,217.9,227.8,212.4,226.8,841347.754,186040012.5484
2021-11-21,226.8,230.8,219.6,221.1,698329.313,156766613.2712
2021-11-22,221.2,221.7,205.2,209.1,865031.634,184972331.9398
2021-11-23,209.1,218.8,205.1,216.2,709895.649,149838005.8464
2021-11-24,216.2,217.7,205.9,212.2,586526.86,123647612.4483
2021-11-25,212.2,229.8,210.7,222.9,892094.61,197840663.6525
2021-11-26,223.0,224.9,190.0,195.7,1536691.461,307420496.6228
2021-11-27,195.7,201.0,190.6,195.1,524367.982,103233598.0005
2021-11-28,195.0,199.9,182.0,199.5,723846.344,137946609.3333
2021-11-29,199.5,209.5,194.9,205.5,810923.688,163787693.9557
2021-11-30,205.5,219.9,197.4,207.8,1032919.457,215010598.694
2021-12-01,207.8,217.8,205.1,208.8,674057.314,142795136.8794
2021-12-02,208.7,210.1,199.9,203.5,562121.73,114943226.9878
2021-12-03,203.5,208.1,179.3,188.0,825086.4,161401372.4958
2021-12-04,188.0,189.3,129.3,162.7,2758066.76925,430175287.1757642
2021-12-05,162.7,165.0,148.0,156.3,1075867.598,168034594.2961
2021-12-06,156.3,164.5,141.3,161.3,1097434.113,164472107.1477
2021-12-07,161.3,165.8,158.2,161.8,672241.01,108575445.0966
2021-12-08,161.8,170.3,155.8,165.1,890527.252,145257241.2209
2021-12-09,165.2,167.1,151.1,151.3,648228.982,102345205.1354
2021-12-10,151.4,159.8,147.5,148.3,704610.428,107815013.6248
2021-12-11,148.4,159.5,145.7,158.0,558649.677,86140097.8902
2021-12-12,158.0,162.9,153.2,159.0,382460.669,60315415.8381
2021-12-13,158.9,159.9,142.7,144.6,628722.159,94940352.5681
2021-12-14,144.6,151.9,142.9,150.4,511641.769,75616666.3361
2021-12-15,150.3,155.0,141.7,153.6,611833.278,91447343.3403
2021-12-16,153.5,156.7,148.5,148.9,434853.361,66670043.8163
2021-12-17,148.9,150.3,141.2,144.1,472455.023,69220576.7976
2021-12-18,144.1,150.3,142.8,148.6,300448.219,44331088.4219
2021-12-19,148.6,161.1,147.6,153.2,738406.682,114153907.2822
2021-12-20,153.2,157.4,145.2,152.6,550918.769,83033544.9229
2021-12-21,152.7,156.4,149.1,154.7,375493.205,57592242.2859
2021-12-22,154.8,160.2,152.9,155.4,414964.85,64939175.3963
2021-12-23,155.4,165.2,153.0,163.6,521673.021,82928184.3903
2021-12-24,163.6,166.8,160.1,161.2,411411.856,67263215.4317
2021-12-25,161.2,163.6,157.3,157.8,456068.094,73267865.9072
2021-12-26,157.8,158.4,152.6,155.7,887961.059,137926395.7056
2021-12-27,155.8,161.3,154.4,155.9,464363.98,73388919.5877
2021-12-28,155.9,156.0,144.5,145.7,679901.014,102064945.0072
2021-12-29,145.6,151.0,143.9,145.5,444947.628,65838630.9247
2021-12-30,145.5,150.0,142.7,148.0,318121.046,46772529.0142
2021-12-31,147.9,152.7,143.7,146.3,344892.41,51199866.6548
2022-01-01,146.2,151.0,146.1,150.8,225155.54,33479057.5221
2022-01-02,150.8,153.4,147.8,151.2,228350.087,34351559.7419
2022-01-03,151.1,151.2,146.0,148.5,291038.873,43407161.3608
2022-01-04,148.4,151.7,145.2,146.5,331705.663,49331426.6989
2022-01-05,146.5,150.0,129.8,135.4,601964.057,85762767.2411
2022-01-06,135.3,138.1,132.4,135.9,531427.357,71938065.6187
2022-01-07,135.9,136.5,125.9,131.4,733975.31191,96720732.5891626
2022-01-08,131.4,134.8,124.8,129.4,450291.35478,58767538.4008487
2022-01-09,129.4,132.6,127.7,130.9,321828.343,41975958.0877
2022-01-10,130.8,131.5,120.7,126.5,621002.30603,78374235.1079836
2022-01-11,126.6,133.5,125.7,131.6,396300.22,51358756.3249
2022-01-12,131.6,142.3,130.8,141.9,387745.567,52843604.3844
2022-01-13,142.0,142.4,134.6,136.7,462389.154,63884795.9332
2022-01-14,136.7,146.7,135.8,144.7,588107.752,83337246.4487
2022-01-15,144.7,150.7,144.0,147.7,461786.036,68234093.5595
2022-01-16,147.6,149.0,143.2,146.4,323952.665,47287761.5219
2022-01-17,146.4,153.9,144.1,151.2,809014.895,120962062.7796
2022-01-18,151.1,153.4,138.6,141.5,605404.359,87107198.8397
2022-01-19,141.4,143.0,133.2,136.2,437642.165,59855431.9064
2022-01-20,136.2,142.9,128.8,129.7,404805.365,55766928.6231
2022-01-21,129.6,131.1,109.8,114.5,1024703.15234,123808200.9253654
2022-01-22,114.5,117.0,96.3,108.4,1345786.1907,144289988.675799
2022-01-23,108.4,112.8,105.6,112.3,588082.317,63983936.7643
2022-01-24,112.3,112.3,97.5,109.5,1098206.519,113950869.2282
2022-01-25,109.6,109.9,105.1,107.8,589373.563,63516664.0674
2022-01-26,107.9,116.5,104.6,106.9,774954.382,85331363.8692
2022-01-27,107.0,110.0,102.8,106.9,563991.766,60013921.5619
2022-01-28,106.8,110.0,105.2,109.4,463842.238,49790123.0935
2022-01-29,109.5,112.4,107.5,110.8,345775.899,37997380.4202
2022-01-30,110.9,112.2,107.0,108.6,276376.291,30340456.354
2022-01-31,108.5,111.3,104.3,109.5,447814.467,48109443.4869
2022-02-01,109.4,116.9,108.2,115.0,597661.679,66796954.7952
2022-02-02,115.1,116.0,107.3,108.3,512026.267,57495574.7136
2022-02-03,108.3,111.1,105.4,111.0,380748.903,41132466.1185
2022-02-04,110.9,121.5,108.7,121.3,649501.138,74351265.4302
2022-02-05,121.3,123.8,118.8,121.7,442597.015,53774959.8168
2022-02-06,121.8,128.0,120.5,127.6,415141.018,51542305.8607
2022-02-07,127.5,139.9,125.0,137.4,694509.795,92105249.6786
2022-02-08,137.4,142.9,130.4,133.7,974024.21,132891819.2365
2022-02-09,133.6,141.0,132.0,140.1,615072.437,84741693.6644
2022-02-10,140.0,143.8,134.0,134.6,722895.221,100340243.7827
2022-02-11,134.5,134.8,124.8,125.6,536508.563,70466834.063
2022-02-12,125.6,127.6,120.8,126.7,328295.304,40919324.5828
2022-02-13,126.7,128.9,123.5,125.6,261891.161,33078037.6212
2022-02-14,125.6,127.0,121.4,124.6,311463.001,38694309.5128
2022-02-15,124.6,132.6,123.9,131.5,372015.055,48211845.5129
2022-02-16,131.6,131.8,125.4,127.7,325088.116,41742888.5302
2022-02-17,127.8,129.0,114.8,116.3,535445.236,65410011.7566
2022-02-18,116.3,123.6,114.1,114.9,686552.347,81135471.4649
2022-02-19,114.9,117.2,113.0,115.5,361933.434,41745042.79
2022-02-20,115.5,115.8,108.4,110.6,468241.931,51881763.9404
2022-02-21,110.6,114.5,102.0,102.8,631230.777,69230266.9777
2022-02-22,102.7,107.9,100.2,107.4,537388.743,55907200.3844
2022-02-23,107.4,111.5,104.9,105.4,432495.97,46926473.0808
2022-02-24,105.3,111.0,90.0,104.1,1288797.47718,126673943.9984597
2022-02-25,104.2,110.7,101.5,109.2,604602.878,63749774.8699
2022-02-26,109.2,115.0,106.6,108.2,456598.44,50384457.7545
2022-02-27,108.1,110.2,101.1,102.9,417924.626,44260691.3584
2022-02-28,102.9,113.9,101.2,113.7,574622.74,61304491.8012
2022-03-01,113.7,116.0,109.4,112.5,601477.274,67746418.444
2022-03-02,112.5,114.7,109.1,110.3,513465.217,57357362.6786
2022-03-03,110.3,113.0,107.9,111.7,638112.361,70741338.9202
2022-03-04,111.7,112.7,99.0,101.0,635993.785,67300008.6318
2022-03-05,101.0,105.4,99.4,104.9,298763.798,30659201.6284
2022-03-06,104.9,106.0,100.6,101.1,312844.282,32298062.1464
2022-03-07,101.1,103.9,96.2,98.4,518690.842,51890085.1185
2022-03-08,98.3,102.6,97.8,100.7,489539.231,49167183.0775
2022-03-09,100.8,109.3,100.4,106.9,548748.759,58288002.1566
2022-03-10,106.9,107.1,99.5,102.5,544448.846,55842763.5875
2022-03-11,102.6,107.0,99.6,104.6,462322.473,47911162.6248
2022-03-12,104.6,108.0,104.5,105.6,273690.902,29034015.0906
2022-03-13,105.5,107.4,101.0,101.7,267778.849,28038489.8458
2022-03-14,101.7,106.4,100.8,105.6,461259.961,47902773.1175
2022-03-15,105.5,108.6,102.4,106.8,455884.752,48097564.7259
2022-03-16,106.9,112.2,105.6,111.4,627565.504,68133199.1295
2022-03-17,111.3,111.7,108.5,110.2,315598.565,34775865.187
2022-03-18,110.2,113.0,107.7,111.9,362061.811,39952210.6632
2022-03-19,111.8,117.3,111.4,116.8,455077.798,51624315.6948
2022-03-20,116.8,118.5,111.3,114.9,456736.029,52366931.9051
2022-03-21,114.9,116.8,113.1,116.0,414783.622,47735273.588
2022-03-22,116.1,123.7,115.6,122.7,613158.765,73997003.7879
2022-03-23,122.7,124.5,118.5,122.4,404116.575,48865241.8013
2022-03-24,122.5,127.7,120.0,126.5,494673.517,61177615.6988
2022-03-25,126.4,127.3,121.5,123.9,388911.114,48635050.6202
2022-03-26,124.0,125.6,121.9,124.8,222339.521,27547807.8954
2022-03-27,124.8,129.8,123.2,129.7,360946.115,45525649.2539
2022-03-28,129.7,132.6,126.7,127.6,485087.181,63427481.586
2022-03-29,127.6,132.0,127.0,130.1,402240.888,52122445.0861
2022-03-30,130.0,134.1,125.8,131.1,469285.075,61290275.3357
2022-03-31,131.1,132.9,121.1,123.8,925439.976,117415876.0708
2022-04-01,123.9,126.4,119.1,124.8,459214.201,56578287.7728
2022-04-02,124.8,128.3,123.5,124.8,446188.67,56300292.0541
2022-04-03,124.9,129.5,123.6,128.7,304078.019,38542464.3452
2022-04-04,128.8,128.9,121.2,124.8,459946.591,57331197.0139
2022-04-05,124.8,127.3,122.5,122.7,266800.707,33319919.9394
2022-04-06,122.8,123.2,111.4,111.7,609814.446,71461742.4465
2022-04-07,111.6,115.0,110.1,114.1,302722.598,34242742.7388
2022-04-08,114.0,115.3,109.6,110.7,361955.502,40979150.2351
2022-04-09,110.7,113.0,110.0,112.7,192659.628,21464020.9253
2022-04-10,112.7,114.5,110.0,110.3,201089.865,22626041.2357
2022-04-11,110.3,110.7,101.8,102.4,440456.851,46593421.7785
2022-04-12,102.5,105.8,101.7,104.8,298962.751,31062167.4041
2022-04-13,104.9,110.8,103.9,110.5,389766.945,42071491.6931
2022-04-14,110.6,112.4,105.9,107.3,323593.487,35265161.0566
2022-04-15,107.3,112.9,107.0,111.0,303062.025,33513216.8892
2022-04-16,111.0,114.9,110.1,114.3,256441.818,28781162.2526
2022-04-17,114.3,115.1,108.2,108.8,275657.857,31058754.5692
2022-04-18,108.8,111.5,105.2,111.3,433957.577,46807603.8617
2022-04-19,111.3,114.2,110.6,113.8,267982.503,30065024.3289
2022-04-20,113.8,114.2,110.7,111.9,317572.869,35699408.6602
2022-04-21,111.9,114.5,105.4,106.8,374445.22,41592571.9631
2022-04-22,106.8,108.7,104.7,105.4,307003.595,32866235.4761
2022-04-23,105.4,107.2,104.4,105.1,151820.201,16105353.4593
2022-04-24,105.2,105.9,103.5,104.6,188484.103,19754621.9896
2022-04-25,104.6,104.9,98.3,104.6,464513.108,47191487.1271
2022-04-26,104.6,105.4,96.3,98.6,370089.57,37650909.2033
2022-04-27,98.6,102.0,97.7,100.5,295862.61,29614413.7469
2022-04-28,100.6,105.8,99.7,103.3,543891.391,55551406.2732
2022-04-29,103.3,104.5,98.4,100.4,394065.385,39856752.5465
2022-04-30,100.3,101.6,93.5,95.8,343937.913,33938296.3876
2022-05-01,95.9,100.0,94.4,99.3,295463.925,28780882.3112
2022-05-02,99.3,101.9,98.3,100.7,330388.68,33033440.2501
2022-05-03,100.7,101.4,97.4,99.4,307980.668,30784594.2034
2022-05-04,99.3,107.1,99.0,106.3,475753.421,49031775.2604
2022-05-05,106.3,106.9,94.8,96.8,586614.195,58837204.1368
2022-05-06,96.8,98.4,92.9,96.7,494007.711,47414482.9426
2022-05-07,96.7,97.4,92.6,94.3,298037.215,28514206.6194
2022-05-08,94.3,95.8,91.5,93.9,441180.21,41242686.1644
2022-05-09,93.8,94.9,75.2,76.2,1075917.38183,90805313.6444129
2022-05-10,76.2,85.0,73.3,80.2,1335840.74274,106955429.216176
2022-05-11,80.1,82.8,64.2,66.6,2156656.19047,160599149.8843953
2022-05-12,66.7,69.9,54.4,64.5,2076325.53921,128073010.0872073
2022-05-13,64.4,73.2,63.2,67.9,1132719.666,78702634.7715
2022-05-14,67.8,70.3,64.2,68.9,556982.007,37397191.7505
2022-05-15,68.8,71.8,65.9,71.6,508046.555,34770176.7869
2022-05-16,71.5,71.6,64.9,67.3,577142.751,38763543.749
2022-05-17,67.2,73.9,67.1,73.2,639716.3,45399826.3005
2022-05-18,73.1,74.4,65.7,66.0,701726.501,48778844.3157
2022-05-19,65.9,72.7,64.6,72.1,690029.823,47612565.5462
2022-05-20,72.1,73.5,66.7,68.6,755303.038,52665391.8079
2022-05-21,68.6,70.7,67.9,69.8,274675.04,19073308.2698
2022-05-22,69.8,72.6,69.4,71.7,290794.185,20705466.6139
2022-05-23,71.6,74.0,68.3,69.1,613835.768,43935236.7129
2022-05-24,69.0,70.8,67.0,70.2,492877.962,34106232.6075
2022-05-25,70.3,71.7,67.9,68.2,414049.811,28692099.7793
2022-05-26,68.2,68.9,60.4,63.5,730443.128,46950352.3473
2022-05-27,63.4,64.1,60.9,61.6,739704.085,46191185.5631
2022-05-28,61.6,64.0,61.3,63.0,336506.622,21113190.1241
2022-05-29,63.1,64.4,61.8,63.6,315852.358,19960282.9372
2022-05-30,63.7,69.8,63.2,69.1,612046.039,40865010.5571
2022-05-31,69.1,69.8,66.7,68.4,445048.542,30451799.9475
2022-06-01,68.4,70.6,61.7,62.7,634020.203,42132794.6582
2022-06-02,62.7,64.8,62.1,64.5,371742.76,23541582.2528
2022-06-03,64.4,64.9,61.4,62.6,281679.966,17678930.5995
2022-06-04,62.6,64.4,61.3,63.7,187841.045,11791410.554
2022-06-05,63.8,63.9,61.7,63.2,194186.313,12227283.6743
2022-06-06,63.2,66.7,62.9,64.5,374528.282,24363636.7292
2022-06-07,64.5,65.5,60.1,63.8,493587.564,30891911.6656
2022-06-08,63.9,64.5,61.1,61.3,460948.577,28818270.3946
2022-06-09,61.4,62.4,59.2,60.3,295546.594,18052292.2995
2022-06-10,60.2,60.4,55.6,56.7,505271.348,29336776.3474
2022-06-11,56.6,57.8,51.6,52.2,588679.33839,32101780.9911705
2022-06-12,52.2,52.6,47.3,47.9,751665.40626,37630273.7692817
2022-06-13,47.9,48.3,41.0,43.5,1585014.73295,69492583.1850455
2022-06-14,43.5,46.5,40.3,46.15,1538135.285,68389720.41595
2022-06-15,46.16,50.98,41.66,50.65,2010453.14,90706924.35179
2022-06-16,50.66,51.22,44.02,44.78,1636635.976,76714502.97653
2022-06-17,44.8,48.43,44.41,47.6,1207287.632,56300871.00346
2022-06-18,47.6,48.4,41.46,47.18,1913775.171,86791488.48097
2022-06-19,47.17,56.45,44.91,54.29,2451326.02,122958586.37944
2022-06-20,54.3,54.77,51.31,52.77,1979924.021,104013698.59808
2022-06-21,52.76,55.71,51.86,53.52,1381554.785,73862649.34498
2022-06-22,53.53,53.55,50.41,52.13,927893.846,48138975.73304
2022-06-23,52.15,56.77,51.9,55.74,994973.172,54544530.38474
2022-06-24,55.72,57.34,54.4,55.84,730614.764,40862718.05002
2022-06-25,55.85,59.76,54.59,58.88,618227.012,35253057.17888
2022-06-26,58.89,60.5,56.6,56.61,518719.077,30465277.71815
2022-06-27,56.6,58.62,54.82,55.86,397024.694,22527859.72806
2022-06-28,55.89,57.0,52.57,52.68,428561.798,23479250.32321
2022-06-29,52.71,54.45,51.36,53.68,451898.813,23840747.42029
2022-06-30,53.68,54.0,50.15,53.84,505134.988,26122598.20536
2022-07-01,53.84,56.28,50.04,51.19,606167.187,31622453.00844
2022-07-02,51.21,51.65,49.77,50.55,395349.861,20021258.01033
2022-07-03,50.55,52.22,49.11,50.95,319754.383,16103424.41233
2022-07-04,50.94,52.43,49.7,52.26,428499.128,21800275.14044
2022-07-05,52.24,52.48,47.95,49.7,567147.955,28355698.23961
2022-07-06,49.7,51.2,48.96,50.34,369984.007,18515142.03745
2022-07-07,50.36,52.64,49.77,52.15,478416.357,24387960.55634
2022-07-08,52.17,53.99,50.75,51.35,539059.048,28201267.25365
2022-07-09,51.35,54.8,51.33,54.09,369622.829,19445502.96595
2022-07-10,54.09,55.07,50.65,52.12,793607.197,42213636.14422
2022-07-11,52.12,52.25,48.26,48.71,458088.601,23212879.64453
2022-07-12,48.7,49.37,47.28,47.33,466284.497,22544582.82015
2022-07-13,47.32,49.73,46.41,49.56,601519.056,28891898.55488
2022-07-14,49.54,51.75,47.96,51.32,522186.191,25957558.67544
2022-07-15,51.32,52.78,50.61,51.78,544118.253,28064711.07596
2022-07-16,51.76,55.56,51.07,55.08,437141.035,23272735.81587
2022-07-17,55.07,57.02,54.33,55.76,488379.926,27120519.1573
2022-07-18,55.76,59.56,55.23,58.6,704809.589,40596652.37876
2022-07-19,58.59,59.63,55.83,57.9,648764.405,37299676.90348
2022-07-20,57.9,61.73,56.4,57.2,823588.205,48485663.58355
2022-07-21,57.2,58.65,55.15,58.02,495146.27,28110078.90323
2022-07-22,58.03,59.18,55.5,56.09,504430.421,29131839.96785
2022-07-23,56.09,57.24,54.5,56.32,359887.479,20083777.46006
2022-07-24,56.32,59.78,56.32,58.39,353168.581,20557439.17097
2022-07-25,58.39,59.02,53.89,54.0,480171.674,26979482.87699
2022-07-26,54.0,54.15,51.96,53.88,420584.372,22300685.55101
2022-07-27,53.89,59.07,53.01,59.01,536658.831,29923805.94223
2022-07-28,59.0,64.29,58.02,63.41,793684.143,48593219.29273
2022-07-29,63.4,64.58,59.76,60.65,598391.17,37154296.17192
2022-07-30,60.65,64.07,59.91,60.42,571176.572,35347528.34363
2022-07-31,60.43,63.02,59.61,59.74,362956.297,22243679.32109
2022-08-01,59.74,60.75,58.25,59.44,413407.163,24560699.88812
2022-08-02,59.46,59.85,56.63,58.05,499501.827,28977115.78567
2022-08-03,58.06,60.13,56.7,57.77,497789.611,29176766.90655
2022-08-04,57.76,60.8,57.6,59.65,438458.424,25918578.30216
2022-08-05,59.64,62.57,59.61,62.47,487945.255,29937321.05695
2022-08-06,62.47,62.58,60.5,60.83,221909.184,13635182.37347
2022-08-07,60.82,62.0,59.86,61.1,242432.341,14825110.8957
2022-08-08,61.11,64.09,60.8,62.61,403958.239,25392098.8065
2022-08-09,62.59,62.86,58.2,59.16,467966.92,28154989.50287
2022-08-10,59.15,62.35,57.42,61.59,683606.931,40990420.69852
2022-08-11,61.58,63.48,61.48,61.84,451609.23,28176628.51802
2022-08-12,61.84,63.08,60.66,62.88,361467.843,22310150.11799
2022-08-13,62.88,65.66,62.63,63.8,502527.314,32200663.12557
2022-08-14,63.81,65.84,62.37,63.14,453041.878,29140333.29772
2022-08-15,63.13,65.32,59.64,60.67,521249.361,32248118.74299
2022-08-16,60.66,61.77,59.99,61.33,367330.078,22390015.64855
2022-08-17,61.32,64.74,59.67,60.52,718429.134,44632934.853
2022-08-18,60.52,61.73,59.33,60.02,422084.3,25613628.63804
2022-08-19,60.03,60.19,53.26,53.99,807381.053,45401870.09757
2022-08-20,54.01,55.62,52.64,54.1,651478.682,35487573.39381
2022-08-21,54.11,56.0,53.8,55.67,377261.077,20686133.63277
2022-08-22,55.66,57.45,52.26,57.22,877776.632,48435755.99656
2022-08-23,57.23,57.75,53.88,57.08,562176.705,31633973.21432
2022-08-24,57.1,57.69,55.56,56.46,437641.062,24745613.77301
2022-08-25,56.47,57.53,55.82,56.63,379154.499,21497312.45867
2022-08-26,56.62,58.31,52.08,52.68,663761.061,36807172.21184
2022-08-27,52.69,53.48,51.63,53.01,342396.436,18001370.09093
2022-08-28,53.01,56.0,52.47,53.41,571920.844,30963484.90884
2022-08-29,53.42,56.7,52.52,55.8,635767.414,34987568.03997
2022-08-30,55.78,56.25,51.81,53.01,505556.585,27373055.18768
2022-08-31,53.01,55.26,53.01,53.84,441087.366,23955639.60568
2022-09-01,53.83,57.82,53.19,57.58,746451.633,41593779.48076
2022-09-02,57.59,62.5,56.49,60.99,970963.365,58147610.78099
2022-09-03,60.99,62.23,59.53,60.15,604642.95,36767272.91593
2022-09-04,60.15,60.99,58.61,60.9,416674.079,24875646.14428
2022-09-05,60.9,61.63,59.25,60.39,550152.845,33144292.29587
2022-09-06,60.39,62.74,54.0,54.11,893919.423,52329491.06244
2022-09-07,54.09,58.29,52.86,57.31,791215.198,43554901.07466
2022-09-08,57.31,58.6,56.06,57.96,526585.078,30112850.29672
2022-09-09,57.97,61.94,57.7,61.13,640028.177,38740028.71121
2022-09-10,61.14,64.69,60.54,63.28,643910.358,40510657.64041
2022-09-11,63.28,64.47,61.33,62.16,491835.138,30891157.73634
2022-09-12,62.16,63.23,60.08,61.38,492838.604,30322331.10036
2022-09-13,61.39,67.48,58.33,59.1,1440002.977,90766822.31519
2022-09-14,59.09,61.18,58.13,60.18,753407.479,44848265.28046
2022-09-15,60.16,60.83,55.83,56.34,696696.515,40837299.32831
2022-09-16,56.35,56.97,54.61,55.95,469333.524,26127651.01759
2022-09-17,55.93,58.44,55.81,57.83,314150.499,17927875.18908
2022-09-18,57.84,57.85,52.22,52.63,524264.696,28856238.71952
2022-09-19,52.64,53.74,50.01,52.91,1189979.555,61397224.76723
2022-09-20,52.89,53.85,50.86,52.3,740261.769,38632164.10796
2022-09-21,52.32,55.52,50.23,51.09,948476.557,50052403.29521
2022-09-22,51.09,54.09,50.62,53.57,615045.097,32429645.86798
2022-09-23,53.58,55.34,51.4,55.22,628774.838,33580742.80596
2022-09-24,55.23,55.96,53.18,53.43,477670.635,26207341.09239
2022-09-25,53.43,54.41,52.22,52.53,388583.254,20814276.09859
2022-09-26,52.53,53.73,51.87,53.44,462703.227,24480626.4128
2022-09-27,53.44,55.66,51.8,52.65,594149.312,32145284.26958
2022-09-28,52.65,53.83,51.0,53.29,486979.887,25619554.12634
2022-09-29,53.29,54.16,52.24,53.96,415487.402,22167911.86002
2022-09-30,53.97,55.1,52.86,53.48,417555.874,22495933.39666
2022-10-01,53.49,53.83,52.44,52.92,227981.29,12117062.24449
2022-10-02,52.91,53.46,51.67,51.82,245935.517,12948675.75777
2022-10-03,51.82,54.34,51.5,54.17,377561.929,20068797.70362
2022-10-04,54.16,55.73,53.88,55.28,379502.091,20777199.36465
2022-10-05,55.28,55.3,53.3,54.63,340455.979,18501751.91346
2022-10-06,54.62,55.05,53.34,53.53,389720.238,21184168.46566
2022-10-07,53.53,53.85,52.27,52.83,353877.822,18777932.34219
2022-10-08,52.84,53.55,52.38,52.79,244809.681,12993143.75171
2022-10-09,52.79,53.99,52.69,53.9,197759.856,10572903.41459
2022-10-10,53.89,54.46,52.5,52.63,393032.725,21037333.44591
2022-10-11,52.64,52.64,51.27,52.03,325528.77,16895144.05641
2022-10-12,52.02,52.98,51.6,52.23,355312.415,18570604.5566
2022-10-13,52.22,52.5,48.32,51.1,598879.562,30158953.4841
2022-10-14,51.09,52.57,50.9,51.31,320840.529,16601632.27741
2022-10-15,51.3,51.67,50.26,50.39,230281.317,11783736.31315
2022-10-16,50.39,51.81,50.26,51.43,231209.546,11782623.50401
2022-10-17,51.43,52.16,51.05,51.82,219445.145,11322493.59096
2022-10-18,51.85,52.2,50.75,51.86,267297.77,13804589.74951
2022-10-19,51.86,52.02,50.76,50.94,232758.435,11963739.08882
2022-10-20,50.94,52.1,50.56,51.22,271491.392,13955073.83601
2022-10-21,51.22,51.81,49.54,51.63,305760.951,15579404.56313
2022-10-22,51.64,52.48,51.37,52.18,187151.435,9731702.8815
2022-10-23,52.18,54.05,51.82,54.03,251178.625,13251565.37262
2022-10-24,54.04,54.2,52.11,52.54,349594.941,18548388.45521
2022-10-25,52.54,56.8,52.28,55.92,560410.004,30524081.20292
2022-10-26,55.92,57.62,55.66,56.39,516629.568,29225133.81142
2022-10-27,56.38,56.69,54.5,54.75,429463.431,23965971.53197
2022-10-28,54.75,55.56,53.5,54.92,434316.144,23729128.40408
2022-10-29,54.92,57.61,54.64,56.6,551803.761,30951671.10746
2022-10-30,56.59,57.5,54.72,55.35,375670.757,21075103.02663
2022-10-31,55.36,56.42,54.0,55.01,474531.793,26156590.80902
2022-11-01,55.02,55.93,54.5,55.1,350582.944,19343322.10121
2022-11-02,55.1,62.94,54.7,60.95,2104437.286,125864033.92167
2022-11-03,60.95,64.74,60.1,61.84,1374836.407,85826851.70229
2022-11-04,61.84,70.47,61.66,67.58,1439948.154,95352396.66474
2022-11-05,67.59,71.92,67.11,69.23,1110640.601,76974841.23305
2022-11-06,69.26,71.08,67.53,68.26,805404.064,55732283.77114
2022-11-07,68.26,73.36,66.21,67.42,1392881.038,97553176.5658
2022-11-08,67.42,68.88,54.04,57.82,2190119.395,136790759.40356
2022-11-09,57.79,59.79,47.6,50.68,2103687.619,116485851.92216
2022-11-10,50.69,61.33,49.57,60.56,2070234.582,116761704.96302
2022-11-11,60.56,64.42,58.51,61.49,1920110.08,118115179.05046
2022-11-12,61.47,61.75,58.14,59.94,768579.231,46082912.60741
2022-11-13,59.96,60.35,56.23,57.37,585950.814,34033655.9706
2022-11-14,57.37,59.31,53.24,56.7,1455419.171,82185719.11058
2022-11-15,56.7,59.54,56.48,58.01,785891.462,45705108.59897
2022-11-16,58.0,60.19,56.72,57.49,708710.343,41244956.97154
2022-11-17,57.49,63.34,57.01,62.59,1125276.943,67453513.35738
2022-11-18,62.59,64.0,61.58,62.62,820500.727,51452758.05586
2022-11-19,62.63,64.61,61.33,63.98,585835.654,37005933.74984
2022-11-20,63.98,64.86,60.37,62.12,738121.307,46027037.98962
2022-11-21,62.12,63.91,59.25,61.31,1219683.801,74706968.95695
2022-11-22,61.34,71.32,61.07,70.66,2212093.045,147647329.05305
2022-11-23,70.65,83.66,69.61,79.02,3062621.766,239395906.97567
2022-11-24,79.01,79.52,75.11,78.66,1698054.062,131745920.20286
2022-11-25,78.68,79.9,73.13,74.1,1546973.408,117160282.05969
2022-11-26,74.1,79.65,73.89,76.47,1274051.02,97978807.04717
2022-11-27,76.48,79.32,74.15,74.92,994997.591,76520279.26534
2022-11-28,74.92,75.34,70.53,73.97,1474228.831,107099579.65837
2022-11-29,73.96,77.98,73.4,75.8,1214848.559,92539919.10222
2022-11-30,75.81,80.88,75.42,79.16,1108600.292,86824139.27326
2022-12-01,79.15,80.66,76.27,77.57,968244.356,75078194.9218
2022-12-02,77.57,78.09,75.34,77.94,582041.35,44535496.33869
2022-12-03,77.93,78.13,75.44,76.47,432581.631,33184179.42764
2022-12-04,76.44,77.51,75.79,77.07,390998.288,29941348.3907
2022-12-05,77.07,85.0,76.82,80.19,1698312.839,138967234.88258
2022-12-06,80.19,81.77,77.67,79.88,802781.092,63974100.72864
2022-12-07,79.9,80.4,75.5,76.89,864677.814,66937673.33037
2022-12-08,76.9,78.75,74.5,78.27,911785.771,69325421.15784
2022-12-09,78.26,78.85,75.84,76.31,621921.168,48170407.45153
2022-12-10,76.31,77.46,75.64,76.36,301184.283,23040682.95376
2022-12-11,76.36,78.42,76.28,76.5,348230.246,26945682.59966
2022-12-12,76.51,76.71,73.49,76.23,656093.652,49149470.1673
2022-12-13,76.22,79.84,73.96,77.39,1018153.938,78425946.99692
2022-12-14,77.4,79.11,74.2,75.3,911912.129,70476912.24804
2022-12-15,75.29,75.47,71.7,72.42,598856.974,44307204.1275
2022-12-16,72.43,73.56,65.0,66.25,1160661.942,79989922.68757
2022-12-17,66.24,67.7,62.51,64.89,1344619.107,87139779.83289
2022-12-18,64.89,65.96,63.03,64.37,639108.584,41159074.26006
2022-12-19,64.39,65.02,61.04,63.37,866072.922,54533366.64635
2022-12-20,63.36,66.35,63.08,65.55,850764.015,55306034.40385
2022-12-21,65.56,66.84,64.61,65.4,573283.433,37620986.70303
2022-12-22,65.4,66.7,64.24,66.21,505782.811,33144792.66329
2022-12-23,66.21,66.72,64.91,65.75,387146.613,25491817.35804
2022-12-24,65.75,66.05,65.06,65.76,218820.376,14353903.70536
2022-12-25,65.77,69.72,65.3,69.15,563485.616,37959432.03772
2022-12-26,69.15,71.83,68.58,70.78,724746.003,50669109.87661
2022-12-27,70.77,71.14,67.77,68.67,688534.199,47966765.82708
2022-12-28,68.68,69.48,65.69,66.32,693169.686,46844615.70904
2022-12-29,66.32,67.3,65.57,66.66,498307.656,33115669.5203
2022-12-30,66.66,68.72,66.04,67.94,476504.755,32039487.78496
2022-12-31,67.94,71.12,67.62,70.14,563994.497,39258671.39328
2023-01-01,70.14,71.55,68.91,70.91,497824.424,34983776.58672
2023-01-02,70.92,77.96,70.0,74.74,1056995.281,78667160.09725
2023-01-03,74.75,76.52,73.62,75.57,725798.101,54611772.6072
2023-01-04,75.57,77.99,74.32,75.46,773197.793,58937795.0531
2023-01-05,75.46,76.27,73.53,74.25,562086.168,42067341.26815
2023-01-06,74.25,76.58,72.42,75.91,797819.975,59370879.08393
2023-01-07,75.91,76.87,75.47,76.4,388687.641,29573435.91014
2023-01-08,76.4,78.98,75.08,78.68,626879.182,47850440.77735
2023-01-09,78.67,83.61,78.09,81.62,1179300.917,96491268.5137
2023-01-10,81.61,82.85,79.43,80.83,847925.336,68674215.86966
2023-01-11,80.82,85.0,79.88,84.08,968676.069,79560173.96492
2023-01-12,84.08,87.7,81.0,86.09,1427276.097,120293965.42186
2023-01-13,86.09,87.99,83.59,86.23,891288.557,75836980.75917
2023-01-14,86.24,91.23,85.92,87.84,1747194.881,154773180.37751
2023-01-15,87.84,88.68,85.21,87.37,586627.267,51210293.02148
2023-01-16,87.37,89.16,83.91,85.91,750074.107,64984437.3065
2023-01-17,85.94,89.39,84.52,87.02,740669.448,64431503.43624
2023-01-18,87.04,88.4,82.11,82.62,935842.004,79807617.65099
2023-01-19,82.62,84.57,81.67,84.21,484324.341,40295366.90736
2023-01-20,84.21,91.42,83.0,90.28,757424.447,65574265.86042
2023-01-21,90.28,92.1,87.57,87.91,720620.997,64631083.77805
2023-01-22,87.91,90.05,86.07,87.58,501770.041,44425780.71087
2023-01-23,87.58,93.2,87.51,89.9,691207.974,62240476.92082
2023-01-24,89.91,91.45,86.0,87.19,499687.344,44734088.90968
2023-01-25,87.19,91.93,85.53,89.38,529309.147,46674258.3448
2023-01-26,89.38,89.96,86.82,87.52,475990.334,42117087.04878
2023-01-27,87.51,89.23,85.81,88.89,418850.126,36688506.76887
2023-01-28,88.89,89.96,86.96,89.67,392046.681,34685140.36905
2023-01-29,89.66,97.77,89.65,94.84,1268331.01,120180570.76234
2023-01-30,94.86,96.06,88.3,91.37,987138.227,91357814.49006
2023-01-31,91.36,96.28,91.31,94.09,1045907.002,98652688.55655
2023-02-01,94.09,102.53,93.73,100.33,1324424.131,128437281.94675
2023-02-02,100.32,102.34,97.92,98.64,730534.055,73204584.65212
2023-02-03,98.64,100.76,97.48,99.86,568938.087,56316609.2404
2023-02-04,99.86,101.36,98.23,98.51,357081.561,35530515.18392
2023-02-05,98.51,98.89,94.86,96.63,417682.275,40576721.44145
2023-02-06,96.65,97.96,94.81,95.93,371415.943,35868172.98247
2023-02-07,95.92,101.58,95.89,100.86,672704.474,66739989.81215
2023-02-08,100.85,102.41,96.86,99.22,559839.764,56023244.88391
2023-02-09,99.2,99.49,89.78,92.05,930317.558,88021370.47002
2023-02-10,92.06,94.17,90.99,93.34,641293.685,59268455.39955
2023-02-11,93.32,94.83,92.63,94.28,359543.176,33704893.183
2023-02-12,94.29,94.57,90.88,92.51,306598.202,28592092.59301
2023-02-13,92.5,95.0,88.16,91.05,740201.598,67411715.62268
2023-02-14,91.05,95.96,90.32,95.82,622092.631,58137805.04963
2023-02-15,95.82,103.28,95.04,102.82,764436.261,75152233.52555
2023-02-16,102.83,105.71,98.48,98.55,687509.194,70074736.82209
2023-02-17,98.56,101.7,98.19,100.12,569585.278,56871701.90478
2023-02-18,100.12,101.94,98.93,99.71,434788.196,43608817.37947
2023-02-19,99.71,101.5,96.72,97.43,433963.156,43055844.61768
2023-02-20,97.43,98.72,94.39,95.9,935281.523,90566542.68504
2023-02-21,95.9,96.81,91.42,93.8,739676.014,69609024.07196
2023-02-22,93.81,95.56,91.57,95.28,693131.993,65190388.41716
2023-02-23,95.26,96.28,93.31,94.59,474230.846,44999136.0659
2023-02-24,94.6,95.28,90.0,91.55,501375.88,46365569.64527
2023-02-25,91.56,93.51,90.34,93.15,426347.651,39139444.45961
2023-02-26,93.14,95.54,92.77,95.27,343656.079,32353597.36215
2023-02-27,95.26,96.09,92.4,94.07,390505.03,36874109.12104
2023-02-28,94.07,96.02,93.02,93.8,380334.634,35920634.83761
2023-03-01,93.79,98.37,93.56,97.78,578624.04,56044405.1997
2023-03-02,97.77,98.33,93.89,95.39,531837.148,50971274.63378
2023-03-03,95.39,95.52,85.3,90.56,932908.772,83331577.54116
2023-03-04,90.56,90.85,87.4,89.34,347999.151,31120476.32455
2023-03-05,89.34,91.78,89.18,89.93,358378.991,32483423.88116
2023-03-06,89.93,90.63,86.4,87.36,628899.913,55427481.44233
2023-03-07,87.35,88.95,84.0,86.29,642884.79,55523394.99337
2023-03-08,86.3,86.71,81.3,82.76,625642.83,52617033.63605
2023-03-09,82.75,84.96,75.0,76.68,1098081.742,87650493.39311
2023-03-10,76.69,76.85,67.97,71.37,1958666.309,140414084.99189
2023-03-11,71.39,73.83,65.0,69.21,1897147.773,130337698.03206
2023-03-12,69.21,76.42,67.39,76.26,1393380.049,97923475.125
2023-03-13,76.25,83.19,74.0,81.46,1843523.521,144927403.88863
2023-03-14,81.45,88.24,79.17,83.94,1368971.071,114954635.80917
2023-03-15,83.92,85.44,75.0,76.43,1324587.202,105921837.58411
2023-03-16,76.43,79.87,75.58,78.86,792504.712,62038247.7416
2023-03-17,78.85,85.57,78.16,85.51,935169.321,77076815.35155
2023-03-18,85.51,87.92,81.88,83.02,990444.094,84864126.11204
2023-03-19,83.01,86.39,82.11,83.98,612655.582,51632290.94863
2023-03-20,83.99,84.3,77.72,78.05,943193.308,76966171.58554
2023-03-21,78.04,83.48,76.71,82.48,906639.731,73116475.41539
2023-03-22,82.48,88.31,79.0,87.27,1760098.981,145873400.72163
2023-03-23,87.25,94.54,85.58,93.61,1868065.227,168804310.48897
2023-03-24,93.61,95.98,89.07,93.58,1325987.089,122680941.68945
2023-03-25,93.58,94.31,90.01,91.5,684739.493,63230111.95689
2023-03-26,91.49,94.81,90.54,93.32,588285.448,54896396.14174
2023-03-27,93.32,94.1,87.66,89.23,764069.755,69048316.60065
2023-03-28,89.24,89.59,85.56,89.13,881860.674,76831526.97625
2023-03-29,89.13,93.0,88.93,91.31,708985.063,64736574.13921
2023-03-30,91.31,93.34,86.66,89.06,751300.11,67463200.28549
2023-03-31,89.06,90.27,87.23,89.57,489786.451,43630688.75647
2023-04-01,89.56,94.32,89.34,92.57,687331.248,63779147.85425
2023-04-02,92.57,94.58,90.36,92.77,641228.631,59580821.73877
2023-04-03,92.77,95.9,89.51,92.97,909253.989,84054306.47298
2023-04-04,92.97,94.12,91.57,92.58,505371.32,46914251.08333
2023-04-05,92.57,95.05,91.11,92.64,690226.2,64439443.89972
2023-04-06,92.63,92.65,89.82,90.97,385392.357,35163280.68266
2023-04-07,90.97,91.48,89.03,90.6,301548.406,27226149.26583
2023-04-08,90.6,91.44,89.24,89.91,199093.068,17997469.63238
2023-04-09,89.91,91.03,89.13,90.58,253822.749,22870804.77552
2023-04-10,90.56,94.47,89.84,93.78,522079.986,48123183.04686
2023-04-11,93.78,97.0,93.15,94.22,759225.859,72247222.54666
2023-04-12,94.22,94.66,90.87,92.06,713535.198,65699122.07928
2023-04-13,92.07,94.54,91.66,94.17,607464.042,56921058.5361
2023-04-14,94.18,99.27,93.66,96.33,1044641.036,100928750.68937
2023-04-15,96.31,97.32,94.71,96.68,343222.287,32983996.9542
2023-04-16,96.69,102.18,95.1,100.01,902441.243,89438277.03401
2023-04-17,100.0,100.3,97.32,98.84,692952.157,68450947.53389
2023-04-18,98.88,103.44,97.6,101.95,817576.045,82975542.30109
2023-04-19,101.93,101.93,87.0,90.47,1258566.956,119543818.25875
2023-04-20,90.46,92.4,87.08,90.22,923591.763,83156604.63114
2023-04-21,90.22,90.89,84.2,85.32,811762.122,71630177.63482
2023-04-22,85.32,87.15,84.75,87.0,413059.798,35568420.52853
2023-04-23,87.0,87.09,84.11,86.75,395182.074,34038304.30605
2023-04-24,86.74,89.03,85.86,88.31,651422.316,57038650.62963
2023-04-25,88.32,91.77,87.18,91.03,767570.935,68671079.44959
2023-04-26,91.03,93.96,84.21,88.13,985517.498,88783082.53106
2023-04-27,88.14,90.64,87.26,89.73,669510.161,59639460.06927
2023-04-28,89.73,90.36,87.66,89.63,464509.676,41454599.35748
2023-04-29,89.62,91.64,89.23,91.08,351205.815,31719262.50321
2023-04-30,91.08,91.43,87.76,88.22,396494.58,35647081.50118
2023-05-01,88.24,88.86,85.13,86.75,537906.62,46754880.2517
2023-05-02,86.76,89.18,86.0,88.2,425254.867,37377898.53279
2023-05-03,88.2,89.86,85.4,88.88,561552.261,49020724.2314
2023-05-04,88.88,89.15,87.39,88.38,317092.93,27965302.53823
2023-05-05,88.39,89.69,86.16,88.61,462767.029,40810211.80393
2023-05-06,88.62,89.36,80.56,83.26,808799.894,68317613.37673
2023-05-07,83.27,84.69,82.93,83.42,405461.481,33955742.0686
2023-05-08,83.41,85.25,75.2,77.71,1093958.201,87306474.35932
2023-05-09,77.72,80.1,77.31,79.9,652411.76,51396156.09515
2023-05-10,79.91,82.04,77.12,80.93,862746.998,69224904.6576
2023-05-11,80.93,81.97,78.37,80.88,787875.496,63370731.97902
2023-05-12,80.89,81.48,77.07,80.45,770849.129,60946626.82422
2023-05-13,80.45,81.09,79.78,80.26,378311.771,30438326.681
2023-05-14,80.26,84.02,79.55,83.5,475081.378,38983497.68831
2023-05-15,83.49,88.5,82.14,86.89,1110552.095,96219891.98792
2023-05-16,86.91,90.55,86.13,89.99,1212427.879,107691597.87241
2023-05-17,89.99,95.0,89.59,93.88,1631954.238,151079802.81441
2023-05-18,93.88,94.21,89.15,90.43,778910.547,71599315.88753
2023-05-19,90.44,93.31,90.26,91.8,674615.432,62018442.29738
2023-05-20,91.78,92.78,90.21,92.42,331961.718,30372261.95258
2023-05-21,92.41,93.49,91.14,92.18,434485.442,40100880.11056
2023-05-22,92.17,92.79,89.81,90.83,462506.227,42134737.75033
2023-05-23,90.83,93.11,90.38,91.7,437608.283,40116087.22196
2023-05-24,91.7,91.89,84.33,85.82,1241381.96,107797032.91623
2023-05-25,85.83,86.79,82.54,86.57,836219.141,70684845.95755
2023-05-26,86.57,88.2,86.05,87.08,684744.479,59665742.29974
2023-05-27,87.08,88.81,86.91,88.55,335522.417,29514215.58001
2023-05-28,88.56,92.35,88.14,91.45,582851.729,52436513.71817
2023-05-29,91.46,92.18,90.12,90.86,484868.109,44206834.12116
2023-05-30,90.86,93.3,90.51,92.25,553236.455,50880170.06105
2023-05-31,92.25,92.72,87.5,90.42,730322.072,65472074.07429
2023-06-01,90.42,95.98,89.17,94.19,1356811.01,126498329.27127
2023-06-02,94.17,95.7,92.58,95.45,714015.964,67508225.89186
2023-06-03,95.45,97.56,94.15,96.03,596590.884,57361676.32763
2023-06-04,96.03,96.5,93.8,94.19,492464.068,47040690.80282
2023-06-05,94.19,94.58,83.56,87.71,1320394.36,118091509.86102
2023-06-06,87.7,91.47,85.64,90.92,836859.771,73991890.8895
2023-06-07,90.93,91.31,87.34,88.85,691677.146,61764475.31585
2023-06-08,88.83,89.53,87.19,88.5,405790.611,35823368.37387
2023-06-09,88.49,89.98,86.66,89.3,437545.529,38811022.43019
2023-06-10,89.3,89.34,73.56,77.13,1931078.315,151730820.0045
2023-06-11,77.14,78.98,76.15,77.68,601244.43,46731999.00651
2023-06-12,77.68,77.91,75.07,77.5,624473.429,47851403.1857
2023-06-13,77.5,79.79,76.26,77.5,560306.834,43689418.98288
2023-06-14,77.5,78.14,70.75,73.15,678793.191,51133185.08934
2023-06-15,73.15,75.14,72.08,74.6,512970.921,37702153.35923
2023-06-16,74.61,76.91,74.12,76.13,419230.737,31630875.37836
2023-06-17,76.13,77.87,75.73,76.86,301798.536,23270884.61555
2023-06-18,76.87,78.47,76.22,77.19,294006.387,22750233.83928
2023-06-19,77.2,77.83,76.05,77.48,316595.527,24390272.04512
2023-06-20,77.48,80.95,75.68,80.33,550346.966,43170186.69414
2023-06-21,80.34,87.4,80.0,85.05,1229357.89,103578656.2312
2023-06-22,85.04,88.85,84.0,85.93,796900.675,69024528.99835
2023-06-23,85.94,93.12,85.02,91.26,1034513.877,92121024.12145
2023-06-24,91.28,93.8,86.35,89.71,834154.053,75172236.44406
2023-06-25,89.72,90.46,86.6,88.2,566508.551,50280389.03837
2023-06-26,88.2,90.35,85.74,87.21,656513.038,57651475.66375
2023-06-27,87.22,89.44,86.9,88.07,470344.953,41525844.85785
2023-06-28,88.06,88.1,81.36,83.02,639774.735,54254929.85774
2023-06-29,83.01,85.75,82.91,84.73,484623.807,40876335.57412
2023-06-30,84.73,112.0,84.28,108.7,5474715.293,544595250.61194
2023-07-01,108.7,113.0,102.86,107.1,2614144.4,280065666.68362
2023-07-02,107.1,114.0,105.09,113.58,2299237.775,253782235.43863
2023-07-03,113.57,115.0,105.55,107.27,1444586.945,158458450.74862
2023-07-04,107.27,109.59,103.5,104.27,935566.37,100006031.14107
2023-07-05,104.27,106.63,98.6,102.6,1410427.816,144754144.54257
2023-07-06,102.6,105.95,95.14,95.25,1703635.889,171511658.26832
2023-07-07,95.25,98.61,94.21,98.23,866824.098,83882033.83157
2023-07-08,98.22,98.49,96.55,97.79,431026.029,42056553.92161
2023-07-09,97.78,98.41,94.41,95.08,468670.42,45235033.37365
2023-07-10,95.08,97.81,91.62,96.72,1108435.576,104987433.76492
2023-07-11,96.73,98.35,95.51,96.77,775748.275,75257515.27594
2023-07-12,96.76,97.85,94.12,96.21,681194.17,65654488.59429
2023-07-13,96.21,104.41,95.61,101.85,1780959.223,179427929.67321
2023-07-14,101.85,103.63,91.96,95.13,1470606.515,144297092.8187
2023-07-15,95.12,95.79,93.74,94.78,474351.647,44955923.76849
2023-07-16,94.77,95.36,91.84,92.89,493219.168,46503581.54874
2023-07-17,92.89,93.58,89.15,92.2,825195.015,75611859.52346
2023-07-18,92.19,92.95,89.37,91.56,547028.221,49955275.62288
2023-07-19,91.55,94.23,91.39,91.99,610568.712,56655215.05243
2023-07-20,92.0,95.02,91.39,92.37,763855.203,71087548.03722
2023-07-21,92.37,94.79,91.68,94.09,562398.104,52448525.94434
2023-07-22,94.1,96.46,91.2,92.09,523224.177,49160352.49928
2023-07-23,92.09,93.62,91.52,93.16,459296.754,42500539.48553
2023-07-24,93.15,93.43,87.27,89.14,744271.418,66920468.49274
2023-07-25,89.14,90.19,88.55,89.45,437773.574,39094339.78568
2023-07-26,89.45,91.17,88.5,90.64,523849.498,46967128.90182
2023-07-27,90.63,91.99,89.66,90.6,492615.117,44763361.21488
2023-07-28,90.59,92.0,90.53,91.44,400613.116,36556080.90501
2023-07-29,91.44,94.9,90.84,94.32,483778.285,44667927.94168
2023-07-30,94.33,96.18,90.82,94.03,1123107.136,105774536.49668
2023-07-31,94.03,95.06,91.07,92.28,751748.352,69842676.67185
2023-08-01,92.28,94.12,88.1,93.94,1191154.381,109461091.33669
2023-08-02,93.95,94.68,85.7,87.54,1519927.122,136168338.99414
2023-08-03,87.53,88.38,80.5,82.55,1131674.185,96762575.49818
2023-08-04,82.55,83.92,80.74,82.2,956964.968,79116478.9653
2023-08-05,82.2,83.42,81.35,83.12,353881.791,29191586.5947
2023-08-06,83.11,83.49,81.68,82.57,376251.971,31177557.50723
2023-08-07,82.57,83.44,79.29,82.49,531623.828,43546762.79785
2023-08-08,82.48,85.47,81.75,83.86,735916.528,61502877.97623
2023-08-09,83.85,84.61,83.13,84.08,381592.396,32005294.96555
2023-08-10,84.08,84.39,82.66,83.14,337566.353,28225336.30461
2023-08-11,83.13,83.72,82.68,83.58,186712.308,15526696.488
2023-08-12,83.58,84.0,83.27,83.47,178561.007,14935172.21639
2023-08-13,83.48,83.81,81.01,81.92,331226.641,27458062.01471
2023-08-14,81.92,83.13,81.5,82.11,330529.723,27196597.25453
2023-08-15,82.11,82.25,77.0,79.26,600119.042,48214970.61594
2023-08-16,79.27,79.61,72.75,74.56,1050727.642,80346935.45811
2023-08-17,74.57,75.84,56.0,64.77,1709946.722,118350429.85813
2023-08-18,64.77,65.97,63.04,63.98,1283276.079,83064204.43841
2023-08-19,63.98,65.01,63.51,64.18,511070.915,32755244.34267
2023-08-20,64.17,65.89,63.98,65.25,328241.945,21234386.92207
2023-08-21,65.25,67.31,64.34,67.0,795770.097,52560912.71659
2023-08-22,67.0,67.38,62.02,64.83,726834.414,47379433.48586
2023-08-23,64.83,66.86,64.06,65.64,548642.362,35922245.43621
2023-08-24,65.63,65.9,63.9,64.88,352946.421,22944279.86437
2023-08-25,64.88,65.47,63.5,65.13,400427.672,25869443.90706
2023-08-26,65.13,65.59,64.9,65.01,205559.917,13411009.14258
2023-08-27,65.0,65.95,64.83,65.39,232033.928,15149443.36921
2023-08-28,65.39,65.76,63.97,65.52,401983.007,26079176.94969
2023-08-29,65.51,70.69,64.6,68.86,953145.162,64776157.64346
2023-08-30,68.85,69.03,66.5,67.65,422458.336,28563989.08084
2023-08-31,67.65,68.36,63.13,63.89,688058.059,45337596.31026
2023-09-01,63.88,64.25,61.83,62.98,569049.852,36085014.45748
2023-09-02,62.98,64.75,62.95,64.59,295503.141,18915350.82735
2023-09-03,64.58,64.91,63.57,63.93,257480.232,16523979.18454
2023-09-04,63.93,65.01,63.0,63.75,389301.433,24953470.48276
2023-09-05,63.75,63.79,62.58,63.15,475655.47,30021806.99205
2023-09-06,63.15,63.91,61.36,62.87,463879.229,29171915.8151
2023-09-07,62.88,64.49,62.48,63.71,372442.946,23544495.83475
2023-09-08,63.71,64.24,61.51,62.61,370397.71,23306316.05826
2023-09-09,62.6,63.3,62.52,63.06,153119.403,9629129.48804
2023-09-10,63.06,63.06,60.02,61.11,486962.352,29825923.22286
2023-09-11,61.12,61.66,57.68,58.85,792927.547,47531436.34168
2023-09-12,58.85,61.53,58.65,59.96,617319.813,37129719.73179
2023-09-13,59.96,62.85,59.63,61.98,511853.421,31381027.42472
2023-09-14,61.98,63.44,61.95,62.83,638084.848,39941930.68376
2023-09-15,62.83,66.27,62.55,65.89,540624.758,34582934.67382
2023-09-16,65.89,67.05,64.41,65.38,391265.329,25664428.75732
2023-09-17,65.38,65.42,62.75,63.55,497205.276,31775820.99628
2023-09-18,63.57,67.9,62.9,65.89,790412.337,52151105.29169
2023-09-19,65.87,68.41,65.59,67.28,527023.356,35437054.35133
2023-09-20,67.28,67.87,63.24,64.55,931126.906,60915587.81808
2023-09-21,64.55,65.01,62.92,64.69,449081.78,28811761.06338
2023-09-22,64.69,65.88,63.89,64.37,442545.403,28701999.76244
2023-09-23,64.37,65.26,64.37,65.07,387901.571,25136184.65909
2023-09-24,65.06,65.1,63.25,63.58,207773.25,13399437.45659
2023-09-25,63.58,65.06,62.56,64.33,258415.693,16594760.84727
2023-09-26,64.34,65.08,63.02,63.8,371056.263,23862340.07245
2023-09-27,63.8,65.56,63.04,63.53,351266.028,22527804.57883
2023-09-28,63.53,65.54,63.14,65.21,446339.742,28712038.56658
2023-09-29,65.22,66.5,64.91,65.55,350400.956,23023210.74839
2023-09-30,65.55,66.6,65.34,65.97,179434.202,11837048.07704
2023-10-01,65.98,68.85,65.83,68.19,430058.027,28884188.33851
2023-10-02,68.19,68.42,65.11,65.97,558987.867,37505378.80276
2023-10-03,65.98,66.93,65.26,65.5,264841.857,17467936.29002
2023-10-04,65.5,65.52,63.01,64.4,389378.985,24986773.04746
2023-10-05,64.39,65.28,63.72,64.8,371850.64,23993968.95115
2023-10-06,64.81,65.98,64.37,65.5,258989.347,16908743.92521
2023-10-07,65.5,66.27,64.95,65.45,177304.899,11636429.8603
2023-10-08,65.45,65.98,64.97,65.34,316323.185,20728331.17345
2023-10-09,65.34,65.36,61.51,63.07,448896.385,28442348.3394
2023-10-10,63.07,63.82,62.57,63.61,234743.163,14839255.67518
2023-10-11,63.6,63.75,61.08,61.55,287049.191,17832401.71148
2023-10-12,61.55,61.55,60.33,61.12,285371.231,17412164.04642
2023-10-13,61.12,62.15,61.06,61.58,358112.195,21993740.85628
2023-10-14,61.58,61.97,61.39,61.62,121555.639,7495466.8411
2023-10-15,61.62,62.18,61.38,61.63,140207.935,8646176.63411
2023-10-16,61.63,66.33,61.57,63.19,679996.392,43319022.26987
2023-10-17,63.2,63.33,61.37,62.07,285933.96,17877584.95326
2023-10-18,62.06,62.85,60.04,60.23,320321.652,19738027.75008
2023-10-19,60.23,61.92,59.7,61.78,277475.09,16911885.34498
2023-10-20,61.77,64.27,61.57,63.38,437547.959,27666271.69709
2023-10-21,63.37,65.39,63.35,64.75,336999.659,21734086.11024
2023-10-22,64.75,66.32,63.12,65.26,569753.647,36853276.77414
2023-10-23,65.26,69.9,64.86,69.02,788986.444,52919035.31362
2023-10-24,69.02,72.89,67.07,69.15,927287.448,64631191.72936
2023-10-25,69.14,70.42,67.69,68.71,555761.144,38380881.9194
2023-10-26,68.7,70.63,66.13,68.76,594733.362,41004144.83722
2023-10-27,68.75,68.81,65.58,66.99,430964.8,29057303.90903
2023-10-28,66.99,68.44,66.93,67.73,393365.01,26715311.15139
2023-10-29,67.73,69.31,67.0,68.79,254650.085,17378937.46053
2023-10-30,68.79,69.79,67.62,69.21,391259.073,26936356.33677
2023-10-31,69.21,70.53,67.6,68.89,616209.44,42625945.13606
2023-11-01,68.89,70.46,66.51,69.97,758567.526,51929112.70106
2023-11-02,69.97,70.77,67.4,69.43,658461.347,45887391.07385
2023-11-03,69.42,69.58,67.5,69.45,366590.453,25246675.51283
2023-11-04,69.45,70.81,68.69,70.41,286371.778,19896712.80929
2023-11-05,70.41,72.32,69.9,71.6,604752.663,43082207.25642
2023-11-06,71.6,74.95,70.79,74.46,517587.681,37760698.65948
2023-11-07,74.46,74.57,71.06,73.41,587908.072,42921057.41226
2023-11-08,73.41,74.31,72.45,73.07,454113.58,33332286.76763
2023-11-09,73.06,76.23,67.85,73.83,1037301.535,75728192.84037
2023-11-10,73.85,75.48,70.67,73.28,659369.92,48133353.84027
2023-11-11,73.27,75.95,70.84,75.26,701397.299,52030099.77565
2023-11-12,75.26,76.79,72.12,74.88,759337.894,56901785.83759
2023-11-13,74.88,76.05,70.5,71.1,687416.727,50302812.26026
2023-11-14,71.1,72.56,68.09,70.61,612778.52,43372079.29673
2023-11-15,70.61,74.3,70.5,74.03,546364.964,39479612.39254
2023-11-16,74.02,74.35,69.78,70.97,516234.012,37356440.8551
2023-11-17,70.96,71.66,68.0,70.29,701059.335,49078772.15463
2023-11-18,70.28,70.33,67.5,69.86,319967.121,22156894.78408
2023-11-19,69.85,70.67,68.5,70.54,267656.397,18650494.6809
2023-11-20,70.56,71.02,68.62,69.51,363216.736,25476809.8106
2023-11-21,69.52,71.87,65.12,66.15,766319.59,52741538.94914
2023-11-22,66.15,69.15,65.96,68.7,411855.152,27937990.43011
2023-11-23,68.7,70.76,68.38,69.51,487505.593,33857643.07991
2023-11-24,69.51,71.77,69.43,70.73,431373.898,30352000.44832
2023-11-25,70.72,72.5,70.48,71.87,300567.558,21475318.98977
2023-11-26,71.87,71.87,68.91,70.03,373752.056,26318517.15444
2023-11-27,70.03,70.5,67.91,69.22,322130.627,22263566.13496
2023-11-28,69.22,70.27,67.81,69.77,633474.873,43913284.03863
2023-11-29,69.76,70.46,69.15,70.0,304678.502,21264386.34352
2023-11-30,69.99,70.15,69.11,69.42,212371.48,14771644.05129
2023-12-01,69.44,72.23,69.2,71.57,478440.251,34026635.4187
2023-12-02,71.57,72.72,71.16,72.2,286408.09,20600215.9871
2023-12-03,72.2,72.75,71.3,72.31,285246.303,20531814.47944
2023-12-04,72.31,75.07,71.89,72.93,1008230.995,74007610.74816
2023-12-05,72.92,74.37,71.0,74.34,543100.844,39428257.12227
2023-12-06,74.35,74.94,72.17,72.41,640078.051,47156666.01721
2023-12-07,72.4,74.51,71.82,74.02,564515.734,41448604.4114
2023-12-08,74.02,78.88,73.32,78.5,857419.485,65205063.17955
2023-12-09,78.49,79.53,75.52,76.32,736505.035,57301991.39773
2023-12-10,76.33,79.0,76.33,77.18,559666.195,43565867.66221
2023-12-11,77.17,77.5,70.46,72.67,988665.178,72544195.34092
2023-12-12,72.66,73.72,71.03,72.37,476918.626,34575143.83566
2023-12-13,72.38,75.55,70.15,73.12,716835.326,51833620.75393
2023-12-14,73.14,74.05,71.25,72.93,673631.561,49054702.832
2023-12-15,72.93,72.96,70.52,70.93,388128.515,27867636.15741
2023-12-16,70.92,72.52,70.43,72.19,273166.636,19671706.12643
2023-12-17,72.18,73.63,70.86,71.18,405335.594,29410834.02539
2023-12-18,71.18,71.55,68.0,70.85,516602.696,36020493.75196
2023-12-19,70.86,71.66,69.69,70.73,342815.358,24334999.59728
2023-12-20,70.72,71.89,69.38,69.83,738447.841,52311290.38605
2023-12-21,69.83,71.09,68.92,70.93,581051.4,40703733.49985
2023-12-22,70.93,73.78,70.31,73.58,539144.649,38718370.75002
2023-12-23,73.58,74.09,70.7,72.45,472707.301,34142861.37548
2023-12-24,72.44,72.95,70.0,71.12,507808.475,36621799.21222
2023-12-25,71.11,72.77,70.55,72.22,364732.752,26272986.55563
2023-12-26,72.23,74.45,71.04,73.24,851162.765,61904316.62239
2023-12-27,73.24,77.3,72.07,75.98,929059.454,69751284.78202
2023-12-28,75.98,77.64,74.51,76.51,981067.893,74691708.40849
2023-12-29,76.51,77.8,72.71,73.25,909063.669,68906261.16708
2023-12-30,73.25,74.01,72.38,73.22,460911.041,33778363.76325
2023-12-31,73.23,74.24,71.41,72.83,403057.357,29619089.99848
2024-01-01,72.83,74.78,72.06,74.72,308376.95,22631014.60155
2024-01-02,74.72,75.9,72.48,72.97,608280.863,45206969.47175
2024-01-03,72.96,73.61,57.71,65.24,1513212.297,100333545.09116
2024-01-04,65.23,67.11,64.5,66.41,728924.878,47881226.9708
2024-01-05,66.41,66.73,63.4,66.0,659391.057,43098156.74155
2024-01-06,65.99,66.08,63.22,65.64,404291.404,26231882.51366
2024-01-07,65.65,66.38,63.68,64.27,357443.918,23294567.64585
2024-01-08,64.27,68.37,61.0,67.73,923906.453,59766234.38043
2024-01-09,67.72,67.82,64.16,66.99,812582.618,53622168.31871
2024-01-10,66.99,71.2,65.0,70.1,852014.198,57771776.94768
2024-01-11,70.1,74.62,69.54,71.88,1211539.098,87232556.32736
2024-01-12,71.88,77.19,70.4,72.97,1734006.087,128587409.92793
2024-01-13,72.97,73.6,70.98,71.98,629910.67,45323926.61315
2024-01-14,71.98,72.3,69.43,69.78,482807.612,34377286.01258
2024-01-15,69.8,71.62,68.79,69.13,386493.938,27152585.71194
2024-01-16,69.15,70.53,68.38,69.44,461916.829,32190643.96715
2024-01-17,69.44,70.0,68.35,69.46,382828.255,26529506.35131
2024-01-18,69.46,70.34,66.21,68.11,742990.258,50998653.79532
2024-01-19,68.11,71.57,66.97,71.29,647355.327,44981554.94926
2024-01-20,71.3,72.76,70.45,71.36,614429.987,43873023.62071
2024-01-21,71.35,72.3,70.5,71.75,311753.373,22226837.72338
2024-01-22,71.75,72.71,66.67,67.36,770518.903,53995008.67376
2024-01-23,67.36,68.43,63.19,65.5,701502.871,45860685.93666
2024-01-24,65.5,66.35,64.86,66.13,385420.813,25239643.5903
2024-01-25,66.12,66.16,64.56,65.5,275087.101,18010033.75172
2024-01-26,65.5,67.55,65.19,67.05,321128.162,21391158.93567
2024-01-27,67.05,68.33,66.34,68.06,248869.999,16777607.49632
2024-01-28,68.05,68.49,67.29,68.35,301025.603,20450200.06498
2024-01-29,68.34,68.79,66.84,68.43,435412.27,29548556.33132
2024-01-30,68.43,68.74,67.17,67.47,299636.981,20425276.05701
2024-01-31,67.48,70.07,66.14,66.76,612212.176,41749321.15081
2024-02-01,66.76,68.13,65.7,67.54,289235.143,19306508.90966
2024-02-02,67.55,68.43,67.32,68.05,209541.969,14224030.98075
2024-02-03,68.05,69.2,67.9,68.81,215935.272,14774539.8161
2024-02-04,68.82,68.9,66.46,66.94,288180.813,19517851.69391
2024-02-05,66.95,68.26,66.58,67.7,272431.234,18422931.50018
2024-02-06,67.71,68.8,67.55,68.29,317363.773,21606385.75025
2024-02-07,68.29,68.83,67.75,68.62,355491.453,24262660.76854
2024-02-08,68.63,70.66,68.36,70.53,461057.053,31871033.22788
2024-02-09,70.54,71.95,70.07,70.64,774603.897,54933758.32
2024-02-10,70.64,71.3,69.93,70.8,369470.127,26088807.10858
2024-02-11,70.79,73.1,70.6,71.55,613948.449,44280250.3029
2024-02-12,71.55,73.46,70.32,72.82,487609.667,35098367.8814
2024-02-13,72.81,73.16,68.1,68.97,1069326.647,74828220.73122
2024-02-14,68.97,70.76,68.41,69.81,1053386.609,73421374.58932
2024-02-15,69.81,70.95,69.0,69.76,892633.761,62399432.99034
2024-02-16,69.76,70.99,68.61,70.59,564443.74,39549365.68542
2024-02-17,70.59,70.7,68.0,69.97,436214.246,30388260.77608
2024-02-18,69.97,71.35,69.82,70.8,393086.495,27704990.45097
2024-02-19,70.8,71.74,70.42,71.3,521590.667,37057927.68352
2024-02-20,71.29,71.48,67.41,69.65,782301.912,54599773.41075
2024-02-21,69.65,69.69,67.32,68.9,472252.103,32270259.26919
2024-02-22,68.91,69.76,67.91,68.8,516782.93,35693052.34247
2024-02-23,68.79,69.1,67.48,68.8,394735.965,27003479.75606
2024-02-24,68.79,70.67,68.62,70.41,368401.431,25742985.69116
2024-02-25,70.41,70.61,69.75,70.16,332747.79,23341307.91927
2024-02-26,70.16,72.99,69.1,71.93,754791.397,53544860.18845
2024-02-27,71.93,76.38,71.93,73.97,1532194.552,114336925.88425
2024-02-28,73.97,77.94,70.27,74.48,1803955.735,134630697.85493
2024-02-29,74.48,84.96,73.87,79.92,2443670.28,198678780.47216
2024-03-01,79.93,86.18,79.93,84.87,1292518.576,108513178.09226
2024-03-02,84.89,94.5,84.45,94.49,2225902.682,200614397.64908
2024-03-03,94.48,94.68,83.51,90.7,1320154.001,120044722.01224
2024-03-04,90.7,92.69,87.49,88.95,1600382.338,144129059.37336
2024-03-05,88.94,91.86,72.0,81.93,2974147.716,256314237.72362
2024-03-06,81.93,87.4,79.76,85.87,1429676.918,119540188.32976
2024-03-07,85.87,89.99,83.38,88.0,1274384.448,110326070.28731
2024-03-08,88.0,89.48,83.78,88.32,1299568.77,113680857.78748
2024-03-09,88.33,90.97,86.77,90.67,904845.679,80483124.65077
2024-03-10,90.66,90.82,85.35,87.43,717059.191,63366321.43853
2024-03-11,87.43,105.7,83.22,103.86,3096267.327,301848351.16906
2024-03-12,103.87,104.27,91.77,97.52,2441251.838,239498859.4012
2024-03-13,97.52,98.95,94.03,97.24,1134069.071,110053334.36311
2024-03-14,97.24,98.24,89.55,94.08,1440061.815,136377182.52415
2024-03-15,94.08,95.39,83.33,89.75,1627567.337,144032211.59005
2024-03-16,89.77,90.75,82.25,84.12,1149294.873,100254815.69854
2024-03-17,84.12,86.79,80.7,85.93,853819.758,72484176.8504
2024-03-18,85.93,88.06,80.76,86.77,978580.698,82447664.37233
2024-03-19,86.76,87.79,77.13,78.45,1961637.329,158808344.44085
2024-03-20,78.45,85.29,76.97,84.65,1363127.952,110620714.70171
2024-03-21,84.65,87.02,83.57,85.75,934690.544,79849636.02304
2024-03-22,85.74,86.22,80.58,83.4,725163.718,60540862.47679
2024-03-23,83.4,87.5,82.85,85.26,803555.89,68913239.92719
2024-03-24,85.26,90.8,85.25,89.65,1052477.663,93178174.45425
2024-03-25,89.66,92.06,88.54,90.58,1095171.166,98825347.80818
2024-03-26,90.59,97.06,87.53,95.77,1767545.155,163687114.29392
2024-03-27,95.76,99.0,92.3,93.55,1793109.088,171544291.07377
2024-03-28,93.55,96.59,93.33,94.11,1112111.518,105727727.94424
2024-03-29,94.11,110.44,92.75,109.06,3289558.98,337040438.07325
2024-03-30,109.06,109.25,101.06,102.84,1242387.906,129621214.22923
2024-03-31,102.84,106.87,101.41,105.01,1034072.535,107330728.08353
2024-04-01,105.01,112.8,97.23,99.2,2502382.047,263856682.14913
2024-04-02,99.21,108.99,93.1,106.75,2878977.199,293927061.5129
2024-04-03,106.77,109.86,96.5,98.33,1868400.415,190132319.94591
2024-04-04,98.33,104.3,96.23,98.38,1786345.493,179054393.21653
2024-04-05,98.41,100.25,95.0,97.82,1244726.343,122103336.54636
2024-04-06,97.83,102.47,97.17,101.6,771438.41,77333938.34371
2024-04-07,101.6,105.99,100.11,101.21,938207.857,96733949.47777
2024-04-08,101.21,106.06,99.52,103.27,1013133.783,104809582.06558
2024-04-09,103.27,103.46,96.43,97.53,914660.536,91244166.91032
2024-04-10,97.54,98.3,93.5,96.71,891774.881,85892984.78122
2024-04-11,96.71,99.96,94.87,98.78,802195.584,78073905.35094
2024-04-12,98.77,99.58,79.86,86.08,2094321.098,187325798.92272
2024-04-13,86.1,86.67,70.5,77.33,2633053.68,209113937.96612
2024-04-14,77.33,80.44,73.61,79.72,1630408.562,126584439.56686
2024-04-15,79.72,82.83,75.61,78.1,1410368.593,111824100.11094
2024-04-16,78.12,80.44,75.31,79.94,771397.839,60307930.79582
2024-04-17,79.94,80.82,76.25,80.19,653290.465,51432508.27241
2024-04-18,80.19,82.53,78.64,80.75,868441.994,70149908.86073
2024-04-19,80.76,82.2,75.77,80.87,742141.865,59366769.09835
2024-04-20,80.86,85.98,80.27,85.04,435008.951,36355868.09017
2024-04-21,85.03,85.69,82.73,84.16,361745.445,30576840.66923
2024-04-22,84.16,86.49,83.95,85.39,589746.588,50276627.57051
2024-04-23,85.39,86.39,83.98,85.02,436631.335,37046541.65365
2024-04-24,85.0,87.72,82.34,83.25,931482.385,79561215.17115
2024-04-25,83.25,85.07,81.83,83.78,670805.321,56004718.93914
2024-04-26,83.77,88.59,83.09,88.1,1062310.424,91989387.2052
2024-04-27,88.1,88.46,83.14,83.88,699795.45,59785942.68062
2024-04-28,83.88,85.43,83.57,83.99,384000.288,32508589.3965
2024-04-29,83.98,85.64,81.73,83.51,519097.015,43239992.84329
2024-04-30,83.52,84.56,77.19,79.49,616460.343,49311490.09609
2024-05-01,79.48,80.89,74.6,80.17,713810.495,55474378.31131
2024-05-02,80.17,81.28,78.66,80.02,398879.396,31936818.63684
2024-05-03,80.03,82.62,79.33,81.85,426096.048,34538838.48674
2024-05-04,81.86,83.01,81.42,81.66,294701.796,24204856.89301
2024-05-05,81.66,81.78,80.37,81.32,336649.505,27328777.45925
2024-05-06,81.32,84.2,80.01,80.79,580780.594,47623809.97659
2024-05-07,80.79,82.65,79.78,80.84,493066.083,40151430.79109
2024-05-08,80.82,82.33,79.32,81.7,486202.438,39349264.64329
2024-05-09,81.69,83.16,80.7,83.08,352236.765,28878171.47232
2024-05-10,83.07,83.48,79.55,80.22,420451.976,34299505.09635
2024-05-11,80.22,82.29,80.13,81.39,258119.13,20924685.32522
2024-05-12,81.39,82.18,80.84,81.41,186561.698,15227021.07526
2024-05-13,81.42,82.61,78.95,80.62,448137.788,36413117.62781
2024-05-14,80.62,81.67,78.53,78.79,482795.267,38591792.16351
2024-05-15,78.77,82.87,78.23,82.45,464809.116,37256712.45662
2024-05-16,82.45,83.24,81.37,82.43,347670.919,28606146.55354
2024-05-17,82.43,84.23,81.92,84.14,326396.421,27166111.67058
2024-05-18,84.15,84.81,83.43,83.84,215539.473,18117054.45731
2024-05-19,83.84,84.38,81.77,82.4,227737.175,18923241.41285
2024-05-20,82.4,89.11,82.39,88.64,599212.269,51285350.23268
2024-05-21,88.64,89.63,87.0,88.26,905649.076,80025488.67369
2024-05-22,88.26,88.48,84.88,85.78,537922.52,46541011.36235
2024-05-23,85.78,87.95,80.53,85.45,984635.687,83947774.83241
2024-05-24,85.45,86.48,84.01,85.0,591773.875,50467788.19284
2024-05-25,85.0,85.98,84.43,84.98,251017.316,21365704.20448
2024-05-26,84.99,85.26,83.54,83.9,279388.435,23577748.90249
2024-05-27,83.91,86.43,83.82,85.24,346465.824,29493511.90762
2024-05-28,85.24,85.54,82.06,83.44,475207.661,39676950.79491
2024-05-29,83.44,84.21,82.63,83.59,334222.342,27953551.72354
2024-05-30,83.58,85.54,81.9,84.42,441661.874,37126536.64859
2024-05-31,84.43,84.7,82.02,83.21,355784.532,29728898.90631
2024-06-01,83.21,83.74,82.92,83.48,172096.505,14344976.36493
2024-06-02,83.48,83.53,82.2,83.11,285093.347,23633255.77463
2024-06-03,83.11,84.29,82.65,82.82,379200.72,31657251.00082
2024-06-04,82.83,83.7,81.11,83.65,340359.329,28056436.49822
2024-06-05,83.66,85.47,83.49,85.44,302276.545,25467926.83991
2024-06-06,85.44,85.84,84.16,84.19,296197.824,25200985.06128
2024-06-07,84.19,84.83,75.0,80.13,782793.301,63136585.67506
2024-06-08,80.13,80.46,78.84,79.97,257436.338,20544533.14603
2024-06-09,79.96,80.71,79.49,80.49,163718.623,13125077.47588
2024-06-10,80.5,80.52,79.07,79.66,245521.341,19564049.54007
2024-06-11,79.67,79.85,75.55,77.32,673700.591,52448108.22137
2024-06-12,77.31,79.28,76.33,78.5,474723.842,37067971.42731
2024-06-13,78.5,79.79,77.27,79.15,375356.239,29518559.25383
2024-06-14,79.15,80.27,75.9,77.61,513907.515,40329442.32135
2024-06-15,77.61,79.47,77.45,79.23,234242.45,18429155.02655
2024-06-16,79.23,80.15,78.63,78.98,189493.659,15031941.17969
2024-06-17,78.99,79.24,75.1,76.59,452907.381,35053779.07165
2024-06-18,76.6,76.77,70.65,72.66,731466.118,53152593.44748
2024-06-19,72.66,74.97,72.5,73.77,316900.189,23449046.0565
2024-06-20,73.77,75.35,73.24,74.69,371950.598,27697138.4716
2024-06-21,74.7,74.73,72.17,74.17,523545.991,38390534.40184
2024-06-22,74.17,74.88,73.56,74.61,179086.364,13294926.84144
2024-06-23,74.6,75.06,73.23,73.37,183031.022,13606986.93013
2024-06-24,73.37,73.45,67.5,69.68,712802.629,49906424.30973
2024-06-25,69.68,72.03,69.4,71.35,369103.552,26122111.20034
2024-06-26,71.35,71.95,70.36,71.02,286798.118,20445153.7591
2024-06-27,71.02,73.35,70.55,73.28,300895.691,21603604.56422
2024-06-28,73.28,74.76,72.54,72.9,412794.018,30382360.97073
2024-06-29,72.9,76.9,72.87,74.95,348415.315,26091783.55057
2024-06-30,74.94,75.98,74.11,75.31,317637.764,23833767.00345
2024-07-01,75.32,75.96,74.17,74.38,270636.833,20284480.27542
2024-07-02,74.38,76.21,74.28,76.04,243844.128,18314636.08752
2024-07-03,76.04,76.21,71.78,72.08,393529.358,29127647.81128
2024-07-04,72.08,72.42,65.0,65.42,534114.975,36628486.44824
2024-07-05,65.42,65.58,56.86,61.85,1437934.907,86459713.43279
2024-07-06,61.85,65.67,61.4,65.39,320005.364,20346484.59736
2024-07-07,65.4,65.57,61.63,62.05,287837.524,18329699.78698
2024-07-08,62.04,67.03,59.25,64.92,542865.4,34607972.93522
2024-07-09,64.92,66.3,64.26,65.3,237630.526,15572699.32046
2024-07-10,65.31,67.3,64.5,66.96,288677.299,19074630.90911
2024-07-11,66.96,69.14,66.42,67.36,294587.381,20041640.70204
2024-07-12,67.36,69.42,66.78,69.25,401927.86,27591994.06335
2024-07-13,69.26,70.68,69.13,69.82,258768.927,18092189.71501
2024-07-14,69.82,70.51,69.23,69.92,228944.765,16004754.12847
2024-07-15,69.91,72.53,69.67,72.29,435940.946,30861488.7773
2024-07-16,72.29,74.09,70.34,73.21,435389.184,31604963.68922
2024-07-17,73.2,74.25,71.12,71.38,344202.11,24988236.01819
2024-07-18,71.37,72.95,70.5,71.63,238896.669,17150705.2665
2024-07-19,71.64,74.13,69.67,73.4,356994.208,25654447.31323
2024-07-20,73.41,73.92,72.31,73.03,199919.213,14636068.0913
2024-07-21,73.04,74.13,71.21,73.98,264424.146,19333708.82695
2024-07-22,73.99,74.61,70.7,71.26,371305.96,27070013.52836
2024-07-23,71.25,73.11,70.43,72.92,353283.963,25419778.91988
2024-07-24,72.92,73.67,70.74,71.29,261735.815,19010046.55802
2024-07-25,71.28,71.66,67.29,68.79,410661.569,28309396.18804
2024-07-26,68.8,71.7,68.76,71.31,234994.905,16664575.18433
2024-07-27,71.31,72.37,70.27,71.32,255064.977,18250930.20083
2024-07-28,71.3,71.77,70.34,71.07,149307.521,10630869.79777
2024-07-29,71.08,76.78,71.04,73.69,577061.851,43077569.41365
2024-07-30,73.69,74.56,71.08,71.69,242566.586,17716619.43973
2024-07-31,71.69,72.93,69.86,70.14,257184.993,18362560.74647
2024-08-01,70.15,71.45,65.94,69.59,408394.942,28207341.35967
2024-08-02,69.58,69.97,63.97,65.06,395849.521,26439668.04677
2024-08-03,65.05,66.38,62.57,64.65,375256.367,24197978.42188
2024-08-04,64.66,65.25,60.31,62.46,313781.198,19821234.79105
2024-08-05,62.47,62.58,49.8,56.08,2173870.07,118795273.07422
2024-08-06,56.09,59.32,55.98,58.25,492339.711,28597991.43585
2024-08-07,58.24,59.5,55.35,55.99,620230.427,35568119.16351
2024-08-08,56.0,62.0,55.16,61.16,372849.94,22018116.9355
2024-08-09,61.15,61.24,59.33,60.72,286289.922,17271365.47779
2024-08-10,60.72,61.55,60.14,61.16,199810.959,12174707.57692
2024-08-11,61.17,62.42,58.81,59.73,306212.882,18629048.38971
2024-08-12,59.73,62.06,59.17,61.5,444394.904,27097058.0394
2024-08-13,61.5,63.52,61.12,63.44,296388.601,18505401.38663
2024-08-14,63.43,64.69,62.57,64.06,334518.91,21363329.8618
2024-08-15,64.05,66.89,63.59,65.33,572346.5,37220476.37617
2024-08-16,65.33,66.79,64.28,66.49,425227.854,27984259.03328
2024-08-17,66.49,67.87,65.88,67.59,218390.878,14644166.67475
2024-08-18,67.59,68.16,66.09,66.33,291014.373,19526619.73475
2024-08-19,66.34,67.42,65.59,66.32,325938.679,21704286.66393
2024-08-20,66.32,67.3,63.15,64.41,423924.769,27596771.26408
2024-08-21,64.41,64.77,62.06,64.27,453834.362,28769074.58616
2024-08-22,64.27,64.37,62.48,63.77,321301.243,20388919.55578
2024-08-23,63.77,66.88,63.47,66.1,427315.743,27693987.56455
2024-08-24,66.1,67.99,65.43,66.57,307082.897,20489204.79348
2024-08-25,66.57,66.87,64.42,64.82,273239.656,17879960.98558
2024-08-26,64.82,65.1,62.97,63.01,325813.775,20875952.47224
2024-08-27,63.0,63.97,59.0,60.38,401987.146,24984792.1295
2024-08-28,60.37,62.38,59.4,61.82,393591.324,24003777.07438
2024-08-29,61.83,63.96,61.09,62.47,646057.531,40411358.90552
2024-08-30,62.46,65.42,61.55,64.94,445694.647,28218609.20106
2024-08-31,64.93,66.45,64.86,64.97,333260.006,21832901.20396
2024-09-01,64.96,65.13,62.84,63.59,275100.421,17679544.91843
2024-09-02,63.57,65.74,62.6,65.33,338228.783,21690654.57029
2024-09-03,65.33,66.38,64.3,64.36,320522.789,20984736.01534
2024-09-04,64.36,66.22,62.02,65.42,425540.638,27688846.48962
2024-09-05,65.41,68.55,64.43,66.08,736165.409,48587031.42274
2024-09-06,66.07,66.81,61.18,63.05,503464.824,32401742.54615
2024-09-07,63.05,64.16,61.64,62.07,315700.656,19911900.45516
2024-09-08,62.06,62.32,59.89,60.95,393724.274,24163756.87065
2024-09-09,60.94,61.82,59.65,61.42,595870.787,36203657.7938
2024-09-10,61.41,61.77,60.35,61.51,377145.929,23027312.54809
2024-09-11,61.52,62.42,60.13,62.19,489748.89,30064373.91292
2024-09-12,62.17,63.12,61.52,62.84,383572.639,23878548.09643
2024-09-13,62.83,65.01,62.4,64.91,407124.406,26016566.06597
2024-09-14,64.92,66.76,64.87,65.91,414127.091,27288627.60744
2024-09-15,65.91,66.31,62.89,63.24,295654.677,19092517.24228
2024-09-16,63.24,63.75,62.1,62.62,291156.153,18298887.06432
2024-09-17,62.63,64.03,61.93,63.77,298536.819,18836798.36776
2024-09-18,63.76,64.86,62.39,64.84,302989.047,19303022.25037
2024-09-19,64.84,66.06,64.69,65.4,345158.431,22553359.81068
2024-09-20,65.39,66.45,64.33,65.33,358959.114,23510505.20551
2024-09-21,65.33,67.15,64.82,66.84,222813.661,14733299.64507
2024-09-22,66.85,68.82,66.46,68.68,306313.854,20637225.51611
2024-09-23,68.69,69.35,66.63,66.96,311939.213,21130863.19101
2024-09-24,66.95,67.17,65.66,66.7,311050.764,20688571.77219
2024-09-25,66.71,67.85,65.91,66.55,251370.126,16806206.05028
2024-09-26,66.55,68.58,65.63,68.54,293448.78,19826672.22612
2024-09-27,68.54,71.2,68.28,71.13,377138.733,26299214.60101
2024-09-28,71.13,71.52,69.01,69.95,324204.131,22748665.3731
2024-09-29,69.95,70.32,68.49,69.27,217931.548,15129018.14594
2024-09-30,69.27,69.38,66.28,66.82,350738.257,23669118.44155
2024-10-01,66.83,68.59,62.0,63.41,476778.203,31139933.51307
2024-10-02,63.4,64.77,62.23,62.95,333252.431,21146709.37912
2024-10-03,62.95,63.97,61.92,63.44,338510.319,21374688.35301
2024-10-04,63.45,65.2,63.29,64.95,232700.151,14984126.0422
2024-10-05,64.95,66.36,64.67,66.29,209580.313,13758972.36857
2024-10-06,66.3,67.65,66.11,67.02,205595.558,13797201.06102
2024-10-07,67.03,67.98,64.48,64.77,343005.628,22741064.02065
2024-10-08,64.77,66.16,64.52,65.69,237887.624,15569734.01114
2024-10-09,65.69,65.97,64.11,64.59,300940.046,19616047.30471
2024-10-10,64.59,65.09,63.22,64.32,218900.38,14093161.95964
2024-10-11,64.32,65.92,64.3,65.58,213209.345,13915367.81768
2024-10-12,65.59,66.65,65.07,66.19,156600.646,10354446.30537
2024-10-13,66.19,66.3,64.43,64.8,169832.939,11074170.69253
2024-10-14,64.8,67.37,64.12,66.83,392472.567,25974371.64683
2024-10-15,66.84,72.0,65.27,70.87,1052315.145,72322277.26302
2024-10-16,70.87,73.07,69.32,70.08,659266.466,46980891.2281
2024-10-17,70.08,74.0,69.87,72.8,572727.857,41177262.73293
2024-10-18,72.79,74.87,71.89,73.11,465869.732,33986242.37359
2024-10-19,73.11,76.19,73.03,74.9,310186.925,23213874.23967
2024-10-20,74.9,75.88,73.6,74.3,294976.535,22018612.7291
2024-10-21,74.31,74.62,70.32,70.77,406227.564,29382581.64129
2024-10-22,70.77,71.62,69.39,70.04,700483.125,49418449.95885
2024-10-23,70.03,70.43,67.86,70.04,300494.357,20766401.21216
2024-10-24,70.05,71.33,69.29,71.18,265397.628,18684376.71394
2024-10-25,71.18,72.28,66.79,68.84,410496.964,29003045.37298
2024-10-26,68.83,69.72,68.07,68.47,248465.197,17111527.7113
2024-10-27,68.47,71.22,68.0,71.06,188682.053,13186120.91861
2024-10-28,71.1,71.57,69.6,70.8,334714.929,23657064.94403
2024-10-29,70.81,74.38,70.71,73.98,431834.786,31408100.79437
2024-10-30,73.99,74.27,71.49,71.76,290639.026,21040895.29855
2024-10-31,71.76,72.11,68.42,69.33,367951.223,25940224.92436
2024-11-01,69.33,71.09,67.7,70.27,398447.975,27743215.33544
2024-11-02,70.27,71.25,68.86,69.2,228292.224,15981538.98908
2024-11-03,69.2,69.29,65.28,66.86,328302.269,21999390.8577
2024-11-04,66.85,67.74,64.45,65.56,368027.479,24391632.68173
2024-11-05,65.56,67.28,64.85,65.39,387237.066,25657914.60405
2024-11-06,65.4,71.64,65.35,71.01,841276.532,58431300.6954
2024-11-07,71.0,72.39,69.88,71.45,458912.255,32700471.8051
2024-11-08,71.46,73.05,70.64,72.78,419454.252,30149904.38331
2024-11-09,72.79,74.19,71.58,73.98,389149.592,28383512.82965
2024-11-10,73.98,78.2,73.45,76.58,1116857.615,85489841.2398
2024-11-11,76.58,80.37,74.57,80.03,1490444.189,115845492.53239
2024-11-12,80.04,82.78,68.0,76.69,1818019.562,141311602.99699
2024-11-13,76.69,77.93,71.86,75.39,1304193.717,97744980.04347
2024-11-14,75.4,85.0,74.17,82.38,2471579.137,200658479.17125
2024-11-15,82.37,87.37,78.84,83.7,1604234.042,133869462.12539
2024-11-16,83.71,98.49,82.84,95.42,2821944.885,256895597.72608
2024-11-17,95.44,97.43,84.68,87.2,1747857.17,157097764.45914
2024-11-18,87.2,95.0,86.38,89.22,1671176.849,151270545.29259
2024-11-19,89.21,90.18,85.07,86.68,1002251.171,87991039.96433
2024-11-20,86.67,87.83,82.33,83.38,887763.33,75555195.40865
2024-11-21,83.41,93.0,81.54,89.51,1455684.862,129058532.98481
2024-11-22,89.51,92.78,87.63,92.2,1231751.446,111162010.94122
2024-11-23,92.2,106.36,92.08,99.5,3151459.163,317252708.97061
2024-11-24,99.5,103.18,91.53,96.92,1496549.842,145212332.10057
2024-11-25,96.92,99.23,90.92,92.26,1039103.845,99472038.3003
2024-11-26,92.23,95.31,87.95,92.82,851742.704,77820915.02322
2024-11-27,92.82,99.0,91.47,97.23,825746.05,79051308.38593
2024-11-28,97.25,98.31,93.66,95.54,529480.313,50697696.59173
2024-11-29,95.54,104.8,94.72,104.77,817737.485,81460008.43915
2024-11-30,104.76,104.92,100.33,102.74,829390.09,84812219.07163
2024-12-01,102.75,122.25,99.35,119.55,1983464.76,217809899.61107
2024-12-02,119.57,139.74,114.63,132.93,4487620.242,563110364.88125
2024-12-03,132.93,135.16,121.42,130.89,2454253.328,318115882.35362
2024-12-04,130.9,135.7,121.9,133.69,1760741.798,227827906.20731
2024-12-05,133.69,147.06,124.94,135.78,2689717.085,366673776.70745
2024-12-06,135.79,139.28,130.08,135.93,1164106.044,156993760.98056
2024-12-07,135.94,138.67,131.76,133.79,799724.325,108495440.69736
2024-12-08,133.79,135.9,130.08,134.91,633885.207,84377830.60894
2024-12-09,134.91,135.07,100.56,110.44,2110765.154,246658432.687
2024-12-10,110.43,114.84,101.23,109.8,2582881.681,281842927.16314
2024-12-11,109.79,118.68,106.01,117.3,1267462.877,143592735.31412
2024-12-12,117.3,125.01,116.46,119.24,1493639.186,180736941.74976
2024-12-13,119.23,125.3,117.04,124.52,1060225.123,127818712.45639
2024-12-14,124.52,125.34,115.42,118.21,716518.273,86276297.49696
2024-12-15,118.23,122.18,114.26,121.11,657673.179,77805504.61429
2024-12-16,121.13,124.03,115.38,117.99,1018209.997,122253585.64465
2024-12-17,118.0,131.48,114.37,125.63,1814655.994,223243280.53294
2024-12-18,125.6,129.11,107.1,108.35,2148185.765,252391930.21178
2024-12-19,108.32,111.76,94.69,99.36,2305051.958,239379553.95238
2024-12-20,99.36,103.3,86.69,101.38,1911581.465,182182487.54896
2024-12-21,101.37,106.04,97.74,101.56,1025955.733,104487844.8525
2024-12-22,101.57,103.93,96.62,99.78,802186.042,80455293.42838
2024-12-23,99.8,107.67,97.91,106.77,954998.504,98072230.1199
2024-12-24,106.76,110.83,103.96,108.35,682252.924,73427461.77897
2024-12-25,108.34,110.67,106.92,109.82,455229.844,49447534.6863
2024-12-26,109.82,110.35,101.08,102.23,579103.403,60508855.23889
2024-12-27,102.24,106.51,99.68,100.58,505959.606,52079942.08704
2024-12-28,100.58,101.8,98.67,100.74,308821.06,30945679.37133
2024-12-29,100.75,101.66,96.83,98.51,382496.606,38146441.60263
2024-12-30,98.51,103.05,97.36,99.4,632333.703,63504322.01426
2024-12-31,99.4,104.79,97.75,103.28,534270.836,54593805.40865
2025-01-01,103.28,108.14,102.03,105.24,550072.36,57842205.47703
2025-01-02,105.23,108.75,104.61,105.14,660886.805,70341066.8243
2025-01-03,105.14,114.83,104.11,112.71,640808.332,69912748.42714
2025-01-04,112.72,112.88,110.07,111.21,361726.076,40303762.24262
2025-01-05,111.22,116.17,110.58,115.72,371535.918,41830282.64142
2025-01-06,115.72,117.38,111.64,114.01,662970.334,76019928.1264
2025-01-07,114.0,114.9,102.07,102.72,828382.941,89745542.35566
2025-01-08,102.71,105.03,97.21,101.43,730219.614,74166451.49901
2025-01-09,101.43,105.85,99.88,102.23,661927.707,67926967.84466
2025-01-10,102.23,106.27,102.06,103.96,518210.256,54078413.37684
2025-01-11,103.94,104.97,102.17,104.39,310729.856,32198983.01702
2025-01-12,104.4,105.27,101.35,102.34,293039.88,30303091.58005
2025-01-13,102.35,104.47,92.57,98.37,753144.321,73185188.72286
2025-01-14,98.38,102.57,97.52,102.45,428318.978,42796201.3749
2025-01-15,102.45,118.68,100.75,116.96,1024651.571,111327121.23137
2025-01-16,116.96,130.49,114.04,124.41,2986879.825,363927146.55475
2025-01-17,124.44,141.22,124.44,137.04,2607980.341,353487964.13369
2025-01-18,137.04,139.6,123.23,125.4,1829953.181,234445163.00831
2025-01-19,125.41,128.66,111.0,115.57,2294694.684,274862993.04496
2025-01-20,115.56,127.97,112.88,118.58,1899680.537,226254214.99284
2025-01-21,118.58,124.88,113.69,119.11,1104429.961,131488651.40666
2025-01-22,119.11,120.27,114.22,115.38,642663.305,74943201.31845
2025-01-23,115.38,117.21,111.24,116.42,654578.406,74909001.19428
2025-01-24,116.42,122.99,112.82,118.71,987345.151,117209572.94791
2025-01-25,118.71,129.35,118.04,123.92,1390886.426,173332609.26364
2025-01-26,123.93,125.1,116.9,117.11,568152.234,69424810.04339
2025-01-27,117.07,117.89,106.17,115.06,1211594.768,135260268.94243
2025-01-28,115.05,116.95,109.1,109.92,691853.793,78762401.86206
2025-01-29,109.92,119.49,109.85,115.9,799397.356,91319836.49223
2025-01-30,115.9,134.0,114.22,130.15,1913996.416,245019109.9662
2025-01-31,130.15,135.32,125.21,128.09,1149057.199,148641214.95944
2025-02-01,128.09,131.24,117.62,118.04,1183240.981,147414047.40906
2025-02-02,118.05,121.41,104.02,109.12,1569458.035,177318750.18708
2025-02-03,109.13,109.16,80.04,106.91,3614756.025,350431895.52384
2025-02-04,106.91,108.76,98.42,101.07,1303945.435,133447640.18243
2025-02-05,101.08,109.45,100.47,103.38,1047918.633,109862583.64418
2025-02-06,103.38,109.66,99.49,101.66,1119342.799,116480174.76022
2025-02-07,101.66,108.13,100.57,103.11,851999.926,89040187.09031
2025-02-08,103.11,105.17,101.75,104.69,490464.262,50715696.97982
2025-02-09,104.69,109.18,102.28,107.2,748420.433,79642224.07775
2025-02-10,107.2,122.48,107.13,120.21,1863120.565,215767169.26393
2025-02-11,120.21,132.48,117.81,119.27,2470798.83,309762838.85706
2025-02-12,119.26,125.0,111.33,122.04,1597881.367,188901374.97434
2025-02-13,122.05,129.32,118.85,126.61,1388491.895,172120554.75407
2025-02-14,126.62,133.87,124.39,124.91,1576650.344,202523020.98195
2025-02-15,124.9,135.0,124.31,133.86,1339971.945,175898938.95932
2025-02-16,133.86,137.5,125.04,125.71,1383270.475,181437615.83383
2025-02-17,125.72,128.86,120.0,122.31,1349028.336,167303903.40497
2025-02-18,122.31,129.85,119.85,129.75,1511393.623,189054337.67838
2025-02-19,129.75,140.0,129.7,134.88,2093245.236,282254721.79407
2025-02-20,134.88,135.23,125.86,130.82,1673076.047,217228721.46693
2025-02-21,130.82,140.17,123.65,128.1,2669400.996,354708559.73156
2025-02-22,128.1,131.2,125.58,125.9,941456.622,120563692.66374
2025-02-23,125.91,130.44,125.17,129.85,585876.345,74797401.65164
2025-02-24,129.86,130.5,112.01,114.77,1443025.494,174803157.91259
2025-02-25,114.78,117.32,106.08,114.55,2046367.62,229996666.85769
2025-02-26,114.55,128.94,113.96,124.68,2521203.963,311549514.60937
2025-02-27,124.68,132.0,121.73,126.86,2245609.495,285597923.64783
2025-02-28,126.86,129.59,114.05,128.04,2554702.699,312099808.04346
2025-03-01,128.03,131.0,122.93,124.31,868229.911,109769197.07723
2025-03-02,124.31,130.0,117.46,127.89,1991443.325,247910152.80959
2025-03-03,127.89,130.4,106.7,109.89,2290258.924,268519038.40569
2025-03-04,109.9,110.94,93.93,103.66,2521491.908,257784456.37591
2025-03-05,103.65,106.87,100.61,104.73,963325.131,99863681.86484
2025-03-06,104.73,113.0,102.11,103.39,1168337.179,124867477.49458
2025-03-07,103.39,106.68,97.29,103.71,1166607.54,119938781.77474
2025-03-08,103.71,109.05,101.77,102.34,579080.883,60777179.22467
2025-03-09,102.34,102.77,93.61,94.62,904937.724,89117039.60104
2025-03-10,94.63,99.1,86.26,87.48,1237623.854,114447904.24146
2025-03-11,87.49,93.29,83.28,90.46,1264775.139,112170471.23954
2025-03-12,90.45,93.0,87.3,91.51,689534.562,62308237.0247
2025-03-13,91.5,91.77,86.28,88.08,626972.93,55872840.82459
2025-03-14,88.09,92.84,87.81,91.31,509120.568,46157217.2539
2025-03-15,91.32,94.25,90.96,92.47,492267.19,45691037.20965
2025-03-16,92.47,92.69,88.34,90.22,492339.072,44537167.58302
2025-03-17,90.22,95.0,90.21,92.3,849604.706,79091456.04288
2025-03-18,92.3,92.33,87.1,90.03,682016.186,60725053.00011
2025-03-19,90.03,94.25,89.31,94.09,743820.121,67926322.41083
2025-03-20,94.09,94.57,90.07,93.29,609070.67,56253438.18128
2025-03-21,93.29,93.94,90.82,90.84,444858.363,41334614.09675
2025-03-22,90.83,92.22,90.38,91.37,277045.178,25280782.70564
2025-03-23,91.37,93.0,90.63,91.48,274595.283,25212112.85977
2025-03-24,91.48,95.6,90.81,93.77,688313.607,64261689.52357
2025-03-25,93.77,94.77,91.9,94.36,508199.648,47406586.58662
2025-03-26,94.36,96.52,90.9,92.42,574644.204,54077042.20122
2025-03-27,92.42,95.02,92.17,92.79,427380.711,40001073.19728
2025-03-28,92.79,93.43,85.71,87.35,632463.916,55962323.19588
2025-03-29,87.36,88.04,84.16,85.46,470787.935,40453627.22869
2025-03-30,85.46,86.81,84.68,86.1,249994.782,21516020.73302
2025-03-31,86.11,86.27,80.8,82.97,611862.092,50909995.58618
2025-04-01,82.98,85.9,82.86,84.48,426671.272,36127053.4406
2025-04-02,84.48,88.56,80.95,81.54,785400.088,66226873.96703
2025-04-03,81.53,84.8,80.12,83.45,547848.854,45225051.7313
2025-04-04,83.45,85.12,81.61,84.41,441032.045,36938208.09922
2025-04-05,84.41,84.98,81.62,82.67,172009.689,14317389.20722
2025-04-06,82.68,83.13,68.41,70.62,906447.894,68105812.88412
2025-04-07,70.63,73.04,63.08,70.99,1852618.484,126318294.34728
2025-04-08,70.99,73.53,68.24,69.15,748218.582,53061160.43819
2025-04-09,69.16,78.55,66.51,76.03,1126706.181,82080244.88683
2025-04-10,76.03,76.12,71.07,73.81,575481.582,42439447.89496
2025-04-11,73.81,77.55,73.73,76.19,453547.13,34494972.56015
2025-04-12,76.19,80.11,74.92,78.62,455460.706,35378150.82975
2025-04-13,78.63,80.03,76.41,77.85,364958.005,28608199.99154
2025-04-14,77.85,80.67,75.66,77.18,463176.504,36071041.2311
2025-04-15,77.19,78.72,74.65,75.27,312043.203,23949781.57669
2025-04-16,75.28,76.53,73.27,74.33,409444.494,30719428.37771
2025-04-17,74.34,76.6,73.67,74.95,316626.917,23806887.55994
2025-04-18,74.94,77.08,74.59,76.0,231992.829,17595959.48653
2025-04-19,76.0,76.77,74.24,76.1,220023.384,16686672.8119
2025-04-20,76.1,78.5,75.39,77.79,213238.873,16350884.35573
2025-04-21,77.8,81.85,77.41,78.15,465451.449,36937830.98781
2025-04-22,78.14,84.7,77.38,83.49,526846.511,42901495.77047
2025-04-23,83.5,85.22,82.22,83.28,652354.871,54878263.59209
2025-04-24,83.27,84.62,80.77,84.29,418899.973,34593420.10827
2025-04-25,84.3,87.26,82.89,86.28,427995.291,36641417.48299
2025-04-26,86.29,88.04,85.21,87.06,277717.024,24154224.7459
2025-04-27,87.06,87.59,84.56,85.39,258510.68,22273459.25096
2025-04-28,85.38,88.1,83.7,85.67,406920.589,34943267.46762
2025-04-29,85.67,87.5,84.48,85.57,427485.79,36769619.3688
2025-04-30,85.56,86.62,81.43,83.51,429565.235,36191099.76754
2025-05-01,83.52,91.0,83.3,88.85,475886.167,41549569.55339
2025-05-02,88.85,91.04,86.95,87.97,324481.946,28807636.57179
2025-05-03,87.96,87.99,85.53,86.55,183693.273,15960733.23035
2025-05-04,86.55,86.9,84.79,85.05,286786.329,24687833.55961
2025-05-05,85.05,89.51,82.19,83.25,623167.973,53801326.41443
2025-05-06,83.25,92.71,80.99,91.6,808705.083,68786282.77408
2025-05-07,91.6,93.7,87.21,89.53,917841.917,83664023.47367
2025-05-08,89.52,95.46,89.39,94.99,911424.873,84210707.26432
2025-05-09,94.98,101.55,93.83,100.52,1009111.937,98885649.31097
2025-05-10,100.52,107.05,100.4,105.27,866022.936,89677115.69344
2025-05-11,105.26,105.96,98.08,100.12,665563.496,67526105.52319
2025-05-12,100.13,105.07,98.32,103.84,989909.104,100739736.85324
2025-05-13,103.84,104.96,99.42,103.41,825560.07,84456611.87403
2025-05-14,103.4,105.97,98.57,100.95,767279.98,78443845.94807
2025-05-15,100.95,101.9,95.58,99.26,616643.113,60636429.43965
2025-05-16,99.26,102.19,98.26,99.48,440148.167,44204143.13789
2025-05-17,99.48,101.23,95.62,96.06,426717.374,41999808.94112
2025-05-18,96.06,102.48,95.8,100.94,526149.566,52052754.86972
2025-05-19,100.95,101.27,94.29,98.25,561000.722,54355452.14917
2025-05-20,98.26,99.69,92.29,94.46,863392.165,81576594.23874
2025-05-21,94.47,98.35,93.43,97.09,764205.048,73070346.17006
2025-05-22,97.09,101.04,96.96,100.26,867224.575,85839286.09823
2025-05-23,100.26,102.94,94.59,95.26,795284.665,78688690.85537
2025-05-24,95.25,97.81,94.79,95.63,329413.992,31777760.26407
2025-05-25,95.63,96.06,93.08,95.6,339057.251,32116048.10738
2025-05-26,95.59,97.59,94.32,95.02,314456.476,30226547.75249
2025-05-27,95.01,97.0,93.03,95.9,481476.201,46046331.24699
2025-05-28,95.89,97.49,93.5,95.37,376226.267,35919002.75474
2025-05-29,95.38,98.95,92.82,93.21,564289.815,54210609.99627
2025-05-30,93.2,93.9,84.91,85.64,881102.393,78866396.4602
2025-05-31,85.64,87.93,83.11,87.03,434395.68,37110544.60087
2025-06-01,87.03,88.72,85.74,88.39,239166.11,20874598.49698
2025-06-02,88.39,89.97,86.98,89.52,313354.958,27730475.04033
2025-06-03,89.52,90.58,88.67,89.5,327630.836,29356229.87455
2025-06-04,89.49,90.97,87.4,87.99,295444.154,26490545.12303
2025-06-05,87.98,89.13,81.95,83.58,465674.842,39952376.76654
2025-06-06,83.58,87.67,83.17,87.25,433907.926,36931001.03715
2025-06-07,87.25,89.31,86.63,88.31,207699.499,18323409.75713
2025-06-08,88.31,88.63,86.59,87.18,292584.04,25667623.38212
2025-06-09,87.18,90.81,86.71,90.73,466484.988,41292084.64657
2025-06-10,90.74,93.5,89.53,93.33,404853.223,36975791.93748
2025-06-11,93.33,94.17,90.38,91.56,470181.03,43284008.82412
2025-06-12,91.56,91.9,86.0,86.13,350586.926,31130851.65298
2025-06-13,86.13,86.7,81.3,86.55,560297.625,46851474.06888
2025-06-14,86.55,86.91,84.2,85.18,219955.437,18834123.09273
2025-06-15,85.18,86.59,84.92,86.3,165888.536,14230888.15278
2025-06-16,86.3,88.92,85.34,86.67,320777.131,28086848.27877
2025-06-17,86.67,87.77,82.49,84.22,377572.877,32068916.28029
2025-06-18,84.23,85.68,83.34,85.08,255130.458,21604521.98419
2025-06-19,85.08,86.05,84.21,85.11,289102.7,24606005.99013
2025-06-20,85.11,85.98,80.96,82.91,352058.908,29550095.12259
2025-06-21,82.92,84.12,78.6,80.23,311569.49,25419272.63913
2025-06-22,80.23,82.04,76.17,80.21,485528.54,38437595.34422
2025-06-23,80.21,85.42,79.47,84.91,371464.044,30440109.72309
2025-06-24,84.91,85.38,83.81,84.84,264062.339,22337708.62318
2025-06-25,84.84,85.47,83.9,84.67,305392.709,25874690.66134
2025-06-26,84.68,85.95,83.78,84.27,278766.39,23685621.02809
2025-06-27,84.27,85.65,83.17,84.83,240855.095,20329487.19829
2025-06-28,84.83,87.37,84.53,86.31,211612.911,18173263.69747
2025-06-29,86.3,88.49,85.85,87.96,184230.651,16002889.90024
2025-06-30,87.96,88.36,84.75,86.0,279933.722,24179659.48741
2025-07-01,85.99,86.84,82.39,83.22,297602.279,25236925.23848
2025-07-02,83.21,88.66,82.97,87.32,435180.53,37419548.73624
2025-07-03,87.32,92.29,86.89,89.08,685108.99,61799689.94629
2025-07-04,89.08,89.33,85.65,86.84,381029.019,33354347.29987
2025-07-05,86.84,87.82,85.82,87.55,164680.995,14265523.93317
2025-07-06,87.55,88.52,86.47,87.35,204172.737,17860543.5955
2025-07-07,87.35,88.28,85.16,86.05,293614.071,25467417.96534
2025-07-08,86.05,88.0,85.52,87.75,233151.159,20200622.50649
2025-07-09,87.76,91.41,87.12,90.61,504075.951,44883974.41108
2025-07-10,90.61,95.3,90.11,94.85,481170.134,44390333.28343
2025-07-11,94.86,98.32,92.67,94.26,757779.391,72605381.99367
2025-07-12,94.24,95.45,90.75,92.77,368315.491,34240873.37402
2025-07-13,92.77,96.88,92.51,94.62,315620.972,29953158.22009
2025-07-14,94.63,97.99,94.14,95.64,503815.871,48538374.36532
2025-07-15,95.63,96.73,91.2,96.35,556039.853,52102424.91773
2025-07-16,96.36,99.96,95.1,97.47,615319.406,59988829.7144
2025-07-17,97.47,103.59,95.32,101.6,915931.99,91551944.83012
2025-07-18,101.6,112.39,100.04,101.73,1836839.668,195453087.95822
2025-07-19,101.72,114.18,99.66,113.16,1328811.952,142250944.22153
2025-07-20,113.16,121.47,110.57,116.59,1699964.862,198220828.50202
2025-07-21,116.59,122.0,114.56,115.43,1050258.95,123707797.84697
2025-07-22,115.42,119.86,112.59,119.65,1066653.894,123426452.31596
2025-07-23,119.66,122.29,108.89,112.05,1118428.874,129140357.76024
2025-07-24,112.06,115.43,106.58,112.26,736983.942,82615459.70535
2025-07-25,112.27,116.38,108.18,113.78,776174.654,87246752.81425
2025-07-26,113.79,115.47,112.01,113.91,299137.841,34041184.19895
2025-07-27,113.92,115.6,112.41,114.78,344001.336,39245900.67237
2025-07-28,114.79,116.41,108.28,109.02,539974.448,60760583.81477
2025-07-29,109.03,110.77,106.74,108.52,459505.77,50042349.19123
2025-07-30,108.52,111.39,105.2,110.5,541987.443,58780713.90438
2025-07-31,110.5,111.86,105.74,106.09,490160.731,53586298.84769
2025-08-01,106.09,108.4,103.16,106.59,919215.998,96846470.75403
2025-08-02,106.6,110.5,104.06,106.09,750430.477,80335087.1526
2025-08-03,106.1,111.45,104.14,110.39,425970.144,46204190.62797
2025-08-04,110.39,121.47,110.12,121.22,1062658.038,124054251.15359
2025-08-05,121.22,129.16,119.54,120.27,1559475.757,192336899.88669
2025-08-06,120.27,121.13,115.19,119.22,699317.943,82452619.69486
2025-08-07,119.22,123.1,117.37,122.89,901648.011,108705459.06504
2025-08-08,122.9,126.42,119.32,123.78,800267.488,98098893.28563
2025-08-09,123.78,126.35,120.15,120.18,629896.316,77669277.51726
2025-08-10,120.17,126.14,118.25,123.75,716426.142,87977880.21405
2025-08-11,123.75,128.15,119.56,120.05,1078503.78,134626576.90596
2025-08-12,120.06,131.99,118.36,130.46,1167337.439,145617145.55508
2025-08-13,130.46,134.19,128.58,130.91,875809.398,114884360.12264
2025-08-14,130.91,133.99,119.26,121.29,1141237.763,144092300.09718
2025-08-15,121.28,123.27,116.55,119.14,687554.645,82603204.98446
2025-08-16,119.13,121.09,117.14,121.05,330832.186,39411344.36959
2025-08-17,121.04,123.2,119.76,120.71,463182.445,56314598.85069
2025-08-18,120.72,120.93,115.29,117.77,525494.896,61668500.7194
2025-08-19,117.77,119.07,112.11,112.67,498809.023,57348722.53731
2025-08-20,112.67,117.12,112.06,116.06,459688.664,52764523.80141
2025-08-21,116.06,117.3,113.45,114.76,256459.812,29603902.4744
2025-08-22,114.76,123.66,112.51,122.96,648084.544,76989214.89789
2025-08-23,122.95,123.37,119.76,121.45,331041.514,40210888.96977
2025-08-24,121.45,124.77,117.1,118.19,474558.257,57173630.38374
2025-08-25,118.18,118.66,106.7,109.13,888113.679,99519497.57892
2025-08-26,109.13,114.79,108.79,113.48,455845.699,50859517.28556
2025-08-27,113.48,116.27,111.95,112.18,411671.884,46770727.44275
2025-08-28,112.17,114.62,111.32,113.64,278994.611,31604011.42977
2025-08-29,113.64,113.87,108.63,109.91,479891.22,53032200.82298
2025-08-30,109.91,111.27,108.3,110.84,227194.068,25036247.27489
2025-08-31,110.83,111.91,108.76,108.89,214891.815,23833692.70268
2025-09-01,108.87,111.35,106.38,108.73,382018.242,41620887.47045
2025-09-02,108.73,113.0,108.58,111.76,424271.215,46861905.64497
2025-09-03,111.76,113.31,110.79,112.98,272764.627,30600260.56326
2025-09-04,112.98,113.5,109.5,111.05,223187.595,24789801.54031
2025-09-05,111.05,115.12,111.01,112.05,371663.277,41911601.27409
2025-09-06,112.05,112.53,111.23,112.13,132989.484,14873636.74967
2025-09-07,112.14,115.41,112.14,114.9,225688.946,25768443.20287
2025-09-08,114.9,115.55,111.9,112.75,501011.293,56743301.64816
2025-09-09,112.76,114.69,110.8,111.92,482498.375,54448859.4652
2025-09-10,111.93,118.73,111.52,117.66,541598.389,62368870.39456
2025-09-11,117.65,117.8,112.95,115.83,540309.577,62440170.85166
2025-09-12,115.83,118.27,114.72,118.03,478578.679,55699714.41283
2025-09-13,118.03,120.83,117.46,119.22,607528.369,72441637.00554
2025-09-14,119.22,119.33,113.93,115.1,648564.327,75615483.67869
2025-09-15,115.1,116.76,111.92,113.72,429263.371,48852204.27803
2025-09-16,113.72,115.79,112.0,115.03,431559.909,49310347.73894
2025-09-17,115.02,117.6,113.13,117.0,496086.817,56954742.01327
2025-09-18,117.0,119.11,114.91,118.19,539235.656,63079383.3568
2025-09-19,118.19,119.47,113.37,114.04,386381.824,44918308.61599
2025-09-20,114.03,115.31,113.4,113.92,178119.592,20343336.76822
2025-09-21,113.92,116.27,113.7,114.0,209479.704,24089801.88415
2025-09-22,113.99,114.51,102.2,105.65,767675.734,82539311.88237
2025-09-23,105.66,107.24,104.39,106.07,329809.938,35003232.42419
2025-09-24,106.07,107.69,104.56,105.52,430817.498,45954622.22399
2025-09-25,105.52,105.83,100.25,102.28,485830.463,50241894.20563
2025-09-26,102.28,104.88,100.97,104.55,245710.217,25326932.46035
2025-09-27,104.54,104.96,103.26,104.46,150651.161,15689984.26484
2025-09-28,104.47,107.17,102.7,106.88,180118.884,18882730.64463
2025-09-29,106.88,107.66,105.3,106.76,268037.084,28525727.53433
2025-09-30,106.76,107.61,103.84,106.88,274575.895,29068908.91084
2025-10-01,106.87,115.34,105.39,115.1,561526.624,62095791.87439
2025-10-02,115.11,122.71,115.11,119.54,1140711.459,136179934.75041
2025-10-03,119.54,124.86,115.79,120.56,879533.808,105665860.46314
2025-10-04,120.57,121.0,117.42,120.51,290698.143,34592567.20652
2025-10-05,120.5,124.17,118.35,118.85,507015.733,61403955.15963
2025-10-06,118.85,121.47,118.1,118.32,464570.491,55686990.6924
2025-10-07,118.32,119.27,115.16,116.91,422674.282,49597391.89694
2025-10-08,116.91,119.6,115.34,118.6,349258.487,40974150.93128
2025-10-09,118.61,128.2,115.44,125.9,916537.15,110483118.03966
2025-10-10,125.9,135.99,52.71,96.88,4389823.156,497966415.89801
2025-10-11,96.87,102.77,90.05,93.34,2392845.063,232713670.54737
2025-10-12,93.35,102.16,91.61,98.98,1264382.696,122693147.02853
2025-10-13,98.97,101.34,94.81,99.45,1325856.9,129968277.14482
2025-10-14,99.46,100.55,91.12,97.33,1285594.754,122576140.11826
2025-10-15,97.33,99.97,93.36,95.5,674590.453,65063252.61215
2025-10-16,95.5,96.96,89.59,91.79,846143.65,79016025.29418
2025-10-17,91.79,93.14,83.36,90.12,1099055.861,96787701.16983
2025-10-18,90.11,92.24,89.88,91.69,322080.334,29318382.17425
2025-10-19,91.69,94.78,90.72,93.33,356712.683,33168251.18575
2025-10-20,93.33,95.79,92.24,94.01,381476.736,36080985.0185
2025-10-21,94.0,96.94,91.62,92.46,597066.665,56356543.75748
2025-10-22,92.45,94.97,89.91,91.88,613128.16,56742950.61185
2025-10-23,91.88,94.79,91.79,94.04,338092.586,31584628.45254
2025-10-24,94.04,97.45,93.93,96.45,437003.74,41851522.87232
2025-10-25,96.44,97.07,95.67,96.97,178797.931,17237752.44629
2025-10-26,96.96,101.02,96.34,100.02,337315.117,33324867.4588
2025-10-27,100.02,103.1,98.16,99.39,661778.678,66675877.79171
2025-10-28,99.4,106.98,95.33,96.65,1136067.546,114603912.51196
2025-10-29,96.64,100.75,95.79,98.53,636748.194,62641920.74439
2025-10-30,98.53,99.76,90.37,93.39,689290.89,65199061.07165
2025-10-31,93.38,96.3,92.98,95.38,367029.123,34770064.0359
2025-11-01,95.38,104.0,95.03,101.38,586785.41,57960672.66589
2025-11-02,101.39,101.54,97.5,99.42,466122.873,46450998.43029
2025-11-03,99.42,99.79,85.35,87.43,1032684.313,93897252.52432
2025-11-04,87.42,91.2,79.68,85.21,1131742.898,97008761.44934
2025-11-05,85.2,89.97,82.01,89.39,597946.693,51870439.2031
2025-11-06,89.39,89.39,85.3,87.0,495999.412,43328487.50824
2025-11-07,87.01,104.85,85.95,101.87,1639946.774,158896573.06141
2025-11-08,101.88,107.64,98.02,106.95,1089634.77,109915555.60853
2025-11-09,106.95,113.71,98.8,110.31,1966394.492,208206296.86181
2025-11-10,110.3,112.3,103.4,104.25,1071811.879,115435657.64392
2025-11-11,104.24,106.99,99.02,99.68,931687.212,95135425.90726
2025-11-12,99.69,104.32,94.86,97.59,1173355.162,116011443.35986
2025-11-13,97.6,102.75,93.58,96.55,982130.246,96787271.43245
2025-11-14,96.54,100.2,93.22,97.7,1072144.18,103613517.89676
2025-11-15,97.69,109.59,97.57,101.71,1089472.087,113509856.28635
2025-11-16,101.72,103.38,94.15,95.79,723048.093,71412322.06813
2025-11-17,95.79,97.94,90.57,91.24,729231.572,69104964.17285
2025-11-18,91.25,97.55,90.43,95.66,727888.918,68867637.22853
2025-11-19,95.66,95.99,88.86,92.9,603273.923,55753487.36202
2025-11-20,92.9,93.82,86.01,87.24,616052.902,55299214.60034
2025-11-21,87.23,88.67,80.01,82.64,1109079.314,92702678.73503
2025-11-22,82.64,83.9,80.82,82.12,390908.66,32153014.54865
2025-11-23,82.11,84.45,81.85,83.09,403125.549,33644306.7224
2025-11-24,83.09,87.25,82.19,85.46,507041.997,42870518.82741
2025-11-25,85.46,86.76,83.08,85.3,501467.245,42553006.4257
2025-11-26,85.29,87.72,83.28,86.87,397790.638,33954768.68655
2025-11-27,86.85,87.8,85.97,86.59,271246.188,23546903.50618
2025-11-28,86.59,86.77,83.13,84.22,366205.629,31161108.37705
2025-11-29,84.22,85.73,83.14,83.95,188495.208,15883606.93939
2025-11-30,83.95,84.83,82.27,82.38,173562.982,14574310.64248
2025-12-01,82.37,82.5,74.66,77.55,768955.214,59761238.56868
2025-12-02,77.56,83.31,77.31,82.79,416570.506,33591104.10363
2025-12-03,82.8,86.73,82.5,85.83,501837.773,42736375.54558
2025-12-04,85.83,86.77,82.16,83.54,457518.638,38611717.12697
2025-12-05,83.54,84.13,79.59,80.38,404693.922,33081694.32529
2025-12-06,80.39,82.52,79.9,81.68,271214.908,22050455.77511
2025-12-07,81.67,83.76,79.88,81.43,278926.302,22798096.87373
2025-12-08,81.43,84.49,81.01,83.87,356631.49,29749384.53881
2025-12-09,83.87,87.54,82.47,85.82,438493.075,37395806.16569
2025-12-10,85.82,87.09,83.74,84.3,343758.859,29212283.93396
2025-12-11,84.3,84.59,80.31,82.93,447190.593,36557271.47641
2025-12-12,82.93,84.49,80.5,81.95,300466.28,24860580.76464
2025-12-13,81.95,82.45,80.77,81.47,150564.427,12308110.81223
2025-12-14,81.47,81.99,77.96,78.96,246089.417,19596303.76955
2025-12-15,78.96,81.42,75.74,77.51,377024.701,29621794.3707
2025-12-16,77.52,79.89,76.44,79.08,398870.126,31273409.08815
2025-12-17,79.07,81.04,75.16,76.01,376262.289,29332956.44287
2025-12-18,76.01,78.56,72.64,74.29,475331.443,35828259.3723
2025-12-19,74.28,78.02,73.56,77.49,362068.467,27568332.26807
2025-12-20,77.49,79.41,76.43,77.84,157890.421,12211430.33712
2025-12-21,77.84,78.05,75.46,76.79,208349.125,15993013.81049
2025-12-22,76.79,79.49,76.35,77.05,307831.718,23942302.47371
2025-12-23,77.05,77.96,75.53,77.01,260524.06,20004466.82409
2025-12-24,77.01,77.42,75.22,75.79,266137.657,20215629.97507
2025-12-25,75.79,77.57,75.36,75.71,204493.057,15648108.78935
2025-12-26,75.7,78.0,75.48,76.87,254509.443,19583246.34934
2025-12-27,76.87,80.58,76.76,80.33,211258.146,16539166.37659
2025-12-28,80.33,80.58,77.87,78.73,219808.346,17387108.87098
2025-12-29,78.73,80.25,76.92,78.32,309985.174,24336182.54246
2025-12-30,78.33,79.03,77.62,78.89,238627.692,18666181.05467
2025-12-31,78.88,78.89,76.08,76.85,233120.006,18084270.19747
2026-01-01,76.86,80.03,76.7,79.97,194402.742,15246321.31297
2026-01-02,79.97,82.25,79.04,81.93,285255.308,22940336.91614
2026-01-03,81.94,82.82,80.77,82.08,249457.667,20423196.93075
2026-01-04,82.09,83.17,81.65,82.26,254059.572,20942629.34106
2026-01-05,82.26,84.57,81.44,83.46,427913.448,35428184.1277
2026-01-06,83.46,84.89,81.16,83.96,356122.443,29714566.25205
2026-01-07,83.95,83.97,81.0,81.71,276546.003,22764671.76159
2026-01-08,81.71,82.3,80.0,81.31,252290.561,20459158.81014
2026-01-09,81.31,82.12,79.91,81.49,251572.162,20426251.69079
2026-01-10,81.48,82.42,80.8,81.19,149346.699,12171684.64394
2026-01-11,81.19,81.78,78.53,78.79,323460.486,26042730.85723
2026-01-12,78.79,80.75,75.6,76.12,766104.643,59367264.01696
2026-01-13,76.11,78.95,75.26,78.18,1092209.996,83879369.01916
2026-01-14,78.17,80.97,75.8,76.67,1728520.677,135633445.62117
2026-01-15,76.66,76.92,69.46,72.21,1503254.414,111214491.3774
2026-01-16,72.21,76.07,70.92,75.22,846767.044,61774787.63465
2026-01-17,75.21,75.99,73.84,74.92,327149.181,24462384.7155
2026-01-18,74.92,75.9,72.1,72.29,377184.548,28170829.05366
2026-01-19,72.28,72.28,65.58,70.8,993480.913,69415754.32641
2026-01-20,70.79,71.05,65.9,67.12,699879.344,48034418.97831
2026-01-21,67.12,69.71,66.03,68.48,677970.362,46136403.8906
2026-01-22,68.48,69.65,67.06,68.19,400973.972,27420804.86786
2026-01-23,68.2,69.6,66.98,68.07,391555.321,26783123.36337
2026-01-24,68.07,68.98,67.75,68.19,180394.712,12332354.34648
2026-01-25,68.2,70.36,65.23,67.3,627760.546,42730081.41703
2026-01-26,67.29,70.11,66.97,69.72,427828.099,29403328.93255
2026-01-27,69.73,70.49,68.64,70.03,325716.599,22679275.71174
2026-01-28,70.03,70.31,68.42,69.42,301017.18,20915447.64431
2026-01-29,69.41,69.55,64.43,66.24,474641.116,31571685.86396
2026-01-30,66.24,66.47,62.71,65.47,686027.282,44298205.39446
2026-01-31,65.47,65.5,55.0,59.53,1322363.304,78841947.36423
2026-02-01,59.53,59.92,57.16,58.49,614483.462,36196325.46016
2026-02-02,58.49,61.17,56.51,60.02,649668.505,38336315.86657
2026-02-03,60.02,61.38,56.87,59.48,607480.409,36168627.2098
2026-02-04,59.47,60.99,57.07,58.89,610711.727,36050841.46711
2026-02-05,58.89,59.49,50.18,50.79,1590945.035,85956321.93629
2026-02-06,50.79,56.47,45.07,55.02,1678612.362,85367426.43744
2026-02-07,55.01,56.0,52.86,55.19,807072.496,44079172.16207
2026-02-08,55.19,55.88,53.65,54.53,374171.837,20573094.34484
2026-02-09,54.53,55.13,52.36,54.45,393768.113,21267590.04059
2026-02-10,54.45,54.68,52.84,53.38,289989.059,15523350.66067
2026-02-11,53.37,53.71,51.0,52.32,428953.94,22377062.05081
2026-02-12,52.32,53.81,51.51,53.15,340264.81,17951761.78533
2026-02-13,53.15,55.7,52.36,55.03,376571.893,20396856.8894
2026-02-14,55.04,56.66,54.88,55.99,322012.369,17953963.83347
2026-02-15,55.99,56.68,54.18,55.08,375205.526,20753860.42725
2026-02-16,55.09,55.65,53.33,55.13,393363.556,21359131.76483
2026-02-17,55.13,55.85,53.17,53.96,357538.905,19468421.07935
2026-02-18,53.96,54.93,52.95,53.32,260302.801,14030202.41314
2026-02-19,53.32,53.73,51.42,52.7,266659.855,14016610.77875
2026-02-20,52.71,55.47,52.66,55.19,463361.849,25190794.37633
2026-02-21,55.19,56.01,54.82,54.9,242511.391,13420993.82085
2026-02-22,54.91,54.92,52.94,53.48,231209.383,12439900.54386
2026-02-23,53.48,53.55,50.72,51.35,349970.204,18161679.77868
2026-02-24,51.35,51.9,50.18,51.15,376143.687,19180278.33098
2026-02-25,51.16,59.0,51.03,56.76,683585.789,38059571.5132
2026-02-26,56.76,57.09,54.42,55.62,339639.683,18979974.32972
2026-02-27,55.61,56.39,53.42,54.56,305470.267,16764775.1029
2026-02-28,54.55,54.96,51.47,54.4,383397.838,20362741.60841
2026-03-01,54.41,55.53,52.47,53.24,299256.409,16159828.22147
2026-03-02,53.25,55.72,52.95,54.61,462228.194,25143429.63107
2026-03-03,54.61,55.26,53.02,54.76,439975.97,23868834.46421
2026-03-04,54.77,57.66,54.3,56.77,528737.562,29679796.84227
2026-03-05,56.77,57.27,55.03,55.46,390267.224,21895695.31222
2026-03-06,55.47,55.89,53.12,53.81,299754.686,16321033.27426
2026-03-07,53.8,54.29,53.21,53.58,262288.031,14126777.08158
2026-03-08,53.59,53.94,51.88,52.59,398559.551,21130864.60299
2026-03-09,52.58,54.75,52.5,53.77,327230.42,17588027.68913
2026-03-10,53.77,55.0,53.43,53.87,348345.87,18886176.21534
2026-03-11,53.87,55.28,53.54,54.8,272644.402,14850880.85647
2026-03-12,54.8,55.0,53.8,54.56,271228.185,14742497.11824
2026-03-13,54.57,56.71,54.47,55.3,337868.652,18799736.64269
2026-03-14,55.3,55.84,54.37,54.98,225515.431,12388984.51032
2026-03-15,54.98,56.41,54.69,56.27,247015.19,13689329.72171
2026-03-16,56.28,59.23,55.82,58.7,587196.808,33898916.98737
2026-03-17,58.69,59.26,57.31,58.09,402802.673,23440150.30041
2026-03-18,58.09,58.56,55.3,56.08,355225.613,20110224.13314
2026-03-19,56.08,56.35,54.59,55.54,266053.615,14704650.70353
2026-03-20,55.53,56.47,55.17,56.17,221084.585,12316051.12424
2026-03-21,56.18,56.59,54.42,54.81,194699.709,10874651.56483
2026-03-22,54.79,55.05,53.03,53.51,303410.591,16419099.36945
2026-03-23,53.51,56.16,53.27,55.72,361341.093,19890711.43721
2026-03-24,55.73,56.5,55.05,56.38,251140.031,13988514.79047
2026-03-25,56.39,56.8,55.79,56.65,308934.412,17406182.72869
2026-03-26,56.64,56.67,54.23,54.59,382513.198,20999800.53381
2026-03-27,54.59,55.18,53.29,53.72,262999.776,14248267.28402
2026-03-28,53.71,54.93,53.26,53.85,269897.849,14605592.32613
2026-03-29,53.84,54.39,52.22,53.32,181661.454,9731298.20948
2026-03-30,53.33,54.41,52.96,53.34,414289.211,22264043.7895
2026-03-31,53.34,54.29,53.13,53.95,332765.311,17890819.23599
2026-04-01,53.94,54.78,53.72,53.82,398752.553,21599911.7936
2026-04-02,53.82,54.12,51.4,52.29,346503.9,18105503.92199
2026-04-03,52.29,53.49,52.14,53.24,195542.014,10348492.52488
2026-04-04,53.23,53.86,52.99,53.59,149737.599,7996437.39634
2026-04-05,53.59,54.21,52.59,54.11,154164.553,8205431.34447
2026-04-06,54.12,54.64,53.2,53.53,251244.43,13609655.7216
2026-04-07,53.52,55.74,52.91,55.36,313030.401,16836263.37129
2026-04-08,55.36,55.59,53.89,53.95,262118.262,14381604.28379
2026-04-09,53.94,55.28,53.62,54.55,248302.357,13484710.76247
2026-04-10,54.55,55.52,54.23,54.96,227586.41,12491889.61623
2026-04-11,54.96,55.71,54.35,55.06,181747.445,9972879.68147
2026-04-12,55.06,55.06,53.36,53.48,208716.671,11239192.09643
2026-04-13,53.49,54.76,52.66,54.62,330733.726,17659279.14637
2026-04-14,54.62,55.27,54.01,54.28,323202.379,17628376.51403
2026-04-15,54.28,55.65,53.78,55.15,261668.064,14317928.82715
2026-04-16,55.16,56.61,54.59,56.36,329669.004,18331558.96583
2026-04-17,56.36,57.42,55.34,56.39,340755.368,19266807.50504
2026-04-18,56.39,56.66,55.24,55.65,230684.754,12908837.34349
2026-04-19,55.66,55.82,53.91,54.06,228336.314,12562782.61466
2026-04-20,54.06,55.44,53.99,55.03,265247.0,14565918.68008
2026-04-21,55.03,55.88,54.67,55.57,253718.736,14013889.84161
2026-04-22,55.57,56.55,55.48,55.49,267526.056,15009584.9084
2026-04-23,55.5,56.23,54.9,56.21,233231.953,12936755.72858
2026-04-24,56.21,56.76,55.75,56.54,233846.698,13162762.42094
2026-04-25,56.55,56.72,55.91,56.05,141641.823,7980343.25823
2026-04-26,56.05,56.48,55.75,56.28,151412.239,8498403.83197
2026-04-27,56.28,56.8,54.95,55.57,255326.831,14207087.16275
2026-04-28,55.56,55.79,54.67,55.71,182047.015,10054289.30903
2026-04-29,55.7,57.71,54.35,55.32,407969.758,22821827.26244
2026-04-30,55.32,55.99,54.93,55.19,195777.274,10868251.84975
2026-05-01,55.19,56.03,54.9,55.4,249857.345,13868975.85344
2026-05-02,55.4,55.71,55.05,55.39,166093.453,9186449.95205
2026-05-03,55.39,55.76,54.84,55.29,155415.526,8580792.59496
2026-05-04,55.3,56.43,54.9,54.96,427752.647,23728762.41774
2026-05-05,54.96,56.61,54.76,56.34,348454.566,19386731.05185
2026-05-06,56.34,57.93,56.08,56.73,382538.839,21828553.25
2026-05-07,56.74,57.4,56.05,56.42,307147.728,17400679.56658
2026-05-08,56.43,58.99,56.06,58.32,336466.293,19345180.86227
2026-05-09,58.32,59.14,57.62,58.0,242074.69,14132410.59393
2026-05-10,57.99,60.61,57.66,60.43,343635.287,20311921.65216
2026-05-11,60.42,60.59,58.06,58.52,329617.12,19392589.75127
2026-05-12,58.51,58.68,57.05,58.12,304201.854,17597733.27429
2026-05-13,58.11,58.97,56.28,57.01,350780.772,20200646.49471
2026-05-14,57.0,59.56,56.63,58.21,352324.525,20469310.05944
2026-05-15,58.2,58.52,56.39,57.5,315362.807,18151676.28192
2026-05-16,57.5,57.71,55.57,56.14,218120.284,12311416.10177
2026-05-17,56.14,56.52,53.72,54.57,274079.963,15202990.12346
2026-05-18,54.56,54.58,53.16,54.37,385819.159,20797085.90704
2026-05-19,54.38,54.59,53.5,54.5,239681.253,12984096.63841
2026-05-20,54.51,54.56,53.29,53.96,295176.434,15964274.81833
2026-05-21,53.96,54.7,53.3,54.18,307246.246,16587450.56221
2026-05-22,54.18,54.58,52.26,52.65,346990.759,18671133.85716
2026-05-23,52.65,54.24,51.47,53.49,280632.087,14794545.21899
2026-05-24,53.49,53.68,51.97,52.76,197832.355,10494707.6665
2026-05-25,52.75,53.2,52.45,52.73,240420.443,12702542.4724
2026-05-26,52.73,53.12,51.63,51.92,232422.522,12169703.16055
2026-05-27,51.92,52.88,51.67,51.97,248461.8,12986462.65388
2026-05-28,51.96,52.14,50.33,51.67,335369.629,17182380.0777
2026-05-29,51.67,52.34,51.16,51.89,239712.267,12414391.32513
2026-05-30,51.9,52.78,51.83,52.45,202049.623,10597723.1916
2026-05-31,52.46,52.76,51.39,52.07,171100.902,8922995.96736
2026-06-01,52.08,52.29,50.1,50.79,322073.938,16437557.14638
2026-06-02,50.79,50.84,46.3,46.91,518694.045,25176861.28304
2026-06-03,46.91,48.56,46.82,47.14,464091.661,22151220.36466
2026-06-04,47.13,47.48,43.9,45.64,540540.514,24826265.59635
2026-06-05,45.64,45.85,41.94,43.32,635433.032,27781251.44864
2026-06-06,43.32,44.03,40.52,41.39,445059.153,18743878.89692
2026-06-07,41.4,43.46,41.1,42.83,497116.605,20874572.05589
2026-06-08,42.82,43.82,42.04,43.03,380809.35,16339485.36503
2026-06-09,43.03,43.5,41.81,43.03,335158.076,14294345.35554
2026-06-10,43.02,43.24,41.25,41.74,336886.191,14233230.70015
2026-06-11,41.73,42.95,41.72,42.47,265830.529,11297358.40606
2026-06-12,42.47,43.54,42.19,43.07,301012.215,12916347.72239
2026-06-13,43.07,44.4,42.95,44.33,222108.536,9719859.50767
2026-06-14,44.34,45.44,43.73,45.41,248976.672,11059638.59865
2026-06-15,45.4,46.29,44.77,45.76,444466.55,20301274.76944
2026-06-16,45.75,46.36,44.41,45.69,274832.158,12519683.47391
2026-06-17,45.69,45.98,44.38,44.92,230701.228,10459263.84811
2026-06-18,44.93,45.05,42.99,43.86,261982.744,11528491.5196
2026-06-19,43.85,44.59,43.19,44.07,197842.738,8667841.17687
2026-06-20,44.06,44.63,43.77,44.53,157579.327,6961603.55131
2026-06-21,44.53,46.08,44.39,44.47,203222.204,9164053.44933
2026-06-22,44.47,45.84,44.29,44.56,197151.209,8868752.24927
2026-06-23,44.56,44.68,41.8,42.17,325938.161,14004077.96807
2026-06-24,42.18,42.42,39.32,41.19,379040.036,15560281.46988
2026-06-25,41.19,42.0,39.28,40.92,364920.241,14917587.55691
2026-06-26,40.92,42.18,40.03,41.91,454853.245,18786301.82394
2026-06-27,41.92,43.3,41.71,42.17,329191.931,14022704.60596
2026-06-28,42.18,43.37,41.9,42.53,227075.393,9693062.88653
2026-06-29,42.53,43.44,42.12,43.2,306960.233,13126874.02194
2026-06-30,43.19,43.21,41.59,41.93,292275.166,12330095.2617
2026-07-01,41.94,43.7,41.14,42.71,344831.479,14592124.1168
2026-07-02,42.72,43.93,42.42,43.54,360361.164,15582867.03953
2026-07-03,43.54,45.35,43.1,44.82,309381.745,13564432.26531
2026-07-04,44.81,45.71,43.96,44.86,277720.818,12405645.21747
2026-07-05,44.85,46.15,44.01,45.82,297125.987,13400233.25955
2026-07-06,45.82,46.03,43.76,44.84,339845.051,15229226.07638
2026-07-07,44.85,45.0,43.66,43.91,244017.888,10785416.57065
2026-07-08,43.91,44.07,43.17,43.66,395441.486,17247167.69467
2026-07-09,43.66,44.33,43.42,43.8,215987.587,9495744.2974
2026-07-10,43.79,44.9,43.59,44.78,213820.219,9510403.02879
2026-07-11,44.77,45.55,44.6,44.65,171082.839,7711801.87059
2026-07-12,44.64,44.9,43.98,44.01,149343.537,6654040.21268
2026-07-13,44.0,44.55,42.92,43.57,238704.576,10384963.4065
2026-07-14,43.57,45.5,43.42,45.41,280249.638,12446398.37931
2026-07-15,45.41,46.1,44.63,45.18,442147.019,20046050.97805
2026-07-16,45.17,45.42,44.35,44.94,420200.16,18867319.59003
2026-07-17,44.94,45.91,44.09,45.17,375989.13,16871055.32275
2026-07-18,45.16,47.89,45.06,47.01,448144.389,20775662.31089
2026-07-19,47.02,47.9,46.7,47.07,260983.155,12323604.26717
2026-07-20,47.07,47.82,46.42,47.37,408695.191,19233656.19433
2026-07-21,47.36,48.15,46.66,46.87,237478.44,11279802.98378
2026-07-22,46.87,47.63,46.33,47.14,201017.757,9404908.70921
2026-07-23,47.15,47.56,46.2,46.96,326928.729,15335903.45035
2026-07-24,46.97,47.42,45.89,46.36,262698.682,12223023.00231
2026-07-25,46.36,46.7,45.75,46.56,185461.928,8557312.43412
2026-07-26,46.56,48.28,46.49,47.84,279376.435,13245314.935
2026-07-27,47.85,47.85,45.94,46.05,252082.903,11805334.09145
2026-07-28,46.06,46.7,45.89,46.21,201004.218,9313191.0378
2026-07-29,46.22,46.4,44.97,45.42,144399.107,6562424.36031
