timestamp,actual,predicted,sma20,macd_hist,prev_actual,position,pred_ret_pct,sma_dist_pct,macd_hist_slope
2019-01-01,0.3608,0.34536868,0.345659,0.0030685681777899705,0.34849,0,-0.8956689322031445,4.380328589737289,
2019-01-02,0.36882,0.3484568,0.34913299999999997,0.0031753327098653856,0.3608,0,-3.421064305992721,5.638825318718085,0.00010676453207541505
2019-01-03,0.3524,0.36691928,0.352345,0.002040856175132939,0.36882,0,-0.5153519064826309,0.015609700719457274,-0.0011344765347324464
2019-01-04,0.35308,0.37187976,0.355788,0.0012744954483812042,0.3524,0,5.527740195985552,-0.7611274129537782,-0.000766360726751735
2019-01-05,0.34851,0.37597996,0.358879,0.0004410889061573247,0.35308,0,6.485770920117876,-2.889274658032378,-0.0008334065422238795
2019-01-06,0.36042,0.3528868,0.36053949999999996,0.0006600576626460764,0.34851,0,1.2558595155432104,-0.03314477331885664,0.00021896875648875168
2019-01-07,0.36022,0.35159674,0.36106099999999997,0.0007528198506654711,0.36042,0,-2.448048701952321,-0.23292463046409906,9.276218801939468e-05
2019-01-08,0.36073,0.34670958,0.3618635,0.0008052101720086085,0.36022,0,-3.750602623575906,-0.31323966081133064,5.239032134313746e-05
2019-01-09,0.3648,0.34772974,0.36148949999999996,0.0010549054485681267,0.36073,0,-3.6038747742056216,0.9157942346873285,0.0002496952765595182
2019-01-10,0.32464,0.3442735,0.3600075,-0.0014098814039321412,0.3648,-1,-5.626779716265832,-9.82410088678708,-0.002464786852500268
2019-01-11,0.3258,0.32765937,0.3584755,-0.0028066855931389036,0.32464,-1,0.9300666938808109,-9.115127812082005,-0.0013968041892067624
2019-01-12,0.32557,0.3242747,0.35640900000000003,-0.0035431857040536764,0.3258,-1,-0.4681740456962169,-8.652699567070417,-0.0007365001109147728
2019-01-13,0.31132,0.32711735,0.351929,-0.004713859467879296,0.32557,0,0.47527526422877037,-11.538975191018645,-0.0011706737638256196
2019-01-14,0.32871,0.33450353,0.3495655,-0.004065361490427591,0.31132,0,7.44684936913583,-5.966120798534172,0.0006484979774517051
2019-01-15,0.3215,0.33698982,0.347014,-0.003871285993066487,0.32871,0,2.518882906972565,-7.352441111885971,0.00019407549736110384
2019-01-16,0.3257,0.3182738,0.346615,-0.0032352244728475824,0.3215,-1,-1.0034797721850952,-6.034072385788272,0.0006360615202189047
2019-01-17,0.32489,0.3141449,0.34436100000000003,-0.0026678308368594692,0.3257,-1,-3.5477711446526055,-5.6542407531631085,0.0005673936359881131
2019-01-18,0.32036,0.31142908,0.3425825,-0.0024045417956391054,0.32489,-1,-4.143222830090017,-6.486758663971462,0.0002632890412203638
2019-01-19,0.3267,0.30973577,0.340673,-0.0016464832267003892,0.32036,-1,-3.316339432545728,-4.101587152489341,0.0007580585689387163
2019-01-20,0.3168,0.3029896,0.3390885,-0.0016506975779584186,0.3267,-1,-7.257544509051658,-6.57306278449431,-4.214351258029388e-06
2019-01-21,0.31767,0.31094608,0.336932,-0.001441390391660297,0.3168,-1,-1.847829195586126,-5.716880557501217,0.00020930718629812162
2019-01-22,0.31762,0.29976708,0.334372,-0.0011646513012373242,0.31767,-1,-5.635698375941473,-5.0099888746665355,0.00027673909042297273
2019-01-23,0.31415,0.3059456,0.3324595,-0.001075756254447887,0.31762,-1,-3.675585592973823,-5.507287353797992,8.88950467894372e-05
2019-01-24,0.31593,0.3093628,0.33060199999999995,-0.0007717636391590035,0.31415,-1,-1.523858370455358,-4.43796468260929,0.00030399261528888354
2019-01-25,0.31384,0.30382693,0.3288685,-0.0005941031838135359,0.31593,-1,-3.830934656812293,-4.569759645572622,0.00017766045534546755
2019-01-26,0.31258,0.3178202,0.3264765,-0.0004506157911998293,0.31384,0,1.268223102014341,-4.256508508269348,0.0001434873926137066
2019-01-27,0.30646,0.31874585,0.32378850000000003,-0.0006451960601021253,0.31258,0,1.9725675080694887,-5.351796002637531,-0.00019458026890229602
2019-01-28,0.29223,0.31822258,0.3203635,-0.0015575610917896998,0.30646,0,3.8382112968219237,-8.781743238539981,-0.0009123650316875745
2019-01-29,0.28693,0.31752795,0.31647000000000003,-0.0022985502897345123,0.29223,0,8.65686268009037,-9.334218093342184,-0.0007409891979448125
2019-01-30,0.32109,0.30764544,0.3162925,-0.0003697966817039055,0.28693,0,7.21968427896125,1.5167922097425675,0.0019287536080306068
2019-01-31,0.30911,0.31694975,0.31545799999999996,0.00018748737724466787,0.32109,0,-1.2894344410027057,-2.012312257099191,0.0005572840589485734
2019-02-01,0.30624,0.3198037,0.31449150000000003,0.00043689873709209723,0.30911,0,3.4595175672729033,-2.623759306690331,0.00024941135984742936
2019-02-02,0.3103,0.314967,0.3144405,0.0009215275276714258,0.30624,0,2.8497278098651444,-1.3167833024053808,0.00048462879057932853
2019-02-03,0.30219,0.32254657,0.3131145,0.0007494196885988631,0.3103,0,3.9466875582174614,-3.4889792711611896,-0.00017210783907256264
2019-02-04,0.29939,0.3153855,0.31200900000000004,0.0005118679462917369,0.30219,0,4.366620555246379,-4.044434615668152,-0.00023755174230712627
2019-02-05,0.29972,0.2931043,0.31071,0.0004443327253231145,0.29939,0,-2.0995053401184913,-3.5370602812912364,-6.753522096862238e-05
2019-02-06,0.2894,0.28768834,0.3089355,-0.00019376996977645694,0.29972,-1,-4.014298439534976,-6.323488236217588,-0.0006381026950995714
2019-02-07,0.29145,0.28247434,0.30749,-0.00036617676385943335,0.2894,-1,-2.39311022517923,-5.216429802595206,-0.0001724067940829764
2019-02-08,0.31205,0.27605253,0.3067575,0.0009469957145529541,0.29145,-1,-5.283055556620098,1.7253041897916033,0.0013131724784123874
2019-02-09,0.31215,0.28050464,0.30652500000000005,0.0018120413262261697,0.31205,0,-10.109071008785852,1.8350868607780555,0.0008650456116732156
2019-02-10,0.30988,0.30462867,0.3061355,0.002195484707134796,0.31215,0,-2.409524198107735,1.2231511863210844,0.0003834433809086265
2019-02-11,0.30255,0.30932477,0.305382,0.0019290470716825572,0.30988,0,-0.17917543376539644,-0.9273631058805042,-0.000266437635452239
2019-02-12,0.30514,0.31131014,0.3049315,0.0018979182431693989,0.30255,1,2.8954362183676348,0.06837601231752059,-3.112882851315831e-05
2019-02-13,0.30382,0.3133469,0.304326,0.001762055435672383,0.30514,1,2.689549909972837,-0.1662690667245015,-0.00013586280749701592
2019-02-14,0.30081,0.3079005,0.30367449999999996,0.0014558016194374445,0.30382,1,1.3430611469348472,-0.943279728788534,-0.0003062538162349384
2019-02-15,0.30194,0.30273002,0.3031425,0.0013196914128914715,0.30081,0,0.6382845852635799,-0.3966781299223947,-0.00013611020654597308
2019-02-16,0.30077,0.30154458,0.30285799999999996,0.0011475705761508385,0.30194,0,-0.13096082555605293,-0.6894320110414712,-0.00017212083674063294
2019-02-17,0.30318,0.30165094,0.3034055,0.001187753523718806,0.30077,0,0.2928953592172566,-0.07432297700601657,4.0182947567967385e-05
2019-02-18,0.32194,0.29813868,0.305156,0.0023996095866532854,0.30318,0,-1.6628148051048712,5.500137634521367,0.0012118560629344795
2019-02-19,0.32238,0.2923507,0.3052205,0.003107711365124316,0.32194,0,-9.190933267589001,5.622001143435646,0.0007081017784710307
2019-02-20,0.3315,0.3227884,0.30634,0.004009804071236576,0.32238,1,0.126678930765731,8.213096559378473,0.00090209270611226
2019-02-21,0.3207,0.31464732,0.30706300000000003,0.003705810324447477,0.3315,1,-5.083765631167961,4.441108176497967,-0.0003039937467890991
2019-02-22,0.32105,0.3155958,0.3076005,0.0033649214695189037,0.3207,1,-1.5915791565360062,4.372392112496567,-0.0003408888549285734
2019-02-23,0.33201,0.2993187,0.3090915,0.0036882135090757226,0.32105,0,-6.768820735454336,7.414794648186704,0.00032329203955681896
2019-02-24,0.29757,0.29586202,0.3090005,0.0015051256410875797,0.33201,0,-10.887618125344956,-3.699184952775161,-0.002183087867988143
2019-02-25,0.32731,0.29345483,0.31038,0.001957915655145568,0.29757,0,-1.3829264112164166,5.4546040337650625,0.0004527900140579885
2019-02-26,0.31658,0.30737382,0.311739,0.0014519235189681796,0.32731,0,-6.090916337605911,1.552901626039727,-0.0005059921361773886
2019-02-27,0.31067,0.30849597,0.3127,0.0006758021618184268,0.31658,0,-2.5535508938511597,-0.6491845219059726,-0.0007761213571497528
2019-02-28,0.3139,0.3046869,0.3127925,0.0003528077637233538,0.31067,0,-1.9258686215108494,0.35406859179808947,-0.000322994398095073
2019-03-01,0.31564,0.30108297,0.312967,0.00023486402575925843,0.3139,0,-4.083157466755968,0.8540836573824018,-0.00011794373796409534
2019-03-02,0.31382,0.31554872,0.313164,2.3898688897029327e-05,0.31564,0,-0.02891966302861522,0.20947490771608163,-0.0002109653368622291
2019-03-03,0.31114,0.3188867,0.31359349999999997,-0.00028924929329402643,0.31382,0,1.6145233867592548,-0.7823822878981682,-0.00031314798219105576
2019-03-04,0.30207,0.3141352,0.31344000000000005,-0.001057163257437771,0.31114,0,0.9626514831805741,-3.6274885145482534,-0.0007679139641437446
2019-03-05,0.31471,0.31926513,0.3139845,-0.0006819694394830256,0.30207,0,5.6924312848037975,0.23106236135859892,0.0003751938179547454
2019-03-06,0.31629,0.32082346,0.3147585,-0.00031423510482487963,0.31471,0,1.9425696092710898,0.4865635082134458,0.000367734334658146
2019-03-07,0.31311,0.3079454,0.31531699999999996,-0.00027350934566269146,0.31629,-1,-2.6382748501515465,-0.6999305460853551,4.0725759162188165e-05
2019-03-08,0.30775,0.31391513,0.315666,-0.000578380262002404,0.31311,-1,0.25714077361225285,-2.5077138494484608,-0.00030487091633971255
2019-03-09,0.31389,0.31554273,0.31620149999999997,-0.0003486612625021437,0.30775,-1,2.532161725041919,-0.7310212000891732,0.0002297189995002603
2019-03-10,0.31289,0.3160085,0.315749,-0.00025077736014152857,0.31389,0,0.6749205789970423,-0.9054660505654809,9.788390236061515e-05
2019-03-11,0.30992,0.31468818,0.315126,-0.00036580560389498103,0.31289,0,0.5746990688969771,-1.6520375976593629,-0.00011502824375345246
2019-03-12,0.31031,0.30468875,0.31406649999999997,-0.0003929919900327718,0.30992,-1,-1.6879350485479128,-1.196084268777471,-2.718638613779075e-05
2019-03-13,0.31332,0.3063926,0.3136975,-0.00019559765887032664,0.31031,-1,-1.262411758212876,-0.12033886148280766,0.00019739433116244514
2019-03-14,0.31131,0.30026805,0.3132105,-0.00018770708770857858,0.31332,-1,-4.165691941630315,-0.6067804240279387,7.890571161748059e-06
2019-03-15,0.31473,0.29796654,0.31234649999999997,4.795029815591337e-05,0.31131,0,-4.2862292056883,0.7630948321815799,0.00023565738586449195
2019-03-16,0.31868,0.29812405,0.313402,0.0004477280347217551,0.31473,0,-5.276254207228199,1.6840990165984917,0.0003997777365658417
2019-03-17,0.3154,0.3202722,0.31280650000000004,0.0004669940458565006,0.31868,1,0.4996257249064318,0.8291068120387429,1.926601113474551e-05
2019-03-18,0.31452,0.32254657,0.3127035,0.00039885074235762846,0.3154,1,2.265875552678754,0.5809017168020181,-6.814330349887214e-05
2019-03-19,0.31594,0.32361355,0.312967,0.00042536472367671525,0.31452,1,2.8912483273791962,0.9499404090527127,2.651398131908679e-05
2019-03-20,0.31779,0.32276535,0.3131615,0.0005362902537842567,0.31594,1,2.1603311837047783,1.4779913878302524,0.00011092553010754141
2019-03-21,0.30965,0.317203,0.312862,5.5547632257672136e-05,0.31779,0,-0.184717805244775,-1.026650727796918,-0.0004807426215265845
2019-03-22,0.31041,0.3128664,0.3126915,-0.00020298919789905672,0.30965,0,1.0387178270416102,-0.7296328809705387,-0.00025853683015672886
2019-03-23,0.31182,0.31403652,0.3127255,-0.00026675468009414833,0.31041,0,1.168299454058306,-0.2895510599551375,-6.37654821950916e-05
2019-03-24,0.30787,0.30976957,0.3130155,-0.0005465532529786263,0.31182,-1,-0.6575682036161424,-1.6438483078314092,-0.00027979857288447797
2019-03-25,0.3031,0.3078882,0.31243499999999996,-0.0009981744572254178,0.30787,-1,0.005914775650022464,-2.987821466865103,-0.0004516212042467915
2019-03-26,0.30302,0.3103681,0.3117715,-0.001232236143454626,0.3031,-1,2.397918465191764,-2.8070237337280566,-0.00023406168622920826
2019-03-27,0.31012,0.2992949,0.311622,-0.000856646496620421,0.30302,-1,-1.22932843599892,-0.4819942109350442,0.0003755896468342051
2019-03-28,0.30604,0.29791713,0.3115365,-0.0008301572458844608,0.31012,-1,-3.9348872664604273,-1.764319750655225,2.648925073596019e-05
2019-03-29,0.30774,0.29561827,0.31122900000000003,-0.0006531077773663661,0.30604,-1,-3.405350324391159,-1.1210394918211413,0.00017704946851809463
2019-03-30,0.31107,0.28799692,0.311138,-0.00028545995012104787,0.30774,-1,-6.415507258390868,-0.021855253938770736,0.0003676478272453183
2019-03-31,0.30889,0.2939073,0.3110865,-0.00016860617740916545,0.31107,-1,-5.517306542271619,-0.7060737126169057,0.00011685377271188242
2019-04-01,0.31248,0.3087662,0.311195,0.00015354128056385696,0.30889,0,-0.04008344804454428,0.41292437217821,0.0003221474579730224
2019-04-02,0.3505,0.31002483,0.31305400000000005,0.002784367554794165,0.31248,0,-0.7857054151514461,11.96151462686946,0.002630826274230308
2019-04-03,0.34022,0.30874988,0.3144995,0.0036355774247136983,0.3505,0,-11.911587912413935,8.178232397825763,0.0008512098699195335
2019-04-04,0.32996,0.30437887,0.31526099999999996,0.0033197265182952317,0.34022,0,-10.534693095834163,4.662486003660465,-0.00031585090641846666
2019-04-05,0.3613,0.30772868,0.317392,0.004936190439993801,0.32996,0,-6.737580922520187,13.833997076170792,0.0016164639216985693
2019-04-06,0.35264,0.3400081,0.319254,0.005115097021733763,0.3613,0,-5.893133183512835,10.45750405633133,0.00017890658173996214
2019-04-07,0.3612,0.33544844,0.321588,0.0054708737644072886,0.35264,0,-4.875100984114703,12.317623791932547,0.00035577674267352546
2019-04-08,0.35568,0.32913077,0.32357500000000006,0.005007836958159595,0.3612,0,-8.87852470212073,9.921965541219171,-0.0004630368062476936
2019-04-09,0.34732,0.3264572,0.3250515,0.0038632007983671716,0.35568,0,-8.216036202614767,6.850760571786324,-0.0011446361597924233
2019-04-10,0.35345,0.32463703,0.3272415,0.003267268020117838,0.34732,0,-6.5308575392401,8.008916961937885,-0.0005959327782493334
2019-04-11,0.32705,0.33696952,0.3280735,0.0009630563035299272,0.35345,0,-4.662745898440086,-0.3119727743935461,-0.002304211716587911
2019-04-12,0.32325,0.33746344,0.328645,-0.0008509967688758238,0.32705,0,3.184050912978067,-1.6415889485615294,-0.001814053072405751
2019-04-13,0.32458,0.33395508,0.3294805,-0.001933408030263345,0.32325,0,3.311702804978473,-1.4873414359878747,-0.0010824112613875211
2019-04-14,0.32762,0.32842413,0.3307065,-0.0023869637587226713,0.32458,0,1.1843385020042265,-0.933304909338036,-0.0004535557284593263
2019-04-15,0.31905,0.29283887,0.331508,-0.0031580715850315503,0.32762,-1,-10.616301972091325,-3.7579786913136406,-0.000771107826308879
2019-04-16,0.32379,0.32465827,0.3321915,-0.003231181178448085,0.31905,-1,1.7578043098491554,-2.5291134782196267,-7.310959341653468e-05
2019-04-17,0.33436,0.32153517,0.3336075,-0.00248354498070242,0.32379,-1,-0.6963865226605004,0.2255644732207727,0.0007476361977456648
2019-04-18,0.33533,0.31794307,0.334987,-0.0018676626177096152,0.33436,0,-4.90995742356553,0.10239203312368472,0.000615882362992805
2019-04-19,0.32999,0.3294644,0.335933,-0.0017650792548038613,0.33533,-1,-1.7492005561476236,-1.7691027675161346,0.0001025833629057539
2019-04-20,0.32668,0.3229741,0.33682249999999997,-0.0018560265200826213,0.32999,-1,-2.1260990309402445,-3.0112299504931954,-9.094726527875997e-05
2019-04-21,0.31963,0.32897907,0.33718,-0.0022979552306701748,0.32668,-1,0.7037697303130116,-5.204935049528428,-0.0004419287105875535
2019-04-22,0.32252,0.32334986,0.335781,-0.002297120595128371,0.31963,0,1.1638029255034628,-3.9493002879853307,8.346355418035502e-07
2019-04-23,0.31807,0.32449478,0.3346735,-0.0024820002748839843,0.32252,0,0.6122966358535473,-4.961103881843048,-0.00018487967975561312
2019-04-24,0.29963,0.3113048,0.33315700000000004,-0.003660742527397561,0.31807,-1,-2.1269507771987777,-10.063423551058518,-0.0011787422525135769
2019-04-25,0.29161,0.29322147,0.32967250000000003,-0.004727303339850095,0.29963,-1,-2.138813305127107,-11.545548991802486,-0.0010665608124525335
2019-04-26,0.3035,0.29381162,0.3272155,-0.004386255951634721,0.29161,-1,0.7549875799076913,-7.2476701134267785,0.0003410473882153736
2019-04-27,0.29928,0.2890334,0.3241195,-0.004198930680327972,0.3035,-1,-4.766585524431758,-7.663685770217471,0.0001873252713067491
2019-04-28,0.29946,0.2952077,0.3213085,-0.0038274074208948855,0.29928,-1,-1.3606959790094912,-6.799851233316266,0.00037152325943308646
2019-04-29,0.29323,0.29681408,0.318604,-0.0037602560835389865,0.29946,-1,-0.883562394630486,-7.964118466811468,6.715133735589896e-05
2019-04-30,0.3087,0.30282,0.3163665,-0.0024939856652641656,0.29323,0,3.27046928084434,-2.4232970305010237,0.001266270418274821
2019-05-01,0.30304,0.30688074,0.315166,-0.0018852935642597584,0.3087,-1,-0.5893286972861398,-3.8474962400766666,0.0006086921010044072
2019-05-02,0.30205,0.3040563,0.314106,-0.0014183420034448594,0.30304,-1,0.33536391625813006,-3.8381947495431517,0.00046695156081489903
2019-05-03,0.30784,0.30647662,0.31326899999999996,-0.0006287925906583672,0.30205,-1,1.4655265088232172,-1.7330153957142145,0.0007895494127864921
2019-05-04,0.30305,0.3029397,0.3120405,-0.00035219231658693666,0.30784,-1,-1.5918291965789964,-2.8811965113502933,0.0002766002740714306
2019-05-05,0.30044,0.3070786,0.31111,-0.0002716732439598567,0.30305,0,1.329351568985179,-3.4296551059110967,8.051907262707995e-05
2019-05-06,0.30283,0.30699557,0.310062,1.4325048526241113e-06,0.30044,0,2.181989967926197,-2.332436738458765,0.0002731057488124808
2019-05-07,0.29819,0.30338824,0.3082535,-6.771024497087726e-05,0.30283,0,0.18434037353830438,-3.2646831260634515,-6.914274982350137e-05
2019-05-08,0.29958,0.30488992,0.306466,3.7231692079718604e-05,0.29819,0,2.246861857760896,-2.2469050400370687,0.00010494193705059586
2019-05-09,0.29488,0.3033045,0.3047105,-0.00014294912267341295,0.29958,0,1.2432383427720803,-3.2261769778199376,-0.00018018081475313155
2019-05-10,0.29881,0.306288,0.303317,5.8678270245296135e-05,0.29488,0,3.868693679296261,-1.485904186049573,0.00020162739291870908
2019-05-11,0.31724,0.29782972,0.3031975,0.0014142683954769739,0.29881,0,-0.32806218075372334,4.631469586655567,0.0013555901252316777
2019-05-12,0.31016,0.2961566,0.3025795,0.0017908657232392714,0.31724,0,-6.64588790300019,2.505291997640286,0.00037659732776229755
2019-05-13,0.32409,0.2968458,0.3028805,0.0028708348491420085,0.31016,0,-4.292689668538797,7.002596733695301,0.001079969125902737
2019-05-14,0.409,0.3017062,0.308349,0.008858284589845222,0.32409,0,-6.906663310307469,32.64190900570457,0.005987449740703214
2019-05-15,0.45734,0.30338064,0.31663549999999996,0.015253774308768708,0.409,0,-25.82380480171707,44.43737357308327,0.006395489718923486
2019-05-16,0.41876,0.40048617,0.3223985,0.01598795566567868,0.45734,0,-12.431413992746112,29.888941790982294,0.0007341813569099725
2019-05-17,0.38862,0.37408954,0.3268655,0.013637432916769046,0.41876,0,-10.667318022004038,18.892939144694086,-0.0023505227489096347
2019-05-18,0.37183,0.34583113,0.330484,0.010297579025313069,0.38862,0,-11.010466271768017,12.510741821086647,-0.003339853891455977
2019-05-19,0.41631,0.3479152,0.33663800000000005,0.010399350196598729,0.37183,0,-6.43164823192677,23.66696570203006,0.00010177117128565977
2019-05-20,0.39636,0.33735234,0.341021,0.008517455966443477,0.41631,0,-18.966074451002033,16.227446403593902,-0.001881894230155251
2019-05-21,0.39524,0.3905332,0.345631,0.006673164302512448,0.39636,0,-1.4700754750615834,14.35316855258931,-0.0018442916639310296
2019-05-22,0.37183,0.36556304,0.34912,0.0035114167973952885,0.39524,0,-7.50859350994547,6.504926672777271,-0.0031617475051171594
2019-05-23,0.37956,0.36628732,0.352706,0.001668936345256073,0.37183,0,-1.4906487232660977,7.613706599831017,-0.0018424804521392155
2019-05-24,0.38286,0.36169374,0.3566965,0.00046341669909494634,0.37956,0,-4.707097720768195,7.334947217031831,-0.0012055196461611267
2019-05-25,0.3852,0.3518523,0.36093450000000005,-0.00034199409964377064,0.38286,0,-8.098966258450094,6.7229649700984355,-0.000805410798738717
2019-05-26,0.40372,0.38372493,0.365979,0.00017894581503477558,0.3852,0,-0.3829366816662272,10.31234032553781,0.0005209399146785462
2019-05-27,0.43331,0.37414026,0.372735,0.002209961814812079,0.40372,0,-7.326795154126686,16.251492347109874,0.002031015999777303
2019-05-28,0.44877,0.37653026,0.38019450000000005,0.004174214495142027,0.43331,0,-13.103722543296712,18.03695213897096,0.0019642526803299483
2019-05-29,0.44307,0.36711034,0.387604,0.00463375620341331,0.44877,0,-18.196327341992948,14.30996584142579,0.0004595417082712827
2019-05-30,0.41789,0.36686316,0.39355799999999996,0.0028723549309215106,0.44307,0,-17.19972886328239,6.182570294594449,-0.0017614012724917992
2019-05-31,0.43851,0.41121623,0.39962149999999996,0.0027275475151283465,0.41789,0,-1.5970161524891298,9.73133327411064,-0.00014480741579316406
2019-06-01,0.42894,0.40705758,0.4055605,0.0016707089509369645,0.43851,0,-7.172565430192754,5.764737936756661,-0.001056838564191382
2019-06-02,0.44396,0.38335705,0.41155400000000003,0.0016630966254143967,0.42894,0,-10.6268830058591,7.874057839311485,-7.6123255225678255e-06
2019-06-03,0.41731,0.37544575,0.4119695,-0.0003495545548192168,0.44396,0,-15.432526953790266,1.2963338305384322,-0.0020126511802336135
2019-06-04,0.39878,0.37797642,0.4090415,-0.0029944226087744927,0.41731,-1,-9.425506807528242,-2.5086696582131593,-0.002644868053955276
2019-06-05,0.4001,0.3923946,0.4081085,-0.004623298075661194,0.39878,-1,-1.6012331865347937,-1.9623457977474064,-0.0016288754668867013
2019-06-06,0.41937,0.4070946,0.40964599999999995,-0.004373916231418827,0.4001,-1,1.7482124010165645,2.3737568534783855,0.0002493818442423669
2019-06-07,0.41886,0.3992517,0.4119975,-0.004212696451280456,0.41937,0,-4.797267461279582,1.66566544699907,0.0001612197801383712
2019-06-08,0.40699,0.3972191,0.4115315,-0.004830553425832773,0.41886,-1,-5.166620910608833,-1.1035607237842002,-0.0006178569745523173
2019-06-09,0.38527,0.3793818,0.41097700000000004,-0.006521925713660039,0.40699,-1,-6.783506804014733,-6.2550945673358935,-0.0016913722878272655
2019-06-10,0.3999,0.40016437,0.41120999999999996,-0.006462855204488867,0.38527,-1,3.8659552439672478,-2.750419493689353,5.907050917117185e-05
2019-06-11,0.39192,0.40730315,0.41221450000000004,-0.006737924860176575,0.3999,0,1.8512514299915979,-4.923286298759516,-0.0002750696556877083
2019-06-12,0.40074,0.41516793,0.4132735,-0.006120513646109884,0.39192,0,5.931804384059094,-3.032737400293034,0.0006174112140666915
2019-06-13,0.39876,0.41854104,0.41406850000000006,-0.005651359309752382,0.40074,0,4.442043219247125,-3.6970935968324214,0.000469154336357502
2019-06-14,0.40201,0.43550873,0.41490900000000003,-0.00495307638489699,0.39876,0,9.215750834422646,-3.1088744760899494,0.0006982829248553916
2019-06-15,0.4095,0.41813713,0.415198,-0.0038659092869357883,0.40201,0,4.011624865423871,-1.3723572849580288,0.0010871670979612016
2019-06-16,0.42703,0.41591838,0.414884,-0.0019424476849565341,0.4095,0,1.5673699687543285,2.927565295359678,0.0019234616019792542
2019-06-17,0.44705,0.41883457,0.41479799999999994,0.0005676892889757163,0.42703,0,-1.9191702995088629,7.775350893688026,0.0025101369739322504
2019-06-18,0.42694,0.4265532,0.4139915,0.0007516607645551079,0.44705,0,-4.584903309588171,3.127721221329417,0.00018397147557939163
2019-06-19,0.43406,0.42456996,0.41479999999999995,0.0012040344811602936,0.42694,0,-0.5551214669802489,4.64320154291226,0.0004523737166051856
2019-06-20,0.42995,0.4295569,0.414372,0.0010815067420824002,0.43406,0,-1.0374357869195232,3.75942389929821,-0.00012252773907789338
2019-06-21,0.4425,0.41819942,0.41505000000000003,0.0016658023213949897,0.42995,0,-2.7330108209603994,6.613661004698222,0.0005842955793125895
2019-06-22,0.47729,0.3976104,0.4167165,0.004077999466318462,0.4425,0,-10.144543243666828,14.535901506179863,0.002412197144923472
2019-06-23,0.47015,0.39496905,0.41935849999999997,0.004824269310372369,0.47729,0,-17.24757566345927,12.111713486193805,0.0007462698440539074
2019-06-24,0.47385,0.41106367,0.423112,0.005168035488414342,0.47015,0,-12.567548418151539,11.991623967176542,0.00034376617804197235
2019-06-25,0.46809,0.46357834,0.4265115,0.004626005277312887,0.47385,0,-2.167702143839092,9.7485061950264,-0.0005420302111014547
2019-06-26,0.46805,0.45462215,0.42894550000000004,0.003911682604817869,0.46809,0,-2.877192534028017,9.116426212654051,-0.0007143226724950179
2019-06-27,0.41049,0.4495952,0.42852700000000005,-0.0005528912084649725,0.46805,-1,-3.9429093181494825,-4.209069673556164,-0.004464573813282842
2019-06-28,0.4261,0.44022942,0.42948250000000004,-0.0024632108332638455,0.41049,-1,7.244857583267477,-0.7875757452282842,-0.001910319624798873
2019-06-29,0.4262,0.4143185,0.431529,-0.003656629115528937,0.4261,-1,-2.7649608192184174,-1.234911211065762,-0.0011934182822650914
2019-06-30,0.3962,0.43260407,0.431344,-0.006250724050091657,0.4262,0,1.502598422841246,-8.147557401980787,-0.0025940949345627205
2019-07-01,0.40691,0.43485916,0.4320935,-0.006974485473171315,0.3962,0,9.757485262135676,-5.8282524499905755,-0.000723761423079658
2019-07-02,0.39794,0.44267482,0.4319535,-0.007728052676622847,0.40691,0,8.789367588595672,-7.874342955896868,-0.0007535672034515318
2019-07-03,0.40456,0.45212513,0.43224350000000006,-0.007448267153570049,0.39794,0,13.616407519699655,-6.404607588084049,0.0002797855230527984
2019-07-04,0.38723,0.47481042,0.43150449999999996,-0.008046919921316094,0.40456,0,17.36464837522924,-10.260495545237639,-0.0005986527677460454
2019-07-05,0.37881,0.40603733,0.42996999999999996,-0.008577822481404441,0.38723,0,4.8568888328490525,-11.898504546828846,-0.000530902560088347
2019-07-06,0.39031,0.39874744,0.428134,-0.007747631278599841,0.37881,0,5.263177886759076,-8.834617199288079,0.0008301912028046005
2019-07-07,0.39651,0.41436598,0.425607,-0.006428428068023927,0.39031,0,6.163300209800905,-6.836588683926729,0.001319203210575914
2019-07-08,0.40073,0.39956585,0.42429649999999997,-0.0049835837033467886,0.39651,0,0.7706856644020476,-5.55425274542684,0.0014448443646771381
2019-07-09,0.39362,0.39856052,0.4222745,-0.004247426562160065,0.40073,-1,-0.5413809830019138,-6.785751922031752,0.0007361571411867232
2019-07-10,0.36154,0.4065543,0.41885399999999995,-0.005577897738112879,0.39362,-1,3.2859894095576268,-13.683526956887121,-0.0013304711759528137
2019-07-11,0.32875,0.40588996,0.4131665,-0.008166543392534888,0.36154,-1,12.266957499373316,-20.43159355852907,-0.0025886456544220093
2019-07-12,0.34336,0.40857822,0.40647,-0.008364516883161574,0.32875,0,24.282347385421005,-15.526361109060941,-0.0001979734906266857
2019-07-13,0.33206,0.4131811,0.39956549999999996,-0.0086881365225944,0.34336,0,20.33466225401442,-16.894726897091953,-0.0003236196394328268
2019-07-14,0.30366,0.38543501,0.391056,-0.010145024088391021,0.33206,0,16.07390681297055,-22.34871731925863,-0.00145688756579662
2019-07-15,0.31287,0.29009384,0.383295,-0.009812544683585677,0.30366,-1,-4.467549506504446,-18.373576488083597,0.00033247940480534387
2019-07-16,0.29543,0.30415455,0.374664,-0.010054329813734962,0.31287,-1,-2.7856473715150503,-21.148015288365034,-0.00024178513014928502
2019-07-17,0.31032,0.31621972,0.3696555,-0.008557237130335307,0.29543,-1,7.037104310386686,-16.051566931913644,0.0014970926833996548
2019-07-18,0.32035,0.30884558,0.36436799999999997,-0.0063393797651393954,0.31032,-1,-0.475129020309345,-12.080643744785478,0.002217857365195912
2019-07-19,0.3188,0.32097512,0.35899800000000004,-0.004510584627044005,0.32035,0,0.1951380789661289,-11.19727686505219,0.0018287951380953904
2019-07-20,0.33279,0.32556203,0.3558275,-0.002019507588098074,0.3188,0,2.121088480859667,-6.474345012681719,0.002491077038945931
2019-07-21,0.33075,0.31005085,0.35201950000000004,-0.000262305743622248,0.33279,-1,-6.8328840571594025,-6.042136870258622,0.001757201844475826
2019-07-22,0.32111,0.3204275,0.348178,0.0004583855249935473,0.33075,-1,-3.1209350983842397,-7.774184468863623,0.0007206912686157953
2019-07-23,0.30891,0.31147107,0.3433955,0.0003272142453138102,0.32111,-1,-3.00175179235626,-10.042502012985027,-0.00013117127967973707
2019-07-24,0.31548,0.31331864,0.339808,0.0008661000013173679,0.30891,0,1.4271600121937082,-7.159337037385822,0.0005388857560035577
2019-07-25,0.31335,0.30907923,0.336535,0.0012395275520183692,0.31548,0,-2.0288988741931107,-6.889328004516606,0.00037342755070100125
2019-07-26,0.32303,0.31833428,0.333171,0.002240534891491279,0.31335,0,1.590643511903476,-3.043782321990813,0.0010010073394729098
2019-07-27,0.30965,0.3123003,0.328828,0.002105680665637384,0.32303,0,-3.321581699012454,-5.832228399041452,-0.00013485422585389484
2019-07-28,0.31218,0.31875855,0.3244005,0.0022764994564539696,0.30965,0,2.941562185067273,-3.767102701752916,0.0001708187908165855
2019-07-29,0.31004,0.32790947,0.32022150000000005,0.002326736476191634,0.31218,0,5.038589789381823,-3.179517927434624,5.023701973766448e-05
2019-07-30,0.31823,0.30994034,0.318056,0.00295269503444362,0.31004,0,-0.03214484106384895,0.05470734713384042,0.0006259585582519857
2019-07-31,0.31959,0.30656838,0.317598,0.003464086484358652,0.31823,0,-3.6645243470030437,0.6272079798991158,0.0005113914499150322
2019-08-01,0.31575,0.30669785,0.3162175,0.003537114299800692,0.31959,0,-4.033966814047877,-0.14784128013155806,7.30278154420401e-05
2019-08-02,0.31178,0.30677345,0.3152035,0.0033151979476414815,0.31575,0,-2.8429282815892374,-1.08612372641802,-0.0002219163521592106
2019-08-03,0.31596,0.30015182,0.31581849999999995,0.0034326074805231185,0.31178,0,-3.7296090348412747,0.04480421507925347,0.000117409532881637
2019-08-04,0.31813,0.28995872,0.3160815,0.0036204479915230535,0.31596,0,-8.229296291035967,0.6480923432722284,0.00018784051099993496
2019-08-05,0.32242,0.2858159,0.31743099999999996,0.003969628079133921,0.31813,0,-10.15751591999207,1.5716801446613662,0.0003491800876108675
2019-08-06,0.3116,0.2768655,0.31749499999999997,0.003428295604861728,0.32242,0,-14.128927444747639,-1.8567221531047684,-0.000541332474272193
2019-08-07,0.31109,0.29820228,0.31703200000000004,0.0030073309865111045,0.3116,0,-4.299654611727083,-1.8742587499053904,-0.00042096461835062354
2019-08-08,0.30825,0.3043353,0.3165045,0.002528328796910213,0.31109,0,-2.171302145995616,-2.608019791187802,-0.0004790021896008915
2019-08-09,0.29649,0.32045877,0.31468949999999996,0.001463043734306689,0.30825,0,3.960671467405932,-5.783319748514006,-0.001065285062603524
2019-08-10,0.29918,0.3013625,0.313111,0.0010049625979250375,0.29649,0,1.6433992700764388,-4.449220883328906,-0.00045808113638165157
2019-08-11,0.30316,0.31188345,0.3122135,0.0010315127623978342,0.29918,0,4.246089161856862,-2.899778516944332,2.6550164472796678e-05
2019-08-12,0.3006,0.30379114,0.31179799999999996,0.0009407100862773264,0.30316,0,0.2081856279012083,-3.5914277833725636,-9.080267612050774e-05
2019-08-13,0.298,0.31188425,0.310924,0.0007764161743763591,0.3006,0,3.7539102518788585,-4.1566427808724935,-0.00016429391190096732
2019-08-14,0.26353,0.29553735,0.308433,-0.0014609666173884955,0.298,-1,-0.8263917577346656,-14.558429221257136,-0.0022373827917648546
2019-08-15,0.26378,0.3030847,0.3054705,-0.0026613549274087413,0.26353,-1,15.009562971831434,-13.647962732898911,-0.0012003883100202457
2019-08-16,0.26047,0.30538288,0.3030115,-0.0033699739644087925,0.26378,-1,15.771808927239395,-14.039566155079926,-0.0007086190370000512
2019-08-17,0.26546,0.32242298,0.3006755,-0.003195847105349651,0.26047,0,23.785073621609804,-11.712128191355802,0.00017412685905914167
2019-08-18,0.2832,0.3322876,0.2993335,-0.0016566010422716555,0.26546,0,25.174267150297215,-5.389807689416644,0.0015392460630779953
2019-08-19,0.28202,0.276698,0.297523,-0.0005460690015374765,0.2832,-1,-2.2959063282120726,-5.21068959374569,0.001110532040734179
2019-08-20,0.27432,0.2770714,0.2952595,-0.00017730909545830148,0.28202,-1,-1.7547030084040638,-7.0918971277808165,0.000368759906079175
2019-08-21,0.26589,0.27735773,0.2927665,-0.0003389913677825547,0.27432,-1,1.1073663200640933,-9.18018284195766,-0.00016168227232425322
2019-08-22,0.27039,0.28935865,0.290697,1.2661537856263616e-06,0.26589,0,8.82644916227256,-6.985624206648147,0.00034025752156818106
2019-08-23,0.27664,0.30199218,0.288731,0.0007499709783066501,0.27039,0,11.687628227100417,-4.187634857358585,0.0007487048245210237
2019-08-24,0.27137,0.2686072,0.286393,0.000978545492559272,0.27664,0,-2.9037018536556096,-5.245589103085623,0.00022857451425262187
2019-08-25,0.26954,0.27799588,0.28374900000000003,0.0010864326116115236,0.27137,0,2.4416421927580605,-5.007594740422001,0.00010788711905225165
2019-08-26,0.27051,0.2874325,0.2816945,0.0012892328474047102,0.26954,0,6.638158261974992,-3.9704360575020248,0.00020280023579318657
2019-08-27,0.26954,0.2997021,0.279617,0.0014141469722761812,0.27051,0,10.79150785787645,-3.603858134519719,0.00012491412487147108
2019-08-28,0.25629,0.30316323,0.277019,0.0006967913482068388,0.26954,0,12.474300815893349,-7.482880235651705,-0.0007173556240693425
2019-08-29,0.25698,0.24960211,0.2750435,0.00037715243535495387,0.25629,0,-2.609501270513144,-6.567506594411434,-0.0003196389128518849
2019-08-30,0.25539,0.23880102,0.272854,0.0001771867718364812,0.25698,0,-7.074084596621288,-6.400492571118613,-0.00019996566351847267
2019-08-31,0.25747,0.23055759,0.2705695,0.00029651949476994406,0.25539,0,-9.723328743084023,-4.841454783336644,0.00011933272293346286
2019-09-01,0.25593,0.24854422,0.268336,0.00037803087104136025,0.25747,0,-3.4667277135177375,-4.623308091348171,8.151137627141619e-05
2019-09-02,0.2606,0.26265898,0.266466,0.000827009682395758,0.25593,0,2.6292280971396123,-2.201406558435216,0.0004489788113543978
2019-09-03,0.26242,0.25862122,0.2664105,0.001299008487606038,0.2606,0,-0.7593185647304291,-1.4978763975143652,0.0004719988052102799
2019-09-04,0.25843,0.25433725,0.266143,0.0013869514917973138,0.26242,0,-3.080081096573865,-2.898066077259227,8.794300419127585e-05
2019-09-05,0.25617,0.25978634,0.26592800000000005,0.0013368090581119471,0.25843,0,0.524837524304243,-3.6694142775488263,-5.014243368536668e-05
2019-09-06,0.2511,0.26756757,0.26521,0.0010203714027753937,0.25617,0,4.449223163475327,-5.320312205422122,-0.0003164376553365534
2019-09-07,0.25993,0.26902682,0.2640465,0.0014383531405234556,0.2511,0,7.139313377644715,-1.5590057054344681,0.00041798173774806185
2019-09-08,0.26205,0.265392,0.263048,0.0018632486104415372,0.25993,0,2.101337069046668,-0.3793984367872019,0.00042489546991808166
2019-09-09,0.25855,0.2671824,0.2622595,0.0019073017599679342,0.26205,0,1.9585612529426355,-1.4144387524570041,4.405314952639697e-05
2019-09-10,0.25859,0.25864542,0.26189450000000003,0.0019319083857182277,0.25855,0,0.03690400545012824,-1.2617676201676795,2.460662575029353e-05
2019-09-11,0.25519,0.26079437,0.2611345,0.0017191004135963615,0.25859,0,0.8524580867399622,-2.2764131127828837,-0.00021280797212186627
2019-09-12,0.25406,0.25667545,0.2600055,0.0015095892358457062,0.25519,0,0.5820964747608796,-2.2866823971031356,-0.00020951117775065524
2019-09-13,0.2552,0.25678664,0.259197,0.0014545527847149992,0.25406,0,1.0732285518266331,-1.5420703171718917,-5.503645113070707e-05
2019-09-14,0.26124,0.2560246,0.25878199999999996,0.0018086145339529913,0.2552,1,0.32311875992061145,0.9498342234004188,0.0003540617492379921
2019-09-15,0.26022,0.26133457,0.2582675,0.0019458557027578136,0.26124,1,0.03619976347427345,0.7559991094504821,0.0001372411688048223
2019-09-16,0.26098,0.26160637,0.2578395,0.002049163966253537,0.26022,1,0.5327666752271133,1.2180057749103572,0.00010330826349572338
2019-09-17,0.28561,0.26272896,0.25930549999999997,0.0036444453283551908,0.26098,1,0.670150709623618,10.144212135878341,0.0015952813621016538
2019-09-18,0.31344,0.26217222,0.2621285,0.006287149335379742,0.28561,0,-8.206217521287352,19.5749412978749,0.002642704007024551
2019-09-19,0.30062,0.265759,0.26439,0.006839304934100875,0.31344,0,-15.212164611582732,13.703241423654443,0.0005521555987211329
2019-09-20,0.2936,0.2663154,0.26619650000000006,0.006406754673019969,0.30062,0,-11.411283148016317,10.29446292494453,-0.00043255026108090545
2019-09-21,0.28961,0.26265904,0.2678805,0.005558450086893559,0.2936,0,-10.538473067556488,8.111639331716924,-0.0008483045861264107
2019-09-22,0.27653,0.2577952,0.268677,0.00390125687628046,0.28961,0,-10.985389091186368,2.9228404366581433,-0.0016571932106130985
2019-09-23,0.26786,0.2727158,0.268949,0.0020964848969700104,0.27653,0,-1.3793053335769818,-0.4049094809796677,-0.0018047719793104497
2019-09-24,0.23282,0.272625,0.2676685,-0.0013938275741117035,0.26786,0,1.77891409122089,-13.01927570857235,-0.003490312471081714
2019-09-25,0.2457,0.2682677,0.26714499999999997,-0.0026963169587617027,0.23282,0,15.225363429003735,-8.027475715435425,-0.0013024893846499991
2019-09-26,0.2422,0.2741158,0.2667,-0.003598430453783355,0.2457,0,11.5652425142629,-9.186351706036744,-0.0009021134950216525
2019-09-27,0.24208,0.27611232,0.2658075,-0.003978400563079518,0.2422,0,14.001782840190105,-8.92657280174562,-0.0003799701092961627
2019-09-28,0.24163,0.24427713,0.26478650000000004,-0.004023174902230051,0.24208,0,0.9076067984537546,-8.745347666893903,-4.477433915053321e-05
2019-09-29,0.24024,0.24212436,0.26387099999999997,-0.0039063268562119,0.24163,0,0.20459536482293422,-8.955512352626837,0.00011684804601815122
2019-09-30,0.2566,0.23896688,0.2637715,-0.002552635556132902,0.24024,-1,-0.5299358021764446,-2.718830502916349,0.0013536913000789979
2019-10-01,0.24788,0.2349047,0.263406,-0.0020894066366327407,0.2566,-1,-8.454907841730748,-5.894322832433576,0.00046322891950016133
2019-10-02,0.25247,0.23279697,0.2633265,-0.0013544102257846014,0.24788,-1,-6.084812397300491,-4.122828503777626,0.0007349964108481393
2019-10-03,0.24674,0.25131705,0.2629035,-0.0011431162584760414,0.25247,-1,-0.45666652145625564,-6.148073342500204,0.00021129396730856006
2019-10-04,0.25243,0.25275326,0.262463,-0.0005397421019094307,0.24674,0,2.4370826584521588,-3.8226340474657436,0.0006033741565666106
2019-10-05,0.25325,0.24977727,0.2621145,-3.181139025034384e-05,0.25243,-1,-1.0508765425521644,-3.381918970526239,0.0005079307116590869
2019-10-06,0.25552,0.24860245,0.26184149999999995,0.00048227876909548613,0.25325,-1,-1.8351629244021954,-2.414246786701087,0.00051409015934583
2019-10-07,0.27592,0.25124717,0.261357,0.0021291951294209145,0.25552,-1,-1.6722105560111735,5.572071916956498,0.0016469163603254284
2019-10-08,0.2774,0.26661605,0.25955500000000004,0.0031875278631992654,0.27592,0,-3.3719750548418306,6.875228756910843,0.001058332733778351
2019-10-09,0.28082,0.26409277,0.25856500000000004,0.0039380094789364835,0.2774,0,-4.797125739336179,8.607120066520977,0.000750481615737218
2019-10-10,0.27021,0.26334876,0.2573955,0.003551857148002005,0.28082,0,-6.221509073188307,4.978525265593224,-0.00038615233093447845
2019-10-11,0.26743,0.25749514,0.2562865,0.0029651243296117905,0.27021,0,-4.705549362017162,4.348063592893121,-0.0005867328183902145
2019-10-12,0.27226,0.25643766,0.256073,0.002762323354966352,0.26743,0,-4.110361865306496,6.321244332670764,-0.00020280097464543852
2019-10-13,0.27726,0.26786113,0.256543,0.002815347693350395,0.27226,0,-1.615687999194317,8.075449339876739,5.302433838404305e-05
2019-10-14,0.29727,0.27598187,0.2597655,0.003977425145368447,0.27726,0,-0.4609848972626845,14.437829503917957,0.001162077452018052
2019-10-15,0.28859,0.2737928,0.26191,0.00393372345142089,0.29727,0,-7.897600401148409,10.18670535680197,-4.370169394755669e-05
2019-10-16,0.28331,0.26882556,0.26396549999999996,0.003344567969140169,0.28859,0,-6.848622333351208,7.328419812437627,-0.0005891554822807215
2019-10-17,0.30167,0.27080712,0.26694500000000004,0.003945443749153947,0.28331,0,-4.413145591846522,13.008297589391052,0.0006008757800137782
2019-10-18,0.29404,0.3040228,0.2695655,0.0035930956213420405,0.30167,1,0.7799214378177645,9.079240481441433,-0.0003523481278119066
2019-10-19,0.29145,0.2997851,0.272126,0.002975207520119984,0.29404,1,1.9538523242386272,7.101122274240613,-0.0006178881012220564
2019-10-20,0.29386,0.31006673,0.273989,0.002535582042533636,0.29145,1,6.38762387511129,7.252480939015811,-0.000439625477586348
2019-10-21,0.29187,0.3106833,0.27618850000000006,0.0019441571927348725,0.29386,1,5.7249404586847,5.677825108576192,-0.0005914248497987636
2019-10-22,0.29046,0.3079367,0.278088,0.001321174022694993,0.29187,1,5.504744646013109,4.4489514110641215,-0.0006229831700398794
2019-10-23,0.27306,0.29616782,0.279404,-0.00031238715116956896,0.29046,0,1.9650969813614205,-2.270547307840962,-0.001633561173864562
2019-10-24,0.27596,0.30218834,0.2805805,-0.0011975144946107814,0.27306,0,10.66737597934982,-1.6467644757921622,-0.0008851273434412124
2019-10-25,0.29829,0.2994275,0.2828325,-0.00032443158902582207,0.27596,0,8.503953220706387,5.4652488663785155,0.0008730829055849593
2019-10-26,0.29351,0.29951254,0.28473200000000004,-0.00012446243103581695,0.29829,0,0.4098479109703386,3.082899006785311,0.00019996915799000512
2019-10-27,0.29818,0.29918513,0.285845,0.00024648995478022094,0.29351,1,1.9335378760117914,4.315275761339182,0.0003709523858160379
2019-10-28,0.29447,0.30065224,0.2866985,0.00016981155500901766,0.29818,1,0.829108507070785,2.7106873597176078,-7.667839977120328e-05
2019-10-29,0.30192,0.3028053,0.2877535,0.0005284045526241623,0.29447,1,2.8306124655423996,4.923137338034126,0.0003585929976151446
2019-10-30,0.29471,0.30406255,0.28897849999999997,0.0002042478996033461,0.30192,1,0.7096400700616081,1.9833655444955443,-0.00032415665302081616
2019-10-31,0.29452,0.29913977,0.290333,-8.331570226081768e-05,0.29471,0,1.5030938499569415,1.442137132189588,-0.00028756360186416377
2019-11-01,0.29146,0.29588062,0.29129299999999997,-0.0005158357312174166,0.29452,0,0.46197735678804636,0.057330591534993376,-0.0004325200289565989
2019-11-02,0.29456,0.29913846,0.29215800000000003,-0.0006222457226883896,0.29146,0,2.634480403150715,0.8221578734794048,-0.00010640999147097305
2019-11-03,0.29024,0.30358937,0.29180649999999997,-0.0009907869145352813,0.29456,0,3.06537677450455,-0.5368283434399065,-0.0003685411918468917
2019-11-04,0.29863,0.30535185,0.2923085,-0.0006909266152741291,0.29024,0,5.206674948548272,2.1626124454129725,0.0002998602992611522
2019-11-05,0.30061,0.30887306,0.29317350000000003,-0.0003953408464130925,0.29863,0,3.4300161957664916,2.5365525874609935,0.0002955857688610366
2019-11-06,0.31009,0.30340788,0.2935945,0.0003616041755593099,0.30061,1,0.93073340329315,5.618463561136192,0.0007569450219724024
2019-11-07,0.29061,0.30501613,0.293423,-0.00048094378269691526,0.31009,1,-1.6362571482572352,-0.9586842203917246,-0.0008425479582562252
2019-11-08,0.27547,0.30325234,0.292624,-0.0020037903682814636,0.29061,1,4.350276784383939,-5.8621302422221016,-0.0015228465855845483
2019-11-09,0.2799,0.3046321,0.291926,-0.002619726095013729,0.27547,0,10.586306125052197,-4.119537142974602,-0.0006159357267322653
2019-11-10,0.27894,0.29941934,0.2912795,-0.0029729456189101448,0.2799,0,6.973684698652061,-4.236309112038438,-0.00035321952389641594
2019-11-11,0.27423,0.2900676,0.290468,-0.003375523660303066,0.27894,0,3.9892497041827597,-5.590288775355643,-0.00040257804139292143
2019-11-12,0.27222,0.2791135,0.29042599999999996,-0.0036079336645431824,0.27423,0,1.7808049120623337,-6.268722497297055,-0.00023241000424011624
2019-11-13,0.27202,0.28164068,0.29022899999999996,-0.0035977691411956314,0.27222,0,3.460685711623055,-6.274011211836163,1.0164523347551066e-05
2019-11-14,0.26795,0.27203798,0.28871199999999997,-0.003674870759863363,0.27202,0,0.006610889152946142,-7.191249411177904,-7.710161866773162e-05
2019-11-15,0.26069,0.27662605,0.28707099999999997,-0.0039978298852318735,0.26795,0,3.2379363583726435,-9.189712649483923,-0.00032295912536851054
2019-11-16,0.26218,0.27471158,0.285271,-0.003890441260341708,0.26069,0,5.378640946870377,-8.094408474748564,0.00010738862489016558
2019-11-17,0.26311,0.26148316,0.283703,-0.0035458192811290198,0.26218,-1,-0.2657858564630237,-7.258647247297341,0.0003446219792126882
2019-11-18,0.25179,0.26086244,0.28119649999999996,-0.0038442544273912067,0.26311,-1,-0.8542283186369426,-10.457633718769598,-0.00029843514626218693
2019-11-19,0.25398,0.2571094,0.27915999999999996,-0.003659162386677058,0.25179,-1,2.1126349776518043,-9.01991689353775,0.00018509204071414861
2019-11-20,0.25014,0.2622311,0.276941,-0.00355718824483756,0.25398,0,3.2487249100280633,-9.677512538771802,0.00010197414183949795
2019-11-21,0.24345,0.25989902,0.27454049999999997,-0.003686429235096104,0.25014,0,3.9014232809656,-11.324558671671383,-0.00012924099025854365
2019-11-22,0.23,0.24388008,0.27131249999999996,-0.004376821653994913,0.24345,0,0.1766597644385188,-15.22690624280118,-0.0006903924188988095
2019-11-23,0.23407,0.24355704,0.26850399999999996,-0.004254680273662777,0.23,0,5.894363444784409,-12.824389953222287,0.00012214138033213653
2019-11-24,0.21989,0.24547412,0.264567,-0.004784636390049562,0.23407,0,4.87209596021542,-16.88683773864465,-0.0005299561163867855
2019-11-25,0.21731,0.25032988,0.26040199999999997,-0.0049443433543697336,0.21989,0,13.843231573290918,-16.548259998003076,-0.00015970696432017137
2019-11-26,0.2206,0.2544809,0.2559275,-0.004477734374867572,0.21731,0,17.105010528866384,-13.803713942425096,0.00046660897950216197
2019-11-27,0.224,0.2209581,0.252597,-0.003625797503861255,0.2206,0,0.1623294511278045,-11.321195421956718,0.0008519368710063167
2019-11-28,0.22313,0.22053696,0.24998,-0.0028412420126056794,0.224,-1,-1.5459990394966963,-10.740859268741504,0.0007845554912555754
2019-11-29,0.22998,0.23287728,0.24748399999999998,-0.0016408994301084258,0.22313,-1,4.3684328814620965,-7.072780462575355,0.0012003425824972536
2019-11-30,0.2255,0.23156346,0.24481199999999997,-0.0009621876849351015,0.22998,-1,0.6885223963414332,-7.88850219760468,0.0006787117451733243
2019-12-01,0.22477,0.23475511,0.24233900000000003,-0.0004044939744469629,0.2255,0,4.104263290862019,-7.24976169745688,0.0005576937104881385
2019-12-02,0.21914,0.22598992,0.23968499999999998,-0.0002636718785576173,0.22477,0,0.5427427508681791,-8.571666979577355,0.0001408220958893456
2019-12-03,0.21951,0.22045463,0.23705950000000003,-8.012017064979587e-06,0.21914,0,0.599905647499952,-7.40299376316917,0.00025565986149263774
2019-12-04,0.2139,0.2161336,0.234357,-7.538754988884074e-05,0.21951,-1,-1.5381556589952883,-8.728990386461682,-6.737553282386115e-05
2019-12-05,0.22118,0.21343702,0.23238149999999996,0.00048107803721391014,0.2139,-1,-0.21644657379336182,-4.820306263622524,0.0005564655871027509
2019-12-06,0.22546,0.22696973,0.2305455,0.0012068348412721877,0.22118,-1,2.6176570369231733,-2.2058552433250673,0.0007257568040582776
2019-12-07,0.22699,0.22571102,0.2287395,0.0018224055332579057,0.22546,0,0.11133586758678411,-0.7648438507559975,0.000615570691985718
2019-12-08,0.22909,0.22416015,0.2276045,0.002368866909531085,0.22699,0,-1.246685011018513,0.6526672363683498,0.0005464613762731791
2019-12-09,0.22445,0.22815296,0.22612799999999997,0.002407835316266293,0.22909,0,-0.40902678472908127,-0.742057595697993,3.896840673520835e-05
2019-12-10,0.22256,0.2301374,0.224749,0.00229668480495227,0.22445,0,2.5339242051826236,-0.9739754125713558,-0.0001111505113140232
2019-12-11,0.22093,0.22802927,0.22362300000000004,0.002108627340912845,0.22256,0,2.4574343996198773,-1.2042589536854689,-0.0001880574640394251
2019-12-12,0.21837,0.2142716,0.22304149999999998,0.0018180679562637293,0.22093,0,-3.013803007830065,-2.094453274390626,-0.00029055938464911564
2019-12-13,0.22054,0.21341078,0.222365,0.001776207761866478,0.21837,0,-2.271017157213156,-0.8207226856744512,-4.1860194397251235e-05
2019-12-14,0.21605,0.2120697,0.222173,0.0014633478045713057,0.22054,0,-3.8407068428993716,-2.7559604452386277,-0.00031285995729517235
2019-12-15,0.21735,0.22113469,0.222175,0.0013632000898203649,0.21605,0,2.3534794864597193,-2.1717114886913578,-0.00010014771475094081
2019-12-16,0.2055,0.22136475,0.22142,0.0005593169085147485,0.21735,0,1.8471366267163756,-7.189955740222209,-0.0008038831813056164
2019-12-17,0.1831,0.21463522,0.21937500000000001,-0.00131806429453684,0.2055,0,4.445364063383605,-16.535612535612536,-0.0018773812030515886
2019-12-18,0.19573,0.21858694,0.21800499999999995,-0.0015313409369398009,0.1831,0,19.381177822531793,-10.217655558358738,-0.00021327664240296078
2019-12-19,0.1878,0.21090706,0.215896,-0.001999009698110647,0.19573,0,7.754078029776214,-13.013673250083377,-0.00046766876117084605
2019-12-20,0.19521,0.21220815,0.2143815,-0.0016180914312612805,0.1878,0,12.996885951715539,-8.94270261193247,0.00038091826684936644
2019-12-21,0.19143,0.21549271,0.21271449999999997,-0.0014356953205389225,0.19521,0,10.390200538473064,-10.006134983745813,0.00018239611072235797
2019-12-22,0.19649,0.1968925,0.21158200000000002,-0.0008198701685880917,0.19143,0,2.853523441313308,-7.132931912922659,0.0006158251519508308
2019-12-23,0.18953,0.18783954,0.21008299999999996,-0.0007298823317105647,0.19649,-1,-4.40249485522774,-9.78327613371856,8.998783687752705e-05
2019-12-24,0.19077,0.19451456,0.20892649999999996,-0.00044922805508755895,0.18953,-1,2.6299571145626803,-8.690376759290931,0.0002806542766230057
2019-12-25,0.18852,0.20241332,0.20729349999999996,-0.00028547987391122284,0.19077,-1,6.103328899398145,-9.056482716534756,0.0001637481811763361
2019-12-26,0.18923,0.20399542,0.205482,-1.4039167472154612e-05,0.18852,0,8.20890172332709,-7.909208592480114,0.00027144070643906823
2019-12-27,0.19003,0.19472115,0.203634,0.0003164473449307377,0.18923,0,2.9018376674005952,-6.680613257118165,0.0003304865124028923
2019-12-28,0.1932,0.19260964,0.2018395,0.0008171445912592487,0.19003,0,1.3574898572292504,-4.280381193968473,0.000500697246328511
2019-12-29,0.19653,0.19689198,0.2004435,0.0014066276394628825,0.1932,0,1.9109618959959933,-1.9524205075245575,0.0005894830482036338
2019-12-30,0.19326,0.19621079,0.1989785,0.0015964556626352367,0.19653,0,-0.16242471874588713,-2.8739285902748364,0.00018982802317235418
2019-12-31,0.19295,0.19471715,0.1975795,0.0017110981995871605,0.19326,0,0.7539862914323798,-2.3431074580105635,0.00011464253695192377
2020-01-01,0.19305,0.1891764,0.19631349999999997,0.0017948714823850312,0.19295,0,-1.9557421427991475,-1.6623920413012732,8.377328279787072e-05
2020-01-02,0.1875,0.18860042,0.1946615,0.0014902443050596025,0.19305,0,-2.3048842518294417,-3.678950383100915,-0.00030462717732542867
2020-01-03,0.19338,0.18797687,0.193528,0.0016841836331233581,0.1875,0,0.2543290456136068,-0.07647472200405586,0.0001939393280637556
2020-01-04,0.19305,0.18994966,0.192313,0.0017803018803972566,0.19338,0,-1.7738848416064767,0.3832294228679224,9.611824727389848e-05
2020-01-05,0.19453,0.18736906,0.1917645,0.0019215213953978662,0.19305,0,-2.942728051494607,1.4421334501432768,0.00014121951500060959
2020-01-06,0.2231,0.19214654,0.1937645,0.0038080475277988664,0.19453,0,-1.2252404831592334,15.13977018494099,0.0018865261324010002
2020-01-07,0.21335,0.19359328,0.1946455,0.004235431030483826,0.2231,0,-13.22578282059174,9.60952089824836,0.00042738350268495956
2020-01-08,0.2075,0.19618143,0.1956305,0.0039650835365553395,0.21335,0,-8.047137842654404,6.06730545594883,-0.00027034749392848643
2020-01-09,0.20373,0.19784445,0.1960565,0.0033952873469119934,0.2075,0,-4.653279178113818,3.9139227722620773,-0.0005697961896433462
2020-01-10,0.21284,0.20571908,0.197127,0.003481905137196393,0.20373,1,0.9763331603554551,7.971003464771444,8.661779028439976e-05
2020-01-11,0.21121,0.201882,0.197863,0.0032820721700252907,0.21284,1,-5.148466107003381,6.7455764847394395,-0.00019983296717110237
2020-01-12,0.21539,0.20895483,0.199156,0.003276473112312046,0.21121,1,-1.0677401650714495,8.151398903372229,-5.599057713244569e-06
2020-01-13,0.21134,0.20739952,0.2001845,0.0028602224997635174,0.21539,0,-3.709774224548608,5.572609267950322,-0.0004162506125485288
2020-01-14,0.23464,0.20045333,0.2024905,0.0039472980729907785,0.21134,0,-5.151260477869086,15.877041145140142,0.001087075573227261
2020-01-15,0.23367,0.2021828,0.2047125,0.004361791685719227,0.23464,0,-13.832765266913984,14.14544788422788,0.00041449361272844886
2020-01-16,0.229,0.23490241,0.20666099999999998,0.004086928753910562,0.23367,1,0.5274154573950679,10.809489937627335,-0.00027486293180866567
2020-01-17,0.23921,0.24479407,0.20896149999999997,0.004334691164392445,0.229,1,6.8969741138308285,14.475633071163848,0.0002477624104818832
2020-01-18,0.24357,0.2306836,0.2113135,0.004513823928206361,0.23921,1,-3.564401596048288,15.264760651827746,0.000179132763813916
2020-01-19,0.23558,0.2322805,0.21342950000000002,0.0038421144576508033,0.24357,0,-4.635015485243353,10.37836850107412,-0.0006717094705555576
2020-01-20,0.23314,0.24074644,0.215439,0.0030177567566986776,0.23558,1,2.193071781673049,8.216246826247799,-0.0008243577009521257
2020-01-21,0.23726,0.22792196,0.2176495,0.0025527020916580254,0.23314,1,-2.2381561559418706,9.01012867017843,-0.0004650546650406522
2020-01-22,0.23733,0.23364931,0.220141,0.0020729508797910183,0.23726,1,-1.5218269198939474,7.8081774862474544,-0.00047975121186700706
2020-01-23,0.22586,0.23048067,0.221765,0.0008679569935442361,0.23733,0,-2.885993793892443,1.8465492751335946,-0.0012049938862467822
2020-01-24,0.22222,0.22563948,0.22322350000000002,-0.00023072312190891564,0.22586,-1,-0.09763686701076356,-0.44954944259901763,-0.0010986801154531517
2020-01-25,0.21946,0.22244954,0.22447,-0.0011484877895088681,0.22222,-1,0.10329452430876808,-2.23192408785139,-0.0009177646675999525
2020-01-26,0.23131,0.22228345,0.22488049999999998,-0.0009697537145357737,0.21946,-1,1.2865454976999595,2.8590740415465126,0.0001787340749730944
2020-01-27,0.23077,0.22491232,0.22575150000000002,-0.0009016155958070978,0.23131,0,-2.7658485983870413,2.223019559116985,6.81381187286759e-05
2020-01-28,0.23906,0.22904061,0.22732950000000002,-0.00034080385679849216,0.23077,0,-0.7494007843218599,5.160130999276371,0.0005608117390086056
2020-01-29,0.23539,0.23034824,0.2289125,-0.00026307501366091765,0.23906,0,-3.644171208305296,2.8296838311581927,7.772884313757451e-05
2020-01-30,0.24376,0.23241699,0.23045849999999998,0.00027675642835291083,0.23539,0,-1.2630156679857132,5.771755001442786,0.0005398314420138285
2020-01-31,0.23946,0.24326535,0.23187100000000002,0.00026872538625576266,0.24376,0,-0.20292677525657285,3.272940557465135,-8.031042097148174e-06
2020-02-01,0.24141,0.2360097,0.23317200000000002,0.00031597367282289006,0.23946,0,-1.440866079324871,3.5330142555709925,4.72482865671274e-05
2020-02-02,0.25093,0.24320127,0.2351515,0.0008777726855867182,0.24141,1,0.7420035207742115,6.709929556052151,0.0005617990127638282
2020-02-03,0.25453,0.23443271,0.23614599999999997,0.001352830501142449,0.25093,1,-6.574458136809555,7.785014355525825,0.00047505781555573067
2020-02-04,0.26737,0.24787493,0.23783100000000004,0.00233520913837081,0.25453,1,-2.6146503355265733,12.420163897893861,0.0009823786372283611
2020-02-05,0.27774,0.26637027,0.240268,0.003421116683098472,0.26737,0,-0.37391379887455584,15.595917891687606,0.001085907544727662
2020-02-06,0.28325,0.27304545,0.24247000000000002,0.004197037810391338,0.27774,0,-1.6902677147728518,16.818575493875525,0.0007759211272928661
2020-02-07,0.27953,0.26461947,0.244268,0.004139387453848996,0.28325,0,-6.577415836667552,14.435783647469167,-5.7650356542341893e-05
2020-02-08,0.27735,0.2506978,0.2463565,0.0036511374681145285,0.27953,0,-10.3145309711353,12.58075187786804,-0.00048824998573446764
2020-02-09,0.28257,0.22758527,0.248828,0.003382519879362231,0.27735,0,-17.942934558910352,13.560371019338657,-0.0002686175887522974
2020-02-10,0.27338,0.27998295,0.25063399999999997,0.0023383230172927365,0.28257,0,-0.9155415423834286,9.075384824086136,-0.0010441968620694946
2020-02-11,0.281,0.2697256,0.25281750000000003,0.0019301920347629085,0.27338,0,-1.3367506970919052,11.14736914968307,-0.00040813098252982793
2020-02-12,0.30427,0.2653807,0.256738,0.0029364768640549564,0.281,0,-5.558466062851233,18.513815640847852,0.0010062848292920479
2020-02-13,0.32709,0.25863042,0.2619815,0.004741128235371447,0.30427,0,-14.99969607982045,24.852327358992913,0.0018046513713164906
2020-02-14,0.33594,0.24928908,0.26780550000000003,0.006049238727556552,0.32709,0,-23.785783576201432,25.44178517618196,0.0013081104921851047
2020-02-15,0.30729,0.31136003,0.27160449999999997,0.0045706038708893185,0.33594,0,-7.316773421935984,13.138773473929938,-0.0014786348566672332
2020-02-16,0.29224,0.296216,0.274678,0.002280306397465553,0.30729,0,-3.6037583236150623,6.393668222427724,-0.0022902974734237656
2020-02-17,0.28736,0.28924793,0.277093,0.0002451640599579648,0.29224,0,-1.0238399774513276,3.705254192635695,-0.002035142337507588
2020-02-18,0.29827,0.27284136,0.28023699999999996,-0.0005162443240916623,0.28736,0,-5.052420606459171,6.4349104507970125,-0.000761408384049627
2020-02-19,0.27466,0.2605505,0.281782,-0.0026411957865272555,0.29827,-1,-12.646092814429089,-2.5274857868848835,-0.002124951462435593
2020-02-20,0.2709,0.26786414,0.283354,-0.004236595721062195,0.27466,-1,-2.4742816981159628,-4.395208820062544,-0.0015953999345349398
2020-02-21,0.27418,0.26385182,0.2849925,-0.004957517104285341,0.2709,-1,-2.6017639636113215,-3.793959490162023,-0.0007209213832231453
2020-02-22,0.27468,0.2521477,0.28618,-0.005258654303966295,0.27418,-1,-8.03570487895934,-4.018449926619614,-0.000301137199680954
2020-02-23,0.28298,0.2446096,0.28760250000000004,-0.004771129485708124,0.27468,-1,-10.947431795146063,-1.6072530662981124,0.0004875248182581709
2020-02-24,0.2704,0.25490725,0.28775399999999995,-0.005136481901412403,0.28298,-1,-9.92040059214153,-6.03084579189168,-0.00036535241570427937
2020-02-25,0.25209,0.26916918,0.2864715,-0.006371216999457497,0.2704,-1,-0.45518432495861105,-12.00171744833256,-0.0012347350980450936
2020-02-26,0.22915,0.2653995,0.2837665,-0.008367091957079272,0.25209,0,5.279656403067289,-19.246986518845596,-0.001995874957621775
2020-02-27,0.2385,0.26454252,0.281715,-0.008655664909917406,0.22915,0,15.445132029777062,-15.339971247537406,-0.0002885729528381339
2020-02-28,0.23663,0.26965725,0.27967899999999996,-0.008555312747904937,0.2385,0,13.063838246983305,-15.392289017051674,0.00010035216201246915
2020-02-29,0.22892,0.28362867,0.2769965,-0.00856964635317334,0.23663,0,19.861671115823814,-17.356356488258868,-1.433360526840316e-05
2020-03-01,0.22696,0.21349223,0.2746755,-0.008268627859815837,0.22892,-1,-6.739372016040887,-17.371589384564704,0.00030101849335750254
2020-03-02,0.23958,0.20072028,0.2726045,-0.006836425253330797,0.22696,-1,-11.561385085980236,-12.1144368489882,0.0014322026064850406
2020-03-03,0.23428,0.20578545,0.26910500000000004,-0.00589832772624347,0.23958,-1,-14.105746172656493,-12.941045316883763,0.0009380975270873266
2020-03-04,0.23453,0.21038166,0.26447699999999996,-0.004951470796833918,0.23428,-1,-10.200761104171459,-11.323101819817973,0.0009468569294095522
2020-03-05,0.23909,0.20391025,0.2596345,-0.0037624199140135145,0.23453,-1,-13.055793931935275,-7.912854416497035,0.0011890508828204032
2020-03-06,0.24477,0.23989435,0.2565085,-0.002403847465843517,0.23909,0,0.3364195084351472,-4.576261605365898,0.0013585724481699974
2020-03-07,0.23622,0.24209206,0.25370750000000003,-0.0019128872988608105,0.24477,-1,-1.0940646065476087,-6.8927800715390815,0.0004909601669827067
2020-03-08,0.20385,0.24011903,0.249532,-0.0035072435395550796,0.23622,-1,1.650590598255191,-18.307070836606126,-0.001594356240694269
2020-03-09,0.20952,0.24179949,0.2450945,-0.003889439267510012,0.20385,-1,18.61637903540515,-14.514605590904726,-0.00038219572795493255
2020-03-10,0.21185,0.23956174,0.241954,-0.003696127116231244,0.20952,0,14.338362248811428,-12.442034436297805,0.00019331215127876833
2020-03-11,0.20813,0.21246669,0.23881550000000001,-0.0035299041628417595,0.21185,0,0.2910960415553569,-12.849040367982816,0.00016622295338948427
2020-03-12,0.13549,0.20350024,0.231881,-0.007779641900471437,0.20813,-1,-2.224455368671762,-41.56916694338907,-0.004249737737629678
2020-03-13,0.15872,0.20801425,0.22608299999999998,-0.008438509165541196,0.13549,-1,53.52738194821443,-29.795694501576847,-0.0006588672650697583
2020-03-14,0.14588,0.20127673,0.21922799999999998,-0.009094819538950208,0.15872,-1,26.81245871429001,-33.45740507599393,-0.0006563103734090123
2020-03-15,0.15308,0.20113245,0.213362,-0.008415487511597874,0.14588,0,37.875271817576824,-28.25339095059102,0.0006793320273523334
2020-03-16,0.14102,0.15104721,0.2078085,-0.008144560017369473,0.15308,-1,-1.32792339581623,-32.139445691586246,0.00027092749422840193
2020-03-17,0.14694,0.15638302,0.203698,-0.006977810344130194,0.14102,-1,10.894215477221296,-27.863798368172493,0.0011667496732392785
2020-03-18,0.1476,0.1611382,0.199153,-0.005630516700320793,0.14694,-1,9.662587940895731,-25.88612775102559,0.001347293643809401
2020-03-19,0.1646,0.16927317,0.1955515,-0.0031850752393046376,0.1476,0,14.683718054598256,-15.827799837894363,0.0024454414610161554
2020-03-20,0.15695,0.17150146,0.19195299999999998,-0.001745376065769251,0.1646,0,4.19286615503805,-18.235192989950654,0.0014396991735353866
2020-03-21,0.15797,0.15392071,0.1885035,-0.0004542508728213844,0.15695,-1,-1.9300987022475287,-16.197842480378345,0.0012911251929478666
2020-03-22,0.14776,0.15367994,0.1839125,-3.956892369469389e-05,0.15797,-1,-2.715745316039552,-19.657445796234622,0.0004146819491266905
2020-03-23,0.15854,0.15434858,0.1801255,0.0011436600158432966,0.14776,-1,4.458975385315815,-11.983589219738464,0.0011832289395379905
2020-03-24,0.16225,0.15135704,0.1765115,0.0022927749878323203,0.15854,0,-4.530692690029644,-8.079643535973567,0.0011491149719890237
2020-03-25,0.16168,0.15711519,0.172641,0.003081904181087343,0.16225,0,-3.1647511733515086,-6.349013270312382,0.0007891291932550226
2020-03-26,0.17593,0.16269222,0.16919900000000002,0.004542787300774717,0.16168,1,0.6260632229936708,3.978155899266536,0.0014608831196873742
2020-03-27,0.17269,0.16350606,0.16602250000000002,0.005221605989044011,0.17593,1,-7.061865037970024,4.016021924739112,0.0006788186882692934
2020-03-28,0.17543,0.1722433,0.1646015,0.005744385578830752,0.17269,1,-0.25867328735472317,6.578615626224542,0.0005227795897867413
2020-03-29,0.16278,0.17921089,0.16226449999999998,0.0051467114518616505,0.17543,1,2.1552108300830985,0.3176911770596957,-0.0005976741269691013
2020-03-30,0.17112,0.17702304,0.16022799999999998,0.005205892074432311,0.16278,1,8.749869927564372,6.797813116309268,5.9180622570660646e-05
2020-03-31,0.17353,0.1746973,0.158498,0.0052833701550767595,0.17112,1,2.0905182510962748,9.484031344244084,7.747808064444833e-05
2020-04-01,0.17494,0.17300743,0.16047050000000002,0.0052923956658304135,0.17353,0,-0.3011417932993392,9.01692211341025,9.02551075365396e-06
2020-04-02,0.17828,0.17429334,0.1614485,0.005369148950639571,0.17494,0,-0.3696471633291919,10.425305902501417,7.675328480915775e-05
2020-04-03,0.17957,0.17461115,0.163133,0.005341265570751309,0.17828,0,-2.0579138330635445,10.075827698871477,-2.7883379888262588e-05
2020-04-04,0.18114,0.17751148,0.164536,0.005254954770634904,0.17957,0,-1.1463588400832994,10.091408567122095,-8.631080011640459e-05
2020-04-05,0.17925,0.17274523,0.16644750000000003,0.004903761128511172,0.18114,0,-4.63441105569134,7.691614473032016,-0.0003511936421237323
2020-04-06,0.19803,0.16853951,0.16900199999999999,0.00571288865126111,0.17925,0,-5.975169217736149,17.176128093158678,0.0008091275227499386
2020-04-07,0.19285,0.16882032,0.17126450000000001,0.005664775145329046,0.19803,0,-14.750127980656469,12.60360436634561,-4.8113505932064274e-05
2020-04-08,0.20192,0.16862182,0.17313050000000002,0.0059783723006016165,0.19285,0,-12.563223649653738,16.628785800306684,0.0003135971552725705
2020-04-09,0.19829,0.17452165,0.1751975,0.005678133159485383,0.20192,0,-13.568911031951233,13.180838767676473,-0.00030023914111623317
2020-04-10,0.18758,0.18897557,0.17667799999999997,0.004544121677809075,0.19829,0,-4.697376274113886,6.170547549779839,-0.001134011481676308
2020-04-11,0.1885,0.17941788,0.178715,0.0036788070593731606,0.18758,0,-4.35127498168327,5.475197940855545,-0.0008653146184359147
2020-04-12,0.18939,0.18781634,0.18025750000000001,0.003016968376107084,0.1885,0,-0.36268607374843975,5.066363396807338,-0.0006618386832660766
2020-04-13,0.18763,0.1871973,0.1815265,0.0023413660541189976,0.18939,0,-1.1577708371570958,3.362319000256152,-0.0006756023219880863
2020-04-14,0.18613,0.19077481,0.182749,0.0017038092858700387,0.18763,1,1.6760716806537945,1.8500785230014911,-0.0006375567682489589
2020-04-15,0.1805,0.18261561,0.1829775,0.0008560702353695454,0.18613,1,-1.8881384102973933,-1.3539916109904189,-0.0008477390505004933
2020-04-16,0.19053,0.18187837,0.18386950000000002,0.0009184663422638031,0.1805,1,0.76364156612069,3.622406108680333,6.23961068942577e-05
2020-04-17,0.18863,0.18026884,0.18452949999999999,0.0007846085266115931,0.19053,0,-5.385588095493846,2.2221379237466135,-0.00013385781565220997
2020-04-18,0.19544,0.17311874,0.1861625,0.0010888231725732938,0.18863,0,-8.223113863009226,4.983549318471762,0.0003042146459617007
2020-04-19,0.18901,0.17005432,0.18705699999999997,0.0008042381989661024,0.19544,0,-12.988990728258845,1.0440667817831133,-0.00028458497360719145
2020-04-20,0.18151,0.17626965,0.187456,9.54055235071272e-05,0.18901,0,-6.7405690390510875,-3.171944349607378,-0.0007088326754589752
2020-04-21,0.18341,0.1561804,0.1878795,-0.00024251062089126118,0.18151,-1,-13.954935443742201,-2.378918402486708,-0.0003379161443983884
2020-04-22,0.18804,0.16171488,0.1883675,-0.00015545439381683783,0.18341,-1,-11.828754343517755,-0.17386226392556073,8.705622707442335e-05
2020-04-23,0.1926,0.16376281,0.189019,0.00018928972687839584,0.18804,-1,-12.910653134402613,1.8945185404641864,0.00034474412069523367
2020-04-24,0.19325,0.16808657,0.1896245,0.00042751707547758694,0.1926,0,-12.727635783198462,1.9119364850006215,0.0002382273485991911
2020-04-25,0.19418,0.19533086,0.190371,0.0006033880516102892,0.19325,1,1.076770106385933,2.0008299583444846,0.0001758709761327023
2020-04-26,0.19618,0.19487059,0.19027850000000002,0.0007978654712052227,0.19418,1,0.3556448468612949,3.101506476033801,0.00019447741959493343
2020-04-27,0.19747,0.19085343,0.19050950000000003,0.0009466811832907096,0.19618,1,-2.7151433271131347,3.6536235725777346,0.000148815712085487
2020-04-28,0.21416,0.18037093,0.1911215,0.0020397102010710896,0.19747,0,-8.659073855778283,12.054373788401614,0.00109302901778038
2020-04-29,0.22648,0.17261086,0.19253099999999998,0.0033837233361302945,0.21416,0,-19.40097868731986,17.633004555110613,0.001344013135059205
2020-04-30,0.21135,0.22728363,0.1937195,0.003055086002378492,0.22648,1,0.35483344878800627,9.101045583950002,-0.00032863733375180235
2020-05-01,0.21786,0.21340089,0.19518749999999999,0.003069342557517646,0.21135,1,0.9703740065109606,11.61575408261288,1.4256555139153648e-05
2020-05-02,0.22369,0.20651728,0.1969025,0.0032473793431280875,0.21786,1,-5.206426536260989,13.604448902375538,0.00017803678561044162
2020-05-03,0.21936,0.23276548,0.198489,0.002862948522966322,0.22369,1,4.05716879429967,10.514940374529571,-0.0003844308201617656
2020-05-04,0.21776,0.24677736,0.20007049999999998,0.0023138233865729833,0.21936,1,12.498794525405248,8.841633324253213,-0.0005491251363933386
2020-05-05,0.21688,0.21049117,0.2018895,0.0017309321368731822,0.21776,0,-3.3380026089453194,7.425101354949113,-0.0005828912496998011
2020-05-06,0.21158,0.20049569,0.202942,0.0008714138454570235,0.21688,0,-7.554550854230177,4.256388524800179,-0.0008595182914161587
2020-05-07,0.21862,0.17796253,0.2044415,0.0006690922956593447,0.21158,0,-15.888776501068621,6.935235752036652,-0.00020232154979767884
2020-05-08,0.21865,0.17581323,0.20560199999999998,0.00044040814140531605,0.21862,0,-19.58044648617602,6.346241768076203,-0.00022868415425402865
2020-05-09,0.21642,0.17444529,0.2069725,6.19567191876124e-05,0.21865,0,-20.217111185380478,4.564616072183501,-0.00037845142221770364
2020-05-10,0.19702,0.22273001,0.207748,-0.0014864173758464628,0.21642,0,2.915631987759701,-5.163948630071042,-0.0015483740950340752
2020-05-11,0.19254,0.22872078,0.2082045,-0.0027313606183742966,0.19702,0,16.090135106749006,-7.523612602033097,-0.0012449432425278338
2020-05-12,0.19711,0.23273273,0.208658,-0.003137082118142619,0.19254,0,20.875001622345938,-5.53441516740312,-0.0004057214997683226
2020-05-13,0.20177,0.23981608,0.2091165,-0.0029826334620780322,0.19711,0,21.666117652137128,-3.5131135037168306,0.00015444865606458694
2020-05-14,0.20386,0.24910142,0.209647,-0.0026423908294285463,0.20177,0,23.45810342297041,-2.760354309863717,0.0003402426326494859
2020-05-15,0.19818,0.21276133,0.20984699999999998,-0.0026933729173731257,0.20386,0,4.366392438105057,-5.559764971622174,-5.0982087944579334e-05
2020-05-16,0.19969,0.21643063,0.2100225,-0.002521906771068742,0.19818,0,9.20912012321002,-4.91971098334702,0.00017146614630438387
2020-05-17,0.20131,0.22753456,0.21021449999999997,-0.0022072350411187387,0.19969,0,13.943894210686288,-4.235911414293487,0.0003146717299500031
2020-05-18,0.20543,0.22362028,0.20977800000000002,-0.001654725543066529,0.20131,0,11.082549611760959,-2.072667295903297,0.0005525094980522098
2020-05-19,0.20496,0.2199035,0.208702,-0.0012712590232115883,0.20543,0,7.045465067427224,-1.7929871299747946,0.0003834665198549406
2020-05-20,0.20179,0.20367374,0.20822400000000002,-0.0011832575516476922,0.20496,-1,-0.6275686665869259,-3.0899416013524004,8.80014715638961e-05
2020-05-21,0.19434,0.20784634,0.20704800000000004,-0.0015555037486293384,0.20179,-1,3.001310033848788,-6.137707198330833,-0.0003722461969816462
2020-05-22,0.20034,0.21160947,0.2058805,-0.0013348176209860615,0.19434,-1,8.886213782050296,-2.691124220117983,0.0002206861276432769
2020-05-23,0.19883,0.21241958,0.204854,-0.0012302900666601156,0.20034,0,6.029541975392479,-2.940630888339989,0.00010452755432594591
2020-05-24,0.19256,0.21445818,0.203594,-0.0015050159626933002,0.19883,0,7.8600726520691975,-5.419609615214588,-0.0002747258960331847
2020-05-25,0.19622,0.19605577,0.202561,-0.0013659093510964295,0.19256,0,1.8154185294708727,-3.1304150354707896,0.00013910661159687076
2020-05-26,0.19372,0.18875305,0.20166800000000001,-0.0013647163648383043,0.19622,-1,-3.8053951962328822,-3.9411309677291437,1.1929862581252018e-06
2020-05-27,0.19791,0.18718159,0.2006325,-0.0010199768698331865,0.19372,-1,-3.375184809204078,-1.3569586183694013,0.0003447394950051178
2020-05-28,0.20052,0.18601125,0.19972600000000001,-0.0005764880679559182,0.19791,-1,-6.012200097294191,0.39754463615152213,0.0004434888018772683
2020-05-29,0.19759,0.1822386,0.1987845,-0.00044658945407954854,0.20052,-1,-9.116998953945785,-0.6009019817943627,0.0001298986138763697
2020-05-30,0.20701,0.19531423,0.199284,0.00026911342107243134,0.19759,0,-1.1517644948132506,3.876879227634938,0.0007157028751519799
2020-05-31,0.20245,0.19031811,0.19977950000000003,0.00042168442682552184,0.20701,0,-8.063326600173678,1.33672373792104,0.0001525710057530905
2020-06-01,0.211,0.19563904,0.20047399999999999,0.0010489857308262549,0.20245,0,-3.364265721708083,5.250556181849022,0.000627301304000733
2020-06-02,0.20301,0.19327882,0.200536,0.0008830196075796984,0.211,0,-8.398663828158263,1.2336937008816393,-0.00016596612324655644
2020-06-03,0.2041,0.19271494,0.200548,0.0008060008546672474,0.20301,0,-5.07120610716237,1.7711470570636454,-7.701875291245101e-05
2020-06-04,0.20427,0.21244189,0.20085250000000002,0.0007282207508811641,0.2041,1,4.087158957279994,1.701497367471149,-7.77801037860833e-05
2020-06-05,0.20274,0.21738867,0.20100500000000002,0.000543891017798148,0.20427,1,6.422222850547634,0.8631626078953193,-0.00018432973308301617
2020-06-06,0.20361,0.22208293,0.20112000000000002,0.0004543636659947657,0.20274,1,9.54075556035647,1.2380668257756524,-8.952735180338227e-05
2020-06-07,0.20329,0.21915565,0.20101300000000002,0.0003519711752224486,0.20361,1,7.63501513244934,1.132762557645512,-0.00010239249077231708
2020-06-08,0.20403,0.21886896,0.2009665,0.00031372715828734246,0.20329,1,7.663414811260017,1.5243834171366855,-3.8244016935106144e-05
2020-06-09,0.20127,0.1997611,0.20094050000000002,9.361810553794124e-05,0.20403,0,-2.0922939455907024,0.16397888927318413,-0.00022010905274940122
2020-06-10,0.20266,0.19672492,0.2013565,3.5687982153219226e-05,0.20127,0,-2.2581996994484825,0.6473592856451185,-5.793012338472202e-05
2020-06-11,0.18817,0.20088127,0.200748,-0.0009310605789956408,0.20266,-1,-0.8776904399498785,-6.2655667802418975,-0.0009667485611488599
2020-06-12,0.19307,0.19767725,0.20046,-0.0011772137963262043,0.18817,-1,5.052481626624246,-3.6865210016961028,-0.0002461532173305635
2020-06-13,0.19234,0.19539215,0.20044900000000002,-0.0013154183929274988,0.19307,-1,1.2027485920034826,-4.045418036508042,-0.00013820459660129447
2020-06-14,0.19022,0.19270696,0.200149,-0.0014644264201492038,0.19234,0,0.19078582689495532,-4.960804200870348,-0.0001490080272217051
2020-06-15,0.19238,0.19319467,0.200082,-0.0013359172562013178,0.19022,0,1.5638063638546955,-3.8494217370878014,0.00012850916394788604
2020-06-16,0.19238,0.19344448,0.1998055,-0.0011750036841462598,0.19238,0,0.5533192283907207,-3.716364164149636,0.000160913572055058
2020-06-17,0.19315,0.19680966,0.199437,-0.0009503973399969654,0.19238,0,2.3025597092366463,-3.1523739326203337,0.00022460634414929437
2020-06-18,0.18975,0.19564363,0.199045,-0.0009615973462739225,0.19315,0,1.2910347419361607,-4.669798286819563,-1.1200006276957091e-05
2020-06-19,0.18722,0.1874721,0.1980555,-0.0010622960394490412,0.18975,-1,-1.2004716594228642,-5.470941226070469,-0.00010069869317511863
2020-06-20,0.18792,0.18259196,0.197329,-0.0010052597421159343,0.18722,-1,-2.4719795779837526,-4.768179030958451,5.703629733310681e-05
2020-06-21,0.18602,0.16773613,0.19607999999999998,-0.0010159828811515904,0.18792,-1,-10.740672641228798,-5.1305589555283495,-1.0723139035656061e-05
2020-06-22,0.18928,0.15989554,0.1953935,-0.0007369994217198495,0.18602,-1,-14.043898890574965,-3.1288144180845285,0.0002789834594317409
2020-06-23,0.18889,0.16199645,0.194633,-0.0005223129550326728,0.18928,-1,-14.414383981153309,-2.9506815391017955,0.0002146864666871767
2020-06-24,0.18348,0.19151528,0.1935935,-0.0006783550325814552,0.18889,0,1.3898468931417127,-5.224090684862868,-0.0001560420775487824
2020-06-25,0.18156,0.19209644,0.1925345,-0.0008343128408395003,0.18348,0,4.696120549474946,-5.700017399479053,-0.0001559578082580451
2020-06-26,0.18249,0.19240916,0.19147850000000002,-0.0007982603551129797,0.18156,0,5.9755220053925555,-4.694260713343801,3.6052485726520596e-05
2020-06-27,0.17509,0.18836306,0.19006850000000003,-0.0011735312106305436,0.18249,0,3.2182916078614987,-7.880579896195336,-0.00037527085551756394
2020-06-28,0.17693,0.1899781,0.1887135,-0.0011945893207454738,0.17509,0,8.503108634907337,-6.244121379763505,-2.105811011493021e-05
2020-06-29,0.17726,0.1801395,0.187513,-0.001086171805016238,0.17693,0,1.8139924956157671,-5.4678875597958605,0.00010841751572923577
2020-06-30,0.17533,0.17829113,0.1861465,-0.0010440372156679196,0.17726,0,0.581703196257322,-5.810745837284063,4.2134589348318506e-05
2020-07-01,0.17647,0.17927554,0.1855615,-0.000847356445337461,0.17533,0,2.2503521916585147,-4.899453819892598,0.00019668077033045857
2020-07-02,0.17477,0.18021019,0.1846465,-0.0007434303223053766,0.17647,0,2.1194469491679078,-5.348869325982341,0.00010392612303208437
2020-07-03,0.1762,0.18513845,0.1838395,-0.0005016452785086088,0.17477,0,5.932625206178304,-4.155526967817033,0.00024178504379676787
2020-07-04,0.17808,0.17732455,0.1832325,-0.00015626640569424595,0.1762,0,0.6382226808658413,-2.812001146084895,0.0003453788728143628
2020-07-05,0.17695,0.17676377,0.182461,4.420273563474596e-05,0.17808,0,-0.7391212014389316,-3.0203714766443324,0.0002004691413289919
2020-07-06,0.18875,0.17376131,0.1822795,0.0009683979871753,0.17695,0,-1.8020298427766086,3.549768350253314,0.0009241952515405541
2020-07-07,0.18508,0.17592196,0.18187599999999998,0.0013082964672869882,0.18875,0,-6.796311700580926,1.76163979854407,0.0003398984801116882
2020-07-08,0.20551,0.1793686,0.182664,0.002799174836509078,0.18508,0,-3.085908661502879,12.507116892217407,0.0014908783692220897
2020-07-09,0.20263,0.19568618,0.1834345,0.0034393411651084055,0.20551,0,-4.7802168170609125,10.46449822688753,0.0006401663285993276
2020-07-10,0.19909,0.1924652,0.183993,0.0034627804785643153,0.20263,0,-5.016433390790712,8.205203458827238,2.3439313455909765e-05
2020-07-11,0.2011,0.19313323,0.184747,0.003444734176402045,0.19909,0,-2.9919960933637157,8.851564572090483,-1.8046302162270326e-05
2020-07-12,0.20128,0.19444863,0.18534699999999998,0.003276993940287227,0.2011,0,-3.307491306758295,8.596308545592864,-0.0001677402361148178
2020-07-13,0.19867,0.19088557,0.185836,0.0028387014526702324,0.20128,0,-5.164162546917434,6.906089239975039,-0.0004382924876169948
2020-07-14,0.19909,0.19731815,0.18661650000000002,0.0024407056182712984,0.19867,0,-0.68044919051276,6.684028475509919,-0.000397995834398934
2020-07-15,0.19721,0.19304815,0.18739899999999998,0.001936487056140991,0.19909,0,-3.0347333631496767,5.235353443721693,-0.0005042185621303074
2020-07-16,0.19444,0.1949152,0.18799649999999998,0.00133091074984368,0.19721,0,-1.1636300186351416,3.4274574260691124,-0.0006055763062973109
2020-07-17,0.1944,0.19875845,0.188962,0.0008647394911795573,0.19444,1,2.220969517960319,2.8778272880261633,-0.0004661712586641227
2020-07-18,0.1999,0.20287102,0.1901105,0.000861961024668699,0.1944,1,4.35752294681691,5.149373653743485,-2.7784665108583108e-06
2020-07-19,0.19956,0.19688828,0.1912255,0.0007751140944477876,0.1999,1,-1.5066118583850918,4.358466836274448,-8.684693022091138e-05
2020-07-20,0.19465,0.20027821,0.19219150000000002,0.000346713973982702,0.19956,1,0.359895600181092,1.2791928883431236,-0.0004284001204650856
2020-07-21,0.19949,0.19922233,0.1933425,0.0003481243640123502,0.19465,1,2.348998858816611,3.179590622858399,1.4103900296482015e-06
2020-07-22,0.20348,0.19305517,0.19477799999999998,0.000563819260141971,0.19949,0,-3.2256414886823404,4.467650350655627,0.0002156948961296208
2020-07-23,0.20851,0.19852403,0.1963935,0.0009676017626678917,0.20348,0,-2.435606416935109,6.1695015364561465,0.0004037825025259207
2020-07-24,0.20392,0.20926613,0.19768550000000001,0.0008519757009503737,0.20851,1,0.3626330419899624,3.1537467340801304,-0.000115626061717518
2020-07-25,0.21463,0.2079286,0.1995695,0.0013913241544502367,0.20392,1,1.9657698740160434,7.546493827964682,0.0005393484534998629
2020-07-26,0.21532,0.20864344,0.20089799999999997,0.001670300307322941,0.21463,1,-2.7892482728953185,7.178767334667367,0.0002789761528727043
2020-07-27,0.22437,0.20626512,0.2028625,0.0023011644727406544,0.21532,0,-4.2053122337082,10.602008749768938,0.0006308641654177135
2020-07-28,0.23029,0.20468998,0.2041015,0.002914520178152774,0.22437,0,-8.771235212718882,12.831115890868025,0.0006133557054121197
2020-07-29,0.24327,0.22938694,0.20613350000000003,0.003928658725948541,0.23029,0,-0.392140084898233,18.015751927755534,0.0010141385477957666
2020-07-30,0.24408,0.21700281,0.20838299999999998,0.004355222199853127,0.24327,0,-10.797546328072107,17.130476094499077,0.0004265634739045862
2020-07-31,0.25939,0.20845209,0.2112975,0.005306573531490534,0.24408,0,-14.5968163630799,22.760562713709348,0.0009513513316374072
2020-08-01,0.29089,0.20360243,0.21577800000000003,0.007558093539406868,0.25939,0,-21.50721569657625,34.8098508652411,0.002251520007916334
2020-08-02,0.28803,0.20462759,0.22024600000000003,0.008296504333090083,0.29089,0,-29.654650076900534,30.77649537335524,0.0007384107936832147
2020-08-03,0.31016,0.24982013,0.22579950000000001,0.009623712878335869,0.28803,0,-13.265934769562527,37.36080017891978,0.0013272085452457859
2020-08-04,0.30138,0.21361773,0.23100800000000002,0.00925585560537251,0.31016,0,-31.12660331427205,30.46301426790412,-0.00036785727296335946
2020-08-05,0.30228,0.2085438,0.2364,0.008441506621104877,0.30138,0,-30.803700554733986,27.868020304568525,-0.0008143489842676321
2020-08-06,0.30311,0.20569973,0.2418355,0.007366287663978843,0.30228,0,-31.95059979515636,25.33726438012615,-0.001075218957126034
2020-08-07,0.29437,0.21034919,0.24655899999999997,0.005556400913836003,0.30311,0,-30.60301961172323,19.391301879063448,-0.0018098867501428403
2020-08-08,0.29527,0.28771684,0.25134449999999997,0.00398345399562439,0.29437,0,-2.2601366520948556,17.47621292687925,-0.001572946918211613
2020-08-09,0.2879,0.2710431,0.256007,0.002104621673206089,0.29527,0,-8.205001519827475,12.457862480322806,-0.0018788323224183008
2020-08-10,0.29469,0.24306601,0.260767,0.001031419061524163,0.2879,0,-15.57276385573307,13.008931344840406,-0.0010732026116819261
2020-08-11,0.2831,0.2191794,0.264748,-0.0006558908744662209,0.29469,0,-25.6237379069113,6.931874839470001,-0.0016873099359903838
2020-08-12,0.28233,0.20763937,0.268439,-0.001947657778622075,0.2831,0,-26.655116076184772,5.174732434556843,-0.001291766904155854
2020-08-13,0.2942,0.27362975,0.272953,-0.0021126950410030668,0.28233,0,-3.0815872271019735,7.784124006697129,-0.00016503726238099176
2020-08-14,0.29995,0.26717234,0.277219,-0.0019486173095063161,0.2942,0,-9.186833250044485,8.199654424841011,0.00016407773149675065
2020-08-15,0.29884,0.23471612,0.281395,-0.002020205782450695,0.29995,0,-21.748252248024816,6.1994704952113535,-7.1588472944379e-05
2020-08-16,0.30455,0.22729625,0.285404,-0.0017959115558193392,0.29884,0,-23.940487191023205,6.708385306442796,0.00022429422663135593
2020-08-17,0.31539,0.22636113,0.289659,-0.0010664437981871625,0.30455,0,-25.673575535174404,8.883204043375143,0.0007294677576321767
2020-08-18,0.30251,0.30411825,0.29262099999999996,-0.001569907308024119,0.31539,0,-3.5739098132240623,3.3794567033808365,-0.0005034635098369565
2020-08-19,0.28975,0.2844109,0.2949045,-0.0028085196053705443,0.30251,-1,-5.982977780210988,-1.7478539662840025,-0.0012386122973464253
2020-08-20,0.29218,0.2631138,0.29654400000000003,-0.00346718731951641,0.28975,-1,-9.192822532884207,-1.4716197259091515,-0.0006586677141458656
2020-08-21,0.27933,0.26095125,0.295966,-0.004695060036226297,0.29218,-1,-10.68818851682193,-5.620915916017375,-0.0012278727167098873
2020-08-22,0.28592,0.25408491,0.29586049999999997,-0.004964015928285614,0.27933,-1,-9.037727804849386,-3.359860474784557,-0.0002689558920593166
2020-08-23,0.2848,0.28209868,0.2945925,-0.0050985624112860894,0.28592,-1,-1.3364994632644125,-3.3240832675645113,-0.0001345464830004757
2020-08-24,0.2884,0.28093648,0.2939435,-0.004828970503377272,0.2848,-1,-1.3565731852242107,-1.8859066453247082,0.00026959190790881715
2020-08-25,0.27625,0.28589433,0.292642,-0.005314326939350921,0.2884,-1,-0.8688161178038584,-5.601383260092542,-0.00048535643597364883
2020-08-26,0.27653,0.28511897,0.291313,-0.005442061197776892,0.27625,0,3.210485898531402,-5.074610470524828,-0.00012773425842597073
2020-08-27,0.26469,0.27767766,0.289829,-0.006100015289895868,0.27653,0,0.41502014972398665,-8.67373520248147,-0.0006579540921189762
2020-08-28,0.27174,0.2626287,0.2886525,-0.005836391022714403,0.26469,-1,-0.7787584308196306,-5.859121261724738,0.00026362426718146495
2020-08-29,0.2738,0.27206868,0.2879475,-0.005314106740296171,0.27174,-1,0.12095360739426392,-4.9132220283211465,0.0005222842824182325
2020-08-30,0.28302,0.2766707,0.287364,-0.004188031979394036,0.2738,-1,1.0484639704880574,-1.5116716081346357,0.0011260747609021342
2020-08-31,0.28115,0.287973,0.2872665,-0.003440736263365488,0.28302,0,1.7500482998200273,-2.1292075476952483,0.0007472957160285483
2020-09-01,0.29521,0.2922887,0.2879105,-0.0019455688722270484,0.28115,0,3.961832048883219,2.5353365021421443,0.0014951673911384397
2020-09-02,0.27595,0.2942695,0.286998,-0.0021819993624988534,0.29521,-1,-0.3185860360647075,-3.8495041777294627,-0.00023643049027180507
2020-09-03,0.24409,0.29961836,0.284205,-0.004290497127412384,0.27595,-1,8.57704779142314,-14.114811491704927,-0.002108497764913531
2020-09-04,0.25385,0.3017563,0.28195549999999997,-0.0047959693762143546,0.24409,-1,23.625012323961748,-9.968062336077839,-0.0005054722488019702
2020-09-05,0.23738,0.30186617,0.278597,-0.005933204934351193,0.25385,0,18.91517579050685,-14.79448809570813,-0.0011372355581368383
2020-09-06,0.23986,0.2914722,0.2748205,-0.006183934024785622,0.23738,0,22.78717523758509,-12.721212573297855,-0.0002507290904344289
2020-09-07,0.24198,0.24223083,0.271794,-0.0058747543249683355,0.23986,0,0.9884234873475024,-10.969337071458524,0.0003091796998172863
2020-09-08,0.23657,0.24635875,0.269135,-0.005697999608516531,0.24198,0,1.8095513061705042,-12.099875527151804,0.00017675471645180445
2020-09-09,0.23901,0.24409647,0.26647649999999995,-0.005099556525786447,0.23657,0,3.181499285362737,-10.307287884672741,0.0005984430827300838
2020-09-10,0.24302,0.24522664,0.264661,-0.0041563620667611325,0.23901,0,2.600994321981846,-8.176875323527067,0.0009431944590253148
2020-09-11,0.24252,0.23309678,0.262491,-0.0033248724100369475,0.24302,-1,-4.083294217434065,-7.60826085465786,0.0008314896567241849
2020-09-12,0.24752,0.2479005,0.260627,-0.002248410013318318,0.24252,-1,2.2185802793966767,-5.029026156154201,0.0010764623967186296
2020-09-13,0.24218,0.25004333,0.258316,-0.001729583449335331,0.24752,-1,1.0194459343696343,-6.246612675947284,0.0005188265639829871
2020-09-14,0.24564,0.24950376,0.2567855,-0.0010219324557786662,0.24218,0,3.0240984102413404,-4.340393051788361,0.0007076509935566647
2020-09-15,0.24331,0.25441715,0.25512450000000003,-0.0006002012850442762,0.24564,0,3.573176686489279,-4.630876297650767,0.00042173117073439
2020-09-16,0.24686,0.2509657,0.254233,-3.171121530289034e-06,0.24331,0,3.1464857402699766,-2.9000955816121397,0.0005970301635139872
2020-09-17,0.25214,0.24143352,0.253253,0.0007828475328670315,0.24686,0,-2.198202971420033,-0.43948146714946346,0.0007860186543973205
2020-09-18,0.25065,0.23716044,0.2520955,0.0012122862634100567,0.25214,0,-5.940967613372104,-0.5733938130589354,0.00042943873054302525
2020-09-19,0.25112,0.22832549,0.2505005,0.00151803529338142,0.25065,0,-8.906648241305996,0.24730489559900876,0.0003057490299713632
2020-09-20,0.24652,0.22359721,0.24876899999999996,0.0014032146808685836,0.25112,0,-10.960013688313202,-0.904051549831359,-0.00011482061251283631
2020-09-21,0.23102,0.22109833,0.24555949999999999,0.00033199750476321614,0.24652,0,-10.312212559961367,-5.920968237840516,-0.0010712171761053674
2020-09-22,0.23302,0.23373741,0.24341300000000002,-0.0001664631071080511,0.23102,0,1.1762657409911017,-4.26969800298259,-0.0004984606118712672
2020-09-23,0.22164,0.22952259,0.24229050000000002,-0.0011333018105017748,0.23302,-1,-1.5009072745534957,-8.523033300934216,-0.0009668387033937237
2020-09-24,0.23276,0.2321559,0.241236,-0.0009045470852461828,0.22164,-1,4.744587698001719,-3.513571772040662,0.00022875472525559198
2020-09-25,0.24154,0.2362797,0.241444,-8.568094965913289e-05,0.23276,-1,1.512156825107407,0.03976077268435445,0.00081886613558705
2020-09-26,0.24153,0.24912623,0.24152749999999998,0.000499367288884757,0.24154,1,3.1407740787923975,0.0010350788212590194,0.0005850482385438898
2020-09-27,0.24334,0.24507663,0.2415955,0.0010222037930417045,0.24153,1,1.4684000079618895,0.7220747075173213,0.0005228365041569476
2020-09-28,0.24107,0.24284521,0.2418205,0.0012159333562412307,0.24334,1,-0.20333383217964696,-0.3103541676574101,0.0001937295631995262
2020-09-29,0.24285,0.24172592,0.24201250000000002,0.0014489196212684498,0.24107,1,0.27208762220905486,0.3460565053457945,0.00023298626502721905
2020-09-30,0.24171,0.24613394,0.241947,0.0015046477422174832,0.24285,0,1.3522497145315202,-0.097955337325938,5.5728120949033455e-05
2020-10-01,0.23819,0.24038914,0.2417305,0.0012910370958832329,0.24171,0,-0.546465408895249,-1.4646476137682147,-0.00021361064633425037
2020-10-02,0.23386,0.23564965,0.2410475,0.0008651731088468112,0.23819,0,-1.0665244852757396,-2.9817774505024883,-0.00042586398703642163
2020-10-03,0.23273,0.22779956,0.24057499999999998,0.0005308419534909969,0.23386,0,-2.5914801163128227,-3.2609373376285946,-0.00033433115535581436
2020-10-04,0.24794,0.21985567,0.24069,0.0013129787259571358,0.23273,0,-5.531875494958319,3.012173334995225,0.0007821367724661389
2020-10-05,0.2503,0.22027455,0.2410395,0.0019308455398098128,0.24794,0,-11.158121842823364,3.841901431093258,0.000617866813852677
2020-10-06,0.24545,0.22421113,0.240969,0.0019488353830024044,0.2503,0,-10.423041723558448,1.8595752980673916,1.7989843192591642e-05
2020-10-07,0.2487,0.23439611,0.240797,0.0021023721921027754,0.24545,0,-4.50351805035173,3.2820176331100437,0.00015353680910037103
2020-10-08,0.25141,0.23582783,0.240835,0.0022935652902589527,0.2487,0,-5.175780693977582,4.390973072850719,0.0001911930981561773
2020-10-09,0.25293,0.24004295,0.2409255,0.0024171674435546904,0.25141,0,-4.521317893757682,4.982660615003394,0.00012360215329573765
2020-10-10,0.25402,0.2566743,0.2413005,0.0024589746639593455,0.25293,1,1.4803659919223313,5.2712281988640814,4.180722040465507e-05
2020-10-11,0.25544,0.25586876,0.2425215,0.002462778129883478,0.25402,1,0.7278020358838282,5.3267442268005105,3.8034659241327484e-06
2020-10-12,0.25603,0.2636769,0.24367199999999997,0.002383980364290162,0.25544,1,3.2245973976211713,5.0715716208674,-7.879776559331642e-05
2020-10-13,0.2565,0.2641605,0.245415,0.0022444487629750933,0.25603,1,3.175609841764119,4.5168388240327655,-0.00013953160131506851
2020-10-14,0.24906,0.27059364,0.24623,0.0015642515736116283,0.2565,1,5.494597734298853,1.149331925435568,-0.000680197189363465
2020-10-15,0.24596,0.26938385,0.24645100000000003,0.0008542361439483354,0.24906,0,8.160221518296979,-0.19922824415401807,-0.0007100154296632928
2020-10-16,0.24011,0.27181125,0.24638,-1.4694151456627722e-05,0.24596,0,10.510345939156053,-2.544849419595746,-0.0008689302954049631
2020-10-17,0.24057,0.24467403,0.2462415,-0.0005349554944585834,0.24011,0,1.9008066994689856,-2.303226710363605,-0.0005202613430019557
2020-10-18,0.24221,0.2449434,0.24629849999999998,-0.0007328808185560655,0.24057,0,1.817930438955875,-1.6599776287715788,-0.0001979253240974821
2020-10-19,0.24558,0.24758986,0.24643500000000002,-0.0006063216561087802,0.24221,0,2.221153703886992,-0.3469474709355499,0.00012655916244728527
2020-10-20,0.24322,0.24445458,0.2465105,-0.0006473096282036365,0.24558,-1,-0.458271208896008,-1.3348315791822263,-4.098797209485625e-05
2020-10-21,0.25088,0.24946067,0.247145,-0.00015023590004254687,0.24322,-1,2.565852878772258,1.5112585729025423,0.0004970737281610896
2020-10-22,0.25709,0.25175658,0.24830650000000004,0.0005658338571162096,0.25088,-1,0.34940157997973437,3.537362090803077,0.0007160697571587564
2020-10-23,0.25471,0.25952816,0.2494055,0.0008321451406626184,0.25709,1,0.9483683127367298,2.1268576675333906,0.0002663112835464089
2020-10-24,0.2562,0.24674115,0.24981850000000003,0.0010476737805495229,0.25471,1,-3.128598857827367,2.5544545339916604,0.0002155286398869044
2020-10-25,0.25313,0.23948684,0.24996000000000002,0.0009266780682897959,0.2562,1,-6.523480348341352,1.2682029124659968,-0.00012099571225972694
2020-10-26,0.2481,0.23050587,0.2500925,0.0004739034989893183,0.25313,0,-8.937751830073932,-0.7967052190689476,-0.0004527745693004776
2020-10-27,0.25273,0.2418929,0.25029399999999996,0.00045231007136114923,0.2481,0,-2.5018524614277933,0.9732554515889512,-2.1593427628169076e-05
2020-10-28,0.2454,0.24135627,0.24999349999999998,-6.218557228079391e-05,0.25273,-1,-4.5003487812592144,-1.837447773642104,-0.0005144956436419431
2020-10-29,0.24239,0.22783938,0.24946649999999998,-0.0005828180228235577,0.2454,-1,-7.155916665566096,-2.836653418394849,-0.0005206324505427638
2020-10-30,0.23905,0.22403726,0.248718,-0.0010997359605741303,0.24239,-1,-7.571574810378556,-3.887133219147783,-0.0005169179377505726
2020-10-31,0.23968,0.21877079,0.24792999999999998,-0.001331365375141329,0.23905,-1,-8.483251570857393,-3.3275521316500543,-0.00023162941456719862
2020-11-01,0.23999,0.24032164,0.24712800000000001,-0.0013894262750974774,0.23968,0,0.26770535712248317,-2.8883817293062726,-5.806089995614842e-05
2020-11-02,0.23523,0.23868465,0.2460645,-0.0016560429163820878,0.23999,-1,-0.5439167315972187,-4.403113817718523,-0.0002666166412846104
2020-11-03,0.2396,0.24076551,0.24559150000000002,-0.0014529720435912576,0.23523,-1,2.3532338518018583,-2.43962026373063,0.00020307087279083013
2020-11-04,0.23758,0.24053693,0.24517250000000002,-0.0013706387016491225,0.2396,-1,0.39103847115186785,-3.096799192405348,8.233334194213517e-05
2020-11-05,0.24561,0.2366457,0.24544749999999999,-0.0007238058705819738,0.23758,0,-0.3932576195962338,0.0662056040497499,0.0006468328310671487
2020-11-06,0.25863,0.2487199,0.2463505,0.0005630361006912514,0.24561,1,1.2661947178377626,4.9845646751275225,0.0012868419712732252
2020-11-07,0.2491,0.2504797,0.24669500000000003,0.000743193427216228,0.25863,1,-3.1513365885039177,0.9748880196193528,0.00018015732652497656
2020-11-08,0.25374,0.2545606,0.247103,0.0011228605218481713,0.2491,1,2.192127575409173,2.6859244930251887,0.0003796670946319433
2020-11-09,0.25059,0.24923798,0.2474715,0.0011079748701120877,0.25374,0,-1.7742632541700176,1.2601451076184402,-1.4885651736083576e-05
2020-11-10,0.2538,0.24290116,0.24761750000000005,0.0012499265742018956,0.25059,0,-3.068294300228674,2.496794451119157,0.0001419517040898079
2020-11-11,0.25581,0.24895424,0.24755349999999998,0.001403309519508469,0.2538,0,-1.9092842760379252,3.335238645383725,0.00015338294530657334
2020-11-12,0.2549,0.25112146,0.24756300000000003,0.0013662707533006354,0.25581,0,-1.8328206905715207,2.9636900506133714,-3.7038766207833597e-05
2020-11-13,0.2659,0.24098903,0.248048,0.0019687753493788616,0.2549,0,-5.457422751078381,7.196994130168369,0.0006025045960782263
2020-11-14,0.26824,0.2371497,0.2488035,0.0023834008424815836,0.2659,0,-10.812448092356988,7.811988175407487,0.0004146254931027219
2020-11-15,0.26954,0.22636601,0.2498755,0.002586729377174961,0.26824,0,-15.610642227670018,7.869719120121821,0.00020332853469337726
2020-11-16,0.28813,0.26782578,0.2516455,0.003744473981981849,0.26954,0,-0.635978964516678,14.498371717356347,0.0011577446048068882
2020-11-17,0.30247,0.2738651,0.25449900000000003,0.005159977719298542,0.28813,0,-4.9508542249614225,18.849189977170827,0.0014155037373166932
2020-11-18,0.29335,0.27620482,0.257047,0.005153913816188101,0.30247,0,-8.683563841825032,14.123098110462278,-6.063903110441193e-06
2020-11-19,0.30358,0.27408165,0.2602735,0.005480281718976011,0.29335,0,-6.568383365915238,16.638843370531394,0.0003263679027879097
2020-11-20,0.32991,0.26538154,0.264785,0.0070128764095450345,0.30358,0,-12.582665251856215,24.59542647808599,0.0015325946905690238
2020-11-21,0.46283,0.3295675,0.275927,0.016007510558455146,0.32991,0,-0.10381861471030056,67.73639404625138,0.008994634148910111
2020-11-22,0.44611,0.32055163,0.28647100000000003,0.019621533322887585,0.46283,0,-30.740955894207623,55.72605953133125,0.003614022764432439
2020-11-23,0.61579,0.26669285,0.3052805,0.03152453115823467,0.44611,0,-40.2181419350668,101.7128509682079,0.011902997835347085
2020-11-24,0.694,0.25341898,0.3281015,0.04208967067593003,0.61579,0,-58.84652527177102,111.51991075932295,0.01056513951769536
2020-11-25,0.63022,0.24985094,0.34733200000000003,0.042105023488355556,0.694,0,-63.9984231002049,81.44599403452602,1.5352812425525886e-05
2020-11-26,0.53654,0.64000016,0.36122750000000003,0.03350305554380478,0.63022,1,1.5518651437306936,48.53243454609629,-0.008601967944550773
2020-11-27,0.5623,0.6263533,0.3768875,0.027496868793584275,0.53654,1,16.739352790029677,49.195714901661646,-0.006006186750220507
2020-11-28,0.62579,0.32711047,0.39549,0.025777691171346193,0.5623,1,-41.826343705979355,58.23156084856759,-0.0017191776222380828
2020-11-29,0.60543,0.27930868,0.413232,0.0214257862655418,0.62579,0,-55.36702780171214,46.510918805900815,-0.0043519049058043935
2020-11-30,0.66417,0.2838628,0.43375050000000004,0.02065101645623256,0.60543,0,-53.11385306211262,53.12259006041491,-0.0007747698093092392
2020-12-01,0.61088,0.659313,0.451504,0.01496237961716615,0.66417,0,-0.7312851995178176,35.29891208051312,-0.0056886368390664105
2020-12-02,0.62972,0.31748924,0.47024499999999997,0.011061099665844787,0.61088,0,-48.02756079864352,33.91317292049889,-0.0039012799513213625
2020-12-03,0.63046,0.3886196,0.48847300000000005,0.007304301727844062,0.62972,0,-38.28692089713968,29.067522667578345,-0.003756797938000725
2020-12-04,0.55367,0.406917,0.5027444999999999,-0.0011294315844943281,0.63046,0,-35.45712562615249,10.129499179006448,-0.00843373331233839
2020-12-05,0.58517,0.40206614,0.5185259999999999,-0.005139078127999838,0.55367,0,-27.381627798696222,12.852585984116525,-0.00400964654350551
2020-12-06,0.62107,0.51751274,0.535173,-0.005873089776787077,0.58517,0,-11.561983918402955,16.05032391394932,-0.0007340116487872389
2020-12-07,0.60818,0.45609403,0.5504585,-0.007615796687690635,0.62107,0,-26.563185057151085,10.486076607046689,-0.0017427069109035576
2020-12-08,0.5589,0.4988919,0.563736,-0.012204345516414264,0.60818,-1,-17.969698107635786,-0.8578483545489488,-0.004588548828723629
2020-12-09,0.58265,0.5015313,0.5776895,-0.013647653453567374,0.5589,-1,-10.264572744869458,0.8586792732081914,-0.00144330793715311
2020-12-10,0.57267,0.4468891,0.5898275,-0.015165388784019768,0.58265,-1,-23.300591700170965,-2.908901331321435,-0.0015177353304523938
2020-12-11,0.54945,0.5055916,0.5941585,-0.017460592448997073,0.57267,-1,-11.713277920787862,-7.524675654728501,-0.002295203664977305
2020-12-12,0.50658,0.37245327,0.597182,-0.021337000707138884,0.54945,-1,-32.21343664706854,-15.171589230753767,-0.0038764082581418113
2020-12-13,0.51365,0.35043737,0.592075,-0.022765584173202888,0.50658,-1,-30.822896102708885,-13.245788118059362,-0.001428583466064004
2020-12-14,0.4974,0.33342,0.582245,-0.024021370324818783,0.51365,-1,-35.08809336689494,-14.572044414292954,-0.0012557861516158952
2020-12-15,0.46793,0.3972495,0.5741305,-0.025891940035898578,0.4974,-1,-20.13480297091691,-18.49762379807378,-0.0018705697110797948
2020-12-16,0.56941,0.48184395,0.575774,-0.019633849770823025,0.46793,0,2.9735106456644798,-1.1052947858013797,0.006258090265075553
2020-12-17,0.5769,0.5024817,0.576504,-0.014562405050780367,0.56941,0,-11.753973588474352,0.06868989634069356,0.005071444720042659
2020-12-18,0.58337,0.51574636,0.574383,-0.010532483631921288,0.5769,0,-10.600389139060024,1.5646354435977525,0.004029921418859078
2020-12-19,0.57666,0.48325184,0.5729445,-0.008183735128907809,0.58337,0,-17.162034407635826,0.6484921314368116,0.0023487485030134793
2020-12-20,0.55586,0.47798753,0.567529,-0.007892377012898254,0.57666,-1,-17.11103113666804,-2.056106383990938,0.00029135811600955464
2020-12-21,0.51445,0.54497766,0.5627074999999999,-0.010203118534681019,0.55586,-1,-1.9577474638380628,-8.575947539352143,-0.0023107415217827644
2020-12-22,0.44642,0.53573376,0.5535425,-0.0156992440493008,0.51445,-1,4.137187171392516,-19.352172597406714,-0.005496125514619782
2020-12-23,0.2605,0.52330226,0.5350444999999999,-0.030391473192740215,0.44642,0,17.221956243224916,-51.31246092614725,-0.014692229143439414
2020-12-24,0.33863,0.5174807,0.5242925,-0.03315712855711075,0.2605,0,98.6490101365805,-35.412007610255735,-0.0027656553643705326
2020-12-25,0.31768,0.5098524,0.510918,-0.03454994063673699,0.33863,0,50.56327241023919,-37.821724816898204,-0.0013928120796262433
2020-12-26,0.29481,0.25764117,0.49460499999999996,-0.03505305124223712,0.31768,-1,-18.89915435388028,-40.3948605452836,-0.0005031106055001303
2020-12-27,0.28407,0.34941912,0.4783995,-0.03411813905445315,0.29481,-1,18.523495462798728,-40.62075733774805,0.000934912187783972
2020-12-28,0.24845,0.42964017,0.4628769999999999,-0.03384093301621091,0.28407,-1,51.24447281023986,-46.32483359510193,0.00027720603824223783
2020-12-29,0.22142,0.43638122,0.4448155,-0.033365171985347185,0.24845,0,75.64146541258438,-50.2220583590275,0.0004757610308637264
2020-12-30,0.21138,0.45831555,0.426751,-0.0316295926268564,0.22142,0,106.98922919382863,-50.46760288786669,0.0017355793584907867
2020-12-31,0.21959,0.24287409,0.41025800000000007,-0.027958602880949104,0.21138,0,14.899274246933347,-46.47514490881349,0.0036709897459072938
2021-01-01,0.23746,0.25700948,0.396802,-0.022586772803954297,0.21959,0,17.040610420904205,-40.15655163028412,0.005371830076994807
2021-01-02,0.22064,0.25987583,0.3821515,-0.01859284410113122,0.23746,0,9.439835756838917,-42.2637357173791,0.003993928702823078
2021-01-03,0.2254,0.25413984,0.36855150000000003,-0.014252363589672398,0.22064,0,15.183031455255055,-38.8416544227876,0.0043404805114588205
2021-01-04,0.23565,0.2697668,0.3569375,-0.00953936328516293,0.2254,0,19.683588090573362,-33.98003852215024,0.004713000304509468
2021-01-05,0.22573,0.25934172,0.3397535,-0.006105398195763778,0.23565,0,10.053773293595341,-33.56065500428988,0.003433965089399152
2021-01-06,0.24854,0.24629265,0.3233355,-0.001550454150275049,0.22573,0,9.109400921284497,-23.13247385455664,0.004554944045488729
2021-01-07,0.32389,0.2610438,0.3103615,0.006824833949979764,0.24854,1,5.0308952291637015,4.358949160897856,0.008375288100254813
2021-01-08,0.32032,0.25279543,0.2975445,0.012103548044091791,0.32389,1,-21.950221359830984,7.654485295476812,0.0052787140941120275
2021-01-09,0.32419,0.24933007,0.285961,0.015611887610801116,0.32032,1,-22.162189811736077,13.36860620853891,0.0035083395667093245
2021-01-10,0.31491,0.315093,0.275984,0.01695189283521787,0.32419,0,-2.806067224779843,14.104440837149983,0.0013400052244167543
2021-01-11,0.28743,0.31074142,0.2680345,0.01566246453911667,0.31491,0,-1.323735492506795,7.236195340525198,-0.0012894282961012013
2021-01-12,0.29254,0.34518868,0.2696365,0.01483667195385023,0.28743,1,20.09486738021208,8.494213505960811,-0.0008257925852664383
2021-01-13,0.30582,0.34435132,0.267996,0.014832341198753332,0.29254,1,17.710850296990667,14.113643487216216,-4.330755096898509e-06
2021-01-14,0.29642,0.36591002,0.26693300000000003,0.01386192330853403,0.30582,1,19.64882069545859,11.046592216024239,-0.0009704178902193022
2021-01-15,0.27991,0.29324,0.266188,0.011851513910640411,0.29642,0,-1.072798482432769,5.15500323079929,-0.0020104093978936186
2021-01-16,0.27924,0.26242906,0.2659465,0.010278506763756329,0.27991,0,-6.245200760319982,4.998561740801257,-0.0015730071468840826
2021-01-17,0.27746,0.23637271,0.267397,0.008967850104945739,0.27924,0,-15.35141481367569,3.7633182122462063,-0.0013106566588105897
2021-01-18,0.28528,0.2457683,0.27059,0.008482546465549107,0.27746,0,-11.422081114984074,5.428877637754529,-0.0004853036393966323
2021-01-19,0.29396,0.24526392,0.27471900000000005,0.00857554827932494,0.28528,0,-14.026949230834326,7.003883968709827,9.300181377583372e-05
2021-01-20,0.29539,0.29638913,0.278509,0.008543921966892801,0.29396,1,0.8263480535152415,6.061204485312855,-3.1626312432139064e-05
2021-01-21,0.26802,0.30775124,0.280037,0.006578417018590261,0.29539,1,4.184717947831635,-4.291218660391306,-0.0019655049483025405
2021-01-22,0.27217,0.28629142,0.28261349999999996,0.005500368644482615,0.26802,1,6.817185456214959,-3.695329487091006,-0.0010780483741076458
2021-01-23,0.27167,0.27812824,0.284927,0.004725785345847559,0.27217,0,2.1891599118974465,-4.6527707096905395,-0.0007745832986350565
2021-01-24,0.27339,0.2699938,0.286814,0.00431291720681979,0.27167,0,-0.6169942040786998,-4.6803851973752995,-0.0004128681390277687
2021-01-25,0.26757,0.27022666,0.288906,0.0036573931564139184,0.27339,0,-1.1570805842955263,-7.385101036323241,-0.0006555240504058715
2021-01-26,0.26834,0.28595382,0.28989600000000004,0.0032963632014471715,0.26757,0,6.870658052748638,-7.435770069266226,-0.00036102995496674686
2021-01-27,0.25039,0.26987022,0.28622099999999995,0.001936662481827521,0.26834,0,0.5702547569641587,-12.518648177457262,-0.0013597007196196505
2021-01-28,0.26407,0.28464043,0.2834085,0.0020364306939227375,0.25039,0,13.678833581258743,-6.823542695437851,9.976821209521647e-05
2021-01-29,0.2829,0.28437436,0.281344,0.003369755274449788,0.26407,1,7.68900529020199,0.5530595996360335,0.0013333245805270504
2021-01-30,0.44372,0.279853,0.2877845,0.014460143742594382,0.2829,1,-1.0770638615219479,54.18481537400381,0.011090388468144594
2021-01-31,0.49507,0.28407776,0.2981665,0.024065617089564936,0.44372,1,-35.97814758013295,66.03810287205303,0.009605473346970555
2021-02-01,0.37106,0.2674281,0.3020925,0.020990923684643184,0.49507,0,-45.98176013309222,22.82992791942866,-0.0030746934049217522
2021-02-02,0.37254,0.2651028,0.3054285,0.01809036399563749,0.37106,0,-28.555273080600763,21.972900367843863,-0.0029005596890056932
2021-02-03,0.39721,0.28035966,0.31046799999999997,0.016889700103163756,0.37254,0,-24.7437441298471,27.939111277168678,-0.001200663892473735
2021-02-04,0.44545,0.41757777,0.318745,0.01828312604196078,0.39721,1,5.127709104150403,39.751211783714254,0.001393425938797023
2021-02-05,0.45219,0.4175387,0.3273925,0.018539327549909168,0.44545,1,-6.265865419700181,38.11861908870851,0.00025620150794838925
2021-02-06,0.44307,0.38066867,0.335673,0.017014905284145596,0.45219,1,-15.816654517118655,31.994530391184284,-0.0015244222657635718
2021-02-07,0.41849,0.40422976,0.34233349999999996,0.013428933774069021,0.44307,0,-8.766163321826598,22.2462890719138,-0.003585971510076575
2021-02-08,0.45099,0.42227253,0.35018499999999997,0.012350910682845093,0.41849,1,0.9038527033691355,28.786213001699114,-0.0010780230912239286
2021-02-09,0.47636,0.43225697,0.35923350000000004,0.012418162658515218,0.45099,1,-4.153757992571914,32.6045594300086,6.725197567012536e-05
2021-02-10,0.50429,0.47035798,0.371047,0.013334795113494703,0.47636,1,-1.2599747450608583,35.91000601002029,0.0009166324549794852
2021-02-11,0.52806,0.44366115,0.38384150000000006,0.014439877232820635,0.50429,0,-12.022615297448336,37.57240944504435,0.0011050821193259314
2021-02-12,0.609,0.4749213,0.400708,0.019220690159480996,0.52806,0,-10.063006835187357,51.98099364125497,0.004780812926660362
2021-02-13,0.63309,0.45324838,0.41869300000000004,0.022382919803051377,0.609,0,-25.574978388393255,51.206253746778664,0.00316222964357038
2021-02-14,0.59211,0.5853772,0.4349200000000001,0.020161252912251612,0.63309,0,-7.536493020090147,36.14227903982339,-0.0022216668907997644
2021-02-15,0.54976,0.58402115,0.44899100000000003,0.014548145653644158,0.59211,0,-1.3661057800364136,22.443434278192655,-0.005613107258607454
2021-02-16,0.51995,0.61289525,0.462469,0.007870712970870747,0.54976,1,11.484147686342139,12.429157413794222,-0.006677432682773411
2021-02-17,0.53467,0.603043,0.47599899999999995,0.0037000854096638364,0.51995,1,15.980963510255966,12.325866230811416,-0.0041706275612069105
2021-02-18,0.53204,0.59415257,0.48845599999999995,0.0002036362118275764,0.53467,1,11.125099551277051,8.922809833434336,-0.00349644919783626
2021-02-19,0.56465,0.5582986,0.4945025,-0.00043849105947807443,0.53204,0,4.93545368751829,14.185469234230357,-0.0006421272713056508
2021-02-20,0.51167,0.54304725,0.49533250000000006,-0.004719077708343948,0.56465,0,-3.825865701377986,3.298289532788559,-0.004280586648865874
2021-02-21,0.54468,0.5312063,0.5040135,-0.005557348136575727,0.51167,0,3.818146421595888,8.068533878556835,-0.0008382704282317785
2021-02-22,0.56646,0.52544606,0.5137094999999999,-0.004898103969570411,0.54468,0,-3.5312371815302446,10.268546717551464,0.0006592441670053156
2021-02-23,0.47579,0.50769734,0.5176385,-0.01049993786109811,0.56646,-1,-10.373663837465315,-8.08450298808918,-0.005601833891527699
2021-02-24,0.4686,0.44507983,0.5187959999999999,-0.014381006735486965,0.47579,-1,-6.45456330122128,-9.675479379177926,-0.0038810688743888544
2021-02-25,0.43601,0.4663514,0.517987,-0.018568272827973548,0.4686,-1,-0.47985704546549,-15.826072855110256,-0.004187266092486583
2021-02-26,0.42788,0.44354802,0.5172275,-0.02112465309031026,0.43601,0,1.728864865648518,-17.274313527412982,-0.002556380262336712
2021-02-27,0.43589,0.46606624,0.5180975,-0.02144665158076027,0.42788,0,8.924521189198673,-15.867187160717815,-0.0003219984904500109
2021-02-28,0.41565,0.51102304,0.5163304999999999,-0.02210527091649809,0.43589,0,17.236698384037634,-19.49923547030437,-0.0006586193357378187
2021-03-01,0.44537,0.402213,0.5147809999999999,-0.019701638894550993,0.41565,-1,-3.2327662187693584,-13.48359787948661,0.002403632021947096
2021-03-02,0.4357,0.40889937,0.5113515000000001,-0.017973523167183533,0.44537,-1,-8.188839199851506,-14.794422232065434,0.0017281157273674602
2021-03-03,0.44846,0.4146925,0.5073715,-0.015287003153939646,0.4357,-1,-4.82155352468361,-11.61111729768029,0.0026865200132438864
2021-03-04,0.48096,0.40439367,0.5009695000000001,-0.010846002863851501,0.44846,-1,-9.82614437338554,-3.994155332809695,0.004441000290088145
2021-03-05,0.45457,0.40060154,0.49204349999999997,-0.00927163488755495,0.48096,-1,-16.70793079766764,-7.615891684373434,0.0015743679762965507
2021-03-06,0.46285,0.48211023,0.4855805,-0.007342857144557427,0.45457,0,6.05852390496335,-4.681098190722247,0.0019287777429975233
2021-03-07,0.46558,0.46677715,0.4813715,-0.005630504119740174,0.46285,0,0.8484705331272253,-3.2805224239490736,0.001712353024817253
2021-03-08,0.47412,0.49188268,0.47908,-0.003759952605921616,0.46558,0,5.649444101254061,-1.0353176922434708,0.0018705515138185583
2021-03-09,0.4849,0.5523396,0.47659150000000006,-0.0017367814858044845,0.47412,0,16.497851480142707,1.7433168657015368,0.0020231711201171313
2021-03-10,0.46155,0.5680272,0.473067,-0.0018981477162167788,0.4849,0,17.14316319131094,-2.434538870815339,-0.0001613662304122943
2021-03-11,0.45187,0.4622216,0.46742800000000007,-0.0025435668249878937,0.46155,0,0.14550810631970795,-3.3284270518668264,-0.0006454191087711149
2021-03-12,0.43934,0.48288172,0.4638115,-0.003634630002640848,0.45187,0,6.862974934039026,-5.27617361794608,-0.0010910631776529542
2021-03-13,0.45787,0.47952902,0.459471,-0.002957358219276997,0.43934,0,9.147590287811532,-0.34844418907831376,0.0006772717833638509
2021-03-14,0.43905,0.4531731,0.4531005,-0.003584081372707352,0.45787,-1,-1.0258149805984798,-3.1009676661138137,-0.0006267231534303553
2021-03-15,0.43574,0.44251877,0.451098,-0.003997288614381154,0.43905,-1,0.7900627934706003,-3.4045817095176623,-0.00041320724167380214
2021-03-16,0.46024,0.4391979,0.45068,-0.0024711273525655462,0.43574,-1,0.7935690804313951,2.1212390165971327,0.001526161261815608
2021-03-17,0.4698,0.47779632,0.4523695,-0.0007572150781224056,0.46024,0,3.814600240494221,3.853155440408784,0.0017139122744431407
2021-03-18,0.46893,0.63497597,0.454422,0.0003206373928757982,0.4698,1,35.15878454478765,3.192627117525124,0.0010778524709982038
2021-03-19,0.46651,0.5754045,0.45595300000000005,0.0008436689176103394,0.46893,1,22.70584624638253,2.3153702245626033,0.0005230315247345412
2021-03-20,0.52613,0.5808217,0.461477,0.004948856216227381,0.46651,1,24.503588978494143,14.010015667086323,0.004105187298617042
2021-03-21,0.51651,0.5371542,0.465034,0.006654054167227982,0.52613,1,2.095337215682646,11.069298158844305,0.0017051979510006006
2021-03-22,0.5441,0.51296663,0.470454,0.00912508533159669,0.51651,0,-0.6860210174018792,15.654240372066141,0.0024710311643687073
2021-03-23,0.5498,0.5288991,0.47552099999999997,0.010528823804373668,0.5441,0,-2.793774379568275,15.62055093255608,0.0014037384727769789
2021-03-24,0.48021,0.5356102,0.4754835,0.006361188376601509,0.5498,0,-2.5809023327374647,0.9940408026777002,-0.004167635427772159
2021-03-25,0.51058,0.61874783,0.47828400000000004,0.0052847132993960304,0.48021,1,28.84942637407179,6.752473425830676,-0.0010764750772054785
2021-03-26,0.56357,0.5009493,0.48331999999999997,0.0076336588714945395,0.51058,1,-1.8862228882177887,16.603906314656967,0.002348945572098509
2021-03-27,0.54752,0.48639333,0.48741700000000004,0.007583085974143217,0.56357,1,-13.694246946894925,12.330919930983113,-5.0572897351322185e-05
2021-03-28,0.54552,0.49856016,0.49098699999999995,0.00691054729118782,0.54752,0,-8.942109804485083,11.10681138197143,-0.0006725386829553974
2021-03-29,0.56538,0.5087142,0.495011,0.007262731688290929,0.54552,0,-6.746920540738725,14.215643692766427,0.00035218439710310925
2021-03-30,0.5621,0.55542433,0.5000385,0.006745436596378416,0.56538,0,-1.760880714083734,12.411344326486857,-0.0005172950919125133
2021-03-31,0.56982,0.6418442,0.5059359999999999,0.006396906156405202,0.5621,1,14.186837397061122,12.62689352012904,-0.0003485304399732138
2021-04-01,0.57087,0.6517296,0.5125124999999999,0.0057321810115801945,0.56982,1,14.37464177112674,11.386551547523245,-0.0006647251448250076
2021-04-02,0.60701,0.6599437,0.5199695,0.0071304141652967674,0.57087,1,15.603149550113155,16.739539530684027,0.001398233153716573
2021-04-03,0.57831,0.5972327,0.5269325,0.005594182943852444,0.60701,0,-1.6107313892314747,9.75030008587437,-0.0015362312214443237
2021-04-04,0.635,0.53553283,0.5368955000000001,0.0077358581200836565,0.57831,0,-7.396926882521325,18.27255024488004,0.002141675176231213
2021-04-05,0.91584,0.69086,0.5596755,0.026357601381072418,0.635,1,8.796846209548589,63.63767933382827,0.01862174326098876
2021-04-06,1.09663,0.69757617,0.5910170000000001,0.04788751792280085,0.91584,1,-23.832092374292476,85.54965424006411,0.02152991654172843
2021-04-07,0.91542,0.7223717,0.6133415,0.04690044769261098,1.09663,1,-34.128037950280195,49.25127355641189,-0.0009870702301898668
2021-04-08,1.05599,0.55106884,0.6428155,0.052280262488801146,0.91542,0,-39.80152908926599,64.27575252930274,0.005379814796190166
2021-04-09,1.01721,0.39683336,0.6673695000000001,0.04980384339200726,1.05599,0,-62.42072745052889,52.42081036067724,-0.002476419096793886
2021-04-10,1.3728,0.8843473,0.710184,0.06758736611917637,1.01721,0,-13.061479969429483,93.30201750532255,0.017783522727169113
2021-04-11,1.35118,0.69257593,0.750538,0.07291047998650652,1.3728,0,-49.5501215363438,80.02819310947613,0.005323113867330143
2021-04-12,1.46843,0.47923407,0.7964695,0.07884078579596587,1.35118,0,-64.53218153126895,84.36738632176119,0.0059303058094593575
2021-04-13,1.79611,0.4695887,0.8622645,0.09809024822006238,1.46843,0,-68.02103627979308,108.30151305080985,0.019249462424096503
2021-04-14,1.83468,0.41996482,0.9284695,0.10600491904313517,1.79611,0,-76.61809019789652,97.60261376383394,0.007914670823072789
2021-04-15,1.75781,1.4506721,0.9881814999999999,0.09879154419497099,1.83468,0,-20.930508336156546,77.88331394586928,-0.007213374848164172
2021-04-16,1.54805,1.1307404,1.038208,0.07376844517067593,1.75781,0,-35.67334330052575,49.10788589569719,-0.02502309902429506
2021-04-17,1.53896,0.6808444,1.0878800000000002,0.051532465653964354,1.54805,0,-56.01922249571458,41.46413207339044,-0.02223597951671158
2021-04-18,1.40797,0.6262493,1.1300095000000001,0.02431221930606331,1.53896,0,-59.3069791707067,24.598067538370234,-0.027220246347901045
2021-04-19,1.30945,0.6187945,1.1673769999999999,-0.0025883915589459683,1.40797,0,-56.05059050776726,12.170275754961777,-0.026900610865009278
2021-04-20,1.38501,1.2229736,1.2081365,-0.01676320823763222,1.30945,0,-6.604025726161046,14.640191733301672,-0.014174816678686253
2021-04-21,1.29097,0.79819506,1.2441415,-0.03300394538791657,1.38501,0,-42.36900354020256,3.763920743741764,-0.016240737150284346
2021-04-22,1.15489,0.6648108,1.2715355000000002,-0.052295867107648136,1.29097,-1,-48.50300342296798,-9.173593659005208,-0.01929192171973157
2021-04-23,1.17073,0.7090061,1.3011564999999998,-0.06267452544261976,1.15489,-1,-38.60834615498461,-10.023890285296181,-0.010378658334971619
2021-04-24,1.04833,0.6059914,1.321823,-0.07560176247170888,1.17073,-1,-48.23815712162195,-20.69059170554605,-0.012927237029089128
2021-04-25,1.0351,1.0870521,1.327786,-0.08230944605747403,1.04833,0,3.6936944337469897,-22.043160569549613,-0.006707683585765151
2021-04-26,1.3629,1.1663519,1.3410994999999999,-0.0628158684114572,1.0351,0,12.680119254740882,1.6255691691779852,0.019493577646016835
2021-04-27,1.4017,1.1631067,1.3654135,-0.04622186815280693,1.3629,0,-14.659426229629332,2.6575465966902985,0.016594000258650266
2021-04-28,1.3576,1.1198959,1.3804939999999999,-0.03750028708349415,1.4017,-1,-20.104449236028124,-1.658391851033034,0.008721581069312784
2021-04-29,1.3978,1.1102179,1.3995235,-0.028704885739716676,1.3576,-1,-18.222014666587093,-0.12314905751850463,0.008795401343777473
2021-04-30,1.5988,1.3546243,1.4108234999999998,-0.009996980167310765,1.3978,-1,-3.088834497580317,13.32388495088154,0.01870790557240591
2021-05-01,1.651,1.276994,1.4258145,0.0044699084589406995,1.5988,0,-20.127971607176757,15.793464016532308,0.014466888626251465
2021-05-02,1.5605,1.2754698,1.430418,0.0064032631659778905,1.651,0,-22.745622049166464,9.09398511484056,0.001933354707037191
2021-05-03,1.5546,1.241121,1.4183425,0.005763872005866283,1.5605,0,-20.466449618988868,9.606812176889568,-0.0006393911601116076
2021-05-04,1.3877,1.2280247,1.3959934999999999,-0.006742329385104356,1.5546,-1,-21.00702938726168,-0.5940930240721002,-0.01250620139097064
2021-05-05,1.6133,1.4152999,1.388768,-0.000967021607092125,1.3877,-1,1.98889474854343,16.167711237586115,0.005775307778012231
2021-05-06,1.6028,1.3145647,1.3915055,0.0008988843798844043,1.6133,-1,-18.51703310636462,15.184596826961872,0.0018659059869765293
2021-05-07,1.5793,1.202969,1.3935225,-0.0006150391821194839,1.6028,0,-24.945785185926002,13.331503438229376,-0.0015139235620038882
2021-05-08,1.5611,1.2198627,1.401179,-0.0038283766355452775,1.5793,0,-22.759279458705308,11.413316928101262,-0.0032133374534257936
2021-05-09,1.5345,1.2249109,1.4124315,-0.008465768065214374,1.5611,0,-21.535400980509,8.642436819059892,-0.0046373914296690966
2021-05-10,1.3906,1.5558491,1.412711,-0.02121914598495575,1.5345,0,1.3912724221168353,-1.5651467285240923,-0.012753377919741377
2021-05-11,1.4786,1.5922489,1.4220925,-0.023543234894169263,1.3906,0,14.500856941318604,3.973546024608099,-0.002324088909213512
2021-05-12,1.2691,1.6793232,1.427803,-0.038140710110616594,1.4786,0,13.575219559795274,-11.115188860087844,-0.014597475216447331
2021-05-13,1.364,1.722188,1.4374665,-0.040152655057891104,1.2691,0,35.701520440520426,-5.1108321480883125,-0.0020119449472745105
2021-05-14,1.4,1.8028922,1.45505,-0.03783810835190565,1.364,0,32.176848101126474,-3.7833751417477095,0.0023145467059854513
2021-05-15,1.4904,1.550467,1.477815,-0.029375211244186475,1.4,0,10.747643879481732,0.8515950914018227,0.008462897107719178
2021-05-16,1.4496,1.5985003,1.48215,-0.025808211713120213,1.4904,0,7.253103312534863,-2.1961339945349714,0.0035669995310662617
2021-05-17,1.4946,1.5650778,1.486795,-0.019962476252893796,1.4496,0,7.966182510847551,0.5249546844050349,0.005845735460226417
2021-05-18,1.5889,1.562351,1.4983600000000001,-0.009803207023580625,1.4946,0,4.533051544765262,6.042606583197618,0.010159269229313171
2021-05-19,1.0568,1.5351152,1.4813100000000001,-0.037425905198830295,1.5889,-1,-3.3850310274784725,-28.657742133651983,-0.02762269817524967
2021-05-20,1.1795,0.79480505,1.460345,-0.04540847362598915,1.0568,-1,-24.79134652760785,-19.23141449452013,-0.007982568427158852
2021-05-21,1.0062,0.58140826,1.428105,-0.059449063185511394,1.1795,-1,-50.707226600016305,-29.54299578812482,-0.014040589559522247
2021-05-22,0.9052,0.38934547,1.39534,-0.07180115858741608,1.0062,-1,-61.30536005857616,-35.12692247050898,-0.012352095401904684
2021-05-23,0.7898,0.4058783,1.3571,-0.08320274630572885,0.9052,-1,-55.16147752594116,-41.802372706506524,-0.011401587718312775
2021-05-24,0.993,0.3840546,1.337365,-0.07288894057261205,0.7898,-1,-51.3731829333408,-25.749514904308096,0.010313805733116799
2021-05-25,0.9746,0.9420742,1.30543,-0.06348087932301867,0.993,-1,-5.12848140489899,-25.34260741671327,0.009408061249593383
2021-05-26,1.0316,0.8877125,1.27687,-0.05017716966860833,0.9746,-1,-8.915198169741915,-19.208689999765042,0.013303709654410342
2021-05-27,0.9747,0.9085821,1.24664,-0.04228361349809112,1.0316,-1,-11.9249620655795,-21.813835590066095,0.007893556170517207
2021-05-28,0.8985,0.93325156,1.2135099999999999,-0.03933013798055289,0.9747,-1,-4.252430518688369,-25.958582953580926,0.0029534755175382316
2021-05-29,0.8318,0.9090748,1.178375,-0.03893192623165745,0.8985,0,1.1769374875008736,-29.411265513949292,0.0003982117488954412
2021-05-30,0.9058,0.6974534,1.154135,-0.031088300193006208,0.8318,-1,-16.151312859937185,-21.516980249277587,0.007843626038651241
2021-05-31,1.0409,0.58307385,1.13225,-0.015019092773188594,0.9058,-1,-35.62885245678835,-8.06800618238022,0.016069207419817613
2021-06-01,1.0108,0.42271167,1.119335,-0.0051450712178992275,1.0409,-1,-59.38979052755191,-9.696382226947255,0.009874021555289367
2021-06-02,1.0241,0.41327268,1.10234,0.003109728599956507,1.0108,0,-59.1142976996358,-7.0976286808062925,0.008254799817855735
2021-06-03,1.045,0.463332,1.08459,0.01039482789996625,1.0241,0,-54.757152876226755,-3.6502272748227456,0.0072850993000097425
2021-06-04,0.9683,1.1598058,1.058485,0.010437944854203088,1.045,0,10.986198534805816,-8.520196318322872,4.3116954236838145e-05
2021-06-05,0.923,1.1139014,1.032155,0.007919751768806521,0.9683,0,15.03680437098452,-10.575446517238197,-0.0025181930853965667
2021-06-06,0.947,1.0273184,1.004775,0.008332700400324092,0.923,0,11.302097337088368,-5.750043542086539,0.00041294863151757066
2021-06-07,0.8618,0.91632223,0.9684199999999998,0.003573303626089444,0.947,0,-3.2394687124894768,-11.00968588009333,-0.004759396774234648
2021-06-08,0.8731,0.7536262,0.959235,0.001971736676582847,0.8618,0,-12.55207387110174,-8.979551413365856,-0.001601566949506597
2021-06-09,0.9218,0.87012935,0.94635,0.004815679709896201,0.8731,0,-0.3402420286869554,-2.5941776298409756,0.0028439430333133536
2021-06-10,0.8686,0.7915822,0.93947,0.003782902232211033,0.9218,0,-14.126467047815696,-7.543615016977656,-0.0010327774776851678
2021-06-11,0.8471,0.7918591,0.9365649999999999,0.0023888092883833645,0.8686,0,-8.835011474992342,-9.55246032042623,-0.0013940929438276684
2021-06-12,0.8326,0.778001,0.938705,0.0012826105331151388,0.8471,0,-8.15712307662162,-11.303338109416696,-0.0011061987552682256
2021-06-13,0.8832,0.8285464,0.933215,0.0045664536301361636,0.8326,0,-0.4868598560458797,-5.35942949909721,0.0032838430970210247
2021-06-14,0.8906,0.89651936,0.9290149999999999,0.007662414481044155,0.8832,0,1.508080041494924,-4.1350247304941234,0.0030959608509079917
2021-06-15,0.8663,0.8970187,0.92075,0.00843783486076588,0.8906,0,0.7207131187701162,-5.913657344556069,0.0007754203797217252
2021-06-16,0.832,0.9632529,0.9136149999999998,0.0070607284412382565,0.8663,0,11.1916082224339,-8.933193960256771,-0.001377106419527624
2021-06-17,0.8419,1.0174991,0.910785,0.0072112980317718955,0.832,0,22.295563610700466,-7.563255872681256,0.00015056959053363905
2021-06-18,0.7972,1.1106099,0.9090549999999998,0.004810611791314673,0.8419,0,31.917079110399875,-12.304536029173134,-0.0024006862404572227
2021-06-19,0.7582,0.72860605,0.901675,0.0012894920881035415,0.7972,0,-8.604359602844426,-15.912052568830234,-0.0035211197032111313
2021-06-20,0.7741,0.77944654,0.888335,0.0007513400403418996,0.7582,0,2.802234537461227,-12.859450545120927,-0.0005381520477616419
2021-06-21,0.6067,0.7932754,0.8681300000000001,-0.009588425084783248,0.7741,0,2.47712387254481,-30.114153410203542,-0.010339765125125147
2021-06-22,0.5468,0.6035403,0.8442649999999998,-0.01864737100378258,0.6067,-1,-0.5208008368325375,-35.2336055622346,-0.009058945918999334
2021-06-23,0.6383,0.6199808,0.82393,-0.016724143911214212,0.5468,-1,13.383469654856247,-22.52982656293618,0.0019232270925683692
2021-06-24,0.6731,0.6962259,0.80917,-0.011598666108757857,0.6383,-1,9.075024530242537,-16.81599663853083,0.005125477802456355
2021-06-25,0.6111,0.6573681,0.7935749999999999,-0.010885879766423773,0.6731,-1,-2.3372272275528863,-22.99404593138644,0.0007127863423340847
2021-06-26,0.6162,0.68669033,0.7770349999999999,-0.008669272017003321,0.6111,0,12.369551710910018,-20.698552832240498,0.0022166077494204517
2021-06-27,0.6484,0.6698009,0.766365,-0.003877078670479428,0.6162,0,8.698616937862056,-15.39279586098008,0.004792193346523893
2021-06-28,0.6444,0.77166665,0.7549300000000001,-2.3135646681854416e-05,0.6484,0,19.010895435490927,-14.641092551627318,0.0038539430237975736
2021-06-29,0.7063,0.64383006,0.7441549999999999,0.0072463369665165395,0.6444,0,-0.0884449163776642,-5.086977847357051,0.007269472613198394
2021-06-30,0.7063,0.6413728,0.73604,0.01230869033188621,0.7063,0,-9.192581074139598,-4.040541274930709,0.005062353365369671
2021-07-01,0.6591,0.64141595,0.72664,0.012682039455915117,0.7063,0,-9.186471239392695,-9.294836507761744,0.0003733491240289072
2021-07-02,0.6556,0.66789377,0.71779,0.012856766960166646,0.6591,0,1.3342083685135093,-8.664093955056504,0.00017472750425152894
2021-07-03,0.6732,0.6962514,0.70729,0.014215092310579505,0.6556,0,6.200639469875227,-4.819805171853123,0.001358325350412859
2021-07-04,0.696,0.6807374,0.69756,0.016543520982529106,0.6732,0,1.1196340185789824,-0.2236366764149329,0.0023284286719496006
2021-07-05,0.6526,0.7777182,0.6868749999999999,0.015095496168405387,0.696,0,11.741118732540095,-4.989990900818919,-0.001448024814123719
2021-07-06,0.6648,0.67220074,0.678515,0.014870227743765924,0.6526,0,3.003484429006674,-2.0213259839502493,-0.00022526842463946317
2021-07-07,0.6522,0.6224704,0.66903,0.013806597958741507,0.6648,0,-6.3672715289211075,-2.515582260885164,-0.001063629785024417
2021-07-08,0.6215,0.620906,0.660245,0.011086689001046951,0.6522,0,-4.798222114541932,-5.868276170209532,-0.0027199089576945557
2021-07-09,0.6369,0.6328006,0.65418,0.010387963962535565,0.6215,0,1.818274991318563,-2.6414748234430836,-0.0006987250385113858
2021-07-10,0.6246,0.6257347,0.6467050000000001,0.009201280609946995,0.6369,0,-1.753071620112821,-3.4180963499586423,-0.0011866833525885703
2021-07-11,0.6364,0.545458,0.64819,0.009287996459930115,0.6246,0,-12.67082632408668,-1.8189111217390082,8.671584998311971e-05
2021-07-12,0.6288,0.5196677,0.65229,0.00890907657133249,0.6364,0,-18.342601346340214,-3.6011589936991233,-0.00037891988859762443
2021-07-13,0.6192,0.6089435,0.651335,0.00811022791408917,0.6288,0,-3.1578368358029705,-4.933713066240878,-0.0007988486572433201
2021-07-14,0.6197,0.65364933,0.648665,0.007716126561290226,0.6192,0,5.563522309295895,-4.46532493660056,-0.0003941013527989437
2021-07-15,0.5979,0.60388404,0.648005,0.006155651905414894,0.6197,0,-2.55219601269055,-7.732193424433463,-0.0015604746558753324
2021-07-16,0.5893,0.61653346,0.64666,0.004774282906140667,0.5979,0,3.116484066378935,-8.870194538088017,-0.0013813689992742267
2021-07-17,0.5821,0.67271465,0.643345,0.0036560506809803564,0.5893,0,14.15487029203307,-9.519775548111822,-0.0011182322251603108
2021-07-18,0.5866,0.73077285,0.640455,0.0034997008566838156,0.5821,0,25.540775278756932,-8.40886557213231,-0.00015634982429654082
2021-07-19,0.557,0.521399,0.63299,0.0017702775402842208,0.5866,0,-11.115066289007563,-12.004928987819712,-0.0017294233163995948
2021-07-20,0.5284,0.4999952,0.624095,-0.0007946756942726896,0.557,-1,-10.234254609318576,-15.333402767206913,-0.0025649532345569104
2021-07-21,0.5719,0.5072626,0.6197349999999999,0.0008542009802207512,0.5284,-1,-4.000267307474969,-7.718621668939138,0.0016488766744934408
2021-07-22,0.592,0.48186922,0.616555,0.0035625075361849154,0.5719,-1,-15.74239889252621,-3.9826130677717306,0.002708306555964164
2021-07-23,0.6091,0.65095013,0.61335,0.006593297645610181,0.592,0,9.9577928717072,-0.6929159533708285,0.003030790109425266
2021-07-24,0.6085,0.6186202,0.608975,0.008522735064527123,0.6091,0,1.562997347966851,-0.07799991789482379,0.001929437418916942
2021-07-25,0.6069,0.61430204,0.6066900000000001,0.009577478955035058,0.6085,1,0.9534986271854229,0.03461405330563095,0.001054743890507935
2021-07-26,0.6234,0.62250066,0.60462,0.011161961173180163,0.6069,1,2.5705483663335515,3.106083159670521,0.0015844822181451043
2021-07-27,0.6451,0.62382436,0.604265,0.013301823420749176,0.6234,1,0.06807154097693956,6.757796662060511,0.0021398622475690132
2021-07-28,0.7327,0.6224513,0.609825,0.0198528784956155,0.6451,0,-3.510881198356179,20.149223137785444,0.006551055074866325
2021-07-29,0.7488,0.7511526,0.6154200000000001,0.0242171549546168,0.7327,1,2.5184352417117117,21.673003802281357,0.004364276459001299
2021-07-30,0.7521,0.66816986,0.621795,0.026109956466895543,0.7488,1,-10.767914520369638,20.956263720358,0.0018928015122787432
2021-07-31,0.746,0.65269774,0.6272749999999999,0.025695065667839884,0.7521,1,-13.216627843994011,18.927105336574883,-0.00041489079905565954
2021-08-01,0.7242,0.60821444,0.632045,0.022795005722558527,0.746,0,-18.46991448236215,14.580449176878227,-0.0029000599452813566
2021-08-02,0.738,0.6185378,0.637985,0.020709270239514924,0.7242,0,-14.590198339858915,15.676700862872945,-0.0020857354830436034
2021-08-03,0.7136,0.73370045,0.64268,0.016758239880085724,0.738,0,-0.5825942770898489,11.035040766789066,-0.003951030359429199
2021-08-04,0.731,0.7201779,0.649335,0.014474581298162715,0.7136,1,0.9217893596187283,12.57671309878568,-0.002283658581923009
2021-08-05,0.7327,0.6897802,0.6565049999999999,0.01232078437982996,0.731,1,-5.6388268555564185,11.606156845720921,-0.002153796918332755
2021-08-06,0.7474,0.66143245,0.6647700000000001,0.011162835899626244,0.7327,1,-9.726703282477702,12.429862960121525,-0.001157948480203716
2021-08-07,0.8162,0.611271,0.67625,0.014116860751913894,0.7474,0,-18.213670892386244,20.69500924214418,0.0029540248522876497
2021-08-08,0.7788,0.82119215,0.6873400000000001,0.012683724884157338,0.8162,1,0.6116326081346702,13.306369482352254,-0.0014331358677565562
2021-08-09,0.817,0.84761333,0.70177,0.013371635630787158,0.7788,1,8.835815954771657,16.419909657010123,0.0006879107466298204
2021-08-10,0.8511,0.8298623,0.71573,0.015060786801697396,0.817,1,1.5743325068871925,18.91355678817431,0.0016891511709102372
2021-08-11,1.0105,0.8428937,0.7366550000000001,0.025250974674475367,0.8511,0,-0.964196960033278,37.174118142142504,0.010190187872777971
2021-08-12,0.966,0.82449,0.7545,0.02716528744130519,1.0105,0,-18.407717888335196,28.031809145129227,0.0019143127668298232
2021-08-13,1.0901,0.83409715,0.77858,0.03448983351818845,0.966,0,-13.654539649284155,40.01130262786098,0.007324546076883258
2021-08-14,1.2791,0.81065917,0.81219,0.04888460128618995,1.0901,0,-25.634421598866453,57.48777995296667,0.014394767768001505
2021-08-15,1.2839,0.8068894,0.8452149999999999,0.055089617954720865,1.2791,0,-36.91740952331385,51.902178735588,0.006205016668530912
2021-08-16,1.1855,0.8118744,0.8722350000000001,0.04912463678009435,1.2839,0,-36.76498250265305,35.91520633774154,-0.005964981174626516
2021-08-17,1.0978,0.87767655,0.89049,0.036415314917987524,1.1855,0,-25.965706741995874,23.280441105458806,-0.012709321862106826
2021-08-18,1.1431,1.0353732,0.910205,0.02854976604472037,1.0978,0,-5.686535716252294,25.58709301750704,-0.007865548873267153
2021-08-19,1.2347,1.0408238,0.9343350000000001,0.027022212453439026,1.1431,0,-8.947264696604602,32.14746316899182,-0.0015275535912813443
2021-08-20,1.2629,1.0366012,0.9601799999999999,0.02543963942669822,1.2347,0,-16.04428721157811,31.527421941719265,-0.0015825730267408078
2021-08-21,1.2158,1.1009961,0.98476,0.019042090207221182,1.2629,0,-12.820006598674139,23.46155408424388,-0.006397549219477036
2021-08-22,1.226,1.0668403,1.00916,0.013575328654612057,1.2158,0,-12.251991197297714,21.48717745451662,-0.005466761552609126
2021-08-23,1.2457,1.103342,1.035765,0.009553870339482351,1.226,0,-10.004726241891184,20.268593744720086,-0.004021458315129706
2021-08-24,1.1353,0.98286206,1.05598,-0.0016753416822789802,1.2457,0,-21.099618262690356,7.511505899732955,-0.011229212021761331
2021-08-25,1.1735,0.93571657,1.07802,-0.007346456954503977,1.1353,0,-17.579796580315726,8.856978534721064,-0.005671115272224997
2021-08-26,1.0712,1.0002494,1.09421,-0.018186213333650614,1.1735,-1,-14.763580244248809,-2.102887014375666,-0.010839756379146637
2021-08-27,1.1918,1.0191201,1.11299,-0.017430928560317277,1.0712,-1,-4.86182812170095,7.080926153873804,0.0007552847733333368
2021-08-28,1.1459,1.1446477,1.131345,-0.020033602315290305,1.1918,-1,-3.9563922238721982,1.2865217948547856,-0.0026026737549730283
2021-08-29,1.1408,1.1302931,1.147535,-0.02195512164657,1.1459,-1,-1.3619747905895918,-0.5869102031746253,-0.0019215193312796947
2021-08-30,1.1002,1.1213995,1.15999,-0.02556446426495687,1.1408,-1,-1.7006029253420656,-5.154354778920508,-0.003609342618386871
2021-08-31,1.1856,1.1600648,1.168745,-0.02194320189067496,1.1002,0,5.4412667219518704,1.4421452070383245,0.003621262374281911
2021-09-01,1.2362,1.211966,1.182255,-0.01615061064968984,1.1856,0,2.2238560855469087,4.562890408583589,0.0057925912409851205
2021-09-02,1.2533,1.201379,1.190415,-0.011401810974629736,1.2362,0,-2.816781949850369,5.282611526232455,0.004748799675060103
2021-09-03,1.2907,1.1740505,1.190995,-0.0062346939484154845,1.2533,0,-6.323270539774025,8.371571669066615,0.005167117026214252
2021-09-04,1.2548,1.1671304,1.18954,-0.005739877152599271,1.2907,0,-9.573847441962547,5.4861543117507505,0.0004948167958162136
2021-09-05,1.3076,1.170126,1.195645,-0.0025257976160664164,1.2548,0,-6.748010734482706,9.363565272300727,0.0032140795365328545
2021-09-06,1.3894,1.121318,1.2102249999999999,0.0040806448195500195,1.3076,0,-14.246101049736545,14.80509822553658,0.006606442435616436
2021-09-07,1.1292,1.3997009,1.20953,-0.009367907670396788,1.3894,0,0.7413905319317123,-6.641422701379876,-0.013448552489946808
2021-09-08,1.0998,1.2208707,1.202785,-0.01993107894003736,1.1292,0,8.118201670307156,-8.562211866626196,-0.01056317126964057
2021-09-09,1.0868,1.2647686,1.19398,-0.027039973619989194,1.0998,0,14.999872746305426,-8.976699777215703,-0.0071088946799518354
2021-09-10,1.0552,1.2646637,1.1859499999999998,-0.03273651362547205,1.0868,0,16.365816736203765,-11.02491673342046,-0.005696540005482857
2021-09-11,1.0787,1.0354549,1.178585,-0.033658228629859566,1.0552,-1,-1.8712216385211533,-8.47499331825876,-0.0009217150043875147
2021-09-12,1.1181,1.0929468,1.172205,-0.0304474432375927,1.0787,-1,1.320734940855367,-4.615660230079198,0.0032107853922668655
2021-09-13,1.0643,1.0877534,1.168655,-0.030693211718157233,1.1181,-1,-2.7141208203446063,-8.92949587346137,-0.000245768480564533
2021-09-14,1.0963,1.0818468,1.164795,-0.02754708601811172,1.0643,0,1.648673609796572,-5.880433896093302,0.0031461257000455142
2021-09-15,1.1207,1.0798855,1.16727,-0.022862140729269054,1.0963,-1,-1.4972650927587443,-3.989651066162927,0.0046849452888426645
2021-09-16,1.0902,1.0202435,1.16219,-0.02090976800793615,1.1207,-1,-8.963725751310262,-6.194339996041955,0.001952372721332904
2021-09-17,1.0661,1.1175611,1.1582000000000001,-0.020316374798051443,1.0902,-1,2.509732334750696,-7.951994474184083,0.0005933932098847079
2021-09-18,1.0751,1.1494317,1.1549150000000001,-0.018447200470622573,1.0661,0,7.816499903841429,-6.9108982046297935,0.00186917432742887
2021-09-19,1.0483,1.1688533,1.15232,-0.01811900392492761,1.0751,0,8.720424418981198,-9.02700638711469,0.00032819654569496426
2021-09-20,0.9216,1.2277392,1.13912,-0.02510795474470902,1.0483,0,17.117162539078105,-19.095442095652782,-0.00698895081978141
2021-09-21,0.8743,1.2468303,1.121025,-0.031192430811000416,0.9216,0,35.28975088977152,-22.008875805624314,-0.006084476066291398
2021-09-22,1.0033,0.8814168,1.108525,-0.025068893344424917,0.8743,0,0.8139995010796622,-9.492343429331761,0.006123537466575499
2021-09-23,1.0016,0.9140645,1.0940699999999999,-0.019898447038757316,1.0033,-1,-8.894196495771723,-8.451927207582681,0.005170446305667601
2021-09-24,0.944,0.93957573,1.07853,-0.01911847796896744,1.0016,-1,-6.192518794498509,-12.473459245454464,0.0007799690697898772
2021-09-25,0.94,0.88291806,1.06015,-0.017667060581234535,0.944,-1,-6.47054450996851,-11.333301891241804,0.0014514173877329048
2021-09-26,0.9436,0.8754267,1.03786,-0.015345597043991223,0.94,-1,-6.86949897319712,-9.082149808259304,0.0023214635372433116
2021-09-27,0.9218,1.0394068,1.0274899999999998,-0.014186493331699107,0.9436,0,10.153325183152042,-10.286231496170267,0.0011591037122921158
2021-09-28,0.8928,1.0027447,1.01714,-0.014243849662512284,0.9218,0,8.781153686549928,-12.224472540653194,-5.7356330813176926e-05
2021-09-29,0.9268,0.9493003,1.00914,-0.01100767543283053,0.8928,0,6.328437405247837,-8.1594228749232,0.003236174229681754
2021-09-30,0.9533,0.92955124,1.004045,-0.006330369414462113,0.9268,0,0.29685409819200476,-5.054056342096224,0.004677306018368417
2021-10-01,1.0422,0.90548617,1.0022199999999999,0.003001668393948151,0.9533,0,-5.01561245387566,3.989144100097796,0.009332037808410264
2021-10-02,1.0359,1.0743222,0.9981099999999999,0.00867971806395186,1.0422,1,3.0821554081107334,3.786155834527267,0.00567804967000371
2021-10-03,1.0552,1.1143254,0.997655,0.013383815372620157,1.0359,1,7.570750474676633,5.768026021019286,0.004704097308668297
2021-10-04,1.0425,1.1666378,0.994965,0.015158191991056683,1.0552,1,10.560820534701064,4.777554989371485,0.0017743766184365253
2021-10-05,1.0839,1.1980217,0.993125,0.01842124771142194,1.0425,1,14.91814391504375,9.140339836375084,0.003263055720365258
2021-10-06,1.0765,1.1744833,0.99244,0.019290036135492176,1.0839,1,8.357163876314328,8.470033452903957,0.0008687884240702361
2021-10-07,1.0678,1.0428894,0.992525,0.018485672020826623,1.0765,0,-3.122214898916938,7.584191833958852,-0.0008043641146655532
2021-10-08,1.0636,1.1046278,0.9919499999999999,0.016919821306649215,1.0678,1,3.4489462138517237,7.223146327939939,-0.0015658507141774088
2021-10-09,1.1604,1.1437414,0.997555,0.021365790376525737,1.0636,1,7.5349162511692755,16.324413190250176,0.004445969069876522
2021-10-10,1.1352,1.2251254,1.008235,0.021512334629607187,1.1604,1,5.577855223583698,12.592798305950497,0.00014654425308145008
2021-10-11,1.1364,1.1369956,1.02134,0.02059215597198995,1.1352,1,0.15817071620304152,11.265592261147138,-0.0009201786576172356
2021-10-12,1.1018,1.1740654,1.026265,0.016720007292061658,1.1364,1,3.314444868550332,7.360184747604167,-0.003872148679928293
2021-10-13,1.1275,1.1850089,1.03256,0.01501070227301253,1.1018,1,7.552085993488604,9.194623072751224,-0.001709305019049128
2021-10-14,1.1336,1.1791373,1.04204,0.013461591715289545,1.1275,1,4.579809235363476,8.786610878661074,-0.0015491105577229852
2021-10-15,1.1413,1.2076403,1.0521049999999998,0.012165521449252158,1.1336,1,6.53142998062059,8.477766002442737,-0.0012960702660373864
2021-10-16,1.1343,1.2001766,1.0616400000000001,0.010130146738503817,1.1413,1,5.158730977091085,6.844127952978404,-0.0020353747107483416
2021-10-17,1.0944,1.1438098,1.07027,0.005615398237016796,1.1343,1,0.8383844996595773,2.254571276406886,-0.004514748501487021
2021-10-18,1.0827,1.1618888,1.079765,0.0015701563448604697,1.0944,1,6.166743221338725,0.27181840493069415,-0.004045241892156326
2021-10-19,1.0911,1.1779199,1.0879800000000002,-0.0006895932971742597,1.0827,0,8.794667466014687,0.28676997738927085,-0.0022597496420347293
2021-10-20,1.1455,1.2041578,1.0975899999999998,0.0012254130809555286,1.0911,1,10.361821032413895,4.365017902859913,0.0019150063781297882
2021-10-21,1.0886,1.1654446,1.09991,-0.0014490110918717672,1.1455,1,1.7411272372808202,-1.0282659490321873,-0.0026744241728272958
2021-10-22,1.0885,1.15157,1.1025399999999999,-0.003231657793352022,1.0886,1,5.784490400654589,-1.27342318646034,-0.0017826467014802547
2021-10-23,1.0934,1.1593444,1.10445,-0.004035452445720213,1.0885,0,6.508446002586969,-1.000497985422609,-0.0008037946523681908
2021-10-24,1.0821,1.166947,1.10643,-0.0052082338947700355,1.0934,0,6.726450263330924,-2.198964236327645,-0.0011727814490498228
2021-10-25,1.0951,1.1709915,1.1069900000000001,-0.004988170128696141,1.0821,0,8.214725067474271,-1.0740837767278997,0.0002200637660738948
2021-10-26,1.1075,1.1860527,1.10854,-0.003933555621498745,1.0951,0,8.30542233728098,-0.09381709275264329,0.0010546145071973958
2021-10-27,0.995,1.1360285,1.1049,-0.010373006354723002,1.1075,0,2.575939342076844,-9.946601502398407,-0.006439450733224257
2021-10-28,1.0579,1.11539,1.1046150000000001,-0.009954764935006164,0.995,0,12.099491771142088,-4.229075288675245,0.0004182414197168374
2021-10-29,1.0825,1.1592565,1.10072,-0.007681707437020727,1.0579,0,9.580911076894852,-1.6552801802456485,0.002273057497985437
2021-10-30,1.0846,1.1580478,1.09819,-0.0057836338558283126,1.0825,0,6.979011112768157,-1.237490780283921,0.0018980735811924146
2021-10-31,1.1128,1.1931195,1.0970099999999998,-0.0025412699854722425,1.0846,0,10.005488282262938,1.4393670066818165,0.00324236387035607
2021-11-01,1.0915,1.1259768,1.0964949999999998,-0.001779483367567035,1.1128,0,1.1841122320793576,-0.4555424329340181,0.0007617866179052074
2021-11-02,1.1349,1.0743757,1.096865,0.0015206500235159306,1.0915,0,-1.5688732355164028,3.467609961116459,0.0033001333910829657
2021-11-03,1.2101,1.1308079,1.10069,0.00826470739090764,1.1349,0,-0.3605712761552522,9.940128464872036,0.0067440573673917086
2021-11-04,1.2004,1.1609823,1.103645,0.011376858357487907,1.2101,0,-4.058982632237219,8.766858908435223,0.0031121509665802682
2021-11-05,1.1581,1.2317951,1.104835,0.009943070655550813,1.2004,1,2.615384251544659,4.821081881004846,-0.0014337877019370941
2021-11-06,1.151,1.1268458,1.107665,0.0079588576832933,1.1581,1,-2.698744785475832,3.912283948666802,-0.001984212972257513
2021-11-07,1.2198,1.1243994,1.11452,0.01055928537505926,1.151,1,-2.3110839618381283,9.446219000107673,0.0026004276917659594
2021-11-08,1.2815,1.1261299,1.12404,0.01541978613878154,1.2198,0,-7.679138740255591,14.00839827764138,0.00486050076372228
2021-11-09,1.2571,1.1831632,1.12962,0.01591221577107036,1.2815,0,-7.673572684655287,11.285210955896675,0.0004924296322888211
2021-11-10,1.1902,1.185975,1.1347,0.010892491196047766,1.2571,0,-5.657866871467922,4.891160659205066,-0.005019724575022595
2021-11-11,1.2142,1.1360563,1.1409850000000001,0.008457196859244773,1.1902,0,-4.549125863051052,6.416824059913127,-0.002435294336802993
2021-11-12,1.1883,1.1311717,1.14573,0.004565658393433425,1.2142,0,-6.838107120851335,3.7155350737084656,-0.0038915384658113478
2021-11-13,1.1892,1.1505003,1.151085,0.0016652825278339993,1.1883,0,-3.180989855559471,3.311223758453991,-0.0029003758655994256
2021-11-14,1.1879,1.0900166,1.155725,-0.0006060037025763902,1.1892,0,-8.340346159615827,2.7839667741028418,-0.0022712862304103895
2021-11-15,1.172,1.2157867,1.1589500000000001,-0.00329428084653912,1.1879,0,2.3475625456980156,1.126019241554837,-0.00268827714396273
2021-11-16,1.0877,1.1904272,1.1635849999999999,-0.010460615759320353,1.172,0,1.572285333184258,-6.5216550574302685,-0.0071663349127812324
2021-11-17,1.0953,1.2191985,1.1654550000000001,-0.014169354245142447,1.0877,0,12.08958953271032,-6.019537433877772,-0.003708738485822094
2021-11-18,1.0406,1.2504824,1.16336,-0.019460065706844727,1.0953,0,14.168030676053325,-10.552193645990922,-0.005290711461702281
2021-11-19,1.0892,1.2548631,1.1635900000000001,-0.01882826124613311,1.0406,0,20.590346239402667,-6.39314535188513,0.0006318044607116179
2021-11-20,1.0965,1.2509375,1.162775,-0.01711021487701466,1.0892,0,14.849197746330095,-5.699726946313763,0.0017180463691184485
2021-11-21,1.0569,1.0772647,1.161045,-0.0177554467456187,1.0965,-1,-1.7542483759861394,-8.969936565766197,-0.000645231868604039
2021-11-22,1.0354,1.0995002,1.1560700000000002,-0.018652543538781444,1.0569,-1,4.030672655007241,-10.437949259127912,-0.0008970967931627438
2021-11-23,1.0661,1.0870439,1.14887,-0.016286682119915075,1.0354,-1,4.987819337098774,-7.204470479688737,0.002365861418866369
2021-11-24,1.0326,1.064239,1.14048,-0.016059657446817296,1.0661,-1,-0.17455912991588507,-9.459175084175083,0.00022702467309777818
2021-11-25,1.0438,1.0912961,1.134765,-0.01429586243781248,1.0326,0,5.684299513325315,-8.016197186201545,0.0017637950090048163
2021-11-26,0.9394,1.0384965,1.124185,-0.019006049378425545,1.0438,-1,-0.5080959673105164,-16.437241201403683,-0.004710186940613065
2021-11-27,0.9452,1.0487524,1.110455,-0.02045106181677623,0.9394,-1,11.640667138719953,-14.881737666091821,-0.0014450124383506846
2021-11-28,0.9687,1.0514516,1.094815,-0.018597591437985343,0.9452,-1,11.241172644429115,-11.51929778090363,0.001853470378790887
2021-11-29,0.9898,1.052196,1.0814499999999998,-0.014884632631981011,0.9687,0,8.619389475419496,-8.474732997364631,0.0037129588060043316
2021-11-30,0.9983,1.0384121,1.071855,-0.01097099941554365,0.9898,0,4.911304719762671,-6.862402097298611,0.003913633216437361
2021-12-01,0.9899,0.9635539,1.0606399999999998,-0.00819025987817975,0.9983,-1,-3.480526346082282,-6.669558002715324,0.0027807395373639007
2021-12-02,0.9716,0.9695605,1.049805,-0.0068784947253771045,0.9899,-1,-2.054702095195903,-7.44947871271332,0.001311765152802645
2021-12-03,0.9211,0.98944664,1.0364,-0.008595470449026837,0.9716,-1,1.8368299726892154,-11.125048243921261,-0.001716975723649733
2021-12-04,0.8449,1.0062317,1.01925,-0.013741318717249817,0.9211,0,9.242391229102926,-17.10571498650969,-0.00514584826822298
2021-12-05,0.8045,1.0169908,1.0008750000000002,-0.018450572389167787,0.8449,0,20.3681833152306,-19.620332209316864,-0.004709253671917969
2021-12-06,0.8255,0.822996,0.9877649999999999,-0.018678853022163613,0.8045,0,2.299070269369502,-16.427490344363274,-0.00022828063299582674
2021-12-07,0.8154,0.86290383,0.9737699999999998,-0.018028736177587455,0.8255,0,4.531051894522376,-16.263594072522242,0.0006501168445761582
2021-12-08,0.8622,0.8643035,0.96485,-0.01318982080290386,0.8154,0,5.997489485227215,-10.638959423744627,0.004838915374683596
2021-12-09,0.8583,0.8875546,0.953305,-0.009184604885850586,0.8622,0,2.940684984189902,-9.965855628576376,0.004005215917053273
2021-12-10,0.7992,0.9362048,0.9384399999999999,-0.00941369714442064,0.8583,0,9.076638828967821,-14.837389710583516,-0.00022909225857005444
2021-12-11,0.8392,0.8376633,0.9275550000000001,-0.005938976136221102,0.7992,0,4.8127243349382685,-9.525580693328177,0.0034747210081995383
2021-12-12,0.8393,0.8588615,0.9177500000000001,-0.002857716002530375,0.8392,0,2.3428867951930488,-8.548079542359032,0.0030812601336907275
2021-12-13,0.7818,0.86267453,0.903535,-0.0038539783931981625,0.8393,0,2.7850034934863874,-13.473191409297916,-0.0009962623906677875
2021-12-14,0.8103,0.89047885,0.8924200000000001,-0.0018566241019741248,0.7818,0,13.901106345741965,-9.201945272405379,0.0019973542912240377
2021-12-15,0.8262,0.9358712,0.88154,0.0011124955748315346,0.8103,0,15.496875709270997,-6.277650475304575,0.0029691196768056594
2021-12-16,0.8051,0.8225074,0.8748250000000001,0.0021712636456969053,0.8262,0,-0.4469400339858462,-7.970165461663766,0.0010587680708653707
2021-12-17,0.7966,0.82969576,0.8673950000000001,0.0027763117828660255,0.8051,0,3.054994560149774,-8.161794799370545,0.0006050481371691202
2021-12-18,0.8262,0.79924524,0.8602700000000001,0.005490384647774835,0.7966,0,0.33206606880971745,-3.9603845304381227,0.002714072864908809
2021-12-19,0.835,0.8021635,0.85253,0.008044156064450539,0.8262,0,-2.909285679939329,-2.056232625244865,0.002553771416675704
2021-12-20,0.8798,0.85229635,0.8466049999999999,0.01264268235995926,0.835,1,2.0714194474819934,3.9209548726974313,0.00459852629550872
2021-12-21,0.9467,0.85206246,0.844445,0.019663314192840814,0.8798,1,-3.1527092793389464,12.109136770304755,0.007020631832881555
2021-12-22,0.9537,0.82818055,0.8435500000000001,0.023966546997639046,0.9467,1,-12.519219232182246,13.057910023116573,0.004303232804798232
2021-12-23,0.9941,0.82922995,0.8472,0.02841786952498783,0.9537,0,-13.051279133391402,17.339471199244574,0.004451322527348783
2021-12-24,0.9115,0.8284256,0.85053,0.024814323416547268,0.9941,0,-16.665769417201258,7.168471423700512,-0.0036035461084405612
2021-12-25,0.9252,0.8251681,0.856565,0.022440129700666268,0.9115,0,-9.471412706819784,8.012818641901081,-0.0023741937158810004
2021-12-26,0.92,0.90290016,0.86129,0.019703629964770323,0.9252,0,-2.410272442825524,6.816519406936113,-0.0027364997358959448
2021-12-27,0.9269,0.8760278,0.8668650000000001,0.017610780846439723,0.92,0,-4.779584511466652,6.925530503596272,-0.0020928491183305996
2021-12-28,0.8515,0.85802835,0.8663299999999999,0.010738737810629024,0.9269,0,-7.430321257893015,-1.7118188219269679,-0.0068720430358106994
2021-12-29,0.8171,0.8860533,0.86427,0.0038234809279943313,0.8515,0,4.057935848000882,-5.457785182871086,-0.006915256882634693
2021-12-30,0.8386,0.8509227,0.86624,0.0008023405570315618,0.8171,0,4.139359165705655,-3.1908016254155886,-0.0030211403709627695
2021-12-31,0.8297,0.85350025,0.865765,-0.0015615555320284205,0.8386,0,1.7768002625385089,-4.165680063296624,-0.0023638960890599824
2022-01-01,0.8507,0.8396816,0.8663350000000001,-0.0014778770499119381,0.8297,0,1.2030402996517953,-1.8047291174892004,8.367848211648238e-05
2022-01-02,0.8586,0.8381479,0.870175,-0.0006971358235567139,0.8507,-1,-1.4755050373985454,-1.3301922027178443,0.0007807412263552242
2022-01-03,0.8324,0.8488691,0.8712799999999999,-0.0016950103412857638,0.8586,-1,-1.133346690905006,-4.462400146910284,-0.00099787451772905
2022-01-04,0.8228,0.85711455,0.87111,-0.002692140027958645,0.8324,-1,2.9690717745720874,-5.545797890048338,-0.0009971296866728811
2022-01-05,0.7726,0.8348465,0.8694850000000001,-0.006221392902410684,0.8228,0,1.4640856322352058,-11.142802923569711,-0.0035292528744520386
2022-01-06,0.7791,0.83212775,0.86861,-0.0075200809167475305,0.7726,0,7.704860201901555,-10.304970009555495,-0.001298688014336847
2022-01-07,0.7634,0.83486825,0.86547,-0.008752227069481602,0.7791,0,7.158035204386376,-11.793591921152668,-0.0012321461527340719
2022-01-08,0.7452,0.84313357,0.86098,-0.010017670998801319,0.7634,0,10.44453350323984,-13.44746684011243,-0.0012654439293197164
2022-01-09,0.753,0.8649928,0.8546400000000001,-0.009555557109745795,0.7452,0,16.075254612818757,-11.892726762145472,0.00046211388905552375
2022-01-10,0.7399,0.7800577,0.8442999999999999,-0.009346878348406154,0.753,0,3.593323810167046,-12.365273007224914,0.00020867876133964097
2022-01-11,0.7703,0.76619565,0.83513,-0.006510615298255702,0.7399,0,3.55394713732661,-7.762863266796792,0.002836263050150452
2022-01-12,0.7987,0.78749126,0.8253600000000001,-0.0022889112348454255,0.7703,0,2.2317619056310454,-3.2301056508675154,0.004221704063410277
2022-01-13,0.768,0.8122619,0.818185,-0.0011865553277362814,0.7987,0,1.697994171043239,-6.133698368950792,0.001102355907109144
2022-01-14,0.7732,0.81177753,0.810585,0.00019662479927358423,0.768,0,5.700199492275713,-4.612101136833275,0.0013831801270098656
2022-01-15,0.7791,0.7963478,0.8035400000000001,0.0017275357359749222,0.7732,0,2.9937657678429477,-3.0415411802772887,0.001530910936701338
2022-01-16,0.7784,0.7790222,0.796115,0.0028456546165737603,0.7791,0,-0.009983725211784719,-2.225181035403181,0.0011181188805988382
2022-01-17,0.7617,0.78324217,0.791625,0.002618861350623409,0.7784,0,0.6220665522003983,-3.780198957839884,-0.00022679326595035146
2022-01-18,0.7509,0.782022,0.788315,0.0019315473860182092,0.7617,0,2.667979435359172,-4.7461991716509235,-0.0006873139646051997
2022-01-19,0.7381,0.81717396,0.7832899999999999,0.000859580388181784,0.7509,0,8.825936586057667,-5.769255320507086,-0.0010719669978364252
2022-01-20,0.7199,0.7536601,0.7778,-0.0007438599397434423,0.7381,0,2.1081266518192194,-7.444073026484965,-0.0016034403279252263
2022-01-21,0.6368,0.7788178,0.7671049999999999,-0.006736433437566074,0.7199,0,8.18416069805465,-16.986592448230674,-0.005992573497822631
2022-01-22,0.5966,0.7765635,0.754005,-0.01241275849740408,0.6368,0,21.947789761289275,-20.87585626090013,-0.0056763250598380055
2022-01-23,0.6283,0.7872884,0.7438,-0.012976521607796158,0.5966,0,31.962525536859747,-15.528367840817431,-0.0005637631103920793
2022-01-24,0.6118,0.7660624,0.73325,-0.013352711819625357,0.6283,0,21.926210231316546,-16.563245823389014,-0.0003761902118291985
2022-01-25,0.618,0.603497,0.72552,-0.012112519960123497,0.6118,-1,-1.3571382231399038,-14.819715514389687,0.0012401918595018602
2022-01-26,0.6193,0.61935365,0.71753,-0.01020932370903728,0.618,-1,0.2190375405222091,-13.690019929480307,0.0019031962510862172
2022-01-27,0.6088,0.61369646,0.7098,-0.008720117161381866,0.6193,-1,-0.9048189963659924,-14.229360383206535,0.001489206547655414
2022-01-28,0.6111,0.60149825,0.703095,-0.006731716999773582,0.6088,-1,-1.1993682337496516,-13.084291596441455,0.0019884001616082836
2022-01-29,0.6174,0.66131306,0.696315,-0.0042640535740744515,0.6111,0,8.216831442611817,-11.333232804118836,0.0024676634256991306
2022-01-30,0.6013,0.61233896,0.689385,-0.0030451532426022665,0.6174,-1,-0.819734342282815,-12.77733051923092,0.001218900331472185
2022-01-31,0.6174,0.6412598,0.68174,-0.0006109809004033184,0.6013,-1,6.645566184410106,-9.437615513245529,0.002434172342198948
2022-02-01,0.6284,0.6671891,0.673225,0.002133219521521415,0.6174,-1,8.06432154945545,-6.658249470830705,0.0027442004219247335
2022-02-02,0.6006,0.67913437,0.664855,0.00244689662196184,0.6284,0,8.073578755010251,-9.664513314933325,0.00031367710044042513
2022-02-03,0.6102,0.6911587,0.656705,0.0036019289740485405,0.6006,0,15.078040611096865,-7.08156630450507,0.0011550323520867004
2022-02-04,0.6555,0.6285769,0.650525,0.007493838867173613,0.6102,1,3.011615000486927,0.7647669190269323,0.003891909893125073
2022-02-05,0.6656,0.65367603,0.644885,0.010633688492211163,0.6555,1,-0.27825583218618466,3.21220062491761,0.0031398496250375496
2022-02-06,0.6825,0.6693715,0.640925,0.013547288992252174,0.6656,1,0.5666294636634727,6.486718414791127,0.002913600500041011
2022-02-07,0.8314,0.7077257,0.6449499999999999,0.024559399783194158,0.6825,1,3.696073804582869,28.90921776881931,0.011012110790941984
2022-02-08,0.8763,0.6821927,0.65186,0.03337721400894611,0.8314,0,-17.946513925918975,34.43070597981161,0.008817814225751952
2022-02-09,0.8697,0.8691124,0.65935,0.03699475815691251,0.8763,0,-0.8202245351618741,31.902631379388797,0.0036175441479664033
2022-02-10,0.8253,0.897077,0.668775,0.034666609894733615,0.8697,1,3.1478698382202692,23.404732533363244,-0.0023281482621788988
2022-02-11,0.7591,0.91564393,0.6769000000000001,0.02726362490855572,0.8253,1,10.946798792582166,12.143595804402413,-0.007402984986177894
2022-02-12,0.8223,0.90288407,0.6866000000000001,0.0252637736675033,0.7591,1,18.94138665589368,19.7640547625983,-0.0019998512410524215
2022-02-13,0.8057,0.9246485,0.696295,0.021605106665279976,0.8223,1,12.446615995462537,15.712449464666554,-0.003658667002223323
2022-02-14,0.8012,0.7939704,0.7054549999999999,0.01782147077431326,0.8057,0,-1.4558264794029456,13.572091770559439,-0.0037836358909667175
2022-02-15,0.8515,0.7669747,0.7170650000000001,0.017614440490898508,0.8012,0,-4.271756418335756,18.747951719858026,-0.0002070302834147504
2022-02-16,0.8366,0.79438317,0.7284550000000001,0.015458951627664915,0.8515,0,-6.707789991718147,14.845803790213525,-0.002155488863233593
2022-02-17,0.769,0.7917193,0.7363500000000001,0.008796776001528745,0.8366,0,-5.364652469971522,4.434032729001148,-0.00666217562613617
2022-02-18,0.784,0.7632619,0.74468,0.004910428075908614,0.769,0,-0.7461749995793437,5.280120320137511,-0.003886347925620131
2022-02-19,0.8215,0.744694,0.75569,0.004392349533434484,0.784,0,-5.013521106875676,8.708597440749518,-0.0005180785424741298
2022-02-20,0.7769,0.75760734,0.7636649999999999,0.0007631542668773868,0.8215,0,-7.777560461024577,1.7330897710383621,-0.0036291952665570976
2022-02-21,0.7018,0.7630962,0.767335,-0.006573958406537593,0.7769,-1,-1.776777791123794,-8.540598304521495,-0.00733711267341498
2022-02-22,0.7209,0.77144754,0.77335,-0.009823890993322034,0.7018,-1,9.924129286054265,-6.782181418503912,-0.003249932586784441
2022-02-23,0.6967,0.7479617,0.777675,-0.013082605655746881,0.7209,-1,3.753877092886112,-10.412447359115314,-0.003258714662424847
2022-02-24,0.6963,0.73145896,0.779715,-0.014627319242182022,0.6967,0,4.989085971530584,-10.698139704892174,-0.0015447135864351414
2022-02-25,0.7699,0.7014425,0.78493,-0.010260907979324285,0.6963,0,0.7385437436852281,-1.914820429847246,0.004366411262857738
2022-02-26,0.7508,0.6873648,0.7883450000000001,-0.008310923423043945,0.7699,-1,-10.720247218385584,-4.762508800081189,0.0019499845562803396
2022-02-27,0.7215,0.71441525,0.78285,-0.008609727620450681,0.7508,-1,-4.846130499639092,-7.836750335313281,-0.0002988041974067365
2022-02-28,0.7809,0.7033394,0.77808,-0.00462211514116933,0.7215,-1,-2.51706196711614,0.36243059839605757,0.003987612479281351
2022-03-01,0.7839,0.7326242,0.77379,-0.0017456784699633812,0.7809,0,-6.182075404742267,1.3065560423370763,0.002876436671205949
2022-03-02,0.7687,0.7252842,0.77096,-0.0008739955587312278,0.7839,-1,-7.47745646279539,-0.2931410189893028,0.0008716829112321535
2022-03-03,0.7515,0.72389203,0.77058,-0.0014301918392766715,0.7687,-1,-5.8290577468286555,-2.4760569960289778,-0.0005561962805454438
2022-03-04,0.7127,0.7777205,0.7651,-0.004227400248476297,0.7515,-1,3.489089948053932,-6.848777937524507,-0.0027972084091996254
2022-03-05,0.754,0.71471006,0.7625149999999999,-0.0031611673852424884,0.7127,0,0.2820340650720919,-1.1166993436194619,0.0010662328632338085
2022-03-06,0.7251,0.7171467,0.75871,-0.004202093128390299,0.754,-1,-4.887706278489819,-4.429887572326717,-0.0010409257431478105
2022-03-07,0.7197,0.71304154,0.75212,-0.00499988549611737,0.7251,-1,-1.66300593565421,-4.3104823698346015,-0.0007977923677270713
2022-03-08,0.7207,0.7246254,0.7463249999999999,-0.005183636181349776,0.7197,-1,0.6843696886820305,-3.433490771446743,-0.00018375068523240543
2022-03-09,0.7658,0.71015346,0.746165,-0.002146711391647139,0.7207,0,-1.4633744272756342,2.631455509170233,0.0030369247897026365
2022-03-10,0.7361,0.70396584,0.74377,-0.0020189986889287952,0.7658,-1,-8.07445250406811,-1.0312327735724842,0.0001277127027183439
2022-03-11,0.8029,0.7799681,0.74284,0.0024415875923780484,0.7361,-1,5.95952763276942,8.085186581228799,0.004460586281306843
2022-03-12,0.7857,0.7665376,0.74328,0.004017855154709019,0.8029,-1,-4.5288819633633,5.707135938004507,0.0015762675623309705
2022-03-13,0.7602,0.7841704,0.7462,0.0031648129579366756,0.7857,0,-0.19468128097046136,1.8761726078799266,-0.0008530421967723432
2022-03-14,0.7748,0.71497786,0.748895,0.0033857194194306093,0.7602,0,-5.94871606804201,3.459096402032337,0.00022090646149393366
2022-03-15,0.7657,0.71649945,0.752345,0.0027479804404447958,0.7748,0,-7.524593724500418,1.775116469173053,-0.0006377389789858135
2022-03-16,0.7919,0.8141231,0.757125,0.0038519907946652217,0.7657,1,6.324029526169336,4.593032854548456,0.0011040103542204259
2022-03-17,0.7935,0.7746812,0.758305,0.004411127844475326,0.7919,1,-2.1743641219998415,4.641272311273165,0.0005591370498101047
2022-03-18,0.7965,0.77921677,0.76059,0.0046787288516576455,0.7935,1,-1.800029444559308,4.721334753283635,0.0002676010071823191
2022-03-19,0.8194,0.80340946,0.7654850000000001,0.006008880368835615,0.7965,1,0.8674773643096156,7.043247091713088,0.0013301515171779696
2022-03-20,0.8057,0.85755795,0.766725,0.005585867270594395,0.8194,1,4.6568162562877955,5.083308878672272,-0.0004230130982412197
2022-03-21,0.8373,0.8280791,0.7693949999999999,0.006964388450982633,0.8057,1,2.777597669544865,8.825765699023274,0.001378521180388238
2022-03-22,0.8366,0.8519159,0.77279,0.007322628266181446,0.8373,1,1.7455984639762625,8.257094424099694,0.00035823981519881275
2022-03-23,0.8376,0.87236476,0.777095,0.007114396242194395,0.8366,1,4.275013082140858,7.7860493247286415,-0.0002082320239870511
2022-03-24,0.8428,0.899565,0.7836000000000001,0.0068138455504771454,0.8376,1,7.397920422704307,7.554874936191924,-0.0003005506917172496
2022-03-25,0.8239,0.8944653,0.7870950000000001,0.004917650839918238,0.8428,1,6.130200197304037,4.6760556222565075,-0.0018961947105589072
2022-03-26,0.8327,0.8409705,0.7924749999999999,0.003877279997898414,0.8239,1,2.0719160340859353,5.075869901258724,-0.0010403708420198242
2022-03-27,0.858,0.88474107,0.79939,0.004472015282868266,0.8327,1,6.249677901567496,7.3318405284029,0.0005947352849698523
2022-03-28,0.8641,0.88755894,0.8065599999999999,0.004824934631849617,0.858,1,3.4450975609270302,7.1340011902400375,0.0003529193489813509
2022-03-29,0.8577,0.9039494,0.811155,0.004199070021730644,0.8641,1,4.611662992820217,5.738114170534615,-0.000625864610118973
2022-03-30,0.8613,0.8970399,0.8174149999999999,0.003621137553511164,0.8577,1,4.586672529941311,5.368753937718304,-0.0005779324682194803
2022-03-31,0.8148,0.8702957,0.8180099999999999,-0.00010197406402362441,0.8613,0,1.0444332301291468,-0.3924157406388596,-0.0037231116175347884
2022-04-01,0.8277,0.8547169,0.82011,-0.001810249726673832,0.8148,0,4.898980978252732,0.9254856055894923,-0.0017082756626502077
2022-04-02,0.824,0.87271273,0.8232999999999999,-0.003221361907703779,0.8277,0,5.438290607875942,0.08502368516944418,-0.001411112181029947
2022-04-03,0.8432,0.8823896,0.8267200000000001,-0.002903478306358887,0.824,0,7.086117117150321,1.993419779369052,0.000317883601344892
2022-04-04,0.826,0.87093085,0.829735,-0.003834902977085837,0.8432,0,3.288763105529994,-0.45014372058549346,-0.0009314246707269498
2022-04-05,0.8164,0.84510833,0.8309599999999999,-0.005006788284658156,0.826,0,2.3133571730976294,-1.7521902377972354,-0.0011718853075723193
2022-04-06,0.7595,0.8275881,0.82926,-0.009275121511942597,0.8164,0,1.3704166290866322,-8.412319417311826,-0.00426833322728444
2022-04-07,0.7871,0.7864768,0.82879,-0.009846762755594752,0.7595,0,3.551914536537041,-5.030224785530714,-0.0005716412436521552
2022-04-08,0.7549,0.76591605,0.8255649999999999,-0.011865276234327152,0.7871,-1,-2.6913925193192463,-8.559592521485271,-0.0020185134787324005
2022-04-09,0.7622,0.729502,0.8233900000000001,-0.01213700630200987,0.7549,-1,-3.364416178780246,-7.431472327815504,-0.00027173006768271835
2022-04-10,0.7543,0.7827342,0.8192400000000001,-0.012242007626906573,0.7622,-1,2.6940717999937043,-7.9268590400859456,-0.00010500132489670196
2022-04-11,0.6948,0.76825994,0.8121499999999999,-0.01550209170424614,0.7543,0,1.850714905420353,-14.44930123745613,-0.003260084077339567
2022-04-12,0.7152,0.7563308,0.80603,-0.015434457790562857,0.6948,0,8.855899271089319,-11.26881133456572,6.763391368328278e-05
2022-04-13,0.7232,0.7372831,0.8000499999999999,-0.014040780970196658,0.7152,0,3.0876832520401796,-9.605649646897065,0.0013936768203661985
2022-04-14,0.7262,0.72818494,0.795165,-0.012176111526606435,0.7232,0,0.6892890529295048,-8.673042701829187,0.001864669443590223
2022-04-15,0.7858,0.7149972,0.7928200000000001,-0.006474150491652845,0.7262,-1,-1.5426642308383505,-0.8854468858000588,0.0057019610349535906
2022-04-16,0.7808,0.7026477,0.78896,-0.002773820831485233,0.7858,-1,-10.581867395693736,-1.0342729669438178,0.003700329660167612
2022-04-17,0.7519,0.6699007,0.7833499999999999,-0.002040972400761539,0.7808,-1,-14.203289529827781,-4.014808195570291,0.000732848430723694
2022-04-18,0.7699,0.6449153,0.77896,-0.00020880061870560788,0.7519,-1,-14.228583225656626,-1.1630892472013912,0.001832171782055931
2022-04-19,0.7749,0.6310741,0.77464,0.0013872065394135904,0.7699,0,-18.031683214640744,0.0335639781059638,0.0015960071581191983
2022-04-20,0.7517,0.8003985,0.771485,0.0009487051100486484,0.7749,0,3.2905573075102827,-2.564534631263076,-0.00043850142936494203
2022-04-21,0.7328,0.7999923,0.76674,-0.0004697462538869445,0.7517,0,6.424414383630822,-4.4265331142238535,-0.0014184513639355929
2022-04-22,0.7179,0.796829,0.761435,-0.0021717123856458947,0.7328,0,8.737579860020931,-5.717493942358835,-0.0017019661317589502
2022-04-23,0.7057,0.7963387,0.75456,-0.003784902740163385,0.7179,0,10.926128626035807,-6.475296861747245,-0.0016131903545174905
2022-04-24,0.6981,0.7805418,0.748165,-0.004955696240810938,0.7057,0,10.605324870451865,-6.691705706628874,-0.0011707935006475528
2022-04-25,0.6931,0.65154946,0.742,-0.005610608074062551,0.6981,-1,-6.6681766933500795,-6.590296495956865,-0.0006549118332516129
2022-04-26,0.642,0.6592466,0.736125,-0.008837050303273752,0.6931,-1,-4.88434230037762,-12.786551197147226,-0.0032264422292112016
2022-04-27,0.6522,0.6509633,0.72938,-0.009573978315536368,0.642,-1,1.3961536490657223,-10.581589843428668,-0.0007369280122626158
2022-04-28,0.6428,0.6434276,0.723775,-0.009940901240030227,0.6522,-1,-1.3450459372372179,-11.187869158232864,-0.00036692292449385863
2022-04-29,0.6116,0.6497605,0.716245,-0.011425245184148738,0.6428,0,1.0828383160290187,-14.610224155142443,-0.0014843439441185116
2022-04-30,0.5845,0.60296434,0.707755,-0.013244462346495976,0.6116,-1,-1.4119781490398333,-17.414924656131006,-0.0018192171623472378
2022-05-01,0.607,0.61127824,0.703365,-0.011982662250569445,0.5845,-1,4.581391943938919,-13.700567983905943,0.001261800095926531
2022-05-02,0.6143,0.6488184,0.69832,-0.009798603451350654,0.607,-1,6.889353159821213,-12.031733302783836,0.002184058799218791
2022-05-03,0.6047,0.6670835,0.692395,-0.00820716825446867,0.6143,0,8.59246326156535,-12.665458300536539,0.001591435196881985
2022-05-04,0.6459,0.66497725,0.68838,-0.00380996059471813,0.6047,0,9.968125100606565,-6.17101019785583,0.004397207659750539
2022-05-05,0.5981,0.6476521,0.678995,-0.0035557464125532193,0.6459,0,0.2712632908801127,-11.913931619525924,0.00025421418216491076
2022-05-06,0.6022,0.6493286,0.670065,-0.002591365589051202,0.5981,0,8.56522144112893,-10.128121898621785,0.0009643808235020174
2022-05-07,0.5808,0.68347603,0.66151,-0.0028538646902984133,0.6022,0,13.496517905441491,-12.200873758522176,-0.0002624991012472114
2022-05-08,0.5662,0.6913583,0.6513249999999999,-0.003431123074251148,0.5808,0,19.03552477024804,-13.06951214831304,-0.0005772583839527348
2022-05-09,0.4873,0.7185187,0.6369450000000001,-0.008271061200286894,0.5662,0,26.901920588771926,-23.49417924624576,-0.004839938126035746
2022-05-10,0.513,0.50675595,0.62501,-0.008834867795778328,0.4873,0,3.992601696431647,-17.921313258987848,-0.000563806595491434
2022-05-11,0.4172,0.5307815,0.6092299999999999,-0.014422632020006418,0.513,0,3.466180797673571,-31.52011555570145,-0.0055877642242280895
2022-05-12,0.3856,0.59405047,0.592615,-0.01873642960885083,0.4172,0,42.38985307150353,-34.9324603663424,-0.004313797588844412
2022-05-13,0.4228,0.5796591,0.57847,-0.017592233809928026,0.3856,0,50.32653121038096,-26.910643594309132,0.0011441957989228035
2022-05-14,0.4262,0.6032007,0.564875,-0.015203994906570623,0.4228,0,42.66808752530909,-24.549679132551447,0.0023882389033574036
2022-05-15,0.4481,0.43889534,0.552625,-0.010945929555694511,0.4262,0,2.9787294073655257,-18.914272788961778,0.004258065350876111
2022-05-16,0.4231,0.4641387,0.54168,-0.008707208479341103,0.4481,0,3.579265042836846,-21.89115344853051,0.0022387210763534088
2022-05-17,0.438,0.53798544,0.53097,-0.005285360455455912,0.4231,0,27.15326023845633,-17.509463811514784,0.0034218480238851906
2022-05-18,0.4056,0.56292796,0.5191100000000001,-0.00430785940256273,0.438,0,28.522365604905776,-21.866271117874835,0.0009775010528931816
2022-05-19,0.4205,0.60497344,0.509555,-0.0018852759151094661,0.4056,0,49.15518624307605,-17.47701425753844,0.0024225834874532642
2022-05-20,0.4101,0.42293108,0.500835,-0.0002942285525389249,0.4205,0,0.5781391429560966,-18.11674503579023,0.0015910473625705412
2022-05-21,0.4145,0.4227818,0.49121,0.0016373947755488893,0.4101,0,3.092366560178099,-15.616538751246923,0.0019316233280878142
2022-05-22,0.4218,0.45814776,0.48158500000000004,0.0038625649052222155,0.4145,0,10.53022055631668,-12.414215559039429,0.002225170129673326
2022-05-23,0.4052,0.4726913,0.47161,0.004621031656088251,0.4218,0,12.065267314160247,-14.081550433620995,0.0007584667508660353
2022-05-24,0.4086,0.49834514,0.459745,0.005686258073967401,0.4052,0,22.987447345127357,-11.12464518374316,0.0010652264178791504
2022-05-25,0.406,0.39106944,0.45013999999999993,0.006492048463911285,0.4086,0,-4.290395978030425,-9.805838183676169,0.0008057903899438834
2022-05-26,0.392,0.3759351,0.43963,0.006350670454733115,0.406,0,-7.405145943458451,-10.834110502013058,-0.00014137800917816967
2022-05-27,0.3819,0.38786393,0.429685,0.005857451337857603,0.392,0,-1.0551188673291925,-11.12093743090868,-0.0004932191168755123
2022-05-28,0.3863,0.3698898,0.4206899999999999,0.006081566201001476,0.3819,0,-3.1448557789521168,-8.174665430602088,0.0002241148631438733
2022-05-29,0.3891,0.40058014,0.41578,0.006627574252640003,0.3863,0,3.6966445684865077,-6.416855067583814,0.0005460080516385274
2022-05-30,0.4187,0.39947364,0.41106499999999996,0.00904192388238842,0.3891,1,2.666059455783347,1.8573704888521423,0.0024143496297484163
2022-05-31,0.4217,0.4255753,0.41129000000000004,0.010782591389318856,0.4187,1,1.6420554454212133,2.5310608086751376,0.0017406675069304364
2022-06-01,0.398,0.44627765,0.41191000000000005,0.01028125199522667,0.4217,1,5.828230545536043,-3.376951275764131,-0.0005013393940921859
2022-06-02,0.4055,0.45917907,0.411045,0.010368625208057973,0.398,0,15.37162652566804,-1.3490007176829708,8.73732128313029e-05
2022-06-03,0.3904,0.49911922,0.40925500000000004,0.009354500432970876,0.4055,0,23.08735441779384,-4.607152020134149,-0.0010141247750870969
2022-06-04,0.3925,0.39716068,0.40647500000000003,0.00877948317404656,0.3904,0,1.731731327342199,-3.4380958238514086,-0.0005750172589243166
2022-06-05,0.3953,0.41382533,0.40508500000000003,0.008534495500822567,0.3925,0,5.433205890048078,-2.415542417023598,-0.0002449876732239925
2022-06-06,0.4026,0.44751072,0.403315,0.008776934282415494,0.3953,0,13.207872324643668,-0.17728078549024107,0.00024243878159292687
2022-06-07,0.4076,0.46349138,0.403415,0.009145388445924232,0.4026,1,15.12453557245185,1.0373932550847127,0.0003684541635087385
2022-06-08,0.4006,0.4611768,0.40242000000000006,0.00878685547739938,0.4076,1,13.144458451612653,-0.4522638039858962,-0.0003585329685248523
2022-06-09,0.4002,0.3975724,0.40192500000000003,0.008392625509420215,0.4006,1,-0.755766803362464,-0.4291845493562312,-0.000394229967979165
2022-06-10,0.3815,0.40993524,0.400275,0.006809695801051688,0.4002,0,2.4325926979442407,-4.690525263881078,-0.0015829297083685273
2022-06-11,0.3599,0.43069172,0.39718,0.004364100016066234,0.3815,0,12.894290709089326,-9.386172516239483,-0.0024455957849854534
2022-06-12,0.3433,0.45731586,0.394085,0.0018151456714658523,0.3599,0,27.067480460906502,-12.88681375845313,-0.002548954344600382
2022-06-13,0.3118,0.46276045,0.389245,-0.001619991692256434,0.3433,0,34.79768379138088,-19.896209328315067,-0.0034351373637222862
2022-06-14,0.3214,0.3479313,0.385015,-0.0028038975555813236,0.3118,0,11.587971659177683,-16.522732880537117,-0.0011839058633248897
2022-06-15,0.3436,0.3647232,0.382595,-0.001704219612589833,0.3214,0,13.479528800997581,-10.19223983585776,0.0010996779429914907
2022-06-16,0.3132,0.367494,0.37916000000000005,-0.002583807370656388,0.3436,0,6.954012538834413,-17.396349825931022,-0.0008795877580665551
2022-06-17,0.321,0.37325048,0.375895,-0.002214127304186818,0.3132,0,19.173207045514932,-14.603812234799603,0.00036968006646957013
2022-06-18,0.3075,0.37561685,0.371815,-0.002435079402907339,0.321,0,17.014594538560907,-17.297580786143648,-0.0002209520987205213
2022-06-19,0.3264,0.31606346,0.36719999999999997,-0.0009414032799841196,0.3075,0,2.7848662399664175,-11.111111111111098,0.0014936761229232196
2022-06-20,0.3227,0.3235623,0.36225,0.00010853407007250376,0.3264,0,-0.8693951455985869,-10.917874396135273,0.0010499373500566234
2022-06-21,0.3294,0.32626486,0.35882000000000003,0.001488761435719528,0.3227,0,1.104697318205647,-8.199097040298756,0.0013802273656470243
2022-06-22,0.3223,0.32470325,0.35466,0.0021195774359917263,0.3294,0,-1.4258511368983797,-9.12423165848982,0.0006308160002721983
2022-06-23,0.3358,0.39694265,0.35192999999999997,0.0035574214227702683,0.3223,0,23.159368697286883,-4.583297814906367,0.001437843986778542
2022-06-24,0.3672,0.33483744,0.350665,0.006559948858370614,0.3358,0,-0.2866478034468722,4.715326593757581,0.0030025274356003454
2022-06-25,0.3676,0.33776352,0.34928,0.008392493088384238,0.3672,0,-8.016471107021662,5.245075584058636,0.0018325442300136247
2022-06-26,0.3592,0.3453937,0.34711,0.008814925883833563,0.3676,0,-6.040890237581998,3.4830457203768392,0.00042243279544932483
2022-06-27,0.3537,0.36048263,0.344415,0.008496363751227486,0.3592,1,0.35708048826867056,2.6958756151735512,-0.0003185621326060768
2022-06-28,0.3375,0.3836462,0.34126,0.007027845972087932,0.3537,1,8.466550796288768,-1.1017992146750235,-0.001468517779139554
2022-06-29,0.3296,0.3509311,0.33773000000000003,0.005429209127766468,0.3375,1,3.9795875549316335,-2.407248393687272,-0.001598636844321464
2022-06-30,0.3321,0.351217,0.33526,0.004484148797101118,0.3296,0,6.558556333907599,-0.9425520491558778,-0.0009450603306653503
2022-07-01,0.3139,0.35171425,0.33296000000000003,0.0026670332643015486,0.3321,0,5.9061287038838115,-5.724411340701591,-0.0018171155327995694
2022-07-02,0.3156,0.3803724,0.331575,0.0016624794258681998,0.3139,0,21.17629979362378,-4.817914498982136,-0.0010045538384333488
2022-07-03,0.3215,0.3714136,0.33206,0.001484128948822487,0.3156,0,17.68491398094574,-3.180148165994101,-0.0001783504770457127
2022-07-04,0.3287,0.3156106,0.332425,0.0019125564920726007,0.3215,0,-1.8318545577314767,-1.1205535083101552,0.0004284275432501136
2022-07-05,0.3252,0.3260728,0.331505,0.0020116337574755845,0.3287,0,-0.7992661757276214,-1.9019320975550913,9.907726540298381e-05
2022-07-06,0.3324,0.33162093,0.332465,0.0025773509379333343,0.3252,0,1.974456219362307,-0.01955093017311213,0.0005657171804577497
2022-07-07,0.3422,0.321344,0.333525,0.003565944769220909,0.3324,0,-3.326116672635214,2.601004422457083,0.0009885938312875747
2022-07-08,0.3402,0.33003467,0.33516,0.004006589828062667,0.3422,0,-3.5550341280073825,1.5037593984962372,0.0004406450588417578
2022-07-09,0.3448,0.3360378,0.33608000000000005,0.004492756622279782,0.3402,0,-1.2234524934870723,2.5946203284932006,0.00048616679421711537
2022-07-10,0.3255,0.33609152,0.33622,0.0034464878252466677,0.3448,0,-2.5256617163284183,-3.1883885551127253,-0.0010462687970331144
2022-07-11,0.3152,0.33679742,0.33551,0.002061068958498974,0.3255,0,3.4707883902225953,-6.0534708354445455,-0.0013854188667476938
2022-07-12,0.3116,0.3364287,0.334975,0.0009585840992844003,0.3152,0,6.734994250505716,-6.978132696469895,-0.0011024848592145736
2022-07-13,0.3237,0.33038288,0.33437,0.0010909833876123574,0.3116,0,6.0278830387473,-3.1910757544038084,0.00013239928832795705
2022-07-14,0.3338,0.30630422,0.3327,0.0018603216470058758,0.3237,0,-5.37404498458829,0.33062819356777573,0.0007693382593935184
2022-07-15,0.3342,0.29816395,0.33103000000000005,0.0023652795427070994,0.3338,0,-10.675868650908377,0.9576171343986799,0.0005049578957012236
2022-07-16,0.3505,0.29729864,0.330595,0.0036873681252247888,0.3342,0,-11.041699577276754,6.020962204510035,0.0013220885825176894
2022-07-17,0.3433,0.31379378,0.330075,0.0039441929660933555,0.3505,0,-10.472531121399529,4.006665151859422,0.00025682484086856673
2022-07-18,0.3653,0.2980323,0.331465,0.005374354118621015,0.3433,0,-13.186043231785208,10.207714238305703,0.0014301611525276599
2022-07-19,0.3729,0.37237564,0.33363,0.006533744730019232,0.3653,1,1.9369387607067956,11.770524233432255,0.0011593906113982165
2022-07-20,0.3635,0.36741668,0.3352,0.006362852429502307,0.3729,1,-1.4704532423809686,8.442720763723148,-0.00017089230051692446
2022-07-21,0.3669,0.37107885,0.33785,0.006169486897545448,0.3635,1,2.084965292656441,8.59849045434365,-0.00019336553195685967
2022-07-22,0.3578,0.345084,0.33996,0.0051603898138883044,0.3669,0,-5.94603119249986,5.247676197199677,-0.0010090970836571433
2022-07-23,0.3592,0.31858292,0.341845,0.004351230431410945,0.3578,0,-10.960614248119034,5.076862320642399,-0.0008091593824773591
2022-07-24,0.3586,0.36970535,0.34334,0.0035722529365461047,0.3592,1,2.9246517836649275,4.444573891769091,-0.0007789774948648407
2022-07-25,0.3362,0.37227592,0.34389000000000003,0.00145366119333671,0.3586,1,3.813697356986262,-2.2361801738928233,-0.0021185917432093946
2022-07-26,0.3372,0.39046168,0.34412999999999994,9.65054173198089e-05,0.3362,1,16.139703531622672,-2.0137738645279217,-0.001357155776016901
2022-07-27,0.3594,0.3542822,0.34499,0.0006404618200129119,0.3372,1,5.065895710692852,4.176932664714913,0.000543956402693103
2022-07-28,0.3739,0.3791263,0.346675,0.0018546276587476968,0.3594,1,5.488678449780396,7.853176606331578,0.0012141658387347849
2022-07-29,0.3679,0.37561366,0.34783,0.002112730028449564,0.3739,1,0.4583203049705868,5.770060086824033,0.0002581023697018673
2022-07-30,0.3879,0.36752424,0.35095,0.003412504105238263,0.3679,0,-0.10213741759756331,10.528565322695552,0.0012997740767886992
2022-07-31,0.3792,0.3723177,0.35415,0.0034576967839130696,0.3879,0,-4.017091627187358,7.073274036425232,4.5192678674806346e-05
2022-08-01,0.3791,0.3805743,0.357525,0.0032551241910784177,0.3792,1,0.3624171898837883,6.034543038948328,-0.00020257259283465185
2022-08-02,0.3714,0.38467842,0.35991,0.00241544298463471,0.3791,1,1.4714912700326064,3.1924647828623822,-0.0008396812064437077
2022-08-03,0.3695,0.37417135,0.361695,0.00158508908536149,0.3714,1,0.7461891292434366,2.157895464410624,-0.00083035389927322
2022-08-04,0.371,0.36160013,0.363535,0.001017477203341474,0.3695,0,-2.1379889590169148,2.053447398462321,-0.000567611882020016
2022-08-05,0.3764,0.3669715,0.36483,0.0008908719328946787,0.371,0,-1.0858510061094373,3.171340076199881,-0.0001266052704467953
2022-08-06,0.3715,0.3575446,0.36624,0.0003879655056843942,0.3764,0,-5.0094046324143156,1.436216688510263,-0.0005029064272102845
2022-08-07,0.3722,0.353602,0.366585,3.205865502151073e-05,0.3715,0,-4.817767932630002,1.5317047887938626,-0.00035590685066288347
2022-08-08,0.3787,0.3708219,0.366875,0.00015701489828632252,0.3722,0,-0.3702597487427544,3.223168654173758,0.0001249562432648118
2022-08-09,0.3672,0.35396877,0.36706000000000005,-0.0005722594172256033,0.3787,0,-6.530559991575145,0.038140903394533174,-0.0007292743155119259
2022-08-10,0.3814,0.35834724,0.367785,-0.00015730087801290888,0.3672,0,-2.410883139940655,3.701891050477873,0.00041495853921269445
2022-08-11,0.3802,0.37161863,0.368905,-2.9345667517286303e-05,0.3814,0,-2.5645966172280876,3.0617638687466964,0.00012795521049562258
2022-08-12,0.3796,0.36432454,0.369925,-4.962872385028908e-05,0.3802,0,-4.175554997415553,2.6153950125025314,-2.028305633300278e-05
2022-08-13,0.378,0.39085016,0.37089500000000003,-0.00022546593256707673,0.3796,0,2.963687182728937,1.9156365008964726,-0.00017583720871678764
2022-08-14,0.3757,0.37237558,0.37287,-0.0005337422755801544,0.378,0,-1.4879424105245609,0.7589776597741839,-0.0003082763430130777
2022-08-15,0.3751,0.36297435,0.374765,-0.0007991620117934273,0.3757,0,-3.387185072118303,0.0893893506597399,-0.0002654197362132729
2022-08-16,0.377,0.37895802,0.37564499999999995,-0.0008624407045544633,0.3751,0,1.028530161020378,0.360712907133078,-6.327869276103598e-05
2022-08-17,0.3795,0.4042611,0.37592499999999995,-0.0007554478586547795,0.377,0,7.231064247515852,0.9509875640087919,0.00010699284589968383
2022-08-18,0.3704,0.38433072,0.37605,-0.0012859039346133647,0.3795,0,1.2729169194720311,-1.5024597792846666,-0.0005304560759585852
2022-08-19,0.3344,0.37278736,0.37337499999999996,-0.0039018575828326813,0.3704,0,0.6445346589222306,-10.438567124204884,-0.0026159536482193166
2022-08-20,0.3368,0.37439835,0.371255,-0.005228336680350722,0.3344,0,11.961229280991995,-9.280683088443256,-0.0013264790975180407
2022-08-21,0.3449,0.36936417,0.36954499999999996,-0.005301384763928853,0.3368,0,9.668697215032694,-6.669011893003551,-7.304808357813056e-05
2022-08-22,0.344,0.3734361,0.36817500000000003,-0.005147253315838204,0.3449,0,8.273729582598817,-6.566170978474925,0.00015413144809064885
2022-08-23,0.3472,0.34623665,0.36706,-0.0045854259105539055,0.344,0,0.650187841681555,-5.4105595815397995,0.0005618274052842983
2022-08-24,0.3456,0.34433496,0.36579,-0.004093388171783123,0.3472,-1,-0.8251843364557387,-5.519560403510207,0.0004920377387707823
2022-08-25,0.3491,0.3529485,0.364425,-0.0033360869301315914,0.3456,-1,2.126298265324693,-4.2052548535363865,0.0007573012416515318
2022-08-26,0.3393,0.3444153,0.362815,-0.0032933939581910763,0.3491,-1,-1.3419343898645404,-6.4812645563165825,4.269297194051504e-05
2022-08-27,0.3346,0.33535233,0.360935,-0.00336786524509264,0.3393,-1,-1.163474388471084,-7.296327593611037,-7.44712869015637e-05
2022-08-28,0.3224,0.32808325,0.35812,-0.003982825344160014,0.3346,-1,-1.9476249413225253,-9.974310287054612,-0.0006149600990673736
2022-08-29,0.3337,0.32661825,0.356445,-0.003395523370800877,0.3224,0,1.3083914965021342,-6.381068608060153,0.0005873019733591365
2022-08-30,0.3267,0.33617577,0.35371,-0.0032455783253031245,0.3337,0,0.7419147640064812,-7.636199146193218,0.00014994504549775255
2022-08-31,0.3277,0.3402979,0.351085,-0.002859681856176872,0.3267,0,4.162200058422436,-6.66078015295441,0.00038589646912625276
2022-09-01,0.3331,0.34254572,0.34876,-0.002058809422232258,0.3277,0,4.530277068854327,-4.490193829567613,0.000800872433944614
2022-09-02,0.3314,0.33605677,0.34643,-0.0014882341193039762,0.3331,0,0.887652024675938,-4.338538810149249,0.0005705753029282817
2022-09-03,0.3297,0.33185297,0.34413,-0.001088523110113683,0.3314,0,0.136684522473396,-4.193182808822247,0.00039971100919029313
2022-09-04,0.3317,0.3311884,0.34196,-0.0005782537211608315,0.3297,0,0.4514438946174085,-3.0003509182360486,0.0005102693889528515
2022-09-05,0.3329,0.32748953,0.33975500000000003,-7.517382004867262e-05,0.3317,-1,-1.2693623516047097,-2.017630351282558,0.0005030799011121589
2022-09-06,0.3212,0.3305566,0.33684,-0.00042604895725374854,0.3329,-1,-0.7039347293678359,-4.64315401971262,-0.0003508751372050759
2022-09-07,0.3369,0.33327758,0.335165,0.00045580192622657334,0.3212,-1,3.760144185010409,0.5176554831202501,0.0008818508834803219
2022-09-08,0.3396,0.32570207,0.33542500000000003,0.00123340502268059,0.3369,0,-3.323813835001367,1.2446895729298604,0.0007776030964540166
2022-09-09,0.3568,0.32309324,0.33642500000000003,0.0028274493324146922,0.3396,0,-4.860649148201919,6.056327561863706,0.0015940443097341023
2022-09-10,0.3573,0.32202616,0.337045,0.0037774614260707414,0.3568,0,-9.746030454143817,6.009583290065132,0.0009500120936560491
2022-09-11,0.3552,0.32116324,0.337605,0.004099469875278603,0.3573,0,-10.113843522284034,5.211711911849655,0.0003220084492078614
2022-09-12,0.3598,0.35647872,0.33823499999999995,0.0044292124180925615,0.3552,1,0.36000025433462574,6.375744674560605,0.00032974254281395877
2022-09-13,0.3326,0.34635314,0.33758499999999997,0.002707020111536484,0.3598,1,-3.7373142152312355,-1.476665136187912,-0.0017221923065560774
2022-09-14,0.3415,0.3443372,0.337205,0.002086642777886265,0.3326,1,3.528922176189042,1.2737059059029519,-0.0006203773336502191
2022-09-15,0.3261,0.34811422,0.336545,0.0006338578167607383,0.3415,0,1.9368147256608164,-3.1035968444041604,-0.0014527849611255268
2022-09-16,0.3552,0.3374936,0.337575,0.0015739346191301863,0.3261,1,3.493897105535456,5.221061986225283,0.000940076802369448
2022-09-17,0.3762,0.36506346,0.340265,0.003444020045744619,0.3552,1,2.7768746286899075,10.560886367977899,0.0018700854266144326
2022-09-18,0.3576,0.36988845,0.34146,0.0032639547870245674,0.3762,1,-1.6777100808946148,4.7267615533298155,-0.00018006525872005155
2022-09-19,0.3848,0.35165027,0.344365,0.0047237439048208405,0.3576,0,-1.663795346915048,11.741901761212667,0.0014597891177962731
2022-09-20,0.414,0.35904,0.34868,0.007251706378578067,0.3848,0,-6.69438874895012,18.733509234828492,0.002527962473757226
2022-09-21,0.3936,0.36674222,0.351705,0.007134775016698335,0.414,0,-11.414921859612207,11.911971680812048,-0.00011693136187973172
2022-09-22,0.4862,0.37631333,0.35944499999999996,0.01256133958987581,0.3936,0,-4.391938835624758,35.26408769074548,0.005426564573177474
2022-09-23,0.5069,0.36574554,0.368305,0.01656087067557243,0.4862,0,-24.774672062197915,37.63049646352888,0.0039995310856966206
2022-09-24,0.4878,0.347458,0.37611,0.01687861419499254,0.5069,0,-31.454329265836055,29.696099545345778,0.0003177435194201099
2022-09-25,0.4917,0.35256478,0.38404999999999995,0.016301364447477696,0.4878,0,-27.723496944604232,28.030204400468712,-0.0005772497475148436
2022-09-26,0.4683,0.35188,0.391405,0.013414034315548697,0.4917,0,-28.43603539908105,19.645891084682106,-0.0028873301319289994
2022-09-27,0.4457,0.43435064,0.396845,0.00925063000243423,0.4683,0,-7.249489732718279,12.310851843918906,-0.004163404313114467
2022-09-28,0.4489,0.42177826,0.40231000000000006,0.006131071317520817,0.4457,0,-5.367228705064044,11.580621908478527,-0.003119558684913412
2022-09-29,0.4877,0.4176788,0.40885499999999997,0.006087242150990935,0.4489,0,-6.955044953109804,19.284342859938132,-4.3829166529882335e-05
2022-09-30,0.4799,0.4090252,0.414985,0.00498574106704721,0.4877,0,-16.1318039243916,15.642734074725592,-0.0011015010839437248
2022-10-01,0.4754,0.4107836,0.420995,0.0034782890009379085,0.4799,0,-14.402252784692438,12.922956329647617,-0.0015074520661093015
2022-10-02,0.4485,0.46867287,0.4254300000000001,0.00035797445830223,0.4754,0,-1.4150459424357058,5.422748748325205,-0.0031203145426356785
2022-10-03,0.4621,0.43698725,0.431905,-0.0010258795054672518,0.4485,0,-2.566945140842878,6.99112073256851,-0.0013838539637694817
2022-10-04,0.4795,0.39562106,0.438805,-0.0010039643983298756,0.4621,0,-14.38626675501553,9.274051116099402,2.1915107137376183e-05
2022-10-05,0.4887,0.39738792,0.44693499999999997,-0.0006231059033097938,0.4795,0,-17.12452099892593,9.34475930504437,0.00038085849502008176
2022-10-06,0.4934,0.3778744,0.45384499999999994,-0.0003229931810861224,0.4887,0,-22.67763368283798,8.715530632705013,0.00030011272222367144
2022-10-07,0.5177,0.4985329,0.46092000000000005,0.0011623396278634644,0.4934,1,1.040310351337359,12.318840579710143,0.0014853328089495868
2022-10-08,0.517,0.51041275,0.46889000000000003,0.0017145910228321508,0.5177,1,-1.407619735691256,10.260402226535005,0.0005522513949686864
2022-10-09,0.5325,0.5009321,0.47627500000000006,0.0026829933877111287,0.517,1,-3.107911521277071,11.805154585061132,0.0009684023648789779
2022-10-10,0.4939,0.47235453,0.4802700000000001,0.00040281516898989234,0.5325,0,-11.294923701756433,2.8379869656651295,-0.0022801782187212363
2022-10-11,0.4861,0.44337383,0.48489499999999996,-0.0018293137656936326,0.4939,0,-10.23004067091354,0.24850740882046868,-0.002232128934683525
2022-10-12,0.4881,0.46976942,0.48499,-0.003284731971320124,0.4861,0,-3.3595107509579245,0.6412503350584552,-0.0014554182056264915
2022-10-13,0.4791,0.48030898,0.4835999999999999,-0.004871535245456207,0.4881,-1,-1.5961934542758478,-0.9305210918113924,-0.001586803274136083
2022-10-14,0.4883,0.46200877,0.48362499999999997,-0.005284920589767827,0.4791,-1,-3.567360826435385,0.9666580511760229,-0.00041338534431161963
2022-10-15,0.4818,0.46140826,0.48312999999999995,-0.005931051884596628,0.4883,-1,-5.507217390039725,-0.27528822470141423,-0.0006461312948288014
2022-10-16,0.4766,0.451082,0.483545,-0.0065927115320784276,0.4818,-1,-6.375676381137669,-1.4362675655833437,-0.0006616596474817993
2022-10-17,0.4804,0.46378028,0.48528000000000004,-0.006640033660598215,0.4766,-1,-2.6898271238108564,-1.0056050115397401,-4.732212851978751e-05
2022-10-18,0.4658,0.46666807,0.48612500000000003,-0.007458931264146904,0.4804,-1,-2.8584368520731918,-4.181023399331455,-0.0008188976035486892
2022-10-19,0.4504,0.46699643,0.48426,-0.008752563179917044,0.4658,0,0.2568551633121546,-6.992111675546194,-0.0012936319157701402
2022-10-20,0.4465,0.4614911,0.4825900000000001,-0.009522083046953855,0.4504,0,2.462501763027044,-7.478397811807137,-0.0007695198670368102
2022-10-21,0.4614,0.46837696,0.48189000000000004,-0.008701285299425541,0.4465,0,4.899656065100383,-4.252007719604072,0.0008207977475283134
2022-10-22,0.4653,0.46472257,0.48272999999999994,-0.0076088971675970715,0.4614,0,0.7201070128243724,-3.610714063762341,0.0010923881318284697
2022-10-23,0.4688,0.46947008,0.48306499999999997,-0.006411731085186129,0.4653,0,0.8962139938816899,-2.9530187448893983,0.0011971660824109422
2022-10-24,0.4529,0.46471274,0.481735,-0.006435098683459076,0.4688,-1,-0.8718560173242967,-5.985656014198677,-2.336759827294664e-05
2022-10-25,0.4605,0.4644914,0.480325,-0.005707866187702033,0.4529,-1,2.559372299052827,-4.127413730286781,0.0007272324957570426
2022-10-26,0.4689,0.4649098,0.4791,-0.0044842313109911,0.4605,-1,0.9576095431945955,-2.1289918597370154,0.0012236348767109334
2022-10-27,0.4615,0.48093495,0.47629,-0.0040117046191029855,0.4689,0,2.566634192601991,-3.105251002540463,0.00047252669188811453
2022-10-28,0.4744,0.48534575,0.47416,-0.0027300865542703974,0.4615,0,5.167009977710591,0.05061582588155105,0.001281618064832588
2022-10-29,0.4701,0.48422733,0.47104,-0.002099971626479678,0.4744,0,2.07152813924304,-0.1995584239130427,0.0006301149277907194
2022-10-30,0.4582,0.49126357,0.469255,-0.002391465893900956,0.4701,0,4.501929036659573,-2.355861951391031,-0.00029149426742127805
2022-10-31,0.4641,0.49202245,0.46815500000000004,-0.002103921288703842,0.4582,0,7.381592042474236,-0.8661661201952409,0.00028754460519711403
2022-11-01,0.4636,0.45510462,0.46692999999999996,-0.0018721576855826386,0.4641,-1,-1.9382419166984164,-0.7131689974942592,0.00023176360312120343
2022-11-02,0.4497,0.4572715,0.46546000000000004,-0.002538395634044438,0.4636,-1,-1.365080560662813,-3.385897821509915,-0.0006662379484617996
2022-11-03,0.4548,0.45768484,0.463785,-0.002514237134042827,0.4497,-1,1.77559366962076,-1.9373200944403164,2.4158500001611113e-05
2022-11-04,0.5064,0.43460903,0.465015,0.0009146338786913792,0.4548,0,-4.439528206512393,8.899712912486683,0.003428871012734206
2022-11-05,0.493,0.43648416,0.46583500000000005,0.002147532865966704,0.5064,0,-13.806445884855242,5.831463930361595,0.0012328989872753247
2022-11-06,0.4709,0.5036251,0.46536,0.0013793001915337463,0.493,1,2.1551916613781925,1.1904761904761882,-0.0007682326744329576
2022-11-07,0.4648,0.50237143,0.46531,0.00041500790308520623,0.4709,1,6.683251305379849,-0.1096043497883154,-0.0009642922884485401
2022-11-08,0.4059,0.5000478,0.46308499999999997,-0.003992139494475816,0.4648,1,7.583434364266324,-12.348704881393264,-0.0044071473975610224
2022-11-09,0.3331,0.5006267,0.45741499999999996,-0.01120413845982601,0.4059,0,23.337443516917585,-27.177727009389713,-0.007211998965350194
2022-11-10,0.3942,0.49205816,0.454055,-0.011225377462735529,0.3331,0,47.72085197263206,-13.182323727301757,-2.1239002909519133e-05
2022-11-11,0.3843,0.42391828,0.450005,-0.011243943270885272,0.3942,0,7.538883060685637,-14.600948878345799,-1.8565808149743207e-05
2022-11-12,0.3636,0.4401096,0.44474500000000006,-0.011923463870106793,0.3843,0,14.522407118802025,-18.245286624919913,-0.0006795205992215208
2022-11-13,0.3408,0.45002618,0.43914,-0.013088477642872624,0.3636,0,23.769577645888297,-22.39376964066129,-0.0011650137727658317
2022-11-14,0.3776,0.463923,0.43499499999999997,-0.010663353132580149,0.3408,0,36.1276429723686,-13.194404533385438,0.0024251245102924757
2022-11-15,0.3888,0.47620466,0.43099,-0.0077245567881295725,0.3776,0,26.113523176666035,-9.789090234112162,0.002938796344450576
2022-11-16,0.3752,0.3853163,0.4266749999999999,-0.0061829296852533265,0.3888,-1,-0.8960102075411897,-12.064217495752024,0.001541627102876246
2022-11-17,0.3819,0.38261557,0.4220499999999999,-0.004288245112551055,0.3752,-1,1.976430238182871,-9.513090866011115,0.0018946845727022717
2022-11-18,0.3829,0.36233693,0.41769,-0.0026255803594669447,0.3819,-1,-5.12256255228503,-8.329143623261267,0.0016626647530841102
2022-11-19,0.3841,0.35294592,0.413985,-0.0011767530066254493,0.3829,-1,-7.822950168389449,-7.218860586736234,0.0014488273528414954
2022-11-20,0.3608,0.36090633,0.40881999999999996,-0.0014987554228448052,0.3841,-1,-6.038445006184079,-11.746000684897988,-0.0003220024162193559
2022-11-21,0.3645,0.35952067,0.403865,-0.0011873068430433564,0.3608,-1,-0.35458044572310277,-9.747068946306312,0.0003114485798014488
2022-11-22,0.3757,0.3530026,0.400165,-1.381150902339881e-05,0.3645,-1,-3.154291406743972,-6.1137280871640485,0.0011734953340199576
2022-11-23,0.3815,0.35077703,0.39649999999999996,0.0012938975600088505,0.3757,0,-6.633742349973404,-3.783102143757871,0.0013077090690322493
2022-11-24,0.4018,0.32882923,0.39127,0.00353958399879745,0.3815,0,-13.806230962510815,2.6912362307358046,0.0022456864387885994
2022-11-25,0.4078,0.3225204,0.38700999999999997,0.005334793866855762,0.4018,0,-19.731108747114877,5.371954213069438,0.0017952098680583117
2022-11-26,0.396,0.42903408,0.38326499999999997,0.005605432389539679,0.4078,1,5.206984816490874,3.3227662322414133,0.0002706385226839171
2022-11-27,0.3962,0.43841067,0.37983500000000003,0.005659347861763815,0.396,1,10.70976504171737,4.308449721589628,5.3915472224136396e-05
2022-11-28,0.3888,0.43414706,0.37898,0.005076686142878246,0.3962,1,9.577753638932347,2.5911657607261587,-0.0005826617188855691
2022-11-29,0.3981,0.42819315,0.38223,0.005179758454388884,0.3888,1,10.131983526449641,4.151950396358212,0.00010307231151063766
2022-11-30,0.4078,0.4324408,0.38291,0.005720953698639867,0.3981,1,8.626171201654664,6.500221984278297,0.0005411952442509835
2022-12-01,0.3969,0.39860815,0.38354,0.005180702474941399,0.4078,0,-2.254009784700356,3.4833394170099554,-0.000540251223698468
2022-12-02,0.3961,0.37579003,0.385165,0.004623692953770674,0.3969,0,-5.318712581462474,2.8390430075422293,-0.0005570095211707253
2022-12-03,0.3873,0.3664228,0.38749,0.0035642993738609265,0.3961,0,-7.49234985865839,-0.0490335234457724,-0.0010593935799097474
2022-12-04,0.3895,0.36624068,0.388085,0.0029394269034915092,0.3873,0,-5.437469605540165,0.3646108455621834,-0.0006248724703694173
2022-12-05,0.3893,0.37409475,0.38811,0.002459798752298412,0.3895,0,-3.955133643780811,0.3066141042487874,-0.0004796281511930973
2022-12-06,0.3914,0.40104708,0.38892,0.002237524074606519,0.3893,1,3.0174879926107847,0.6376632726524832,-0.0002222746776918928
2022-12-07,0.3835,0.39256683,0.389,0.0015449291660887144,0.3914,1,0.2981169953538676,-1.4138817480719805,-0.0006925949085178048
2022-12-08,0.3941,0.38553736,0.38956,0.0017709591926197274,0.3835,1,0.5312532303075261,1.1654173939829522,0.00022603002653101296
2022-12-09,0.3889,0.37503353,0.3898,0.0015485612016820863,0.3941,0,-4.837978276405443,-0.2308876346844424,-0.00022239799093764102
2022-12-10,0.3865,0.36562502,0.391085,0.0012319156615386816,0.3889,0,-5.9848228742972776,-1.1723794060114823,-0.0003166455401434048
2022-12-11,0.3809,0.3735349,0.391905,0.0006657723566777718,0.3865,0,-3.35449210113881,-2.808078488409177,-0.0005661433048609098
2022-12-12,0.3874,0.3733894,0.39249,0.0007436031563360758,0.3809,0,-1.9718054368070972,-1.2968483273459155,7.783079965830407e-05
2022-12-13,0.3952,0.37181464,0.393175,0.00130225257068227,0.3874,0,-4.023067016975751,0.5150378330260059,0.0005586494143461941
2022-12-14,0.3853,0.38526556,0.39235,0.0010004437056860289,0.3952,0,-2.513775567294131,-1.7968650439658471,-0.00030180886499624106
2022-12-15,0.378,0.3824876,0.39086,0.00033878329281531675,0.3853,0,-0.7299260105555749,-3.2901806273345913,-0.0006616604128707121
2022-12-16,0.3511,0.37918863,0.38861500000000004,-0.0017653381330748168,0.378,0,0.3144515885247117,-9.653513117095331,-0.0021041214258901335
2022-12-17,0.3545,0.36703894,0.38653,-0.0027255658783992363,0.3511,0,4.539713877213704,-8.286549556308696,-0.0009602277453244195
2022-12-18,0.3499,0.36921203,0.384585,-0.003422815695116427,0.3545,0,4.150079369376851,-9.018812486186414,-0.0006972498167171909
2022-12-19,0.3389,0.36920127,0.381625,-0.004319316812468173,0.3499,0,5.516225414706765,-11.195545365214548,-0.0008965011173517456
2022-12-20,0.3482,0.38891026,0.378645,-0.003988365542726817,0.3389,0,14.756643191731838,-8.040512881458886,0.00033095126974135546
2022-12-21,0.3449,0.35447612,0.376045,-0.0037004321811581545,0.3482,0,1.8024480322323442,-8.282253453709005,0.0002879333615686628
2022-12-22,0.3492,0.36525932,0.37370000000000003,-0.0029611072751618388,0.3449,0,5.902963045473621,-6.556061011506562,0.0007393249059963157
2022-12-23,0.3543,0.3639507,0.37205,-0.0019198124337698932,0.3492,0,4.224140769700684,-4.770864131165163,0.0010412948413919456
2022-12-24,0.3517,0.3614155,0.37016,-0.0012308554537670147,0.3543,0,2.008327803906497,-4.98703263453641,0.0006889569800028784
2022-12-25,0.3457,0.36440668,0.36798000000000003,-0.0010130279711278011,0.3517,0,3.6129300825494806,-6.0546768846133,0.00021782748263921362
2022-12-26,0.3658,0.35081893,0.3667,0.0005660357145780195,0.3457,0,1.4807440140083872,-0.24543223343332748,0.0015790636857058206
2022-12-27,0.3675,0.34134835,0.3659,0.0017399836290187855,0.3658,0,-6.684431370129805,0.43727794479365684,0.001173947914440766
2022-12-28,0.3558,0.3479138,0.363985,0.0017393500670856137,0.3675,0,-5.329577776850485,-2.248719040619805,-6.335619331717529e-07
2022-12-29,0.3421,0.3484778,0.361645,0.0008709451452768788,0.3558,0,-2.057950921511638,-5.404471235603971,-0.000868404921808735
2022-12-30,0.3451,0.35207102,0.35957500000000003,0.000567931093190149,0.3421,0,2.914649817860634,-4.025585760967814,-0.0003030140520867298
2022-12-31,0.3389,0.33936802,0.357475,4.6760645156632835e-05,0.3451,0,-1.6609633359243112,-5.196167564165329,-0.0005211704480335162
2023-01-01,0.3387,0.33515194,0.35504,-0.00020102598344839614,0.3389,-1,-1.1059484850449217,-4.60229833258225,-0.000247786628605029
2023-01-02,0.3482,0.32371044,0.35269000000000006,0.0003550179720700746,0.3387,-1,-4.4256151197651405,-1.2730726700501995,0.0005560439555184708
2023-01-03,0.3436,0.33107638,0.35060499999999994,0.0004851004043634477,0.3482,-1,-4.917753133056222,-1.9979749290511912,0.0001300824322933731
2023-01-04,0.3472,0.34274784,0.349065,0.000863578471451066,0.3436,0,-0.24801009747702174,-0.5342844455903644,0.00037847806708761825
2023-01-05,0.338,0.3504697,0.34841,0.0005590712976359848,0.3472,0,0.9417363026175056,-2.987859131483016,-0.0003045071738150811
2023-01-06,0.3443,0.34939113,0.3479,0.0008303445282696609,0.338,0,3.370157571939315,-1.034780109226787,0.00027127323063367605
2023-01-07,0.3442,0.330574,0.347615,0.0010379595991097494,0.3443,0,-3.9866378616878113,-0.9824086992793756,0.00020761507084008854
2023-01-08,0.3452,0.33376372,0.34793,0.001262625153888983,0.3442,0,-3.0320399171872463,-0.7846405886241515,0.0002246655547792336
2023-01-09,0.349,0.33784223,0.34797,0.0016620119626157576,0.3452,0,-2.1314524830699955,0.2960025289536383,0.0003993868087267746
2023-01-10,0.3507,0.34927666,0.34826,0.002012168996464482,0.349,1,0.0792727429409148,0.7006259691035427,0.0003501570338487244
2023-01-11,0.3728,0.34886867,0.34944000000000003,0.0036104081525547846,0.3507,1,-0.5221933049968038,6.684981684981682,0.0015982391560903026
2023-01-12,0.3748,0.3499442,0.35046499999999997,0.0046161747727450535,0.3728,1,-6.130846541838589,6.9436320317292894,0.0010057666201902689
2023-01-13,0.3858,0.34146318,0.35217,0.0057617049156483725,0.3748,0,-8.894562861199319,9.54936536331885,0.001145530142903319
2023-01-14,0.3953,0.33850083,0.35465,0.006825926957226705,0.3858,0,-12.260023962963173,11.462004793458329,0.0010642220415783329
2023-01-15,0.3845,0.38922027,0.355585,0.006472342134353977,0.3953,0,-1.5380046713240585,8.131670346049475,-0.0003535848228727288
2023-01-16,0.3855,0.3931447,0.35648500000000005,0.005986935593116969,0.3845,1,2.2482956959460254,8.139192392386764,-0.00048540654123700733
2023-01-17,0.3868,0.3867674,0.358035,0.0054498514275043135,0.3855,1,0.32876456294078066,8.034130741407958,-0.0005370841656126557
2023-01-18,0.3782,0.38747323,0.35984000000000005,0.004264315381956062,0.3868,1,0.1740500500431534,5.102267674521991,-0.0011855360455482519
2023-01-19,0.3928,0.4046136,0.362225,0.004205340582409772,0.3782,1,6.984033337476586,8.440886189523075,-5.897479954629012e-05
2023-01-20,0.4129,0.39954892,0.365925,0.005196976432339748,0.3928,1,1.7181563158870519,12.837330053972806,0.0009916358499299765
2023-01-21,0.4034,0.40866315,0.36916000000000004,0.004894283684264573,0.4129,0,-1.026119242340403,9.275111062953714,-0.00030269274807517496
2023-01-22,0.4004,0.4019839,0.37177,0.004199858252588338,0.4034,0,-0.35104438344853783,7.700997928826959,-0.0006944254316762349
2023-01-23,0.4234,0.39703634,0.37576,0.0049459922253239225,0.4004,0,-0.8400739727915768,12.678305301256126,0.0007461339727355843
2023-01-24,0.4078,0.40246713,0.37879,0.004081292608578023,0.4234,0,-4.943993477873156,7.658597111856167,-0.0008646996167458992
2023-01-25,0.417,0.39848545,0.38273999999999997,0.0038256586589983654,0.4078,0,-2.2840971219416857,8.951246276845906,-0.00025563394957965786
2023-01-26,0.4092,0.39494336,0.38598499999999997,0.002871556289252418,0.417,0,-5.289362946288473,6.0144824280736415,-0.0009541023697459475
2023-01-27,0.4128,0.382024,0.38941499999999996,0.002250659578011731,0.4092,0,-6.64125362798965,6.005161588536663,-0.0006208967112406871
2023-01-28,0.4078,0.3856269,0.392545,0.0013171965325703573,0.4128,0,-6.582627878632656,3.8861786546765384,-0.0009334630454413736
2023-01-29,0.4134,0.3897889,0.395765,0.0009102217187127899,0.4078,0,-4.416651337564195,4.455927128472708,-0.00040697481385756733
2023-01-30,0.3934,0.41524464,0.3979,-0.0007812329522716675,0.4134,0,0.4462116400170132,-1.1309374214626662,-0.0016914546709844575
2023-01-31,0.4057,0.41680092,0.399545,-0.0011260147351079813,0.3934,0,5.9483772737457405,1.5405023213905873,-0.00034478178283631374
2023-02-01,0.4131,0.4122076,0.40146,-0.0009187941476170181,0.4057,0,1.604043247372403,2.899417127484691,0.00020722058749096314
2023-02-02,0.4098,0.40328497,0.40266,-0.0010572068992135714,0.4131,0,-2.3759460310704013,1.7732081656981025,-0.0001384127515965533
2023-02-03,0.4117,0.41403386,0.40347999999999995,-0.00107073866633867,0.4098,0,1.0331527496792159,2.037275701397854,-1.3531767125098473e-05
2023-02-04,0.4106,0.40546247,0.40478500000000006,-0.0011943006555951846,0.4117,0,-1.5150659142809955,1.4365650901095541,-0.0001235619892565147
2023-02-05,0.3984,0.3906864,0.40542999999999996,-0.002086004148390431,0.4106,-1,-4.849879984384161,-1.7339614730039663,-0.0008917034927952462
2023-02-06,0.392,0.3897241,0.40569000000000005,-0.0030375224081155595,0.3984,-1,-2.177684338217274,-3.374497769232674,-0.0009515182597251287
2023-02-07,0.4036,0.39123225,0.40696000000000004,-0.0028210101687499416,0.392,-1,-0.1958540507725345,-0.8256339689404436,0.0002165122393656179
2023-02-08,0.3975,0.39114866,0.40719500000000003,-0.0030068919671886844,0.4036,-1,-3.0850702163839987,-2.3809231449305637,-0.0001858817984387428
2023-02-09,0.3819,0.39974713,0.405645,-0.004034656813068879,0.3975,0,0.565316542139588,-5.853640498465397,-0.0010277648458801945
2023-02-10,0.3817,0.4009481,0.40456000000000003,-0.004544232689782317,0.3819,0,4.9877211947065225,-5.650583349812153,-0.0005095758767134379
2023-02-11,0.3833,0.40090525,0.403705,-0.004577075929743519,0.3817,0,5.0315041925571755,-5.054433311452672,-3.284323996120223e-05
2023-02-12,0.3747,0.40310293,0.40126999999999996,-0.004949898780973761,0.3833,0,5.166432131621231,-6.621476811124675,-0.00037282285123024176
2023-02-13,0.3703,0.40224317,0.399395,-0.005236954267508205,0.3747,0,7.350725156643062,-7.284768211920525,-0.0002870554865344443
2023-02-14,0.3819,0.3700594,0.39764000000000005,-0.004422185809315199,0.3703,-1,-0.06497412992432061,-3.958354290312853,0.0008147684581930057
2023-02-15,0.4011,0.37785628,0.397235,-0.002464433656373726,0.3819,-1,-1.0588414820740797,0.9729756944881512,0.0019577521529414734
2023-02-16,0.3841,0.3789783,0.39580000000000004,-0.0021974925571197662,0.4011,-1,-5.515255044743596,-2.956038403233967,0.0002669410992539598
2023-02-17,0.395,0.37668332,0.39516,-0.0012187912128283993,0.3841,-1,-1.9309230472730545,-0.04048992813037591,0.000978701344291367
2023-02-18,0.3943,0.3806439,0.394205,-0.0005827845063047412,0.395,0,-3.634454630598242,0.024099136236211165,0.0006360067065236581
2023-02-19,0.3863,0.38449353,0.39385000000000003,-0.0006594533442365745,0.3943,-1,-2.4870581291908804,-1.9169734670560001,-7.66688379318333e-05
2023-02-20,0.3984,0.39547026,0.393485,0.0001054437708604692,0.3863,-1,2.373870456585951,1.2490946287660276,0.0007648971150970437
2023-02-21,0.3919,0.40568137,0.39242499999999997,0.00017047207607681072,0.3984,-1,1.827653536356124,-0.1337835255144148,6.502830521634153e-05
2023-02-22,0.3953,0.4016606,0.39170000000000005,0.0004248336102087701,0.3919,1,2.490582129090797,0.9190707173857381,0.0002543615341319594
2023-02-23,0.3882,0.40382367,0.39052499999999996,0.00011347774048110353,0.3953,1,2.156254420725573,-0.5953524102170069,-0.0003113558697276666
2023-02-24,0.3783,0.40058628,0.38891,-0.0007150851464503482,0.3882,1,3.1906948084686326,-2.728137615386581,-0.0008285628869314518
2023-02-25,0.3778,0.38710237,0.38788,-0.001222872872550245,0.3783,0,2.3268214363664783,-2.5987418789316226,-0.0005077877260998968
2023-02-26,0.3779,0.3950504,0.387175,-0.0014619080976780588,0.3778,0,4.566015472735211,-2.395557564408853,-0.00023903522512781382
2023-02-27,0.3785,0.3924233,0.38592,-0.0014847230241324398,0.3779,0,3.8431600781148214,-1.922678275290211,-2.2814926454381e-05
2023-02-28,0.3762,0.38799194,0.384855,-0.0015525065010876474,0.3785,0,2.5077767542205356,-2.248898935962901,-6.778347695520761e-05
2023-03-01,0.3835,0.37771899,0.384935,-0.0010287340234369684,0.3762,0,0.4037706222006952,-0.3727902113343862,0.000523772477650679
2023-03-02,0.3772,0.3772099,0.38471,-0.0010272182875433666,0.3835,-1,-1.6401820574465775,-1.9521197785344848,1.5157358936018078e-06
2023-03-03,0.3774,0.38332877,0.384415,-0.0009359663638918319,0.3772,-1,1.6248053103717037,-1.82485074723931,9.125192365153469e-05
2023-03-04,0.3735,0.38857615,0.384355,-0.0010527722778395218,0.3774,-1,2.9613539852916557,-2.824211991518259,-0.00011680591394768987
2023-03-05,0.3668,0.40038884,0.38418,-0.0014701516323367796,0.3735,0,7.199153108609568,-4.523921078661046,-0.0004173793544972578
2023-03-06,0.3695,0.36971205,0.38356,-0.001450808068008732,0.3668,0,0.793908050562065,-3.6656585671081485,1.9343564328047624e-05
2023-03-07,0.3801,0.37207866,0.38251,-0.0006512828312807504,0.3695,0,0.697877442562533,-0.6300488876107875,0.0007995252367279816
2023-03-08,0.3889,0.37695023,0.38275000000000003,0.0004819453394563065,0.3801,0,-0.8286676730522494,1.6067929457870642,0.0011332281707370569
2023-03-09,0.3706,0.37503457,0.38153,3.436921067450022e-05,0.3889,0,-3.5652942417151703,-2.864781275391187,-0.0004475761287818063
2023-03-10,0.37,0.37775907,0.380315,-0.0002510674323327059,0.3706,0,1.9317509995495035,-2.7122253921091777,-0.0002854366430072061
2023-03-11,0.3638,0.37126398,0.37919,-0.000776721810247006,0.37,0,0.34161645012932973,-4.05865133574198,-0.0005256543779143001
2023-03-12,0.3714,0.36784315,0.37784,-0.0005429302727132518,0.3638,0,1.1113664355495558,-1.7044251535041288,0.00023379153753375417
2023-03-13,0.3724,0.3706017,0.37686499999999995,-0.0002653476202902124,0.3714,-1,-0.21493977991945543,-1.1847743887068158,0.0002775826524230394
2023-03-14,0.3724,0.37266496,0.37572,-3.8081769669798954e-05,0.3724,-1,0.07114882884040703,-0.8836367507718487,0.00022726585062041345
2023-03-15,0.3589,0.3749917,0.374255,-0.0007157188325316553,0.3724,-1,0.69594123309716,-4.102817597627288,-0.0006776370628618564
2023-03-16,0.3647,0.3653989,0.373575,-0.0006916964764288568,0.3589,0,1.8107867433553828,-2.375694305025756,2.402235610279857e-05
2023-03-17,0.3798,0.36300516,0.37367500000000003,0.00036593390816706296,0.3647,0,-0.46472133660532855,1.6391249080082937,0.0010576303845959197
2023-03-18,0.3739,0.36389118,0.373475,0.0006749620707270435,0.3798,0,-4.188735036865048,0.11379610415690707,0.0003090281625599805
2023-03-19,0.3857,0.36817226,0.37383500000000003,0.0016266153709064536,0.3739,0,-1.5318913777329215,3.173860125456407,0.0009516533001794102
2023-03-20,0.3734,0.36866164,0.373695,0.0013894533356335038,0.3857,0,-4.417515666428579,-0.0789413826783847,-0.0002371620352729499
2023-03-21,0.4696,0.36912668,0.378,0.007340646984067155,0.3734,0,-1.1444355883442556,24.232804232804238,0.005951193648433651
2023-03-22,0.4213,0.37564516,0.380205,0.007620227440754358,0.4696,0,-20.0074189363184,10.808642705908653,0.00027958045668720257
2023-03-23,0.4438,0.37288728,0.383525,0.008831217115276813,0.4213,0,-11.491269033084766,15.716055015970268,0.0012109896745224552
2023-03-24,0.4259,0.37103075,0.386145,0.007964152214928273,0.4438,0,-16.39685716753663,10.295355371686798,-0.0008670649003485395
2023-03-25,0.4429,0.3681674,0.38995,0.008049140493847175,0.4259,0,-13.555435463698656,13.578663931273239,8.498827891890125e-05
2023-03-26,0.4479,0.4135548,0.39387,0.007942244450007224,0.4429,0,-6.625697079294827,13.717724122172296,-0.00010689604383995119
2023-03-27,0.479,0.4050558,0.39881500000000003,0.009368221741323153,0.4479,0,-9.565574650680366,20.105813472412006,0.0014259772913159299
2023-03-28,0.5144,0.40469345,0.40509000000000006,0.0119332861385679,0.479,0,-15.512848746552594,26.984126984126956,0.0025650643972447464
2023-03-29,0.5425,0.40192872,0.41368499999999997,0.01458477603291855,0.5144,0,-21.864556209481147,31.138426580610854,0.0026514898943506508
2023-03-30,0.5319,0.3907708,0.42178000000000004,0.014648455028354435,0.5425,0,-27.968517426521544,26.108397742899136,6.367899543588407e-05
2023-03-31,0.5374,0.50549424,0.43046000000000006,0.014080883723790506,0.5319,0,-4.96442245796091,24.843191004971406,-0.000567571304563929
2023-04-01,0.5095,0.47437483,0.43736499999999995,0.010983806832403065,0.5374,0,-11.727794804092138,16.493089296125664,-0.0030970768913874402
2023-04-02,0.518,0.45087972,0.44464500000000007,0.008761567377581016,0.5095,0,-11.505451848158298,16.497430534471306,-0.002222239454822049
2023-04-03,0.4959,0.44501317,0.45081999999999994,0.00523136264672212,0.518,0,-14.09012249537877,9.999556363959023,-0.0035302047308588963
2023-04-04,0.5026,0.43128642,0.458005,0.0028924351700008455,0.4959,0,-13.029557491747887,9.736793266449068,-0.0023389274767212746
2023-04-05,0.5055,0.4814641,0.46504500000000004,0.0011736880731825425,0.5026,0,-4.205314770572184,8.699158145985852,-0.001718747096818303
2023-04-06,0.5028,0.4594869,0.471195,-0.0004262964034034006,0.5055,0,-9.102492233412192,6.707414127908838,-0.001599984476585943
2023-04-07,0.5126,0.44497108,0.47813,-0.0010692765268752874,0.5028,0,-11.501375378932668,7.209336372952952,-0.0006429801234718868
2023-04-08,0.5048,0.4504076,0.484085,-0.0021994725672175655,0.5126,0,-12.13273616028724,4.279207164031119,-0.001130196040342278
2023-04-09,0.5054,0.44660768,0.49068500000000004,-0.00303471794236166,0.5048,0,-11.527797319998648,2.998868928131066,-0.0008352453751440947
2023-04-10,0.5176,0.5007405,0.49308500000000005,-0.002894107375625017,0.5054,0,-0.9219374541572037,4.971759432957786,0.00014061056673664307
2023-04-11,0.5167,0.4972104,0.49785500000000005,-0.002978635388129598,0.5176,0,-3.939255560752588,3.785238673911078,-8.452801250458108e-05
2023-04-12,0.5049,0.48766267,0.50091,-0.0038886684253991964,0.5167,0,-5.619765241625518,0.7965502784931524,-0.0009100330372695982
2023-04-13,0.5125,0.4787118,0.5052399999999999,-0.004021480843928591,0.5049,0,-5.186806558075227,1.436940859789416,-0.00013281241852939468
2023-04-14,0.5227,0.4840311,0.50923,-0.0034850924952245788,0.5125,0,-5.554905170347625,2.645170158867328,0.0005363883487040123
2023-04-15,0.5192,0.5243253,0.5127949999999999,-0.003423739197314403,0.5227,0,0.3109453192901071,1.2490371395977158,6.13532979101758e-05
2023-04-16,0.5209,0.5165944,0.5148900000000001,-0.003323689661507763,0.5192,0,-0.501847083469384,1.1672396045757265,0.00010004953580664
2023-04-17,0.5109,0.50328207,0.514715,-0.003943722141064095,0.5209,-1,-3.382209606467253,-0.7411868704040124,-0.0006200324795563317
2023-04-18,0.5324,0.49189287,0.5142100000000001,-0.0029633399996607454,0.5109,-1,-3.720322129403949,3.537465237937793,0.0009803821414033492
2023-04-19,0.4911,0.49849454,0.51217,-0.005032237467348551,0.5324,-1,-6.368419292902782,-4.113868442118834,-0.0020688974676878052
2023-04-20,0.4752,0.49155405,0.50906,-0.007271471147630985,0.4911,0,0.09245604513328348,-6.65147526814127,-0.0022392336802824347
2023-04-21,0.4491,0.49875098,0.50604,-0.010134450953655609,0.4752,0,4.956015292241514,-11.252074934787771,-0.0028629798060246237
2023-04-22,0.4719,0.4998917,0.503735,-0.010094518390647473,0.4491,0,11.309663406912295,-6.319791160034553,3.993256300813611e-05
2023-04-23,0.4647,0.50996417,0.502175,-0.010128712389632592,0.4719,0,8.066151318446035,-7.462537959874552,-3.4193998985118657e-05
2023-04-24,0.4611,0.50536186,0.5001,-0.009954746001567741,0.4647,0,8.75013019799006,-7.7984403119376084,0.00017396638806485044
2023-04-25,0.4695,0.4583455,0.49829999999999997,-0.008870927475577502,0.4611,-1,-0.5973752732650259,-5.7796508127633945,0.0010838185259902395
2023-04-26,0.4618,0.47187775,0.49624999999999997,-0.008280892563701642,0.4695,-1,0.5064438199336848,-6.942065491183875,0.0005900349118758592
2023-04-27,0.4667,0.46655777,0.49395500000000003,-0.007208305866733791,0.4618,-1,1.0302665585715747,-5.517709103055952,0.001072586696967851
2023-04-28,0.4796,0.47729427,0.49269500000000005,-0.00536252132877044,0.4667,0,2.2700377595687735,-2.657830909589101,0.0018457845379633514
2023-04-29,0.478,0.4817493,0.49132499999999996,-0.004042004293418236,0.4796,0,0.44814349215063926,-2.712054139317148,0.001320517035352204
2023-04-30,0.4705,0.48092523,0.48896999999999996,-0.003487250108750362,0.478,0,0.6119732577431692,-3.7773278524244813,0.0005547541846678741
2023-05-01,0.4649,0.4871731,0.4863799999999999,-0.003312340664998299,0.4705,0,3.5437003712345065,-4.4163000123360225,0.00017490944375206288
2023-05-02,0.4645,0.46339235,0.48436,-0.003045278241857293,0.4649,-1,-0.32429617177955034,-4.100256007927984,0.00026706242314100594
2023-05-03,0.4632,0.46856764,0.481895,-0.002784951062382299,0.4645,-1,0.875702817935343,-3.8794758194212466,0.0002603271794749942
2023-05-04,0.4608,0.46633768,0.4788,-0.002606344147462767,0.4632,-1,0.6773922315739184,-3.7593984962406046,0.00017860691491953205
2023-05-05,0.4671,0.4676687,0.47619500000000003,-0.001927166720060985,0.4608,0,1.4906059329708445,-1.9099318556473752,0.0006791774274017819
2023-05-06,0.4582,0.46051297,0.47306,-0.0019354810833773278,0.4671,-1,-1.4101978339569117,-3.141250581321605,-8.314363316342874e-06
2023-05-07,0.449,0.4639969,0.469965,-0.0023890000757713237,0.4582,-1,1.2651434323507758,-4.4609704978030305,-0.00045351899239399595
2023-05-08,0.4283,0.43461463,0.46475999999999995,-0.0038262486091237627,0.449,-1,-3.2038689190667053,-7.844909200447531,-0.001437248533352439
2023-05-09,0.4289,0.4243893,0.46165,-0.0044366997838148955,0.4283,-1,-0.9130743099322229,-7.094118921260696,-0.0006104511746911328
2023-05-10,0.4303,0.44941014,0.459405,-0.004435763265210162,0.4289,0,4.7820332278791735,-6.335368574569278,9.36518604733802e-07
2023-05-11,0.4207,0.45492664,0.457985,-0.004743554179098457,0.4303,0,5.723132650546904,-8.14109632411541,-0.0003077909138882954
2023-05-12,0.4305,0.46293315,0.45591499999999996,-0.0039798403607634765,0.4207,0,10.038781296421968,-5.574504019389572,0.0007637138183349806
2023-05-13,0.424,0.47266415,0.45388,-0.003615720334108499,0.4305,0,9.794227088369976,-6.583237860227377,0.0003641200266549776
2023-05-14,0.4253,0.46434042,0.45209,-0.0030151269923330767,0.424,0,9.514249664432601,-5.925811232276755,0.0006005933417754222
2023-05-15,0.4273,0.41134557,0.44998000000000005,-0.002246256404313522,0.4253,-1,-3.2810789373322957,-5.040224009956005,0.0007688705880195545
2023-05-16,0.4425,0.41380307,0.449015,-0.0005647055300330196,0.4273,-1,-3.1586541578246896,-1.4509537543289184,0.0016815508742805026
2023-05-17,0.4484,0.4045125,0.4481,0.0010085287952864772,0.4425,-1,-8.584746937293792,0.06694934166481198,0.0015732343253194968
2023-05-18,0.4596,0.3987015,0.4471,0.002767335840282454,0.4484,0,-11.083521638780065,2.795795124133306,0.0017588070449959768
2023-05-19,0.4675,0.39134854,0.446575,0.004333351090488394,0.4596,0,-14.850186948884147,4.685663102502385,0.0015660152502059398
2023-05-20,0.4685,0.46558112,0.44647500000000007,0.005246216607560472,0.4675,0,-0.4104558159323356,4.93308695895626,0.0009128655170720784
2023-05-21,0.4575,0.47678655,0.44610500000000003,0.004924077452012465,0.4685,1,1.768741485530558,2.5543313793837745,-0.00032213915554800757
2023-05-22,0.4618,0.49807408,0.44597,0.004809935648384887,0.4575,1,8.868652354172665,3.5495661143126247,-0.00011414180362757757
2023-05-23,0.4651,0.5067393,0.44606500000000004,0.004757365577209027,0.4618,1,9.731337888873776,4.2673153015816006,-5.257007117586039e-05
2023-05-24,0.453,0.49277756,0.44567499999999993,0.0037525082638314973,0.4651,1,5.950882859805196,1.643574353508741,-0.0010048573133775293
2023-05-25,0.4538,0.4568359,0.44501,0.0030181471745871027,0.453,1,0.8467761096575371,1.9752365115390584,-0.0007343610892443946
2023-05-26,0.4684,0.46292517,0.44551999999999997,0.0033656290927834473,0.4538,1,2.010834264355963,5.1355719159633715,0.00034748191819634466
2023-05-27,0.4714,0.48288366,0.44664000000000004,0.003625017823139191,0.4684,1,3.0921567005545167,5.543614544151878,0.0002593887303557435
2023-05-28,0.482,0.4892781,0.449325,0.004292345960269828,0.4714,1,3.7925557661319544,7.272019139820846,0.0006673281371306376
2023-05-29,0.4946,0.48873657,0.45260999999999996,0.005298232373751102,0.482,1,1.3976286061077232,9.277302755131355,0.0010058864134812736
2023-05-30,0.5205,0.4899757,0.45712,0.007300289513414928,0.4946,0,-0.9349593931106306,13.865068253412655,0.0020020571396638263
2023-05-31,0.5166,0.48179388,0.461915,0.007903370803448021,0.5205,0,-7.436334205063108,11.838758213091136,0.0006030812900330931
2023-06-01,0.5065,0.49231884,0.465715,0.007184303719412387,0.5166,0,-4.700186055988652,8.757501905671916,-0.0007190670840356347
2023-06-02,0.5244,0.4868862,0.470735,0.00744475443901093,0.5065,0,-3.8724179093717606,11.400257044834134,0.0002604507195985428
2023-06-03,0.5188,0.4875992,0.47541,0.006788811483417761,0.5244,0,-7.017697549611894,9.126858921772794,-0.0006559429555931685
2023-06-04,0.5359,0.5309653,0.48084,0.007026064233391565,0.5188,1,2.344897497407998,11.450794443057994,0.00023725274997380384
2023-06-05,0.509,0.52272546,0.48416500000000007,0.004986726536751437,0.5359,1,-2.4583946793220486,5.129449671083193,-0.002039337696640128
2023-06-06,0.53,0.5153878,0.48824499999999993,0.0046728718433411455,0.509,1,1.254965326875037,8.552058904853117,-0.00031385469341029155
2023-06-07,0.5183,0.50660104,0.49117999999999995,0.0033594812228501265,0.53,0,-4.414898944350913,5.521397451036288,-0.001313390620491019
2023-06-08,0.5236,0.5216277,0.493985,0.002565694301735144,0.5183,1,0.6420459522833941,5.995121309351488,-0.0007937869211149823
2023-06-09,0.538,0.5260358,0.49745999999999996,0.0027140895395087114,0.5236,1,0.4651997087564695,8.149398946648994,0.00014839523777356728
2023-06-10,0.5067,0.55188304,0.49992000000000003,0.0005225939822646811,0.538,1,2.5804910517979667,1.3562169947191567,-0.0021914955572440303
2023-06-11,0.5208,0.5637238,0.5028699999999999,-0.00012448713576684173,0.5067,0,11.253957483033012,3.5655338357826305,-0.0006470811180315228
2023-06-12,0.5251,0.49216092,0.50587,-0.0003947675161711066,0.5208,0,-5.499056004525704,3.8013718939648466,-0.00027028038040426486
2023-06-13,0.5192,0.4945088,0.50918,-0.0010647483658335552,0.5251,0,-5.825785014134912,1.9678699084803075,-0.0006699808496624486
2023-06-14,0.4801,0.5185944,0.5104949999999999,-0.004066451884756335,0.5192,-1,-0.11664403054306331,-5.954025014936463,-0.0030017035189227794
2023-06-15,0.4801,0.5294693,0.51108,-0.005867740819580136,0.4801,-1,10.283130855516594,-6.06167331924551,-0.0018012889348238015
2023-06-16,0.4759,0.51651883,0.5113049999999999,-0.00707686702631798,0.4801,-1,7.585676161852057,-6.924438446719653,-0.0012091262067378435
2023-06-17,0.4794,0.50322163,0.5111749999999999,-0.007343927090594339,0.4759,0,5.7410445577032725,-6.216070817234791,-0.0002670600642763598
2023-06-18,0.4868,0.5009908,0.510785,-0.006740891433512711,0.4794,0,4.503714645411207,-4.695713460653706,0.0006030356570816287
2023-06-19,0.4936,0.49207383,0.50944,-0.00564703550362401,0.4868,0,1.083367695647765,-3.1092964824120646,0.0010938559298887011
2023-06-20,0.4929,0.4943373,0.5082549999999999,-0.004768646413306597,0.4936,0,0.14937004162001988,-3.0211212875426505,0.0008783890903174127
2023-06-21,0.4999,0.49416304,0.507925,-0.003569089650159717,0.4929,0,0.2562459619467523,-1.5799576709159717,0.00119955676314688
2023-06-22,0.4938,0.5031456,0.506395,-0.0030589906781788648,0.4999,0,0.649244953666024,-2.4871888545503062,0.0005100989719808522
2023-06-23,0.4961,0.5110972,0.50526,-0.0024647302890995985,0.4938,0,3.502874192847754,-1.812927997466662,0.0005942603890792663
2023-06-24,0.4865,0.49845818,0.50279,-0.002602683846362593,0.4961,0,0.47534304601342425,-3.239921239483676,-0.00013795355726299455
2023-06-25,0.4903,0.4985118,0.501855,-0.002331254428310953,0.4865,0,2.469021835405562,-2.3024578812605307,0.00027142941805163986
2023-06-26,0.479,0.50548464,0.499305,-0.0027757937942486204,0.4903,0,3.097010115908037,-4.066652647179583,-0.0004445393659376672
2023-06-27,0.4838,0.52444136,0.49758,-0.0026119940522348756,0.479,0,9.486714285450343,-2.7694039149483527,0.00016379974201374478
2023-06-28,0.4647,0.52211493,0.49463500000000005,-0.0035947746984317575,0.4838,0,7.919580929532627,-6.051937287090489,-0.000982780646196882
2023-06-29,0.4747,0.47229248,0.49146999999999996,-0.0033794034977840323,0.4647,0,1.6338461056457476,-3.4122123425641346,0.00021537120064772522
2023-06-30,0.4729,0.4704851,0.48978,-0.0031696901347086862,0.4747,-1,-0.887910004337137,-3.446445342806976,0.0002097133630753461
2023-07-01,0.4732,0.46631676,0.48740000000000006,-0.002833275056643987,0.4729,-1,-1.3920998971591791,-2.913418137053764,0.0003364150780646993
2023-07-02,0.4845,0.44684082,0.48536999999999997,-0.0017266293235747429,0.4732,-1,-5.570409404757865,-0.17924469991964523,0.001106645733069244
2023-07-03,0.489,0.4478313,0.48386000000000007,-0.0006252549122394914,0.4845,0,-7.56835853844358,1.0622907452568764,0.0011013744113352515
2023-07-04,0.4872,0.4911223,0.484215,1.4453470547987068e-05,0.489,1,0.43400928286687196,0.6164616957343361,0.0006397083827874785
2023-07-05,0.4777,0.48028177,0.48409500000000005,-0.00016016499367370578,0.4872,1,-1.41999790038186,-1.3210217002861089,-0.00017461846422169285
2023-07-06,0.4622,0.47504574,0.48340999999999995,-0.0012185748955175673,0.4777,1,-0.5556331160978394,-4.387579901119123,-0.0010584099018438615
2023-07-07,0.4687,0.48267466,0.48287500000000005,-0.0013686785699157525,0.4622,0,4.4298265466232,-2.935542324618182,-0.00015010367439818526
2023-07-08,0.4704,0.4865717,0.482055,-0.0012448101061289692,0.4687,0,3.8130359250852632,-2.417773905467224,0.00012386846378678335
2023-07-09,0.468,0.4714079,0.48077499999999995,-0.0012145298510261608,0.4704,0,0.21426239792181845,-2.6571681139826167,3.0280255102808386e-05
2023-07-10,0.478,0.47300798,0.48003,-0.00045038902248619936,0.468,0,1.0700805574400754,-0.4228902360269216,0.0007641408285399614
2023-07-11,0.4753,0.47309783,0.4788,-7.579393147036633e-05,0.478,-1,-1.0255583659375522,-0.7309941520467843,0.00037459509101583303
2023-07-12,0.471,0.47570527,0.47766000000000003,-6.69309680465767e-05,0.4753,-1,0.0852653058784624,-1.3942971988443777,8.862963423789637e-06
2023-07-13,0.8153,0.4832933,0.49362000000000006,0.021959223728075707,0.471,-1,2.610041381447184,65.16753778209957,0.022026154696122284
2023-07-14,0.7179,0.5469748,0.50519,0.02839243128973223,0.8153,0,-32.91122553963523,42.10495061264078,0.006433207561656523
2023-07-15,0.7145,0.579502,0.5164,0.030649190607090655,0.7179,0,-19.27817432739921,38.361735089078245,0.002256759317358425
2023-07-16,0.7468,0.49401549,0.52979,0.032378364916840194,0.7145,0,-30.85857452088257,40.9615130523415,0.0017291743097495385
2023-07-17,0.7374,0.50059974,0.54247,0.030951219565886565,0.7468,0,-32.96736181899706,35.93378435673863,-0.0014271453509536285
2023-07-18,0.7779,0.49331653,0.55813,0.030734524851543044,0.7374,0,-33.1005517790432,39.376131008904736,-0.00021669471434352175
2023-07-19,0.8199,0.7682916,0.5753900000000001,0.031313552937532664,0.7779,0,-1.2351725674300822,42.49465579867566,0.0005790280859896205
2023-07-20,0.7942,0.72359025,0.5914550000000001,0.027969145288311542,0.8199,0,-11.746523382896646,34.27902376343085,-0.003344407649221122
2023-07-21,0.7713,0.6616849,0.6063599999999999,0.02245586562418629,0.7942,0,-16.685360020157436,27.201662378784896,-0.005513279664125251
2023-07-22,0.7331,0.57050043,0.61879,0.014844602512886204,0.7713,0,-26.033912427722438,18.473149210556087,-0.007611263111300087
2023-07-23,0.7384,0.53105336,0.6312599999999999,0.009059593535088145,0.7331,0,-27.560583238727865,16.972404397554104,-0.005785008977798059
2023-07-24,0.7021,0.7174238,0.6420049999999999,0.0020470415365887173,0.7384,0,-2.8407642668272466,9.360518999073218,-0.007012551998499428
2023-07-25,0.7089,0.62931585,0.653565,-0.0026214253935666065,0.7021,0,-10.366635362641144,8.46664065548186,-0.004668466930155324
2023-07-26,0.7161,0.6186555,0.6662600000000001,-0.005544434640344528,0.7089,0,-12.730215432899827,7.480563143517527,-0.0029230092467779217
2023-07-27,0.7139,0.5445359,0.67852,-0.007807445003373242,0.7161,0,-23.958123820634743,5.214289925131163,-0.002263010363028714
2023-07-28,0.712,0.6135905,0.6906000000000001,-0.009501210064101942,0.7139,0,-14.05092045145052,3.0987547060526874,-0.0016937650607286997
2023-07-29,0.7121,0.71761864,0.702805,-0.010600102726897077,0.712,0,0.7891354266177449,1.3225574661534767,-0.0010988926627951354
2023-07-30,0.7046,0.70410776,0.714135,-0.011729389592762499,0.7121,-1,-1.1223477906113348,-1.3351817233436198,-0.0011292868658654212
2023-07-31,0.6976,0.69177204,0.72525,-0.012759885389309847,0.7046,-1,-1.8206012340354005,-3.8124784557049227,-0.0010304957965473482
2023-08-01,0.7069,0.67308336,0.737045,-0.012605130284951402,0.6976,-1,-3.514425893989178,-4.089980937391879,0.00015475510435844497
2023-08-02,0.685,0.6328729,0.73053,-0.013677976865758217,0.7069,-1,-10.472078157425733,-6.232461363667468,-0.0010728465808068147
2023-08-03,0.663,0.68721366,0.7277850000000001,-0.015439226900003426,0.685,0,0.3231619396348861,-8.901667388033566,-0.0017612500342452098
2023-08-04,0.6356,0.66287947,0.7238399999999999,-0.017849053508625708,0.663,0,-0.018179938084764233,-12.190539345711743,-0.0024098266086222814
2023-08-05,0.6288,0.6585442,0.7179399999999999,-0.01918374277809521,0.6356,0,3.6098462519516565,-12.416079338106234,-0.0013346892694695023
2023-08-06,0.624,0.62564677,0.71227,-0.019603231217381466,0.6288,-1,-0.5014678752452707,-12.392772403723303,-0.0004194884392862558
2023-08-07,0.6236,0.6125652,0.7045549999999999,-0.019101621779468097,0.624,-1,-1.8324968906549306,-11.490231422671032,0.0005016094379133688
2023-08-08,0.6418,0.62124586,0.6956499999999999,-0.01681843622545814,0.6236,-1,-0.3775078490271402,-7.740961690505261,0.002283185554009956
2023-08-09,0.6433,0.6555149,0.688105,-0.014565704003847511,0.6418,0,2.136942336551117,-6.511360911488796,0.0022527322216106295
2023-08-10,0.6331,0.70115167,0.681195,-0.013163619767428986,0.6433,0,8.99295336941103,-7.060386526618663,0.001402084236418525
2023-08-11,0.6318,0.6630993,0.67613,-0.011770225020692419,0.6331,0,4.738475586863006,-6.556431455489325,0.0013933947467365676
2023-08-12,0.6276,0.66611505,0.67059,-0.01061356523422217,0.6318,0,5.431314584913789,-6.410772603229987,0.0011566597864702492
2023-08-13,0.6256,0.63116866,0.666765,-0.009501331029353894,0.6276,0,0.5686206981739094,-6.173839358694593,0.0011122342048682753
2023-08-14,0.6343,0.63422436,0.663035,-0.007770742615079561,0.6256,0,1.378573404858477,-4.333858695242342,0.0017305884142743335
2023-08-15,0.6104,0.61454827,0.65775,-0.007806046812375795,0.6343,-1,-3.1139419936953328,-7.198783732421117,-3.530419729623393e-05
2023-08-16,0.5889,0.6094388,0.6515000000000001,-0.008775373630371112,0.6104,-1,-0.15747428409082334,-9.608595548733707,-0.0009693268179953177
2023-08-17,0.5064,0.5985252,0.64122,-0.014152190659757785,0.5889,-1,1.6344415208321348,-21.02554505473941,-0.005376817029386673
2023-08-18,0.5062,0.46419767,0.630925,-0.01672522609551945,0.5064,-1,-8.3337943418331,-19.76859373142608,-0.002573035435761664
2023-08-19,0.5199,0.463462,0.6216900000000001,-0.016480837076888067,0.5062,-1,-8.442908904619339,-16.373112001158137,0.00024438901863138227
2023-08-20,0.5384,0.44306806,0.6137300000000001,-0.01413946432126191,0.5199,-1,-14.77821556094244,-12.274127059130253,0.0023413727556261567
2023-08-21,0.5245,0.43677926,0.60461,-0.01264194702178286,0.5384,-1,-18.874580119729572,-13.249863548403107,0.0014975172994790495
2023-08-22,0.521,0.48159814,0.59641,-0.01105932704721952,0.5245,-1,-8.179573153631242,-12.64398651934072,0.0015826199745633401
2023-08-23,0.5301,0.5425302,0.589765,-0.008677020911333204,0.521,0,4.132471981524502,-10.11674141395301,0.002382306135886317
2023-08-24,0.5187,0.54423946,0.5839200000000001,-0.0072068568286666815,0.5301,0,2.6673196419480356,-11.169338265515831,0.0014701640826665224
2023-08-25,0.5258,0.5540777,0.5787700000000001,-0.005188421479238019,0.5187,0,6.820452068498732,-9.15216752768804,0.002018435349428662
2023-08-26,0.5231,0.559484,0.573725,-0.0035457376812580155,0.5258,0,6.406239059407605,-8.823913896030334,0.001642683797980004
2023-08-27,0.5236,0.56786317,0.568725,-0.0020123818976839347,0.5231,0,8.557286624401618,-7.934414699547247,0.0015333557835740808
2023-08-28,0.5232,0.54421616,0.562795,-0.0006807811114571266,0.5236,0,3.9373865557409133,-7.035421423431274,0.0013316007862268081
2023-08-29,0.5398,0.5168402,0.55762,0.0015410107602571999,0.5232,0,-1.2155543773546127,-3.195724687062885,0.0022217918717143265
2023-08-30,0.5284,0.54393226,0.552385,0.002413880295104188,0.5398,0,0.7655166881797413,-4.342080251998159,0.000872869534846988
2023-08-31,0.511,0.53639185,0.546345,0.002007106474429445,0.5284,0,1.5124629610510727,-6.469355443904486,-0.0004067738206747426
2023-09-01,0.498,0.5285519,0.539865,0.0010958238643133944,0.511,0,3.4348094999906813,-7.754716456892008,-0.0009112826101160508
2023-09-02,0.4988,0.48520347,0.533525,0.0007942820156150929,0.498,0,-2.5695833815149514,-6.508598472423974,-0.00030154184869830153
2023-09-03,0.5047,0.49183077,0.527045,0.001214380941604573,0.4988,0,-1.3972000398918871,-4.23967592900036,0.00042009892598948023
2023-09-04,0.5087,0.49449274,0.52196,0.0019407466637190764,0.5047,0,-2.022441165244584,-2.5404245536056287,0.0007263657221145033
2023-09-05,0.5056,0.4788984,0.517795,0.0023634684215303042,0.5087,0,-5.858382931246801,-2.3551791732249163,0.00042272175781122787
2023-09-06,0.5033,0.4716793,0.51764,0.0026193795604593575,0.5056,0,-6.708999195053616,-2.770265049068855,0.0002559111389290533
2023-09-07,0.505,0.48902434,0.51758,0.0030066223097623933,0.5033,0,-2.8364114630608337,-2.430542138413392,0.00038724274930303573
2023-09-08,0.505,0.49191186,0.516835,0.0033405385344138505,0.505,0,-2.5917112237156035,-2.2898990973908577,0.00033391622465145723
2023-09-09,0.5038,0.47101605,0.5151049999999999,0.003539331326630979,0.505,0,-6.72949517127311,-2.194698168334592,0.00019879279221712842
2023-09-10,0.4969,0.46451512,0.513725,0.003271182786729377,0.5038,0,-7.7977134198033236,-3.275098544941356,-0.0002681485399016019
2023-09-11,0.4744,0.46178588,0.511395,0.0017214100127499604,0.4969,0,-7.066636604666831,-7.2341340842206225,-0.0015497727739794166
2023-09-12,0.4804,0.4573428,0.50891,0.001264461624906954,0.4744,0,-3.595530464114465,-5.602169342319856,-0.0004569483878430064
2023-09-13,0.4832,0.45536956,0.507135,0.0013093298922960198,0.4804,0,-5.210332658070508,-4.719650586135839,4.486826738906574e-05
2023-09-14,0.4892,0.45137894,0.5053050000000001,0.001867607345204178,0.4832,0,-6.585483953652796,-3.1871839779935067,0.0005582774529081583
2023-09-15,0.5005,0.4351121,0.5041749999999999,0.0030523908659315334,0.4892,0,-11.056400466335672,-0.7289135716764981,0.0011847835207273553
2023-09-16,0.4998,0.4439603,0.502985,0.0037949789605794954,0.5005,0,-11.29664155272217,-0.6332196785192388,0.000742588094647962
2023-09-17,0.4925,0.48787168,0.50145,0.0037916337280265895,0.4998,0,-2.3866193110392393,-1.784824010369919,-3.3452325529058358e-06
2023-09-18,0.503,0.5010133,0.49961,0.0044482398154520285,0.4925,1,1.72858456064602,0.6785292528171982,0.000656606087425439
2023-09-19,0.514,0.5004731,0.49889,0.005505840622348199,0.503,1,-0.5023693706595879,3.028723766762215,0.0010576008068961702
2023-09-20,0.5212,0.50106806,0.49939999999999996,0.006504279921947544,0.514,1,-2.5159424844882854,4.365238285943141,0.0009984392995993456
2023-09-21,0.5071,0.503485,0.49985500000000005,0.00603915728805535,0.5212,0,-3.3988825833898084,1.449420331896239,-0.00046512263389219405
2023-09-22,0.5122,0.49925202,0.500525,0.005892619569448225,0.5071,0,-1.5476195399894246,2.332550821637279,-0.0001465377186071256
2023-09-23,0.5076,0.5035783,0.5006700000000001,0.005320984642093341,0.5122,0,-1.6832672306821923,1.3841452453712009,-0.0005716349273548835
2023-09-24,0.5021,0.4956653,0.5003399999999999,0.004443309569510971,0.5076,0,-2.3511994063525528,0.35176080265421417,-0.0008776750725823703
2023-09-25,0.5056,0.49205393,0.50034,0.003984055413537812,0.5021,0,-2.000811393933806,1.0512851261142506,-0.00045925415597315895
2023-09-26,0.5019,0.4917624,0.50027,0.003342566596006567,0.5056,0,-2.7368671531918776,0.32582405501029854,-0.0006414888175312449
2023-09-27,0.4993,0.49130404,0.49998499999999996,0.0026830655717031675,0.5019,0,-2.1111695646265893,-0.13700411012329083,-0.0006595010243033994
2023-09-28,0.5098,0.48500866,0.500225,0.0028767431254623325,0.4993,0,-2.862275790385108,1.914138637613074,0.000193677553759165
2023-09-29,0.5215,0.48529392,0.50111,0.0036650481028233624,0.5098,0,-4.8069978798544195,4.06896689349642,0.0007883049773610299
2023-09-30,0.5149,0.49683583,0.5020100000000001,0.0036085131460723546,0.5215,0,-4.729467338935063,2.567677934702487,-5.653495675100786e-05
2023-10-01,0.5241,0.5013211,0.504495,0.00402550709867384,0.5149,0,-2.637196087239904,3.8860642821038827,0.0004169939526014856
2023-10-02,0.5123,0.5074193,0.50609,0.003368094400707608,0.5241,0,-3.1827345624085597,1.2270544764765037,-0.0006574126979662321
2023-10-03,0.539,0.50224674,0.50888,0.004521030577377062,0.5123,0,-1.9623780050432176,5.918880679138507,0.0011529361766694536
2023-10-04,0.5326,0.4942035,0.51105,0.004625550521303614,0.539,0,-8.311037495317624,4.21680853145484,0.00010451994392655234
2023-10-05,0.5227,0.49372298,0.5121600000000001,0.003833559984920385,0.5326,0,-7.299478923383614,2.0579506404248655,-0.0007919905363832289
2023-10-06,0.5255,0.50543493,0.513445,0.003322918372221897,0.5227,0,-3.3030552277493035,2.347865886316923,-0.0005106416126984879
2023-10-07,0.5216,0.52298874,0.5149,0.00258023754068166,0.5255,0,-0.4778807555687694,1.301223538551161,-0.0007426808315402372
2023-10-08,0.5174,0.52195925,0.51562,0.0017060253961003705,0.5216,1,0.0688736972633406,0.3452154687560614,-0.0008742121445812895
2023-10-09,0.5027,0.5109866,0.515055,0.00012122577081927427,0.5174,1,-1.2395388194387504,-2.3987729465785215,-0.0015847996252810962
2023-10-10,0.4965,0.4959539,0.51382,-0.0012837046614858167,0.5027,1,-1.3419757905242669,-3.3708302518391764,-0.001404930432305091
2023-10-11,0.4888,0.48354614,0.5129049999999999,-0.0025950484666161866,0.4965,-1,-2.6090356878643663,-4.699700724305658,-0.00131134380513037
2023-10-12,0.483,0.4915969,0.5114449999999999,-0.003651822976116576,0.4888,-1,0.57219872693188,-5.561692850648642,-0.0010567745095003893
2023-10-13,0.4851,0.47868797,0.51032,-0.00398115772950789,0.483,-1,-0.8927594554103403,-4.941997178241107,-0.0003293347533913139
2023-10-14,0.4865,0.48066783,0.50954,-0.003872881565548685,0.4851,-1,-0.9136612010822864,-4.521725477882012,0.00010827616395920475
2023-10-15,0.4874,0.47316352,0.5086299999999999,-0.0035190771233766897,0.4865,-1,-2.741312368065576,-4.173957493659422,0.0003538044421719953
2023-10-16,0.4978,0.468221,0.508425,-0.0024156388317187446,0.4874,-1,-3.9349592167381187,-2.0897870875743707,0.0011034382916579452
2023-10-17,0.4912,0.48949593,0.50802,-0.001979583179987452,0.4978,-1,-1.6681532631824698,-3.3108932719184283,0.0004360556517312925
2023-10-18,0.4878,0.47376364,0.50692,-0.0017759604007111986,0.4912,-1,-3.54974660112338,-3.7717983113706355,0.00020362277927625343
2023-10-19,0.5197,0.46993217,0.50683,0.0005281150202795255,0.4878,0,-3.662942041379111,2.539312984629964,0.002304075420990724
2023-10-20,0.5149,0.47030813,0.50683,0.0016846180806285435,0.5197,0,-9.503920527405533,1.5922498668192533,0.001156503060349018
2023-10-21,0.5208,0.50058997,0.506665,0.002740228633524088,0.5149,0,-2.7791868762892227,2.789811808591477,0.0010556105528955447
2023-10-22,0.5226,0.5206405,0.50718,0.003409366910864628,0.5208,0,-0.030627411814520188,3.040340707441143,0.00066913827734054
2023-10-23,0.5475,0.511611,0.5076050000000001,0.005267611916256819,0.5226,0,-2.102758361606173,7.859457649156313,0.0018582450053921907
2023-10-24,0.5588,0.523133,0.508915,0.00689382752717364,0.5475,0,-4.450597284047024,9.80222630498216,0.001626215610916821
2023-10-25,0.5552,0.5417264,0.51054,0.007322767080975932,0.5588,0,-3.0554025789286743,8.74760057977828,0.00042893955380229193
2023-10-26,0.5533,0.52773273,0.51193,0.00707059143814022,0.5552,0,-4.947274871793196,8.081182974234762,-0.00025217564283571206
2023-10-27,0.543,0.56770784,0.5130000000000001,0.005852541765154361,0.5533,1,2.6039827630508205,5.847953216374251,-0.0012180496729858586
2023-10-28,0.5446,0.5400148,0.51436,0.004839044211649391,0.543,1,-0.549759961403982,5.879150789330416,-0.0010134975535049696
2023-10-29,0.5561,0.543888,0.51703,0.004627650891480526,0.5446,1,-0.1307431451108885,7.5566214726418295,-0.0002113933201688652
2023-10-30,0.578,0.5266581,0.521105,0.0055832389038240286,0.5561,0,-5.294350337862139,10.918145095518161,0.0009555880123435024
2023-10-31,0.5996,0.5413175,0.526645,0.007188304074579462,0.578,0,-6.3464493900021814,13.852785082930625,0.0016050651707554334
2023-11-01,0.6085,0.5920873,0.5329200000000001,0.008289440847753737,0.5996,0,-1.252947225818803,14.182241236958637,0.0011011367731742754
2023-11-02,0.6054,0.593476,0.5389349999999999,0.008232296376562153,0.6085,0,-2.4690226050998376,12.332656071696979,-5.7144471191584306e-05
2023-11-03,0.6121,0.59063596,0.545215,0.008058809305393717,0.6054,0,-2.4387255808209996,12.267637537485207,-0.00017348707116843567
2023-11-04,0.6149,0.58073986,0.55159,0.00755423888000975,0.6121,0,-5.1233694222681905,11.477728022625497,-0.000504570425383967
2023-11-05,0.6607,0.5746282,0.5597350000000001,0.009595544143502208,0.6149,0,-6.549329272245543,18.038000125059153,0.0020413052634924572
2023-11-06,0.7148,0.64068735,0.5709150000000001,0.013633362795569356,0.6607,0,-3.0290076496995453,25.202525770035805,0.004037818652067149
2023-11-07,0.685,0.638229,0.580775,0.01332551304892407,0.7148,0,-10.712225449171957,17.945848220050795,-0.0003078497466452862
2023-11-08,0.6869,0.5942731,0.589135,0.012302668935277181,0.685,0,-13.244804326635215,16.59466845459869,-0.001022844113646889
2023-11-09,0.6665,0.5743178,0.596715,0.00943412520853204,0.6869,0,-16.38989475620662,11.694862706652252,-0.002868543726745141
2023-11-10,0.6595,0.578462,0.6036499999999999,0.006392760939119224,0.6665,0,-13.209001551153776,9.252050028990322,-0.0030413642694128162
2023-11-11,0.6626,0.62759733,0.61065,0.004032497451526937,0.6595,0,-4.83740227433928,8.507328256775557,-0.0023602634875922873
2023-11-12,0.6613,0.6042178,0.6163399999999999,0.0019328750528550542,0.6626,0,-8.81107345003035,7.29467501703607,-0.0020996223986718826
2023-11-13,0.6702,0.60246646,0.62191,0.0007532178725754082,0.6613,0,-8.896648413327753,7.764789117396417,-0.001179657180279646
2023-11-14,0.6296,0.5827099,0.62563,-0.00294867444768869,0.6702,0,-13.054325800445751,0.6345603631539455,-0.0037018923202640983
2023-11-15,0.6481,0.56087923,0.63037,-0.00425905102021943,0.6296,0,-10.91498880253057,2.812633849961138,-0.00131037657253074
2023-11-16,0.6119,0.62810564,0.633815,-0.007482898720237177,0.6481,-1,-3.085073227684471,-3.4576335365997988,-0.003223847700017747
2023-11-17,0.6133,0.60751235,0.6372500000000001,-0.009320474429914828,0.6119,-1,-0.7170526473657389,-3.7583366025892717,-0.001837575709677651
2023-11-18,0.6106,0.62036777,0.639975,-0.010433242132535922,0.6133,-1,1.1524156899781162,-4.590023047775293,-0.0011127677026210939
2023-11-19,0.6258,0.60495865,0.6423650000000001,-0.009867265444881736,0.6106,-1,-0.9239021536173966,-2.5787519556638436,0.0005659766876541864
2023-11-20,0.6122,0.6111835,0.642995,-0.010094212953342237,0.6258,-1,-2.335646511381451,-4.789306293206015,-0.00022694750846050105
2023-11-21,0.5788,0.62261295,0.64151,-0.012046836013446433,0.6122,0,1.7009070869054541,-9.775373727611424,-0.0019526230601041965
2023-11-22,0.6109,0.61893153,0.641785,-0.010771205193906633,0.5788,0,6.933574966504484,-4.81235927919787,0.0012756308195398004
2023-11-23,0.6209,0.6282127,0.642225,-0.0089248586746595,0.6109,0,2.8339647001790076,-3.320487368134226,0.0018463465192471336
2023-11-24,0.6212,0.6118994,0.64254,-0.0074162769277167345,0.6209,-1,-1.4496092904610507,-3.3211940112677847,0.0015085817469427647
2023-11-25,0.6228,0.5970578,0.6406449999999999,-0.006098615786211247,0.6212,-1,-3.8863780800941563,-2.7854740144697754,0.0013176611415054874
2023-11-26,0.6157,0.6256188,0.63569,-0.005511007652030438,0.6228,-1,0.4526036323150425,-3.1446145133634245,0.0005876081341808087
2023-11-27,0.6039,0.6073961,0.631635,-0.005699168307475452,0.6157,-1,-1.3486883557808989,-4.390985300054613,-0.00018816065544501395
2023-11-28,0.6107,0.58101535,0.627825,-0.005163704014235504,0.6039,-1,-3.789476993798932,-2.727670927408107,0.0005354642932399482
2023-11-29,0.6091,0.60560334,0.624955,-0.004727054795279182,0.6107,-1,-0.83456078468924,-2.5369826627517282,0.0004366492189563217
2023-11-30,0.6063,0.58040833,0.622295,-0.004441038106621819,0.6091,-1,-4.710501603668414,-2.5703243638467432,0.0002860166886573638
2023-12-01,0.6125,0.600923,0.61979,-0.003679947438624733,0.6063,-1,-0.8868544010877645,-1.1762048435760353,0.0007610906679970855
2023-12-02,0.6208,0.62375546,0.6177650000000001,-0.002518582795942567,0.6125,0,1.8376253089126202,0.49128713993183465,0.001161364642682166
2023-12-03,0.6229,0.6268686,0.6154,-0.0015571439901773568,0.6208,0,0.9775460073628346,1.21871953201171,0.0009614388057652104
2023-12-04,0.6245,0.62188244,0.6151449999999999,-0.000799774822462576,0.6229,0,-0.16335869968406494,1.5207796535776303,0.0007573691677147808
2023-12-05,0.621,0.6318358,0.6137900000000001,-0.0005336623305285861,0.6245,0,1.1746706630440984,1.1746688606852405,0.00026611249193398984
2023-12-06,0.64,0.62370753,0.615195,0.0008477036979896171,0.621,1,0.4359956332834836,4.0320548769089415,0.0013813660285182032
2023-12-07,0.6432,0.62559354,0.61669,0.0018454243708536443,0.64,1,-2.251008898019793,4.29875626327653,0.0009977206728640272
2023-12-08,0.6721,0.6125747,0.6197649999999999,0.00418628926559455,0.6432,1,-4.761396682084495,8.444329705614248,0.0023408648947409057
2023-12-09,0.6584,0.5963298,0.6213949999999999,0.004518125053033768,0.6721,0,-11.27364852921166,5.955149301169155,0.00033183578743921794
2023-12-10,0.6617,0.6065883,0.6238699999999999,0.004647947501049408,0.6584,0,-7.869334136874821,6.06376328401751,0.00012982244801564014
2023-12-11,0.6187,0.67275035,0.625865,0.0016789949470209708,0.6617,0,1.6699945312334037,-1.144815575243859,-0.0029689525540284372
2023-12-12,0.6192,0.66760385,0.62628,-0.00030433073923868525,0.6187,0,7.904291314802816,-1.130484767196777,-0.001983325686259656
2023-12-13,0.6275,0.66032875,0.6266100000000001,-0.0010674439806902273,0.6192,0,6.642239315565248,0.1420341201065791,-0.0007631132414515421
2023-12-14,0.6316,0.6642127,0.62713,-0.001291349311358195,0.6275,0,5.850630072483512,0.712770876851703,-0.00022390533066796777
2023-12-15,0.6156,0.65173715,0.6267699999999999,-0.0024453438787617934,0.6316,0,3.188276366390247,-1.7821529428657885,-0.0011539945674035983
2023-12-16,0.6203,0.633634,0.627,-0.0027952069844521853,0.6156,0,2.929494999073164,-1.068580542264759,-0.00034986310569039194
2023-12-17,0.6103,0.63789845,0.6273199999999999,-0.003554464482423873,0.6203,0,2.8370861082370737,-2.7131288656506927,-0.0007592574979716875
2023-12-18,0.6125,0.639057,0.62741,-0.0037438440794078996,0.6103,0,4.711941767965565,-2.376436461006356,-0.00018937959698402682
2023-12-19,0.6047,0.63818944,0.62719,-0.004195751317231383,0.6125,0,4.194193470234766,-3.5858352333423693,-0.0004519072378234832
2023-12-20,0.6171,0.62641424,0.62773,-0.003489836295097608,0.6047,0,3.5909110975005256,-1.6934032147579419,0.000705915022133775
2023-12-21,0.6241,0.6032626,0.62831,-0.0024318872848741115,0.6171,-1,-2.24232648145706,-0.6700514077445922,0.0010579490102234964
2023-12-22,0.6244,0.5875663,0.62849,-0.0016307852107775027,0.6241,-1,-5.853818918798733,-0.6507661219748982,0.0008011020740966088
2023-12-23,0.6195,0.5930181,0.62832,-0.0013607998772581233,0.6244,-1,-5.0259265588079725,-1.4037433155080117,0.00026998533351937936
2023-12-24,0.6121,0.6073334,0.6277,-0.0015943039259665782,0.6195,-1,-1.9639351562303033,-2.485263660984556,-0.00023350404870845485
2023-12-25,0.6462,0.618069,0.62896,0.000520922092410032,0.6121,1,0.9751663276561469,2.7410328160773396,0.00211522601837661
2023-12-26,0.6219,0.64166635,0.628055,0.00026926411747234616,0.6462,1,-0.7015857708339751,-0.9800097125251803,-0.0002516579749376859
2023-12-27,0.634,0.6436789,0.627595,0.0008696306921521042,0.6219,1,3.501994465301802,1.0205626239852126,0.0006003665746797581
2023-12-28,0.6346,0.6352992,0.62572,0.0012366723420114422,0.634,1,0.20492204732323166,1.4191651217797094,0.000367041649859338
2023-12-29,0.623,0.643336,0.62395,0.0006568353944589109,0.6346,0,1.376614884702023,-0.15225578972674195,-0.0005798369475525314
2023-12-30,0.6207,0.63965136,0.6219,0.00010591650983753878,0.623,0,2.6727701649428566,-0.1929570670525774,-0.0005509188846213721
2023-12-31,0.6156,0.61555165,0.621745,-0.0005769278787325186,0.6207,-1,-0.8294424804028717,-0.9883473128050818,-0.0006828443885700574
2024-01-01,0.6294,0.6119305,0.622255,-9.91960046702405e-05,0.6156,-1,-0.5960868193469685,1.1482430836232664,0.0004777318740622781
2024-01-02,0.6246,0.6038537,0.6221099999999999,-0.00010586336678999994,0.6294,-1,-4.058833405598021,0.40025075951200006,-6.66736211975944e-06
2024-01-03,0.5823,0.57951504,0.619645,-0.002808714380771905,0.6246,-1,-7.2182132691631695,-6.026837947534469,-0.002702851013981905
2024-01-04,0.5868,0.62058055,0.618205,-0.0040667248626961704,0.5823,0,6.57402610484009,-5.08003008710703,-0.0012580104819242656
2024-01-05,0.5757,0.5758548,0.6159749999999999,-0.0053394769690928365,0.5868,-1,-1.8652388735864123,-6.538414708389132,-0.001272752106396666
2024-01-06,0.5679,0.577409,0.6138549999999999,-0.006331981032899552,0.5757,-1,0.29686103994407126,-7.486295623559306,-0.000992504063806716
2024-01-07,0.5515,0.588145,0.610805,-0.007631202393087383,0.5679,-1,3.564891287885439,-9.70931803112287,-0.0012992213601878307
2024-01-08,0.5776,0.5720745,0.60945,-0.006324917115845027,0.5515,0,3.7306387858939862,-5.226023463778824,0.0013062852772423557
2024-01-09,0.5669,0.56980073,0.60694,-0.0057881026510639855,0.5776,-1,-1.3502883448825322,-6.597027712788756,0.0005368144647810418
2024-01-10,0.6008,0.5560472,0.6057750000000001,-0.002902258222672217,0.5669,-1,-1.9144115087993914,-0.8212620197268065,0.0028858444283917685
2024-01-11,0.6019,0.5659913,0.60465,-0.0007819725945935035,0.6008,-1,-5.793727952218088,-0.4548085669395568,0.0021202856280787136
2024-01-12,0.5699,0.56432635,0.60217,-0.0013632556660869242,0.6019,-1,-6.2425077387335515,-5.358951791022473,-0.0005812830714934207
2024-01-13,0.5747,0.56303287,0.6003000000000001,-0.0012557606773454365,0.5699,-1,-1.2049718329019075,-4.264534399466944,0.00010749498874148763
2024-01-14,0.5763,0.5513152,0.596805,-0.0009235424008526248,0.5747,-1,-4.069046736053948,-3.4357956116319395,0.00033221827649281173
2024-01-15,0.5757,0.58915246,0.594495,-0.0006061812726831893,0.5763,0,2.230167504753598,-3.161506825120482,0.0003173611281694355
2024-01-16,0.5757,0.5851055,0.59158,-0.0002750967039761819,0.5757,0,1.6337465283273116,-2.684336860610569,0.0003310845687070074
2024-01-17,0.5685,0.6072893,0.588275,-0.000411626727242884,0.5757,0,5.487113821438169,-3.3615230971909376,-0.0001365300232667021
2024-01-18,0.552,0.6077057,0.5847249999999999,-0.001426657481063083,0.5685,0,6.8963434157291825,-5.596647996921613,-0.001015030753820199
2024-01-19,0.5443,0.5944602,0.580905,-0.0023742588014548597,0.552,0,7.692063286684553,-6.301374579320199,-0.0009476013203917766
2024-01-20,0.5534,0.53912723,0.577795,-0.00215237366403866,0.5443,-1,-0.9503526282884314,-4.22208568783045,0.00022188513741619974
2024-01-21,0.5464,0.5448601,0.5736450000000001,-0.0022316673496409877,0.5534,-1,-1.5431650545694449,-4.74945305894762,-7.929368560232776e-05
2024-01-22,0.5275,0.55171263,0.56879,-0.003249921158802325,0.5464,-1,0.9722972509627118,-7.259269677736959,-0.001018253809161337
2024-01-23,0.5183,0.5544538,0.56559,-0.004176879868725548,0.5275,0,5.109723258357484,-8.361180360331698,-0.0009269587099232229
2024-01-24,0.5181,0.5728268,0.562155,-0.0044141449433496745,0.5183,0,10.520316945892402,-7.836806574699142,-0.00023726507462412672
2024-01-25,0.5138,0.51324993,0.55906,-0.00445827727411751,0.5181,-1,-0.9361255125197828,-8.095732121775832,-4.413233076783554e-05
2024-01-26,0.5323,0.52763855,0.55728,-0.0029138402021680436,0.5138,-1,2.69337379779273,-4.482486362331324,0.0015444370719494664
2024-01-27,0.5303,0.5344243,0.5562199999999999,-0.00175630142470376,0.5323,-1,0.3990803986771008,-4.660026608176611,0.0011575387774642835
2024-01-28,0.5241,0.5280221,0.5535450000000001,-0.0011659743200381316,0.5303,-1,-0.4295473388292048,-5.319350730292939,0.0005903271046656285
2024-01-29,0.5352,0.5435242,0.55196,0.00014459264991083937,0.5241,0,3.7062021913111725,-3.0364519168055653,0.001310566969948971
2024-01-30,0.5107,0.55115163,0.547455,-0.00043434845992545296,0.5352,0,2.980499488534056,-6.713793827803196,-0.0005789411098362923
2024-01-31,0.5033,0.54518634,0.542525,-0.0010749755594022074,0.5107,0,6.752759116676789,-7.2300815630616215,-0.0006406270994767545
2024-02-01,0.5058,0.5718733,0.53932,-0.0010864385524488838,0.5033,0,13.624738173671453,-6.215233998368315,-1.1462993046676417e-05
2024-02-02,0.5105,0.5764669,0.53611,-0.0005600776898584368,0.5058,0,13.971316328912248,-4.777004719180769,0.000526360862590447
2024-02-03,0.5186,0.5638393,0.5332250000000001,0.0004940446272061506,0.5105,0,10.448445909520682,-2.7427446200009578,0.0010541223170645875
2024-02-04,0.5032,0.5103362,0.5296000000000001,0.000322857638426214,0.5186,0,-1.5934785452304545,-4.984894259818748,-0.00017118698877993666
2024-02-05,0.5069,0.52190673,0.52616,0.0006108259408056198,0.5032,0,3.717554354705572,-3.6604835031169127,0.0002879683023794058
2024-02-06,0.505,0.52567095,0.522985,0.0008127169968565329,0.5069,0,3.7030865346969115,-3.438913161945376,0.0002018910560509131
2024-02-07,0.5138,0.52685285,0.521075,0.0016310696961520758,0.505,0,4.327296266461362,-1.3961521853859657,0.000818352699295543
2024-02-08,0.5147,0.52772534,0.519595,0.0022850321278974663,0.5138,0,2.7102644873203614,-0.9420798891444265,0.0006539624317453904
2024-02-09,0.5262,0.5269637,0.518235,0.003472935319450636,0.5147,1,2.382691040394805,1.5369475238067671,0.0011879031915531697
2024-02-10,0.5239,0.52857584,0.51711,0.004044631104102199,0.5262,1,0.45150847817409706,1.3130668523138354,0.000571695784651563
2024-02-11,0.5261,0.5238068,0.5170399999999999,0.004478091741063801,0.5239,1,-0.017787673405556786,1.752282221878398,0.0004334606369616016
2024-02-12,0.5315,0.5154573,0.5176999999999999,0.004996196589977646,0.5261,0,-2.022947627903053,2.6656364689974956,0.0005181048489138456
2024-02-13,0.5247,0.5190844,0.51803,0.004750232037573823,0.5315,0,-2.3359559777763077,1.2875702179410584,-0.00024596455240382363
2024-02-14,0.5378,0.5302776,0.51923,0.00529740222546715,0.5247,1,1.0630093053429048,3.576449742888504,0.0005471701878933272
2024-02-15,0.5622,0.52533734,0.520725,0.0070220760875136165,0.5378,1,-2.3173413076290714,7.964856690191567,0.0017246738620464667
2024-02-16,0.5643,0.52573484,0.5224249999999999,0.007955237551788147,0.5622,1,-6.486154069089675,8.015504617887757,0.0009331614642745303
2024-02-17,0.5496,0.5200769,0.5236999999999999,0.007253108165652546,0.5643,0,-7.836811816715594,4.945579530265426,-0.000702129386135601
2024-02-18,0.5571,0.53445506,0.5247949999999999,0.006963037774052997,0.5496,0,-2.7556293742972477,6.155737002067502,-0.0002900703915995487
2024-02-19,0.5626,0.53866583,0.5273899999999999,0.006802938447365528,0.5571,0,-3.3089515187543106,6.676273725326623,-0.0001600993266874691
2024-02-20,0.5622,0.5450515,0.530335,0.006340665648124822,0.5626,0,-3.1191761282640442,6.008466346743102,-0.0004622727992407063
2024-02-21,0.5491,0.56015074,0.5325,0.004888293484285251,0.5622,0,-0.3645068426142439,3.1173708920187906,-0.0014523721638395708
2024-02-22,0.541,0.5606511,0.534025,0.0031994288783245717,0.5491,1,2.103646607851416,1.3061186274050962,-0.0016888646059606792
2024-02-23,0.5342,0.55812204,0.534805,0.0015265392819945667,0.541,1,3.1648870316538855,-0.1131253447518192,-0.001672889596330005
2024-02-24,0.545,0.5338824,0.536895,0.0010710697405523382,0.5342,1,-0.059457219794020334,1.509606161353715,-0.0004554695414422285
2024-02-25,0.5425,0.53515404,0.538675,0.000551315856789416,0.545,0,-1.8065973159370146,0.7100756485821631,-0.0005197538837629222
2024-02-26,0.5506,0.54349476,0.540955,0.0006937268262037681,0.5425,1,0.18336608113232072,1.78295791701713,0.0001424109694143521
2024-02-27,0.5861,0.5386336,0.54457,0.002990727323825518,0.5506,1,-2.1733409051586796,7.6262004884587755,0.00229700049762175
2024-02-28,0.575,0.5329682,0.547585,0.0035370506282575076,0.5861,1,-9.06530914606036,5.00652866678232,0.0005463233044319896
2024-02-29,0.5867,0.5630106,0.55061,0.004404425295065655,0.575,0,-2.0851176718006887,6.554548591562077,0.0008673746668081475
2024-03-01,0.6013,0.584589,0.55448,0.005602592171610231,0.5867,0,-0.35980833192405604,8.443947482325779,0.0011981668765445761
2024-03-02,0.6442,0.58168834,0.560385,0.008738553754354984,0.6013,0,-3.261542577979839,14.956681567136872,0.003135961582744753
2024-03-03,0.6271,0.57628924,0.565165,0.009075718468832088,0.6442,0,-10.541875730275885,10.958746560738893,0.0003371647144771034
2024-03-04,0.6477,0.56758463,0.571315,0.010026217324220037,0.6271,0,-9.490570271534128,13.37003229391842,0.000950498855387949
2024-03-05,0.5912,0.6319094,0.5739850000000001,0.0063681217585306905,0.6477,0,-2.437954234620468,2.9992072963578953,-0.003658095565689346
2024-03-06,0.6121,0.6392832,0.57648,0.004938184849151341,0.5912,1,8.133149566443922,6.178878712184288,-0.0014299369093793493
2024-03-07,0.627,0.6286585,0.579615,0.004585613169519859,0.6121,1,2.705190898818612,8.175254263606016,-0.0003525716796314825
2024-03-08,0.62,0.6412302,0.5831350000000001,0.0035187371563104135,0.627,1,2.2695734550317885,6.32186371937886,-0.0010668760132094453
2024-03-09,0.6197,0.6388743,0.586265,0.0024796348625620718,0.62,1,3.044240705428586,5.7030523739264645,-0.0010391022937483417
2024-03-10,0.608,0.6203759,0.588535,0.0007792391004272647,0.6197,1,0.10906433085769998,3.3073648975846726,-0.001700395762134807
2024-03-11,0.723,0.61401415,0.596575,0.006837416921477366,0.608,1,0.9891691960786544,21.191803209990365,0.006058177821050101
2024-03-12,0.688,0.6084177,0.60352,0.00785270523499516,0.723,0,-15.848175684610998,13.997879109225874,0.0010152883135177947
2024-03-13,0.6891,0.62002116,0.610925,0.007939904771265743,0.688,0,-9.880644706792602,12.796169742603428,8.71995362705831e-05
2024-03-14,0.669,0.62987864,0.617665,0.006069793976257575,0.6891,0,-8.594015357006866,8.311139533565932,-0.0018701107950081682
2024-03-15,0.6342,0.6885419,0.622125,0.002118959336707745,0.669,1,2.921059669756919,1.9409282700421855,-0.00395083463954983
2024-03-16,0.6031,0.65137804,0.625155,-0.0026976275988559034,0.6342,1,2.708614876277063,-3.527925074581511,-0.0048165869355636486
2024-03-17,0.6191,0.65480614,0.62858,-0.004792397450173316,0.6031,1,8.573393646984078,-1.508161252346566,-0.002094769851317412
2024-03-18,0.6453,0.62353593,0.63154,-0.0044095107722640775,0.6191,0,0.7165128590505728,2.178801026063273,0.0003828866779092381
2024-03-19,0.5845,0.61509174,0.632015,-0.008035835119499735,0.6453,-1,-4.681273657980396,-7.518017768565616,-0.003626324347235657
2024-03-20,0.6107,0.58719546,0.633215,-0.008414505305616115,0.5845,-1,0.46115586449693746,-3.555664347812347,-0.00037867018611638034
2024-03-21,0.6404,0.6274406,0.63517,-0.006495218081147645,0.6107,-1,2.741210379068794,0.8234016090180515,0.0019192872244684703
2024-03-22,0.6115,0.64373195,0.633535,-0.006961139062196711,0.6404,0,0.5202922725737106,-3.4781030250893665,-0.0004659209810490665
2024-03-23,0.6167,0.6469936,0.6330150000000001,-0.006705589809379086,0.6115,0,5.804346276421278,-2.5773480881179873,0.0002555492528176252
2024-03-24,0.6325,0.6390176,0.632255,-0.0053194826732386145,0.6167,0,3.618871726884586,0.03875018781977836,0.0013861071361404714
2024-03-25,0.6406,0.63653934,0.634725,-0.0037766976192501883,0.6325,0,0.638630833079229,0.9255976997912425,0.0015427850539884262
2024-03-26,0.6317,0.63623744,0.635705,-0.0032928776506503943,0.6406,-1,-0.6810111624354085,-0.6300092023815961,0.00048381996859979404
2024-03-27,0.6118,0.6282302,0.634945,-0.0041926482919856685,0.6317,-1,-0.5492774863135221,-3.645197615541499,-0.0008997706413352742
2024-03-28,0.6244,0.61574125,0.635165,-0.003828829291587647,0.6118,-1,0.6442060966279685,-1.6948352003022877,0.0003638190003980215
2024-03-29,0.6301,0.6314646,0.635685,-0.0031237039806275343,0.6244,0,1.131422255453133,-0.878579799743576,0.0007051253109601127
2024-03-30,0.6212,0.6527483,0.6363449999999999,-0.003166236658879721,0.6301,0,3.594395607695696,-2.379998271377942,-4.253267825218669e-05
2024-03-31,0.6292,0.66169286,0.6316550000000001,-0.0025894222346239315,0.6212,0,6.5184896558772705,-0.3886615320072026,0.0005768144242557895
2024-04-01,0.611,0.64997447,0.627805,-0.0033207715854874417,0.6292,0,3.3017268547645013,-2.676786581820782,-0.0007313493508635102
2024-04-02,0.5854,0.65977097,0.62262,-0.005298396107866536,0.611,0,7.98215475878427,-5.977964087244214,-0.0019776245223790947
2024-04-03,0.5742,0.6437981,0.61788,-0.007022440942597101,0.5854,0,9.975762362361234,-7.069333851233239,-0.0017240448347305643
2024-04-04,0.5935,0.5897358,0.615845,-0.006534725352838343,0.5742,0,2.7056436761253435,-3.6283480421209804,0.000487715589758758
2024-04-05,0.5871,0.5779204,0.6150450000000001,-0.00631150803425223,0.5935,-1,-2.6250417431363005,-4.543569982684211,0.00022321731858611273
2024-04-06,0.593,0.5737542,0.6137400000000001,-0.0054664320600893625,0.5871,-1,-2.2731746893850024,-3.3792811288167774,0.0008450759741628674
2024-04-07,0.5944,0.56909186,0.611195,-0.004550607789771647,0.593,-1,-4.031727406467993,-2.747895516160964,0.0009158242703177152
2024-04-08,0.6147,0.55291575,0.6127049999999999,-0.0024219232778242214,0.5944,0,-6.979180361027678,0.32560530761134315,0.002128684511947426
2024-04-09,0.6141,0.6159513,0.6128750000000001,-0.0009728997437657926,0.6147,0,0.20356265940432314,0.19987762594328704,0.0014490235340584288
2024-04-10,0.6172,0.617147,0.611715,0.00021250803995869665,0.6141,1,0.4961778938605326,0.8966593920371352,0.0011854077837244893
2024-04-11,0.6086,0.6045086,0.6115700000000001,0.00042339452816765946,0.6172,1,-2.056289893500768,-0.48563533201432835,0.0002108864882089628
2024-04-12,0.5468,0.61530435,0.6080749999999999,-0.003383649787096474,0.6086,1,1.1016021776152283,-10.076881963573568,-0.0038070443152641333
2024-04-13,0.4788,0.63078445,0.6003900000000001,-0.009897441229236737,0.5468,0,15.359263343364555,-20.25183630640085,-0.006513791442140263
2024-04-14,0.5033,0.49241048,0.593525,-0.011840613447428164,0.4788,0,2.8426234285933027,-15.201550061075778,-0.0019431722181914267
2024-04-15,0.4977,0.4926134,0.5868249999999999,-0.01271107031279516,0.5033,-1,-2.123305187911269,-15.187662420653512,-0.0008704568653669954
2024-04-16,0.4965,0.5190956,0.58106,-0.012553770368491514,0.4977,-1,4.298894846561522,-14.552714005438341,0.00015729994430364533
2024-04-17,0.4951,0.5562048,0.574595,-0.011744689240577814,0.4965,-1,12.025135113273382,-13.834962016724822,0.0008090811279137002
2024-04-18,0.5025,0.5607437,0.568215,-0.009981133699464542,0.4951,0,13.25867290184778,-11.565164594387701,0.0017635555411132722
2024-04-19,0.503,0.50049424,0.562305,-0.008129373440667394,0.5025,-1,-0.39915587771590205,-10.546767323783364,0.0018517602587971478
2024-04-20,0.5288,0.5019063,0.557285,-0.004686285125228954,0.503,-1,-0.21744020890526036,-5.111388248382781,0.0034430883154384397
2024-04-21,0.5246,0.50959295,0.552965,-0.002330124514755831,0.5288,-1,-3.632195471995906,-5.129619415333716,0.002356160610473123
2024-04-22,0.556,0.50041723,0.5514950000000001,0.0014984766919758571,0.5246,0,-4.609753619247469,0.8168705065322407,0.0038286012067316882
2024-04-23,0.5445,0.5037776,0.55001,0.003308080427537847,0.556,0,-9.39251381716283,-1.001799967273325,0.0018096037355619897
2024-04-24,0.5275,0.5502959,0.54671,0.003398816309157674,0.5445,0,1.06444249358935,-3.5137458616085424,9.073588161982726e-05
2024-04-25,0.5254,0.5452811,0.5436249999999999,0.003350579196086882,0.5275,0,3.3708269562201543,-3.3524948263968617,-4.82371130707919e-05
2024-04-26,0.5261,0.53092426,0.54028,0.0033888179824227184,0.5254,0,1.051439020994007,-2.624565040349443,3.823878633583619e-05
2024-04-27,0.5179,0.52012587,0.5364549999999999,0.002903552637177037,0.5261,0,-1.1355510480366309,-3.458817608187058,-0.00048526534524568135
2024-04-28,0.5103,0.5153059,0.531235,0.002147276269979438,0.5179,0,-0.5008926951394996,-3.9408171524843127,-0.0007562763671975989
2024-04-29,0.5151,0.5100311,0.5262849999999999,0.0020472256558046464,0.5103,0,-0.05269369237122987,-2.1252743285482,-0.00010005061417479172
2024-04-30,0.5006,0.49460548,0.5204549999999999,0.001127382495878338,0.5151,0,-3.978745559191755,-3.814931165998953,-0.0009198431599263084
2024-05-01,0.5175,0.48661762,0.5159,0.0017432340598283608,0.5006,0,-2.7931233001050684,0.3101376235704468,0.0006158515639500227
2024-05-02,0.518,0.46208906,0.51446,0.0022387624990725247,0.5175,0,-10.707427683659791,0.6881001438401406,0.0004955284392441639
2024-05-03,0.5317,0.46602878,0.5171049999999999,0.0034701888849929877,0.518,0,-10.03305410326218,2.822444184449972,0.001231426385920463
2024-05-04,0.5302,0.5351291,0.51845,0.004120370688747717,0.5317,1,0.6449257630209652,2.266370913299265,0.0006501818037547291
2024-05-05,0.5296,0.54232645,0.520045,0.004420200783623426,0.5302,1,2.287146425481023,1.8373409993365921,0.0002998300948757089
2024-05-06,0.5402,0.53381944,0.5222300000000001,0.00518940292885248,0.5296,1,0.7967214930093617,3.4410125806636787,0.0007692021452290546
2024-05-07,0.5245,0.5361049,0.5237,0.004522243277108354,0.5402,0,-0.7580678403840978,0.15275921329003472,-0.0006671596517441262
2024-05-08,0.5171,0.54488426,0.52443,0.0035091529918494253,0.5245,0,3.886418392592329,-1.397707987719991,-0.0010130902852589288
2024-05-09,0.5209,0.5085676,0.525325,0.0030391077193599146,0.5171,0,-1.650053830977636,-0.8423356969495097,-0.00047004527248951065
2024-05-10,0.5022,0.5124797,0.523995,0.001491248913102726,0.5209,0,-1.6164863697739715,-4.1593908338820045,-0.0015478588062571887
2024-05-11,0.5059,0.50481904,0.52306,0.0007750955925315672,0.5022,0,0.5215124512326469,-3.2806943754062545,-0.0007161533205711588
2024-05-12,0.4993,0.48517385,0.5202249999999999,-4.1307438935923174e-05,0.5059,-1,-4.096886489108093,-4.022298044115511,-0.0008164030314674903
2024-05-13,0.5053,0.4924577,0.518265,-7.355113897044262e-05,0.4993,-1,-1.3703809623939867,-2.50161596866468,-3.224370003451944e-05
2024-05-14,0.5002,0.502527,0.5169,-0.0003208171241700624,0.5053,-1,-0.5487831941623809,-3.2307989940027175,-0.0002472659851996198
2024-05-15,0.5188,0.5036717,0.51657,0.0008233170190938624,0.5002,1,0.6940635191541104,0.43169367171923756,0.0011441341432639248
2024-05-16,0.5157,0.5159103,0.51605,0.0013928565937271035,0.5188,1,-0.5569916278836244,-0.06782288537931624,0.0005695395746332411
2024-05-17,0.5234,0.52270955,0.5163249999999999,0.0022584513861753173,0.5157,1,1.3592298765480137,1.3702609790345333,0.0008655947924482137
2024-05-18,0.5213,0.52896583,0.516875,0.0026336713712995143,0.5234,1,1.0633990834767872,0.8561064087061693,0.00037521998512419705
2024-05-19,0.5096,0.52907383,0.5166000000000001,0.0020632120332480554,0.5213,0,1.491240057404662,-1.3550135501355025,-0.0005704593380514589
2024-05-20,0.5377,0.5333203,0.518455,0.003465164179797633,0.5096,1,4.654691470099757,3.7119904331137628,0.0014019521465495777
2024-05-21,0.537,0.5441137,0.5194300000000001,0.004184046456751515,0.5377,1,1.1928018637698574,3.3825539533719597,0.0007188822769538823
2024-05-22,0.5268,0.5538803,0.5198699999999999,0.003821304681362209,0.537,1,3.143440278548762,1.3330255640833484,-0.00036274177538930634
2024-05-23,0.5289,0.53753775,0.51973,0.00357588516639051,0.5268,1,2.0382979464693785,1.7643776576299255,-0.00024541951497169916
2024-05-24,0.536,0.5212542,0.5200199999999999,0.0037278044213169687,0.5289,0,-1.445607513352731,3.0729587323564687,0.00015191925492645877
2024-05-25,0.5416,0.5437956,0.52062,0.004016581145046539,0.536,1,1.4544003045380944,4.02981061042603,0.00028877672372957033
2024-05-26,0.5283,0.5357979,0.520025,0.0031606908787590007,0.5416,1,-1.071289881645659,1.5912696504975787,-0.0008558902662875382
2024-05-27,0.534,0.5258757,0.5205,0.0028375444597447987,0.5283,1,-0.458889343331036,2.5936599423631255,-0.0003231464190142021
2024-05-28,0.5287,0.52252746,0.52108,0.002156789792702776,0.534,0,-2.1484164262978824,1.4623474322560759,-0.0006807546670420227
2024-05-29,0.5238,0.5143899,0.521225,0.001308190793675694,0.5287,0,-2.706663031782787,0.49402849057508635,-0.0008485989990270819
2024-05-30,0.5186,0.51966923,0.5220450000000001,0.0003767482502339038,0.5238,0,-0.7886149765836223,-0.6599047974791716,-0.0009314425434417903
2024-05-31,0.5176,0.51897854,0.52263,-0.0002906157620741831,0.5186,0,0.07299192614690568,-0.962439967089545,-0.0006673640123080869
2024-06-01,0.5187,0.5254289,0.5236000000000001,-0.0006227966767026031,0.5176,0,1.5125369362337426,-0.9358288770053504,-0.00033218091462842005
2024-06-02,0.5135,0.5324959,0.52401,-0.0011281096492797053,0.5187,0,2.659710023084623,-2.005686914371867,-0.0005053129725771021
2024-06-03,0.5199,0.51217854,0.524995,-0.0009725930102723519,0.5135,-1,-0.2573436748203687,-0.9704854331945943,0.0001555166390073534
2024-06-04,0.5257,0.5230187,0.52534,-0.0004471074744015469,0.5199,-1,0.5998687758815304,0.06852704914910647,0.000525485535870805
2024-06-05,0.5258,0.5297608,0.525845,-8.0021056965295e-05,0.5257,-1,0.77245157890183,-0.008557654822231217,0.0003670864174362519
2024-06-06,0.5215,0.53495944,0.52575,-0.00011207475146889502,0.5258,0,1.74199989786071,-0.8083689966714382,-3.2053694503600015e-05
2024-06-07,0.4991,0.525574,0.52464,-0.0015474657019460304,0.5215,0,0.7812135171570305,-4.8681000304971045,-0.0014353909504771353
2024-06-08,0.4926,0.5033281,0.52379,-0.002768967849756046,0.4991,0,0.8471418444557649,-5.9546764924874465,-0.0012215021478100157
2024-06-09,0.4986,0.5067251,0.5218349999999999,-0.0029883436431891773,0.4926,0,2.8674528746889547,-4.452556842680148,-0.00021937579343313121
2024-06-10,0.4969,0.49469382,0.51983,-0.0030526909822730574,0.4986,-1,-0.7834304636661827,-4.41105746109305,-6.434733908388009e-05
2024-06-11,0.4802,0.4882824,0.5175,-0.003966803552747715,0.4969,-1,-1.7342700159844813,-7.207729468599024,-0.0009141125704746579
2024-06-12,0.4916,0.48718768,0.515635,-0.00356329571515125,0.4802,-1,1.4551610958571204,-4.661242933470376,0.0004035078375964653
2024-06-13,0.4769,0.5011886,0.51268,-0.0040126010338625935,0.4916,0,1.9504833648222302,-6.979012249356329,-0.00044930531871134344
2024-06-14,0.4746,0.4952221,0.5093300000000001,-0.004172395229201526,0.4769,0,3.8419147986589843,-6.818761902892041,-0.00015979419533893296
2024-06-15,0.4908,0.4902891,0.507455,-0.0029522162720633325,0.4746,0,3.3057505402241434,-3.282064419505173,0.001220178957138194
2024-06-16,0.4891,0.48416704,0.5052099999999999,-0.0020666681589385297,0.4908,-1,-1.3514589661005199,-3.188772985491174,0.0008855481131248028
2024-06-17,0.5047,0.48096317,0.5040100000000001,-0.0003285261325296548,0.4891,-1,-1.6636330958061978,0.13690204559432714,0.001738142026408875
2024-06-18,0.491,0.4962145,0.50237,-1.6219808278620726e-05,0.5047,-1,-1.6812940340172569,-2.2632720902920145,0.00031230632425103405
2024-06-19,0.4933,0.4968871,0.501105,0.00040714829661536896,0.491,0,1.1989995564074252,-1.5575577972680388,0.0004233681048939897
2024-06-20,0.4888,0.50146407,0.49966499999999997,0.0004430460310651998,0.4933,0,1.65499065266935,-2.174456886113688,3.5897734449830826e-05
2024-06-21,0.4889,0.50406533,0.498175,0.0005267544873485738,0.4888,0,3.123022667124694,-1.8617955537712605,8.370845628337398e-05
2024-06-22,0.4866,0.5001835,0.49683,0.00048167866903905954,0.4889,0,2.307940826603278,-2.059054404927242,-4.5075818309514223e-05
2024-06-23,0.4797,0.5002636,0.49482,6.358721457908577e-05,0.4866,0,2.8079678872167695,-3.0556566024008665,-0.00041809145445997377
2024-06-24,0.474,0.49106902,0.492235,-0.0004899499007431987,0.4797,0,2.37002685861784,-3.704531372210428,-0.0005535371153222845
2024-06-25,0.4757,0.48785374,0.48972999999999994,-0.0006259969948324388,0.474,0,2.922729047541885,-2.8648438935739966,-0.00013604709408924012
2024-06-26,0.4698,0.50356877,0.48714500000000005,-0.0009768250894960882,0.4757,0,5.85847561515277,-3.560541522544633,-0.0003508280946636494
2024-06-27,0.4753,0.49742264,0.48595499999999997,-0.0007141350163903468,0.4698,0,5.879658483454095,-2.1925898488543116,0.0002626900731057414
2024-06-28,0.4716,0.47216222,0.48490500000000003,-0.0006661691382213123,0.4753,-1,-0.6601689665939039,-2.743836421567113,4.7965878169034526e-05
2024-06-29,0.4727,0.465599,0.48361,-0.00044745955559019786,0.4716,-1,-1.2724765788912307,-2.255950042389524,0.00021870958263111445
2024-06-30,0.4761,0.47844362,0.48257000000000005,1.4604233040114642e-05,0.4727,-1,1.215067186188136,-1.3407381312555755,0.0004620637886303125
2024-07-01,0.477,0.4656257,0.48241000000000006,0.00044539813056672026,0.4761,0,-2.2000203035479253,-1.1214527062042827,0.0004307938975266056
2024-07-02,0.4853,0.46527326,0.48209500000000005,0.0013052452980028308,0.477,0,-2.4584358343288293,0.6648067289641995,0.0008598471674361105
2024-07-03,0.4672,0.48812187,0.48161000000000004,0.0007011788906835549,0.4853,0,0.5814686132022658,-2.992047507319207,-0.0006040664073192759
2024-07-04,0.4329,0.48506358,0.47952500000000003,-0.0018242183077014276,0.4672,0,3.8235408088115785,-9.723163547260315,-0.0025253971983849825
2024-07-05,0.4251,0.48302078,0.47623999999999994,-0.0037261570757102618,0.4329,0,11.577912328644748,-10.738283218545265,-0.0019019387680088342
2024-07-06,0.4488,0.48086774,0.474225,-0.003118872328976459,0.4251,0,13.118735236915194,-5.361379092203075,0.0006072847467338029
2024-07-07,0.4195,0.47745314,0.4699649999999999,-0.004345917406269356,0.4488,0,6.38439001884053,-10.738033683359385,-0.0012270450772928973
2024-07-08,0.4316,0.43677476,0.466995,-0.004006404642931581,0.4195,0,4.117940520785567,-7.579310270987914,0.0003395127633377751
2024-07-09,0.4356,0.43789658,0.46410999999999997,-0.003210593264757094,0.4316,0,1.4588923781309264,-6.14294025123354,0.000795811378174487
2024-07-10,0.4388,0.45195684,0.46161,-0.0022142370418035493,0.4356,0,3.7550133997634343,-4.9414007495504855,0.0009963562229535448
2024-07-11,0.4491,0.4500494,0.45962,-0.000686261727731792,0.4388,0,2.5636737305355104,-2.2888473086462673,0.0015279753140717573
2024-07-12,0.4745,0.46340638,0.45901500000000006,0.0020600339955971284,0.4491,1,3.185567577653408,3.3735280982102793,0.0027462957233289204
2024-07-13,0.5257,0.45928234,0.46131500000000003,0.007067784481122181,0.4745,1,-3.2070940739236673,13.95684077040632,0.0050077504855250525
2024-07-14,0.5205,0.45797223,0.46364,0.009615031294751534,0.5257,1,-12.883350099473247,12.263825381761704,0.0025472468136293527
2024-07-15,0.5372,0.4615124,0.46671500000000005,0.01186224342398304,0.5205,0,-11.332874774474798,15.102364397973059,0.002247212129231506
2024-07-16,0.5793,0.46158135,0.47219,0.015397529261235722,0.5372,0,-14.076442782415533,22.683665473644094,0.003535285837252683
2024-07-17,0.626,0.45601466,0.479725,0.01981329638894489,0.5793,0,-21.2817774933483,30.491427380269943,0.004415767127709169
2024-07-18,0.5697,0.63473254,0.48463,0.01793107243870365,0.626,1,1.394975147308252,17.55359758991395,-0.0018822239502412422
2024-07-19,0.5733,0.56246966,0.48966000000000004,0.015981868504372373,0.5697,1,-1.2691484578182655,17.08124004411224,-0.0019492039343312756
2024-07-20,0.5937,0.5330033,0.49554,0.015128574145791465,0.5733,1,-7.028907966846662,19.8086935464342,-0.000853294358580909
2024-07-21,0.5984,0.49368906,0.50161,0.013970487375661707,0.5937,0,-16.845366311069288,19.295867307270598,-0.0011580867701297577
2024-07-22,0.608,0.49397528,0.507745,0.012962936434959587,0.5984,0,-17.45065479355063,19.745147662704703,-0.0010075509407021198
2024-07-23,0.5975,0.581344,0.5142599999999999,0.010790275723986907,0.608,0,-4.384209137213855,16.186364873799267,-0.00217266071097268
2024-07-24,0.6179,0.5707732,0.5235099999999999,0.009948613836499004,0.5975,0,-4.473107230214399,18.030219098011518,-0.0008416618874879031
2024-07-25,0.5996,0.568366,0.532235,0.007492899039687084,0.6179,0,-8.016508963332244,12.657003015585222,-0.0024557147968119197
2024-07-26,0.6034,0.5570576,0.539965,0.005547552314038293,0.5996,0,-7.0951269021266485,11.747983665607958,-0.0019453467256487916
2024-07-27,0.5956,0.53599286,0.54877,0.003271143803650598,0.6034,0,-11.171219623124404,8.533629753813079,-0.0022764085103876945
2024-07-28,0.6012,0.57925594,0.55725,0.0017542663727661244,0.5956,0,-2.7441338935580517,7.88694481830416,-0.0015168774308844737
2024-07-29,0.6019,0.57763773,0.5655650000000001,0.0004762606487784121,0.6012,0,-3.919206249341114,6.4245489024249895,-0.0012780057239877123
2024-07-30,0.6277,0.5751283,0.57501,0.0010157081222826533,0.6019,0,-4.447862289537719,9.163318898801762,0.0005394474735042412
2024-07-31,0.623,0.5879715,0.583705,0.0007172675713934054,0.6277,0,-6.329216424572221,6.731996470820015,-0.0002984405508892479
2024-08-01,0.5964,0.5765927,0.5898,-0.001489941849260254,0.623,0,-7.449007416996106,1.119023397761962,-0.0022072094206536594
2024-08-02,0.5607,0.5802169,0.59155,-0.005355169915294802,0.5964,-1,-2.7134666980152464,-5.21511283915139,-0.0038652280660345477
2024-08-03,0.5558,0.5816287,0.593315,-0.008079200743826818,0.5607,-1,3.7325985784175204,-6.322948180983133,-0.002724030828532016
2024-08-04,0.5228,0.5828312,0.592595,-0.011720015275804203,0.5558,-1,4.863476778972753,-11.777858402450232,-0.003640814531977385
2024-08-05,0.4889,0.56819797,0.588075,-0.01577531817002932,0.5228,0,8.683620050104858,-16.86434553415806,-0.004055302894225118
2024-08-06,0.5062,0.57860065,0.582085,-0.01657440913235907,0.4889,0,18.34744223058041,-13.036755800269717,-0.0007990909623297494
2024-08-07,0.6002,0.5103501,0.58361,-0.010358088624518827,0.5062,0,0.819855422099466,2.8426517708743844,0.006216320507840243
2024-08-08,0.6166,0.5005059,0.585775,-0.004999156444334407,0.6002,0,-16.610142581663855,5.262259399940248,0.00535893218018442
2024-08-09,0.5805,0.50106126,0.585115,-0.0037975759993187364,0.6166,-1,-18.738037512126855,-0.7887338386471096,0.0012015804450156709
2024-08-10,0.5841,0.4912447,0.5844,-0.002722515215630583,0.5805,-1,-15.37558940029884,-0.051334702258740234,0.0010750607836881535
2024-08-11,0.5528,0.4843812,0.5816399999999999,-0.004004142271655891,0.5841,-1,-17.072213853268845,-4.9583935080118255,-0.0012816270560253081
2024-08-12,0.5684,0.55541116,0.580185,-0.0036935359176775012,0.5528,0,0.47235166284697166,-2.031248653446734,0.00031060635397838973
2024-08-13,0.577,0.5585099,0.5781400000000001,-0.0028395363385660746,0.5684,-1,-1.7399918605205824,-0.19718407306191246,0.0008539995791114266
2024-08-14,0.5687,0.5670793,0.576595,-0.0027617631231455168,0.577,-1,-1.7193577731709269,-1.3692453108334248,7.777321542055786e-05
2024-08-15,0.5607,0.57822794,0.57446,-0.0031491506389991616,0.5687,-1,1.675388996224216,-2.395292970789958,-0.00038738751585364484
2024-08-16,0.5638,0.593375,0.57287,-0.0030922307761560904,0.5607,0,5.82754185477404,-1.58325623614433,5.691986284307119e-05
2024-08-17,0.5665,0.5569047,0.571135,-0.0027782907353701087,0.5638,-1,-1.2230092982697744,-0.8115419296663565,0.00031394004078598176
2024-08-18,0.5631,0.534499,0.5691949999999999,-0.0027026681447685566,0.5665,-1,-5.648898573334199,-1.070810530661698,7.562259060155205e-05
2024-08-19,0.5985,0.5313139,0.5677350000000001,-0.000298097292605398,0.5631,-1,-5.644841736956282,5.418901424079883,0.0024045708521631586
2024-08-20,0.5937,0.5636312,0.5662699999999999,0.0008753709718023785,0.5985,0,-5.826035597569367,4.843979020608556,0.0011734682644077765
2024-08-21,0.5999,0.55580014,0.5664450000000001,0.0019156919936212519,0.5937,0,-6.383671904325045,5.90613387001384,0.0010403210218188734
2024-08-22,0.5976,0.5817908,0.56829,0.0022712071642550513,0.5999,0,-3.0187023065550784,5.157577997149353,0.00035551517063379945
2024-08-23,0.6109,0.5900338,0.571045,0.0031692416165647764,0.5976,0,-1.266092835979133,6.979309861744691,0.0008980344523097251
2024-08-24,0.6127,0.59945595,0.5755399999999999,0.0036191137177432947,0.6109,0,-1.873309437821551,6.4565451575911466,0.0004498721011785183
2024-08-25,0.6,0.5816753,0.581095,0.0028308984830677716,0.6127,0,-5.0636051801205575,3.253340675793106,-0.000788215234675523
2024-08-26,0.5874,0.5706002,0.5851550000000001,0.0013079232131892153,0.6,0,-4.899964729944861,0.38365903051327277,-0.0015229752698785563
2024-08-27,0.5666,0.57312405,0.583475,-0.0011220343967163569,0.5874,-1,-2.430362428659322,-2.8921547624148376,-0.002429957609905572
2024-08-28,0.5693,0.565636,0.58111,-0.0024908161298878477,0.5666,-1,-0.17014133858672179,-2.032317461410058,-0.0013687817331714909
2024-08-29,0.5619,0.55709434,0.5801799999999999,-0.0037616009124161447,0.5693,-1,-2.1439775942332258,-3.150746320107547,-0.001270784782528297
2024-08-30,0.5667,0.5658406,0.57931,-0.004117197518676606,0.5619,0,0.7012995054425322,-2.176727486147315,-0.00035559660626046166
2024-08-31,0.5662,0.5939834,0.57998,-0.0042093806367631175,0.5667,0,4.814436525311532,-2.375943998068901,-9.218311808651108e-05
2024-09-01,0.5472,0.614798,0.57892,-0.005302661642939547,0.5662,0,8.583187812716234,-5.479168106128649,-0.0010932810061764298
2024-09-02,0.5677,0.576541,0.5784549999999999,-0.004433216254676586,0.5472,0,5.362026053562495,-1.8592630368827239,0.0008694453882629617
2024-09-03,0.5572,0.5694581,0.5778800000000001,-0.004347393132406871,0.5677,0,0.30969297547816954,-3.5785976327265225,8.582312226971481e-05
2024-09-04,0.5579,0.5682884,0.57774,-0.004032561831967143,0.5572,0,1.9900190000130082,-3.434070689237387,0.0003148313004397276
2024-09-05,0.5444,0.5511371,0.57677,-0.00448771642117171,0.5579,-1,-1.2122083295735562,-5.612289127381801,-0.00045515458920456636
2024-09-06,0.5211,0.54325926,0.5745,-0.0060168079851439,0.5444,-1,-0.20954022067684444,-9.295039164490863,-0.0015290915639721908
2024-09-07,0.5248,0.5368944,0.572585,-0.006402074487246237,0.5211,-1,3.030969304604713,-8.345485823065566,-0.0003852665021023367
2024-09-08,0.5295,0.53486806,0.569135,-0.005971808006898949,0.5248,0,1.9184568488016276,-6.964077064316898,0.0004302664803472883
2024-09-09,0.5395,0.52978337,0.5664250000000001,-0.004701091955879066,0.5295,0,0.053516168207132696,-4.753497815244752,0.0012707160510198826
2024-09-10,0.5408,0.5181587,0.5634699999999999,-0.0035147103670417216,0.5395,-1,-3.9557601037789945,-4.0232842919764975,0.0011863815888373446
2024-09-11,0.5348,0.5342499,0.56033,-0.002901238278549434,0.5408,-1,-1.2111868025988421,-4.556243642139443,0.0006134720884922876
2024-09-12,0.5626,0.5418694,0.557915,-0.0005153644404315202,0.5348,-1,1.3218776985345253,0.839733651183413,0.0023858738381179138
2024-09-13,0.5728,0.5410141,0.55592,0.0017343287647765687,0.5626,0,-3.8368156275798344,3.0364081162757244,0.002249693205208089
2024-09-14,0.5956,0.5319041,0.5557000000000001,0.004580883630304233,0.5728,0,-7.139647106884574,7.18013316537699,0.0028465548655276646
2024-09-15,0.5706,0.5166905,0.5548599999999999,0.0045913936207333085,0.5956,0,-13.248742003021347,2.8367516130195165,1.0509990429075251e-05
2024-09-16,0.5866,0.5829353,0.55586,0.005429834177423896,0.5706,1,2.1618075091672546,5.530169467132009,0.000838440556690587
2024-09-17,0.5839,0.59650356,0.55659,0.005537487130104484,0.5866,1,1.6882979499980755,4.90666379201925,0.00010765295268058868
2024-09-18,0.5852,0.60023296,0.557755,0.005424102826615313,0.5839,1,2.797218495228663,4.920619268316743,-0.00011338430348917152
2024-09-19,0.5868,0.6065496,0.55876,0.005184903117330016,0.5852,1,3.6482605311614624,5.018254706850875,-0.000239199709285297
2024-09-20,0.5851,0.5919722,0.5597049999999999,0.004656968259559783,0.5868,1,0.8814199489237279,4.5372115668075255,-0.0005279348577702332
2024-09-21,0.5976,0.57554406,0.562225,0.004871331675603437,0.5851,0,-1.6332149587111848,6.291964960647436,0.0002143634160436548
2024-09-22,0.5871,0.5921835,0.5631950000000001,0.0040608069664145735,0.5976,0,-0.9063804006002069,4.244533420928779,-0.0008105247091888639
2024-09-23,0.5847,0.5851635,0.56457,0.0031580589567265496,0.5871,0,-0.3298460086958232,3.565545459376159,-0.0009027480096880239
2024-09-24,0.5911,0.5988474,0.5662299999999999,0.0027992282977594915,0.5847,1,2.419597951289791,4.392208113310857,-0.0003588306589670581
2024-09-25,0.5831,0.5792399,0.5681649999999999,0.0018747706263860294,0.5911,1,-2.0064447842118556,2.6286378076791133,-0.0009244576713734621
2024-09-26,0.5905,0.5898581,0.571635,0.0016227695416871895,0.5831,1,1.1589975509159522,3.300182808960267,-0.0002520010846988399
2024-09-27,0.5888,0.5965167,0.574835,0.0012210221703602845,0.5905,1,1.0189209824189767,2.429392782276654,-0.00040174737132690503
2024-09-28,0.6138,0.6151313,0.57905,0.002447625656121344,0.5888,1,4.472031006994456,6.001208876608248,0.0012266034857610596
2024-09-29,0.6412,0.59445685,0.584135,0.00477813109030559,0.6138,0,-3.151376428414574,9.769145831015097,0.002330505434184246
2024-09-30,0.6114,0.60137683,0.587665,0.004017111236147409,0.6412,0,-6.210724963891973,4.0388656802770395,-0.0007610198541581807
2024-10-01,0.5967,0.6366659,0.59076,0.002312768056896052,0.6114,1,4.132463310448834,1.005484460694708,-0.0017043431792513573
2024-10-02,0.5383,0.6254513,0.589545,-0.0026875905966226125,0.5967,1,4.818388867142492,-8.6922966016165,-0.005000358653518664
2024-10-03,0.5217,0.62848294,0.58699,-0.0068179969214711015,0.5383,1,16.753285865280546,-11.122847067241343,-0.004130406324848489
2024-10-04,0.534,0.63441443,0.58391,-0.008326741177311438,0.5217,0,21.60522032451281,-8.54755013615112,-0.001508744255840337
2024-10-05,0.5294,0.62266135,0.58185,-0.009172727762407958,0.534,0,16.603249467713997,-9.014350777691844,-0.0008459865850965198
2024-10-06,0.5336,0.53556126,0.5791999999999999,-0.008976460720896636,0.5294,0,1.1638200909045708,-7.872928176795576,0.00019626704151132213
2024-10-07,0.5286,0.522952,0.576435,-0.008703881278055811,0.5336,-1,-1.995498469208306,-8.298420463712313,0.000272579442840825
2024-10-08,0.531,0.53061455,0.5737249999999999,-0.007905671146990957,0.5286,-1,0.38111140409564925,-7.446947579415209,0.000798210131064854
2024-10-09,0.5245,0.5363895,0.57061,-0.007369807962036328,0.531,-1,1.0149773455833482,-8.08082578293405,0.000535863184954629
2024-10-10,0.5305,0.5369094,0.56788,-0.006211951513200805,0.5245,0,2.365948792522135,-6.582376558427851,0.001157856448835523
2024-10-11,0.5388,0.52981347,0.56494,-0.00456399956406401,0.5305,-1,-0.1294121665846675,-4.627040039650238,0.0016479519491367951
2024-10-12,0.5393,0.53033674,0.56255,-0.0031826291139201816,0.5388,-1,-1.5707613896155312,-4.132965958581458,0.0013813704501438283
2024-10-13,0.5321,0.54155105,0.55992,-0.0025249026602719507,0.5393,-1,0.41740284146436724,-4.968566938134011,0.0006577264536482309
2024-10-14,0.5483,0.5424944,0.5577799999999999,-0.0008561332546236193,0.5321,0,1.953470444818159,-1.6995948223313733,0.0016687694056483314
2024-10-15,0.5417,0.5556848,0.55571,-9.423279775074532e-05,0.5483,0,1.346854808751017,-2.5210991344406395,0.000761900456872874
2024-10-16,0.5482,0.53770405,0.553595,0.0008955458616893477,0.5417,0,-0.7376683513154675,-0.9745391486555927,0.000989778659440093
2024-10-17,0.5441,0.54058605,0.55136,0.0012977599642683916,0.5482,0,-1.3888992475184714,-1.3167440510736965,0.0004022141025790439
2024-10-18,0.5465,0.53528243,0.547995,0.0017224722150858754,0.5441,0,-1.620578380262916,-0.2728127081451517,0.0004247122508174838
2024-10-19,0.544,0.5288534,0.543135,0.0018223893360610754,0.5465,0,-3.229018034241334,0.15926058898800569,9.991712097520006e-05
2024-10-20,0.5482,0.52661026,0.539975,0.0021369180950416636,0.544,0,-3.19664425709669,1.5232186675309112,0.00031452875898058813
2024-10-21,0.5449,0.537331,0.537385,0.00208597020650066,0.5482,0,-1.9826732817813058,1.398438735729514,-5.0947888541003766e-05
2024-10-22,0.5339,0.54209733,0.5371650000000001,0.0013124690488120075,0.5449,0,-0.5143457343762639,-0.6078206882429185,-0.0007735011576886523
2024-10-23,0.5258,0.5355745,0.53737,0.00030871355166458593,0.5339,0,0.3136347241784744,-2.1530788841952413,-0.0010037554971474216
2024-10-24,0.532,0.5301555,0.53727,0.00012514658906199322,0.5258,0,0.8283529684270553,-0.9808848437470912,-0.0001835669626025927
2024-10-25,0.5022,0.5266628,0.53591,-0.0018324403380976786,0.532,-1,-1.0032280943447538,-6.29023530070348,-0.001957586927159672
2024-10-26,0.5134,0.5026509,0.5349,-0.002178627950363653,0.5022,-1,0.08978824699034614,-4.019442886520859,-0.00034618761226597444
2024-10-27,0.5168,0.50784093,0.53431,-0.001989486207351499,0.5134,-1,-1.0827948158243292,-3.2771237671014792,0.00018914174301215385
2024-10-28,0.5195,0.53045803,0.5337350000000001,-0.0015148634413888386,0.5168,0,2.642808259456143,-2.6670538750503727,0.00047462276596266055
2024-10-29,0.5284,0.53924745,0.53393,-0.00048706501471817293,0.5195,0,3.8012421968696977,-1.0357162923978864,0.0010277984266706657
2024-10-30,0.5229,0.5520565,0.53355,-8.428993187434286e-05,0.5284,0,4.47700442372625,-1.996064098959786,0.00040277508284383007
2024-10-31,0.5095,0.52219045,0.532085,-0.0005983489379783203,0.5229,-1,-0.1356948514038543,-4.244622569702224,-0.0005140590061039774
2024-11-01,0.5131,0.5176149,0.530775,-0.0005738499233012631,0.5095,-1,1.592718560515498,-3.330036267721727,2.4499014677057188e-05
2024-11-02,0.5103,0.51452756,0.529685,-0.0006202025820133909,0.5131,-1,0.2782224284536167,-3.6597222877748075,-4.635265871212775e-05
2024-11-03,0.503,0.53084433,0.52742,-0.0009942997340579973,0.5103,0,4.025931959172784,-4.630086079405407,-0.0003740971520446064
2024-11-04,0.5035,0.5250866,0.52551,-0.001054166006183209,0.503,0,4.390970518290403,-4.188312306140717,-5.9866272125211686e-05
2024-11-05,0.514,0.51909095,0.5238,-0.00027336086578883326,0.5035,0,3.096514496334507,-1.8709431080565158,0.0007808051403943757
2024-11-06,0.5418,0.5134264,0.5236850000000001,0.002098098362536091,0.514,0,-0.11159084186479981,3.459140513858499,0.0023714592283249243
2024-11-07,0.5556,0.51436865,0.52414,0.004444003661668939,0.5418,0,-5.063002344513776,6.002213149158608,0.0023459052991328475
2024-11-08,0.5537,0.52392477,0.524625,0.00563884991562877,0.5556,0,-5.701085678358741,5.54205384798665,0.0011948462539598317
2024-11-09,0.5593,0.5329616,0.52518,0.006515379243824062,0.5537,0,-3.745420448009726,6.496820137857504,0.0008765293281952913
2024-11-10,0.5884,0.5705143,0.527355,0.008631309806486343,0.5593,1,2.0050637094957002,11.5756937926065,0.0021159305626622816
2024-11-11,0.6207,0.57364243,0.5316949999999999,0.011597696498449432,0.5884,1,-2.5080841791864863,16.739860258230777,0.002966386691963089
2024-11-12,0.704,0.5756126,0.540605,0.01816989708247875,0.6207,1,-7.263959301099971,30.224470731865217,0.006572200584029318
2024-11-13,0.6898,0.5939409,0.548495,0.020393991250104916,0.704,0,-15.633392943577329,25.762313238953872,0.002224094167626166
2024-11-14,0.7736,0.6041085,0.562065,0.02598383488413261,0.6898,0,-12.422656943812578,37.63532687500554,0.0055898436340276955
2024-11-15,0.8922,0.70106983,0.581005,0.035551868523387785,0.7736,0,-9.37566806513126,53.56150119190024,0.009568033639255173
2024-11-16,1.1209,0.5443851,0.61121,0.05405707734033262,0.8922,0,-38.98396373356278,83.39032411118927,0.018505208816944833
2024-11-17,1.0543,0.55396754,0.6379499999999999,0.058225297652968876,1.1209,0,-50.578326746742974,65.26373540246104,0.004168220312636257
2024-11-18,1.1137,0.5421053,0.6672149999999999,0.06109718473818987,1.0543,0,-48.58149320726703,66.9177101833742,0.0028718870852209935
2024-11-19,1.1003,0.54311615,0.696085,0.058220827435405145,1.1137,0,-51.233173001119724,58.06977596126912,-0.002876357302784724
2024-11-20,1.1041,0.8500047,0.7258150000000001,0.05285733209006099,1.1003,0,-22.747916658715774,52.11865282475561,-0.005363495345344152
2024-11-21,1.247,0.67676914,0.76251,0.05497267457753527,1.1041,0,-38.70399987478423,63.53883883490054,0.0021153424874742754
2024-11-22,1.4726,0.6454621,0.8106249999999999,0.06681714493335267,1.247,0,-48.23880547414136,81.66229760986893,0.0118444703558174
2024-11-23,1.4685,0.6186335,0.8589,0.0693275302764686,1.4726,0,-57.990390555327245,70.97450227034578,0.0025103853431159284
2024-11-24,1.4331,0.6117588,0.9053800000000001,0.06370038907448819,1.4685,0,-58.341244251743476,58.28712805672755,-0.005627141201980407
2024-11-25,1.4142,1.241649,0.9503900000000002,0.05417559330537289,1.4331,0,-13.3592190608402,48.802070728858645,-0.009524795769115302
2024-11-26,1.3984,1.1602638,0.99322,0.042781486318986206,1.4142,0,-17.95617474337612,40.79458730190694,-0.011394106986386682
2024-11-27,1.4696,1.0049285,1.03892,0.03626765828329667,1.3984,0,-28.137266185791056,41.454587456204514,-0.006513828035689534
2024-11-28,1.5421,0.8022529,1.08834,0.03315446180995249,1.4696,0,-45.410119169875856,41.692853336273586,-0.003113196473344182
2024-11-29,1.8006,0.7175525,1.1504050000000001,0.04413043396731406,1.5421,0,-53.46913409754117,56.51879120831358,0.010975972157361569
2024-11-30,1.9513,1.609874,1.21855,0.05638171912719975,1.8006,0,-10.592357542704676,60.13294489352099,0.012251285159885689
2024-12-01,2.2937,1.5211177,1.3021999999999998,0.08089545396888476,1.9513,0,-22.04593413491817,76.14037782214716,0.02451373484168501
2024-12-02,2.7245,1.3141108,1.4032250000000002,0.11726710859898498,2.2937,0,-42.70781898590006,94.1598817010814,0.036371654630100225
2024-12-03,2.5102,1.4230392,1.494245,0.1177283649993941,2.7245,0,-47.76879435045869,67.99119287667017,0.00046125640040911575
2024-12-04,2.3574,0.87620705,1.5734350000000001,0.09931395923370856,2.5102,0,-65.09413378769237,49.82506427021135,-0.018414405765685538
2024-12-05,2.2446,2.3106947,1.6410550000000002,0.07236031763372375,2.3574,0,-1.9812210690148973,36.77786545850078,-0.026953641599984812
2024-12-06,2.4257,2.067067,1.7062950000000001,0.060058490471877723,2.2446,0,-7.909342070627716,42.16181844288355,-0.012301827161846024
2024-12-07,2.6099,0.8481665,1.784075,0.057645968164137806,2.4257,0,-65.03415404361948,46.28869302019253,-0.002412522307739917
2024-12-08,2.6013,0.7620806,1.858455,0.04912290655108248,2.6099,0,-70.80039044413842,39.97110503079171,-0.008523061613055327
2024-12-09,2.2124,0.63865006,1.9140599999999999,0.012834851665292135,2.6013,0,-75.4488117595044,15.586763215364217,-0.036288054885790344
2024-12-10,2.3709,1.9962983,1.9774,-0.004048947355641819,2.2124,0,-9.767749360835788,19.899868514210567,-0.016883799020933954
2024-12-11,2.3941,2.0343742,2.034755,-0.0165107596240458,2.3709,0,-14.194009150088698,17.66035714373474,-0.012461812268403982
2024-12-12,2.3384,1.9775765,2.0780450000000004,-0.030545269787052076,2.3941,0,-17.397915951007935,12.528843215618506,-0.014034510163006275
2024-12-13,2.4217,1.9169021,2.1257050000000004,-0.03588953018932789,2.3384,0,-18.0250570784682,13.924556794098875,-0.005344260402275813
2024-12-14,2.4005,1.8359089,2.1740749999999998,-0.04209390180837297,2.4217,0,-24.189251774765335,10.414774099329616,-0.006204371619045079
2024-12-15,2.4469,2.3720946,2.2257100000000003,-0.044102116471440966,2.4005,0,-1.1833105105157975,9.937952383733709,-0.0020082146630679976
2024-12-16,2.4841,2.2557194,2.2799950000000004,-0.04386159217925928,2.4469,0,-7.813174903180861,8.951993315774804,0.00024052429218168747
2024-12-17,2.5673,2.2486894,2.33488,-0.039188628579607365,2.4841,0,-9.476695259020227,9.954258891249221,0.004672963599651914
2024-12-18,2.3103,2.273007,2.37329,-0.05360391278544385,2.5673,-1,-11.46313574392776,-2.654121493791324,-0.014415284205836487
2024-12-19,2.239,2.212813,2.39521,-0.06725455356561544,2.3103,-1,-4.219672746257495,-6.521766358690895,-0.013650640780171586
2024-12-20,2.2793,2.006215,2.41161,-0.07243500350004961,2.239,-1,-10.396824675300596,-5.486376321212797,-0.0051804499344341726
2024-12-21,2.238,1.7122654,2.4088249999999998,-0.07707736150384009,2.2793,-1,-24.877577665234675,-7.091631812190583,-0.004642358003790481
2024-12-22,2.2031,1.8990202,2.382755,-0.08055498588593746,2.238,-1,-15.146550714596774,-7.539801616196373,-0.0034776243820973662
2024-12-23,2.2617,1.7747884,2.37033,-0.0769697223076018,2.2031,-1,-19.441315434197747,-4.582906177620847,0.0035852635783356623
2024-12-24,2.3238,1.8858082,2.3686499999999997,-0.0687467314378136,2.2617,-1,-16.619877550231628,-1.8934836299157682,0.0082229908697882
2024-12-25,2.2973,2.2388613,2.371285,-0.0635455230259575,2.3238,-1,-3.6551629915244757,-3.120038291474874,0.00520120841185609
2024-12-26,2.1559,2.196939,2.357795,-0.06769878172835347,2.2973,-1,-4.368650522498979,-8.562873362612098,-0.004153258702395968
2024-12-27,2.1466,2.10517,2.3346299999999998,-0.06891290589977703,2.1559,-1,-2.353077066636402,-8.053952874759595,-0.0012141241714235529
2024-12-28,2.1843,1.9724381,2.31378,-0.06506469444075086,2.1466,-1,-8.113384095773679,-5.596037652672252,0.0038482114590261685
2024-12-29,2.0942,1.9157467,2.30787,-0.06625284052187987,2.1843,-1,-12.29470819746493,-9.25832044265925,-0.0011881460811290073
2024-12-30,2.0587,2.2036352,2.2922599999999997,-0.06689994528826182,2.0942,0,5.2256334523578225,-10.189071047786891,-0.0006471047663819535
2024-12-31,2.0836,2.195372,2.276735,-0.0631669481367628,2.0587,0,6.638757693922155,-8.482981111108664,0.0037329971514990234
2025-01-01,2.3328,2.092673,2.276455,-0.0424260055925125,2.0836,0,0.4354512995871628,2.475120307671371,0.020740942544250296
2025-01-02,2.4024,2.0693767,2.27549,-0.02347704182870343,2.3328,0,-11.292150759729672,5.577260282400717,0.01894896376380907
2025-01-03,2.4547,2.1154404,2.2782,-0.007695128297054474,2.4024,0,-11.944706599552795,7.747344394697563,0.015781913531648956
2025-01-04,2.4201,2.5511065,2.27686,-0.0002537907124705724,2.4547,0,3.927423022849825,6.291120226979261,0.007441337584583901
2025-01-05,2.3994,2.6491241,2.272625,0.0024573922073247156,2.4201,1,9.46341661533872,5.578351025796154,0.002711182919795288
2025-01-06,2.42,2.4555445,2.26526,0.004691749754630825,2.3994,1,2.339937973690201,6.831003946566834,0.0022343575473061095
2025-01-07,2.2712,2.2742152,2.263305,-0.004311292016073234,2.42,1,-6.024164404750853,0.3488261635086736,-0.00900304177070406
2025-01-08,2.3731,2.2729876,2.27001,-0.003876849022585005,2.2712,0,0.07870747363664433,4.541389685507989,0.00043444299348822935
2025-01-09,2.2722,2.3693027,2.269655,-0.010483333732058772,2.3731,0,-0.1600122357343106,0.1121315794691272,-0.006606484709473767
2025-01-10,2.3414,2.427765,2.274825,-0.010277334421622875,2.2722,0,6.846443648363911,2.926598749354358,0.0002059993104358976
2025-01-11,2.5764,2.319716,2.2934900000000003,0.004792191853500188,2.3414,0,-0.9261135767024966,12.335349183994687,0.015069526275123063
2025-01-12,2.5046,2.3448539,2.3056349999999997,0.008797737773313469,2.5764,0,-8.987196164367326,8.629509874719993,0.00400554591981328
2025-01-13,2.5232,2.3686519,2.315605,0.011407682800501792,2.5046,0,-5.427937917717726,8.965043692685065,0.0026099450271883234
2025-01-14,2.6673,2.4561477,2.334105,0.02098919098689768,2.5232,0,-2.657432199355996,14.275064746444563,0.009581508186395887
2025-01-15,3.1429,2.7480054,2.383455,0.05554577835165882,2.6673,1,3.0257335195604664,31.863198591959986,0.03455658736476114
2025-01-16,3.2451,2.7794428,2.4383799999999995,0.07998863235188353,3.1429,1,-11.564389984714433,33.084260861719684,0.02444285400022471
2025-01-17,3.2922,2.6720278,2.4937750000000003,0.09311239586867903,3.2451,1,-17.659615225749462,32.01672163687579,0.013123763516795506
2025-01-18,3.2697,2.5484881,2.55255,0.09379967200154676,3.2922,0,-22.59011785109649,28.09543397778691,0.0006872761328677313
2025-01-19,2.9587,3.602157,2.59755,0.06803078618880226,3.2697,1,10.167817106654416,13.90348597717079,-0.025768885812744502
2025-01-20,3.1053,3.2284825,2.648635,0.05607844522497127,2.9587,1,9.118277784753609,17.24152252009054,-0.011952340963830993
2025-01-21,3.1738,3.8176837,2.6906849999999998,0.048300634700785744,3.1053,1,22.940897715094387,17.955093219756314,-0.007777810524185524
2025-01-22,3.1803,2.1726983,2.72958,0.03948028258858419,3.1738,0,-31.542685129698228,16.512430483810697,-0.008820352112201557
2025-01-23,3.1194,2.244936,2.7628150000000002,0.026077568947693586,3.1803,0,-29.41118795774352,12.90658259782142,-0.013402713640890601
2025-01-24,3.1009,3.1714692,2.796855,0.013151745162993084,3.1194,1,1.6692059876376537,10.87096041804099,-0.012925823784700502
2025-01-25,3.108,3.2692297,2.8322849999999997,0.0028061764491463803,3.1009,1,5.42841273492974,9.73471949327135,-0.010345568713846703
2025-01-26,3.0223,3.6611097,2.8624,-0.011308481612952642,3.108,1,17.796321940084525,5.586221352711009,-0.014114658062099023
2025-01-27,3.0552,3.5132647,2.9016,-0.01945106891431786,3.0223,0,16.24473599797818,5.2936311000827105,-0.008142587301365217
2025-01-28,3.0572,2.9394593,2.935805,-0.02535126297113091,3.0552,0,-3.7883174953176058,4.134981717109947,-0.005900194056813052
2025-01-29,3.0683,2.9569745,2.9756099999999996,-0.02889814906548316,3.0572,0,-3.2783427195416097,3.1149915479515182,-0.0035468860943522473
2025-01-30,3.1276,2.9268103,3.01492,-0.02764221756687224,3.0683,0,-4.611339680363637,3.737412601329392,0.0012559314986109182
2025-01-31,3.0361,2.939591,3.037905,-0.03300251254994002,3.1276,-1,-6.011288817664645,-0.05941594618660086,-0.0053602949830677815
2025-02-01,2.8778,3.048562,3.056565,-0.046416535134833486,3.0361,-1,0.410462430938469,-5.84855875795214,-0.013414022584893465
2025-02-02,2.58,3.0698638,3.059405,-0.07297206435429077,2.8778,-1,6.673979992846296,-15.669876985884507,-0.02655552921945728
2025-02-03,2.7001,2.761251,3.061045,-0.07953663081158982,2.58,0,7.025231501852816,-11.791561378548831,-0.006564566457299054
2025-02-04,2.5274,2.7008686,3.0302700000000002,-0.091731655573338,2.7001,0,0.028465855612120585,-16.594890884310644,-0.012195024761748177
2025-02-05,2.381,2.8348827,2.9870650000000003,-0.10492897961401469,2.5274,0,12.165970412520954,-20.28964886937514,-0.013197324040676695
2025-02-06,2.325,2.98074,2.938705,-0.11205442871259645,2.381,0,25.188579182823094,-20.88351842052877,-0.00712544909858176
2025-02-07,2.3968,2.8431492,2.89506,-0.10658932426803056,2.325,0,22.28598645938339,-17.210696842207078,0.005465104444565896
2025-02-08,2.419,2.6033754,2.868075,-0.09644161208236238,2.3968,0,8.618801521841142,-15.657714669246797,0.010147712185668178
2025-02-09,2.3928,2.8027506,2.83245,-0.08675985690953693,2.419,0,15.864017671078084,-15.521898003495219,0.009681755172825449
2025-02-10,2.4237,2.8034067,2.794945,-0.07403595630217588,2.3928,0,17.160093421642706,-13.282730071611415,0.012723900607361047
2025-02-11,2.4131,2.8446717,2.756585,-0.06255199589577097,2.4237,0,17.368970013896373,-12.460526339655765,0.011483960406404911
2025-02-12,2.4734,2.8745406,2.724285,-0.04777997315025412,2.4131,0,19.122314342467003,-9.209205351128837,0.014772022745516852
2025-02-13,2.5599,2.4385247,2.697235,-0.029940507457137985,2.4734,-1,-1.4100136228277393,-5.091695755097357,0.017839465693116133
2025-02-14,2.7384,2.4727862,2.6787549999999998,-0.005174136676602034,2.5599,-1,-3.4030162066639127,2.2265940707530243,0.02476637078053595
2025-02-15,2.7619,2.5116215,2.6657349999999997,0.012755644947841399,2.7384,-1,-8.281424363872093,3.6074478520933275,0.017929781624443433
2025-02-16,2.7283,2.6047013,2.64939,0.02178741485664852,2.7619,0,-5.691687584855633,2.978421447955946,0.009031769908807122
2025-02-17,2.6599,2.6114545,2.629525,0.022498110475862754,2.7283,0,-4.282722323537592,1.155151595820531,0.0007106956192142327
2025-02-18,2.5628,2.7880723,2.6042499999999995,0.01607321740138761,2.6599,0,4.8186904635885295,-1.5916290678698024,-0.006424893074475142
2025-02-19,2.7378,3.0841713,2.58476,0.022840831295681284,2.5628,1,20.343815169580747,5.9208591900215035,0.0067676138942936725
2025-02-20,2.6877,3.0888534,2.5673399999999997,0.02310506847327229,2.7378,1,12.822461802265034,4.688120778704817,0.0002642371775910049
2025-02-21,2.5721,3.1008787,2.552055,0.01504654526191531,2.6877,1,15.3729477067804,0.7854454547413612,-0.008058523211356979
2025-02-22,2.574,3.1100054,2.551755,0.009658199558566082,2.5721,1,20.9130818678568,0.8717529700147487,-0.005388345703349229
2025-02-23,2.5763,2.4050312,2.545565,0.006229449447970499,2.574,0,-6.564444280356139,1.2073940362944948,-0.0034287501105955825
2025-02-24,2.2783,2.4776573,2.5331099999999998,-0.014969965982048222,2.5763,-1,-3.8288507504857914,-10.059176269486898,-0.02119941543001872
2025-02-25,2.3222,2.5730968,2.53017,-0.024343002932223953,2.2783,-1,12.939329858523804,-8.21960579723892,-0.009373036950175731
2025-02-26,2.1982,2.4222007,2.52383,-0.03647164800834174,2.3222,-1,4.3062905769982205,-12.902216076360132,-0.012128645076117786
2025-02-27,2.1985,2.581902,2.513915,-0.041675989380470874,2.1982,0,17.45528282822887,-12.546764707637282,-0.005204341372129134
2025-02-28,2.1453,2.3035345,2.50023,-0.045586748166761976,2.1985,0,4.777553229541265,-14.195893977754045,-0.003910758786291102
2025-03-01,2.1916,2.325315,2.49017,-0.042027947041128375,2.1453,0,8.391134043103937,-11.989944461623093,0.003558801125633601
2025-03-02,2.9396,2.2274044,2.5159650000000005,0.010902716185771641,2.1916,1,1.633708523581283,16.83787334084534,0.052930663226900015
2025-03-03,2.3873,2.2317603,2.514675,0.00899703549801413,2.9396,1,-24.079457632229108,-5.065266883394466,-0.0019056806877575105
2025-03-04,2.4543,2.268668,2.51372,0.012322668870175524,2.3873,1,-4.969298524480666,-2.363827315691495,0.0033256333721613934
2025-03-05,2.4998,2.3332624,2.5107150000000003,0.017352687723927673,2.4543,0,-4.931652872815852,-0.43473671842484024,0.0050300188537521495
2025-03-06,2.6001,2.2428412,2.5038,0.026644958169878177,2.4998,0,-10.279172584050865,3.8461538461538396,0.009292270445950504
2025-03-07,2.3855,2.3216968,2.48498,0.01796469758318612,2.6001,0,-10.707405166329611,-4.003251535223633,-0.008680260586692058
2025-03-08,2.3261,2.462624,2.46487,0.00833819257924956,2.3855,0,3.233035968499874,-5.6299115166317115,-0.00962650500393656
2025-03-09,2.1387,2.3019674,2.4388099999999997,-0.00956442819045588,2.3261,-1,-1.0374711993882277,-12.305591661507034,-0.01790262076970544
2025-03-10,2.0216,2.1913843,2.41175,-0.02720769199080006,2.1387,-1,2.463380347441091,-16.17704986006013,-0.01764326380034418
2025-03-11,2.1711,2.0891533,2.3834150000000003,-0.02668770581741639,2.0216,-1,3.3415754746202038,-8.908016438597569,0.0005199861733836686
2025-03-12,2.2396,2.0622077,2.3610100000000003,-0.01991900906487662,2.1711,-1,-5.015535957716298,-5.1422907992766,0.006768696752539771
2025-03-13,2.2527,2.0823412,2.34504,-0.01307866697211002,2.2396,-1,-7.02173628537095,-3.937672704943203,0.006840342092766599
2025-03-14,2.3564,2.1310956,2.33416,-0.0007403117342703602,2.2527,0,-5.39816008292761,0.9528052918394642,0.01233835523783966
2025-03-15,2.3911,2.3139346,2.3249000000000004,0.009995563175726835,2.3564,0,-1.8021318710552423,2.8474342982493597,0.010735874909997195
2025-03-16,2.2938,2.2500222,2.325675,0.010717528624157008,2.3911,0,-5.900122415296029,-1.3705698345641535,0.000721965448430173
2025-03-17,2.3382,2.1827884,2.326475,0.014143658549238963,2.2938,0,-4.839638502057944,0.5039813451681281,0.0034261299250819555
2025-03-18,2.2851,2.136773,2.33082,0.012830644506807362,2.3382,0,-8.614613401931608,-1.9615414317708018,-0.0013130140424316011
2025-03-19,2.5469,2.1034207,2.34824,0.02868299590574938,2.2851,0,-7.95060459474344,8.459952986066153,0.01585235139894202
2025-03-20,2.4361,2.61939,2.36278,0.030619423471748494,2.5469,1,2.8462056159935725,3.1031242857989434,0.0019364275659991131
2025-03-21,2.3809,2.6443741,2.3722450000000004,0.027210583091197185,2.4361,1,8.549490257229667,0.36484427198706854,-0.003408840380551309
2025-03-22,2.3711,2.6093209,2.34382,0.023465432876708825,2.3809,1,9.593887982802467,1.163911904497794,-0.0037451502144883603
2025-03-23,2.4393,2.645531,2.34642,0.024630112446206318,2.3711,1,11.573992623768403,3.9583706241849126,0.0011646795694974926
2025-03-24,2.4501,2.85312,2.34621,0.025091852865963594,2.4393,1,16.96470661982006,4.427992379198785,0.0004617404197572762
2025-03-25,2.4492,2.4066637,2.34368,0.024284943374156313,2.4501,0,-1.772839629617515,4.502321135991254,-0.0008069094918072804
2025-03-26,2.3494,2.2781928,2.3311450000000002,0.016358250974673534,2.4492,0,-6.982167297069214,0.7830915708804004,-0.00792669239948278
2025-03-27,2.341,2.3525991,2.32892,0.010180197605623817,2.3494,1,0.1361685529042921,0.5186953609398386,-0.006178053369049717
2025-03-28,2.2073,2.250269,2.3229800000000003,-0.0025975349355015984,2.341,1,-3.87573959174599,-4.9798104159312695,-0.012777732541125415
2025-03-29,2.1351,1.9904083,2.3228,-0.014911282038312882,2.2073,1,-9.826108759414009,-8.080764594454967,-0.012313747102811284
2025-03-30,2.1369,2.153687,2.328565,-0.021532212136134325,2.1351,0,0.8705447180299848,-8.231034993654909,-0.0066209300978214425
2025-03-31,2.0899,2.0242395,2.324505,-0.027303140454449523,2.1369,-1,-5.2721446909028105,-10.092686399900183,-0.005770928318315199
2025-04-01,2.1387,2.1197364,2.31946,-0.02606282095250257,2.0899,-1,1.427648836268468,-7.793193243254888,0.001240319501946953
2025-04-02,2.0237,2.2411277,2.30801,-0.03088693763749656,2.1387,-1,4.789251854673096,-12.318404166359768,-0.0048241166849939884
2025-04-03,2.0648,2.220971,2.29343,-0.02922690236811172,2.0237,0,9.74804108726147,-9.968911194150243,0.001660035269384838
2025-04-04,2.1302,2.0799646,2.280385,-0.021972364811259443,2.0648,0,0.7344361563515928,-6.585949302420426,0.007254537556852278
2025-04-05,2.1442,2.0841696,2.272905,-0.01482174490669845,2.1302,-1,-2.160847514976902,-5.662577186464021,0.0071506199045609925
2025-04-06,1.9218,2.1600077,2.252085,-0.02316381985633273,2.1442,-1,0.737231378846172,-14.665743078080984,-0.008342074949634279
2025-04-07,1.8987,2.2090485,2.2327649999999997,-0.02800745501384358,1.9218,-1,14.946847205629012,-14.961941807579377,-0.0048436351575108505
2025-04-08,1.7963,2.126083,2.195235,-0.03540133061244714,1.8987,0,11.97571481467737,-18.172769657918167,-0.007393875598603564
2025-04-09,2.0529,1.8329468,2.176075,-0.021014820232521575,1.7963,0,2.040125666300172,-5.660420711602303,0.014386510379925568
2025-04-10,1.9658,1.913924,2.15532,-0.015617184552106173,2.0529,-1,-6.769741399700821,-8.79312584674202,0.005397635680415402
2025-04-11,2.0225,1.94394,2.13789,-0.006923979591833815,1.9658,-1,-1.112013254176322,-5.397377788380137,0.008693204960272358
2025-04-12,2.1598,1.9892383,2.1239149999999998,0.008538597032178852,2.0225,-1,-1.6445853064764544,1.6895685561804683,0.015462576624012667
2025-04-13,2.1196,2.3050504,2.1073899999999997,0.016086414335722943,2.1598,1,6.725177010713604,0.5793896715843058,0.007547817303544091
2025-04-14,2.1275,2.1755981,2.0913049999999997,0.021310710213748377,2.1196,1,2.6419203873961994,1.7307375060070245,0.005224295878025434
2025-04-15,2.0842,2.204222,2.078045,0.021488765846928326,2.1275,1,3.6062027676825545,0.29619185340067866,0.00017805563317994932
2025-04-16,2.0834,2.2109056,2.0651649999999995,0.021157875354199662,2.0842,1,6.079337487304497,0.8829802945527679,-0.0003308904927286638
2025-04-17,2.0673,2.102697,2.058165,0.019500699781935013,2.0834,1,0.9262213496863344,0.4438419660231379,-0.0016571755722646492
2025-04-18,2.0619,2.09955,2.054505,0.017737509261539663,2.0673,1,1.5600062290815941,0.3599407156468475,-0.0017631905203953496
2025-04-19,2.0877,2.054441,2.052045,0.017950983725695265,2.0619,0,-0.3617549255924672,1.737534995577571,0.00021347446415560106
2025-04-20,2.0787,2.1382818,2.051485,0.017130434199765975,2.0877,1,2.422849173951715,1.3265999995125477,-0.00082054952592929
2025-04-21,2.0855,2.0652714,2.048825,0.016674068394915212,2.0787,1,-0.6460106045376163,1.7900503947384592,-0.00045636580485076267
2025-04-22,2.2139,2.1742327,2.0583350000000005,0.024192113686163155,2.0855,1,4.254745688263497,7.557807645499867,0.007518045291247943
2025-04-23,2.2184,2.1231375,2.0660149999999997,0.028352109737621423,2.2139,0,-4.099666919912444,7.375793496175015,0.004159996051458267
2025-04-24,2.2049,2.2068617,2.06975,0.02897593357286632,2.2184,0,-0.5201165529093553,6.5297741273100565,0.0006238238352448966
2025-04-25,2.1812,2.1735234,2.0715999999999997,0.026633669108984574,2.2049,0,-1.4230384119049235,5.290596640278064,-0.0023422644638817457
2025-04-26,2.1912,2.0930774,2.08507,0.02464505508681292,2.1812,0,-4.04009622279688,5.089996978518699,-0.001988614022171653
2025-04-27,2.252,2.0576897,2.102735,0.026168114999441276,2.1912,0,-6.093023605875911,7.098612045740417,0.001523059912628355
2025-04-28,2.2949,2.0304692,2.127665,0.028610404174930083,2.252,0,-9.837070197449263,7.860024956936372,0.0024422891754888078
2025-04-29,2.238,2.2357218,2.13692,0.025066607862272224,2.2949,0,-2.578682009963634,4.730172397656443,-0.0035437963126578598
2025-04-30,2.1908,2.2624288,2.14817,0.018518520263205843,2.238,1,1.091544259542648,1.9844798130501753,-0.006548087599066381
2025-05-01,2.2123,2.2702608,2.15766,0.014772728711439743,2.1908,1,3.6270225877328337,2.532373033749526,-0.0037457915517661
2025-05-02,2.2093,2.2552044,2.160135,0.011382519814914262,2.2123,1,1.9393590002806165,2.2760151564601245,-0.003390208896525481
2025-05-03,2.1872,2.1869957,2.163515,0.007148043146300714,2.2093,0,-1.0095620918299746,1.0947462809363449,-0.004234476668613547
2025-05-04,2.156,2.094091,2.1649399999999996,0.0020093414814653203,2.1872,0,-4.256998053762097,-0.41294446959266795,-0.005138701664835394
2025-05-05,2.1306,2.0532093,2.1672599999999997,-0.003061168906222404,2.156,-1,-4.76765747636502,-1.6915367791589344,-0.005070510387687724
2025-05-06,2.155,2.087465,2.1708399999999997,-0.004638037108066472,2.1306,-1,-2.024544830737638,-0.7296714635809114,-0.0015768682018440679
2025-05-07,2.1265,2.105764,2.1738,-0.007307879425335298,2.155,-1,-2.2847372528571728,-2.1759131474836644,-0.002669842317268826
2025-05-08,2.3272,2.1048038,2.1870649999999996,0.0041208454847022295,2.1265,0,-1.020277423800344,6.407445594895458,0.011428724910037527
2025-05-09,2.3439,2.3266487,2.199875,0.012035324170451805,2.3272,0,-0.023688889730010758,6.546962895619073,0.007914478685749576
2025-05-10,2.4711,2.4335723,2.219495,0.0243566722678892,2.3439,1,3.8257729565203618,11.336137274470076,0.012321348097437394
2025-05-11,2.367,2.4807549,2.23357,0.023977715886023012,2.4711,1,0.39071070757646487,5.973844562740374,-0.0003789563818661877
2025-05-12,2.5439,2.5080078,2.25007,0.033536433690112735,2.367,1,5.957235522445466,13.05870484029385,0.009558717804089723
2025-05-13,2.5829,2.4699764,2.268295,0.03994591721033612,2.5439,0,-2.9059151235937497,13.869668627757845,0.006409483520223386
2025-05-14,2.5503,2.6611893,2.285565,0.039385136420044445,2.5829,1,3.031062669992919,11.582912758989568,-0.0005607807902916762
2025-05-15,2.3856,2.7111766,2.295785,0.02596484596904608,2.5503,1,6.308145466605453,3.912169475800225,-0.013420290450998365
2025-05-16,2.3798,2.63575,2.305215,0.015269425438753037,2.3856,1,10.485833975230976,3.235489965144245,-0.010695420530293043
2025-05-17,2.3531,2.722098,2.31027,0.0054739809197467265,2.3798,1,14.38348231390551,1.8538958649854744,-0.00979544451900631
2025-05-18,2.428,2.566721,2.316925,0.003227515651158891,2.3531,1,9.078278123514263,4.794069726037746,-0.0022464652685878356
2025-05-19,2.3803,2.4216254,2.32404,-0.0020010339948840494,2.428,0,-0.2625463036375318,2.420784495963924,-0.00522854964604294
2025-05-20,2.3565,2.570974,2.332325,-0.007294804217443038,2.3803,0,8.010507564466947,1.036519353006123,-0.005293770222558988
2025-05-21,2.3952,2.640191,2.34147,-0.008346714928219472,2.3565,0,12.038662346108003,2.29471229612166,-0.0010519107107764339
2025-05-22,2.4311,2.5964878,2.35256,-0.006844432984828147,2.3952,0,8.403797617895092,3.338490835515347,0.0015022819433913245
2025-05-23,2.2966,2.516506,2.3580300000000003,-0.014678914737885476,2.4311,0,3.513058148565689,-2.6051407318821256,-0.007834481753057329
2025-05-24,2.3303,2.3136635,2.3667450000000003,-0.017187215343285503,2.2966,0,0.7429888820872345,-1.5398786096516734,-0.0025083006054000268
2025-05-25,2.3417,2.3251095,2.3773,-0.01760964029085469,2.3303,-1,-0.2227403419506664,-1.4974971606444318,-0.0004224249475691874
2025-05-26,2.3103,2.2811477,2.385065,-0.019393794651555343,2.3417,-1,-2.585825749260557,-3.1347154060790876,-0.001784154360700653
2025-05-27,2.3168,2.2581964,2.39458,-0.01947503446789948,2.3103,-1,-2.255276201690096,-3.248168781164118,-8.123981634413496e-05
2025-05-28,2.2742,2.3455007,2.39193,-0.02157372146386359,2.3168,0,1.2388081675734883,-4.9219667799642925,-0.002098686995964112
2025-05-29,2.2442,2.2644572,2.386945,-0.023973615188088528,2.2742,-1,-0.42840445873007876,-5.980238338126755,-0.002399893724224937
2025-05-30,2.1398,2.2359161,2.37038,-0.031129886529239523,2.2442,-1,-0.3691231755051998,-9.727554231810924,-0.007156271341150995
2025-05-31,2.1738,2.345736,2.3607199999999997,-0.03198890366475861,2.1398,-1,9.62407826731077,-7.917923345420032,-0.0008590171355190857
2025-06-01,2.1792,2.3649733,2.342485,-0.03060816876761613,2.1738,0,8.794429416500314,-6.970588925862925,0.0013807348971424799
2025-06-02,2.1965,2.383473,2.323165,-0.02706678868502501,2.1792,0,9.373757317552842,-5.452260170930607,0.003541380082591118
2025-06-03,2.2446,2.1669433,2.30788,-0.02032952832258534,2.1965,-1,-1.3456266018081366,-2.741910324626921,0.00673726036243967
2025-06-04,2.2009,2.1188624,2.298645,-0.017754456867393614,2.2446,-1,-5.601782477136758,-4.2522877608330205,0.0025750714551917263
2025-06-05,2.0936,2.0995097,2.2843349999999996,-0.021941491705296454,2.2009,-1,-4.6067646856315285,-8.349694768937118,-0.00418703483790284
2025-06-06,2.1598,2.051839,2.27467,-0.019025018708723695,2.0936,-1,-1.9946927189781372,-5.049963291378521,0.002916472996572758
2025-06-07,2.1769,2.0454848,2.262115,-0.014899176380485234,2.1598,-1,-5.292861317471125,-3.7670498626285696,0.004125842328238462
2025-06-08,2.267,2.2149532,2.25645,-0.00553896056155995,2.1769,0,1.7480446565210983,0.46754858295108853,0.009360215818925283
2025-06-09,2.3211,2.1472242,2.25468,0.004326569688511257,2.267,0,-5.2834500286302495,2.945872585023148,0.009865530250071208
2025-06-10,2.3074,2.2895317,2.2502899999999997,0.00965495510240007,2.3211,0,-1.3600573967656744,2.5378951157406475,0.0053283854138888136
2025-06-11,2.2704,2.256962,2.2422549999999997,0.010351266101310201,2.3074,0,-2.185920909753626,1.2552095992650396,0.0006963109989101303
2025-06-12,2.1899,2.2378683,2.23692,0.005308119816583717,2.2704,0,-1.4328616534092617,-2.1019973892673782,-0.005043146284726484
2025-06-13,2.1472,2.176919,2.2277649999999998,-0.000667827626587611,2.1899,-1,-0.592767548313965,-3.6164047823715504,-0.005975947443171328
2025-06-14,2.1394,2.185084,2.21765,-0.004686409143270197,2.1472,-1,1.764349130866414,-3.5285099091380383,-0.004018581516682586
2025-06-15,2.1655,2.1653965,2.21041,-0.00509339085639399,2.1394,-1,1.2151281644420422,-2.0317497658805284,-0.00040698171312379336
2025-06-16,2.238,2.2218404,2.2064700000000004,-0.00024260865786627367,2.1655,0,2.601726235156511,1.4289793199091583,0.0048507821985277165
2025-06-17,2.159,2.2115242,2.20071,-0.0020184710318839547,2.238,-1,-1.1830094672399931,-1.8952974267395586,-0.001775862374017681
2025-06-18,2.1705,2.1411865,2.197025,-0.002074593125139527,2.159,-1,-0.8250821790743691,-1.2073144365676272,-5.612209325557213e-05
2025-06-19,2.1648,2.1714807,2.198275,-0.0021428087147380634,2.1705,-1,0.045181095147013114,-1.5227849108960498,-6.82155895985366e-05
2025-06-20,2.1194,2.1148798,2.195555,-0.004743705658681312,2.1648,-1,-2.3059937835885105,-3.4685990558195976,-0.0026008969439432483
2025-06-21,2.0632,2.096077,2.1897550000000003,-0.00947411379823792,2.1194,-1,-1.1004545941289479,-5.779413678699223,-0.004730408139556608
2025-06-22,2.0172,2.0427508,2.18079,-0.014618748895711062,2.0632,-1,-0.9911382600474491,-7.501410039481112,-0.005144635097473142
2025-06-23,2.1584,1.9685829,2.17648,-0.007773337400110797,2.0172,-1,-2.4101294578599086,-0.8306991104903476,0.006845411495600265
2025-06-24,2.1898,1.9850482,2.175925,-0.0007611072467416102,2.1584,0,-8.031496717100937,0.6376598458127042,0.007012230153369187
2025-06-25,2.1859,2.0091832,2.18054,0.0037370601023105215,2.1898,0,-8.248097159043981,0.2458106707512832,0.004498167349052132
2025-06-26,2.1054,1.9494731,2.1778199999999996,0.0015267096614648076,2.1859,0,-10.81599603715169,-3.3253436923161566,-0.002210350440845714
2025-06-27,2.1419,2.1933389,2.17607,0.0026906474445641954,2.1054,0,4.176824878987239,-1.5702619860574352,0.0011639377830993877
2025-06-28,2.1854,2.1670592,2.17199,0.0063490992906360885,2.1419,1,1.174619875845156,0.6174061574869093,0.003658451846071893
2025-06-29,2.2061,2.1444705,2.1662399999999997,0.009909768516917869,2.1854,1,-1.8728629421465592,1.8400546569170757,0.0035606692262817805
2025-06-30,2.2362,2.1215048,2.16268,0.013799792999806684,2.2061,1,-3.8346047944168022,3.3994858231453686,0.0038900244828888146
2025-07-01,2.172,2.2063084,2.15776,0.011642871247847953,2.2362,0,-1.3367156395597946,0.6599436452617543,-0.0021569217519587305
2025-07-02,2.2336,2.2215285,2.159945,0.013810635796662522,2.172,1,2.280319066337452,3.4100405334395103,0.0021677645488145693
2025-07-03,2.2569,2.2296438,2.16543,0.0160996983791934,2.2336,1,-0.1771211624145521,4.224103295881174,0.002289062582530879
2025-07-04,2.2205,2.2817833,2.1694850000000003,0.01449818277709674,2.2569,1,1.1025451885972037,2.3514797290601033,-0.001601515602096662
2025-07-05,2.2178,2.2677777,2.1721,0.012659693215566786,2.2205,1,2.1291457487371357,2.1039546982183173,-0.0018384895615299532
2025-07-06,2.2709,2.2832174,2.173745,0.014301221267382291,2.2178,1,2.9496541669558165,4.4694754904554275,0.0016415280518155047
2025-07-07,2.2708,2.2774053,2.179335,0.014610210235917957,2.2709,1,0.28646184303175226,4.196922455703226,0.0003089889685356662
2025-07-08,2.3108,2.3253226,2.18635,0.016593580504934154,2.2708,1,2.401031707822807,5.69213529398312,0.0019833702690161964
2025-07-09,2.4038,2.3123956,2.1982999999999997,0.022866965043898763,2.3108,1,0.06904849672639564,9.34813264795525,0.006273384538964609
2025-07-10,2.5471,2.3332148,2.2196849999999997,0.034658296283252205,2.4038,0,-2.9364023701364412,14.750516402102113,0.011791331239353442
2025-07-11,2.7322,2.33197,2.2531350000000003,0.051878633625896044,2.5471,0,-8.44607685504413,21.26215251194446,0.01722033734264384
2025-07-12,2.7395,2.375441,2.28925,0.06013402575121381,2.7322,0,-13.057569930044002,19.668013541552913,0.008255392125317763
2025-07-13,2.8361,2.6256046,2.3231349999999997,0.06789946236793126,2.7395,0,-4.157524018375561,22.080722816366695,0.0077654366167174554
2025-07-14,2.9582,2.4451342,2.361555,0.0764233211626149,2.8361,0,-13.7853332779933,25.26492078312807,0.008523858794683634
2025-07-15,2.919,2.4513428,2.3982099999999997,0.07450773614077488,2.9582,0,-17.133972648190937,21.715779685682254,-0.0019155850218400133
2025-07-16,3.038,2.4602654,2.44484,0.07607546432649617,2.919,0,-15.71547111937264,24.26171037777522,0.00156772818572129
2025-07-17,3.4814,2.4014919,2.511815,0.10027334161644844,3.038,0,-20.951551006686298,38.600971807238984,0.024197877289952263
2025-07-18,3.4135,3.2335544,2.57322,0.10452835049472703,3.4814,0,-7.11913703536702,32.65480604068055,0.004255008878278593
2025-07-19,3.4244,2.833098,2.634135,0.10085109186780827,3.4135,0,-17.0031365248894,30.000930096597166,-0.0036772586269187557
2025-07-20,3.454,2.5592823,2.6950250000000002,0.0933583398907396,3.4244,0,-25.26333655950107,28.162076418586096,-0.007492751977068668
2025-07-21,3.5495,2.435305,2.7639000000000005,0.0878596945445336,3.454,0,-29.49319286158683,28.423604327218765,-0.005498645346206005
2025-07-22,3.5504,2.3680127,2.82974,0.07766176366420885,3.5495,0,-33.28602150437328,25.467357425063774,-0.010197930880324751
2025-07-23,3.1838,2.86831,2.876085,0.04142300571767421,3.5504,0,-19.21163883871084,10.699092690236917,-0.03623875794653464
2025-07-24,3.1453,2.531142,2.922325,0.011606221523492888,3.1838,0,-20.499340524415263,7.630054836474395,-0.029816784194181323
2025-07-25,3.1423,2.4855232,2.96855,-0.010383274700683065,3.1453,0,-20.97659288853359,5.85302588805983,-0.021989496224175953
2025-07-26,3.1662,2.2586157,3.013315,-0.024573691996976843,3.1423,0,-28.12221200416914,5.073648125071555,-0.014190417296293778
2025-07-27,3.2389,2.3507493,3.06172,-0.029961602182207225,3.1662,0,-25.754871637082793,5.786943286779976,-0.005387910185230382
2025-07-28,3.1235,3.2590923,3.102355,-0.041485642300235465,3.2389,0,0.6234317494401518,0.6815789940222748,-0.01152404011802824
2025-07-29,3.128,2.9205956,3.138565,-0.0485052884957661,3.1235,-1,-6.496057438625226,-0.33661880509085246,-0.007019646195530638
2025-07-30,3.0966,2.9004421,3.16604,-0.05451418715926387,3.128,-1,-7.274868177331016,-2.1932761430683176,-0.006008898663497769
2025-07-31,3.0224,2.755645,3.1805499999999998,-0.06218171960571517,3.0966,-1,-11.010623370878134,-4.972410432157947,-0.007667532446451297
2025-08-01,2.9613,2.71461,3.19164,-0.06950917074034521,3.0224,-1,-10.183625602419259,-7.2169793585742745,-0.007327451134630042
2025-08-02,2.7695,2.9595232,3.1883100000000004,-0.08442189160127123,2.9613,-1,-0.06000064198934631,-13.135799216512838,-0.014912720860926015
2025-08-03,2.948,3.0143373,3.1878,-0.07948306762647903,2.7695,0,8.840487497897549,-7.522429261559703,0.0049388239747922
2025-08-04,3.0716,3.050231,3.19543,-0.06568301300546739,2.948,0,3.4678080026944924,-3.875221801134742,0.013800054621011637
2025-08-05,2.9623,3.0937235,3.191645,-0.06176576138290038,3.0716,0,0.7202609564305124,-7.18579290616594,0.003917251622567008
2025-08-06,2.9908,2.9938517,3.167115,-0.05531335728285945,2.9623,0,1.0651068994406028,-5.567053927628134,0.006452404100040929
2025-08-07,3.3197,2.9710166,3.162425,-0.028313317868203736,2.9908,0,-0.6614736715421148,4.973240472106067,0.027000039414655716
2025-08-08,3.2859,3.083257,3.1555,-0.01293194028180955,3.3197,0,-7.1224219081495,4.132467120900011,0.015381377586394185
2025-08-09,3.2259,3.0189767,3.144095,-0.007281780352344044,3.2859,0,-8.123293819501203,2.601861584971196,0.005650159929465506
2025-08-10,3.187,3.0135717,3.12597,-0.006664000488247002,3.2259,0,-6.581985207328896,1.9523539893217048,0.0006177798640970428
2025-08-11,3.1295,3.105964,3.104925,-0.010404623938936569,3.187,0,-2.542706451559645,0.7914844964049055,-0.0037406234506895675
2025-08-12,3.2676,3.1637783,3.109115,-0.004174471203326896,3.1295,0,1.0953284886950236,5.09743126259401,0.006230152735609673
2025-08-13,3.2744,3.2034166,3.1155700000000004,-0.00039116881639776613,3.2676,0,-1.9642371795127505,5.097943554469954,0.00378330238692913
2025-08-14,3.0792,3.1655703,3.112415,-0.011230108325696611,3.2744,-1,-3.3236544376301516,-1.0671777381872203,-0.010838939509298845
2025-08-15,3.0779,3.163557,3.108,-0.01826594995333891,3.0792,-1,2.739576922976894,-0.968468468468469,-0.0070358416276423
2025-08-16,3.1055,3.1104836,3.10133,-0.020663290783614355,3.0779,-1,1.0586323919822667,0.13445844202326837,-0.0023973408302754434
2025-08-17,3.0877,3.2200441,3.09954,-0.022877862726925324,3.1055,0,3.6884281451413017,-0.3819921665795665,-0.0022145719433109695
2025-08-18,3.0616,3.1936536,3.0962199999999998,-0.025339330484849446,3.0877,0,3.431472731373237,-1.1181376000413368,-0.002461467757924121
2025-08-19,2.8608,3.1282315,3.0844300000000002,-0.038917705958104745,3.0616,0,2.1763628632461036,-7.250286114452279,-0.0135783754732553
2025-08-20,2.9512,3.1493917,3.08087,-0.04007973790970337,2.8608,0,10.087795412247088,-4.208876064228609,-0.0011620319515986272
2025-08-21,2.8519,3.2009208,3.0754,-0.04541339164762186,2.9512,0,8.46167051491617,-7.267347336931781,-0.005333653737918491
2025-08-22,3.0744,2.6576033,3.090645,-0.03244210763880102,2.8519,-1,-6.812887413479422,-0.5256184388695585,0.012971284008820846
2025-08-23,3.0485,2.7627246,3.0956699999999997,-0.024455984984307087,3.0744,-1,-10.137762230509054,-1.52374122564742,0.00798612265449393
2025-08-24,3.0258,2.758917,3.0933800000000002,-0.019753153973138964,3.0485,-1,-9.499193266295643,-2.184665317549102,0.004702831011168123
2025-08-25,2.8584,2.8129265,3.088185,-0.026544151249601574,3.0258,-1,-7.035278906801082,-7.440778321246949,-0.00679099727646261
2025-08-26,3.0123,2.8307908,3.0892600000000003,-0.019618147250828197,2.8584,-1,-0.9658984700204829,-2.49121148754071,0.0069260039987733765
2025-08-27,2.9688,2.8730404,3.071715,-0.01701055828118594,3.0123,-1,-4.623030983024132,-3.3504084851622076,0.0026075889696422563
2025-08-28,2.9665,3.0494335,3.055745,-0.014578304060333577,2.9688,0,2.716029027632006,-2.9205643795539227,0.002432254220852364
2025-08-29,2.8195,3.0111043,3.035425,-0.021584638099165346,2.9665,0,1.5036017300406324,-7.113501404251461,-0.007006334038831769
2025-08-30,2.8181,3.2048259,3.0169799999999998,-0.02479856518738971,2.8195,0,13.666461363479709,-6.59202248606222,-0.0032139270882243637
2025-08-31,2.7757,3.4271598,2.99929,-0.02802700897160535,2.8181,0,21.612426323564296,-7.45476429421629,-0.0032284437842156413
2025-09-01,2.7589,2.816009,2.973855,-0.029397699765254512,2.7757,0,1.4522118617724085,-7.228160081779366,-0.001370690793649161
2025-09-02,2.862,2.9437275,2.953235,-0.02181339190266554,2.7589,0,6.699318325641839,-3.0893240802035646,0.007584307862588971
2025-09-03,2.8443,3.0933719,2.94149,-0.016673302976762568,2.862,0,8.084272122066555,-3.3041077821104237,0.005140088925902973
2025-09-04,2.7946,3.1326852,2.9273249999999997,-0.01533881849509365,2.8443,0,10.139056515795088,-4.534002886594409,0.001334484481668917
2025-09-05,2.8147,3.1219254,2.912785,-0.011970135829374125,2.7946,0,11.71278014756696,-3.3673958084788187,0.003368682665719526
2025-09-06,2.8098,2.831351,2.89889,-0.009071208297257542,2.8147,0,0.5915742989953828,-3.073245276640373,0.0028989275321165825
2025-09-07,2.877,2.7260435,2.88966,-0.0019967520738179423,2.8098,-1,-2.980871850192333,-0.43811382654015824,0.0070744562234396
2025-09-08,2.9697,2.6462216,2.895105,0.008955891383920236,2.877,-1,-8.021493301152928,2.5765904863554163,0.010952643457738179
2025-09-09,2.9474,2.6104732,2.894915,0.014405708171618743,2.9697,-1,-12.096401792257069,1.8130065995029179,0.005449816787698507
2025-09-10,2.9834,2.617883,2.90149,0.019808507686269704,2.9474,0,-11.179922406350029,2.823032304092041,0.0054027995146509605
2025-09-11,3.0398,3.006847,2.8997599999999997,0.02615534675280419,2.9834,1,0.7859122060279755,4.829365188843228,0.006346839066534486
2025-09-12,3.1054,3.0157015,2.9026050000000003,0.03328868891104106,3.0398,1,-0.7927649067737501,6.986655090858025,0.007133342158236869
2025-09-13,3.1193,2.8392146,2.90728,0.03716580951182615,3.1054,1,-8.57169564726763,7.292727222696124,0.003877120600785093
2025-09-14,3.0279,2.9136925,2.915755,0.03199404005761598,3.1193,0,-6.591463650010117,3.846173632558289,-0.005171769454210169
2025-09-15,2.9969,2.9130406,2.914985,0.02520338032936708,3.0279,0,-3.793367087091024,2.810134528994144,-0.006790659728248903
2025-09-16,3.0376,3.107107,2.918425,0.022272292038291126,2.9969,1,3.677364078114275,4.083538209822072,-0.0029310882910759534
2025-09-17,3.0841,3.0116653,2.924305,0.022233340234688863,3.0376,1,-0.8537877193086189,5.464375296010502,-3.895180360226347e-05
2025-09-18,3.0735,3.148337,2.937005,0.020314502585624478,3.0841,1,2.0828406134567397,4.647421437825269,-0.0019188376490643852
2025-09-19,2.9901,3.0972245,2.945605,0.012625750761837895,3.0735,1,0.7719041468438896,1.5105555564985784,-0.007688751823786583
2025-09-20,2.975,3.2309484,2.9555700000000003,0.006053555389645363,2.9901,1,8.054862652792629,0.6574028021667507,-0.006572195372192531
2025-09-21,2.9701,2.853536,2.9661299999999997,0.0011628642051657173,2.975,0,-4.082827207421057,0.13384443702738083,-0.004890691184479646
2025-09-22,2.8526,2.7206616,2.96566,-0.009606033965846661,2.9701,-1,-8.398315202611482,-3.8123048495107454,-0.010768898171012379
2025-09-23,2.8247,2.6148987,2.96468,-0.017754798186767104,2.8526,-1,-8.332795287084585,-4.721588839267644,-0.008148764220920443
2025-09-24,2.9257,2.6973903,2.9712349999999996,-0.01556757787995421,2.8247,-1,-4.507016040044248,-1.5325277199548224,0.0021872203068128947
2025-09-25,2.7435,2.6215866,2.9676750000000003,-0.02505430114932369,2.9257,-1,-10.394553057285334,-7.55389319922162,-0.00948672326936948
2025-09-26,2.7835,2.809981,2.96636,-0.027123327659958528,2.7435,0,2.4232224425657716,-6.164457449534103,-0.002069026510634838
2025-09-27,2.8047,2.7510324,2.962745,-0.02557257628784361,2.7835,-1,-1.1664324610199504,-5.33441116262115,0.0015507513721149183
2025-09-28,2.8674,2.8272967,2.95763,-0.019127593092400384,2.8047,-1,0.8056738280814775,-3.050753474910656,0.0064449831954432255
2025-09-29,2.8801,2.8542695,2.954265,-0.013100144413167817,2.8674,-1,-0.457923395859692,-2.5104382985277156,0.006027448679232567
2025-09-30,2.8468,2.8347433,2.947435,-0.010556121755968251,2.8801,-1,-1.5748320774528604,-3.4143246585590528,0.0025440226571995656
2025-10-01,2.9485,2.863236,2.94287,-0.0016893607635410368,2.8468,0,0.5773482671761524,0.1913098437919454,0.008866760992427215
2025-10-02,3.0389,2.8111355,2.939545,0.009958270656522265,2.9485,0,-4.6587915729421185,3.3799448554112996,0.011647631420063302
2025-10-03,3.0401,2.7283158,2.9355849999999997,0.017023077174664576,3.0389,0,-10.220282660478693,3.5602784453524645,0.00706480651814231
2025-10-04,2.9685,2.7935188,2.932615,0.016160384034413257,3.0401,0,-8.110957479622792,1.223651928398373,-0.0008626931402513187
2025-10-05,2.9697,2.8407652,2.9312549999999997,0.014983204631216593,2.9685,0,-4.30300697967905,1.3115542660055264,-0.001177179403196664
2025-10-06,2.9883,3.0236948,2.9287900000000002,0.014746898616811943,2.9697,1,1.818188828731878,2.031897131579934,-0.0002363060144046497
2025-10-07,2.852,3.00053,2.917185,0.0051937340762138635,2.9883,1,0.40926294218594494,-2.2345171800897115,-0.00955316454059808
2025-10-08,2.8797,2.9635684,2.907495,0.0007559950755674201,2.852,1,3.911937202678327,-0.955977568319113,-0.004437739000646443
2025-10-09,2.8021,2.9177363,2.898095,-0.006964583753167133,2.8797,0,1.3208421670790647,-3.3123482839589546,-0.007720578828734553
2025-10-10,2.3704,2.929301,2.8678649999999997,-0.03892001854978845,2.8021,0,4.539489079022039,-17.346179126283825,-0.031955434796621315
2025-10-11,2.3819,2.5373912,2.8384549999999997,-0.05601753966503439,2.3704,0,7.044852588613651,-16.084630547251933,-0.017097521115245935
2025-10-12,2.5282,2.5667105,2.822235,-0.054175831634539554,2.3819,0,7.758951765688471,-10.418515821680337,0.0018417080304948333
2025-10-13,2.6052,2.594462,2.81126,-0.04485901349119726,2.5282,0,2.6209128184952637,-7.329809409304009,0.009316818143342294
2025-10-14,2.5033,2.6264305,2.79014,-0.04266008143964442,2.6052,0,0.8149282770846543,-10.280487717462213,0.002198932051552839
2025-10-15,2.4109,2.8392158,2.77351,-0.04433427538464507,2.5033,0,13.418917247738852,-13.074046965758196,-0.0016741939450006516
2025-10-16,2.328,2.4677312,2.7507349999999997,-0.04764099106852386,2.4109,0,2.357262325749687,-15.368074351037084,-0.0033067156838787887
2025-10-17,2.2936,2.4703758,2.72518,-0.048593856100309044,2.328,0,6.115797950639765,-15.836752067753318,-0.0009528650317851828
2025-10-18,2.3596,2.5210676,2.69979,-0.0415033737106532,2.2936,0,9.917492994581895,-12.600609677048963,0.007090482389655844
2025-10-19,2.3908,2.639153,2.675325,-0.031869431903003356,2.3596,0,11.847474304654478,-10.63515647631596,0.009633941807649843
2025-10-20,2.4948,2.6350043,2.657725,-0.01642776334828705,2.3908,0,10.214333361120989,-6.130242970962006,0.015441668554716306
2025-10-21,2.4222,2.5069594,2.63141,-0.009388159199193113,2.4948,0,0.48739130687728394,-7.950490421485047,0.0070396041490939365
2025-10-22,2.3647,2.5303633,2.5977,-0.0069987896889054935,2.4222,0,4.465499186868184,-8.969472995342038,0.00238936951028762
2025-10-23,2.3947,2.5427375,2.56543,-0.0020493546167247023,2.3647,0,7.528967056213112,-6.655024693716073,0.004949435072180791
2025-10-24,2.5103,2.448869,2.54252,0.009712685304406804,2.3947,0,2.262036578463197,-1.2672466686594455,0.011762039921131506
2025-10-25,2.5959,2.5466068,2.5238300000000002,0.023191481305244704,2.5103,1,1.4463123570294694,2.8555806056667694,0.0134787960008379
2025-10-26,2.6461,2.5769842,2.50672,0.03472772262253761,2.5959,1,-0.7286811087099215,5.560254037148148,0.011536241317292903
2025-10-27,2.634,2.565305,2.49582,0.04038666750474183,2.6461,1,-3.0533617556732637,5.536456956030473,0.005658944882204225
2025-10-28,2.6034,2.5967226,2.482005,0.04079250943664432,2.634,0,-1.4152390719727266,4.891005457281518,0.00040584193190248974
2025-10-29,2.5502,2.5428884,2.46941,0.03634927972136005,2.6034,0,-2.3243296097855644,3.271631685301344,-0.004443229715284269
2025-10-30,2.4393,2.5496173,2.472855,0.025334540720044374,2.5502,0,-0.022849560943205574,-1.3569335848644675,-0.01101473900131568
2025-10-31,2.5097,2.4641054,2.479245,0.022290717736167753,2.4393,1,1.0169051637979198,1.2283981615370767,-0.0030438229838766206
2025-11-01,2.5053,2.458953,2.4781000000000004,0.019578106411981017,2.5097,1,-2.022038341333285,1.0976151083491248,-0.0027126113241867367
2025-11-02,2.5267,2.4793797,2.474175,0.018817164969182384,2.5053,1,-1.0346204474249,2.1229298655107325,-0.0007609414427986322
2025-11-03,2.3096,2.4994967,2.46449,0.0040559812599381545,2.5267,0,-1.0766336177814282,-6.284870297708653,-0.01476118370924423
2025-11-04,2.2053,2.4970891,2.45421,-0.011517089353511312,2.3096,0,8.117818997564466,-10.142163873507156,-0.015573070613449466
2025-11-05,2.3432,2.2198942,2.4549700000000003,-0.01129978090187439,2.2053,0,0.6617771169958093,-4.552805125928234,0.0002173084516369217
2025-11-06,2.213,2.1945648,2.45094,-0.018280521613969425,2.3432,-1,-6.343256259135475,-9.708111989685591,-0.006980740712095035
2025-11-07,2.3154,2.241521,2.44873,-0.014521264518734436,2.213,-1,1.2887881451799346,-5.444863255646803,0.0037592570952349885
2025-11-08,2.2863,2.251481,2.443505,-0.012586377227843365,2.3154,-1,-2.760600491777706,-6.433586180507092,0.0019348872908910714
2025-11-09,2.3662,2.272281,2.437075,-0.0049115873196466375,2.2863,-1,-0.613177121428592,-2.9081993783531495,0.0076747899081967275
2025-11-10,2.526,2.3733747,2.442265,0.011068763019752445,2.3662,1,0.3032161502098118,3.428579617690951,0.015980350339399083
2025-11-11,2.3915,2.409581,2.443605,0.01261039494947544,2.526,1,-4.6088303258658705,-2.132300433171467,0.0015416319297229947
2025-11-12,2.3879,2.476934,2.443265,0.013346293564112766,2.3915,1,3.5724004242625984,-2.2660251753289007,0.0007358986146373259
2025-11-13,2.3225,2.4444745,2.4338749999999996,0.009564246598466664,2.3879,0,2.3692138990099196,-4.576036156335054,-0.003782046965646102
2025-11-14,2.2443,2.5114093,2.416295,0.002310035072213168,2.3225,0,8.133876541843978,-7.118129201939329,-0.007254211526253496
2025-11-15,2.2372,2.2095256,2.3958500000000003,-0.002208013318166377,2.2443,-1,-1.5494548333751912,-6.621866978316679,-0.004518048390379545
2025-11-16,2.2149,2.1753554,2.374895,-0.0057392400819664124,2.2372,-1,-2.764373573318231,-6.736929422142869,-0.0035312267638000355
2025-11-17,2.1637,2.3184164,2.35291,-0.010298083021358498,2.2149,-1,4.673635696437996,-8.041531550293044,-0.004558842939392085
2025-11-18,2.2172,2.2882357,2.3362600000000002,-0.008556852975360588,2.1637,0,5.755680749072229,-5.096179363598236,0.0017412300459979102
2025-11-19,2.1098,2.2811258,2.319785,-0.013206896700532059,2.2172,0,2.883176254748693,-9.051916449153696,-0.004650043725171471
2025-11-20,1.9999,2.1793385,2.294295,-0.02174854700050069,2.1098,0,3.2959737984735717,-12.831610581899886,-0.008541650299968631
2025-11-21,1.9509,2.304466,2.266575,-0.028345548421083083,1.9999,0,15.229061910096236,-13.927401475794973,-0.0065970014205823935
2025-11-22,1.9509,2.3901365,2.2377849999999997,-0.030186185117048236,1.9509,0,22.51455637559182,-12.820043033624751,-0.0018406366959651532
2025-11-23,2.0491,2.3481812,2.22476,-0.02261344032379732,1.9509,0,20.36399854996061,-7.895683129865681,0.007572744793250916
2025-11-24,2.2276,2.3473353,2.2258750000000003,-0.004361447166754309,2.0491,0,14.554455057953694,0.07749761329812017,0.01825199315704301
2025-11-25,2.2024,2.2201881,2.218835,0.006637574832676171,2.2276,0,-0.33272845802025397,-0.7407040180995873,0.01099902199943048
2025-11-26,2.2233,2.1769106,2.21935,0.015440854041991553,2.2024,0,-1.1573447689246192,0.1779800392006723,0.008803279209315382
2025-11-27,2.1999,2.234294,2.213575,0.019544086429340524,2.2233,0,0.49448736936560134,-0.6177789322702011,0.004103232387348971
2025-11-28,2.1795,2.1611683,2.2082349999999997,0.020633230366822422,2.1999,0,-1.7606101700856327,-1.301265490312387,0.0010891439374818984
2025-11-29,2.2009,2.2742553,2.19997,0.022396658373495457,2.1795,1,4.347569429975608,0.04227330372686334,0.0017634280066730346
2025-11-30,2.155,2.212565,2.18142,0.02014429747190727,2.2009,1,0.5300079613316103,-1.2111376992968035,-0.002252360901588188
2025-12-01,2.0297,2.2124693,2.16333,0.010379954925858581,2.155,1,2.666790690056972,-6.177051120263673,-0.009764342546048688
2025-12-02,2.1532,2.219449,2.151595,0.0122732875283154,2.0297,1,9.348625081239874,0.07459582309868162,0.0018933326024568181
2025-12-03,2.1976,2.2024817,2.14535,0.016298222930667128,2.1532,1,2.2887677258770194,2.4355000349593263,0.004024935402351729
2025-12-04,2.096,2.1796002,2.1379349999999997,0.012093686043073468,2.1976,0,-0.8190644885307231,-1.9614721682370895,-0.00420453688759366
2025-12-05,2.0344,2.176713,2.127795,0.005476626722742753,2.096,0,3.850810582401184,-4.389285621970147,-0.006617059320330715
2025-12-06,2.0309,2.1883311,2.118595,0.0013896461913400007,2.0344,0,7.566414036902665,-4.1392998661849045,-0.004086980531402752
2025-12-07,2.0442,2.1016462,2.11262,0.00017168576930751134,2.0309,0,3.4834893358247436,-3.2386325983849504,-0.0012179604220324894
2025-12-08,2.0724,2.0721483,2.10538,0.0017663109518654616,2.0442,0,1.3672010106194117,-1.5664630613000878,0.0015946251825579502
2025-12-09,2.1062,2.0365698,2.1052,0.005393570552912008,2.0724,0,-1.7289213590285106,0.04750142504274605,0.0036272596010465466
2025-12-10,2.0418,2.1412647,2.1072949999999997,0.0038255114615536115,2.1062,0,1.6648313098342817,-3.108012879070081,-0.0015680590913583967
2025-12-11,2.034,2.1573381,2.11145,0.0026866881701459316,2.0418,0,5.658641512147111,-3.6680953846882587,-0.0011388232914076798
2025-12-12,2.0074,2.1659753,2.114275,0.0006707049756467798,2.034,0,6.488462746319176,-5.054924264818911,-0.002015983194499152
2025-12-13,2.0227,2.169462,2.112955,0.0008830475592618084,2.0074,0,8.073227336899123,-4.271506018821981,0.0002123425836150286
2025-12-14,1.9784,2.1739457,2.1004949999999996,-0.0013246151859000743,2.0227,0,7.477414612127213,-5.812677487925448,-0.0022076627451618827
2025-12-15,1.8981,1.8981667,2.08528,-0.007227777890239449,1.9784,-1,-4.055466210364907,-8.976252589580302,-0.005903162704339375
2025-12-16,1.9297,1.8969114,2.0705999999999998,-0.00798008468274658,1.8981,-1,-0.06262142799794532,-6.80479088186998,-0.0007523067925071306
2025-12-17,1.8627,1.8810551,2.05374,-0.01173873103841254,1.9297,-1,-2.5208521193220497,-9.302053814017349,-0.0037586463556659594
2025-12-18,1.8076,1.903575,2.035145,-0.016398473194989757,1.8627,0,2.1943922017759405,-11.180775816956526,-0.004659742156577218
2025-12-19,1.9092,1.9073043,2.0205599999999997,-0.011341130001035704,1.8076,0,5.515837959547854,-5.511343389951286,0.005057343193954053
2025-12-20,1.9335,1.9226841,2.009485,-0.005365676931443408,1.9092,0,0.7062682510046692,-3.781317103636015,0.005975453069592296
2025-12-21,1.9223,1.9173905,2.0041149999999996,-0.0013813111048568416,1.9335,-1,-0.8331799463982847,-4.082350563715145,0.003984365826586567
2025-12-22,1.9043,1.9012985,1.9916699999999998,0.0007154009445601572,1.9223,-1,-1.0925181839869504,-4.386770900801826,0.002096712049416999
2025-12-23,1.8734,1.9676161,1.97546,0.0006941766593837884,1.9043,-1,3.3249005533683174,-5.166391625241718,-2.1224285176368873e-05
2025-12-24,1.8628,1.993622,1.9638000000000002,0.0006404999295045039,1.8734,0,6.417313194254542,-5.1430899276912205,-5.367672987928451e-05
2025-12-25,1.8326,1.8060253,1.9537100000000003,-0.000682989580854651,1.8628,-1,-3.0478169074866406,-6.198975282923272,-0.0013234895103591549
2025-12-26,1.8437,1.7911638,1.94435,-9.576744748274191e-05,1.8326,-1,-2.261060670800414,-5.176537146089959,0.0005872221333719091
2025-12-27,1.8735,1.7387424,1.9358149999999998,0.0028518771597490777,1.8437,-1,-5.6927726022681275,-3.2190576062278624,0.0029476446072318196
2025-12-28,1.8654,1.8067306,1.9254650000000002,0.004699278979939048,1.8735,0,-3.5638842800314445,-3.1195061972043248,0.00184740182018997
2025-12-29,1.8508,1.8467617,1.912695,0.005334700658178537,1.8654,0,-0.9991581703006868,-3.236009923171234,0.0006354216782394895
2025-12-30,1.8776,1.8699931,1.904485,0.007807059229194738,1.8508,0,1.0370159190392065,-1.4116677211949713,0.0024723585710162005
2025-12-31,1.8423,1.94955,1.8948999999999998,0.007320298345284623,1.8776,0,3.8320213365818963,-2.775872077682187,-0.0004867608839101145
2026-01-01,1.8799,1.9270316,1.8885250000000002,0.009639958776200733,1.8423,0,4.59923119134224,-0.4567056300552191,0.0023196604309161095
2026-01-02,2.0069,1.891669,1.887735,0.01928035701427319,1.8799,1,0.626045798068293,6.312591544893746,0.009640398238072459
2026-01-03,2.0182,1.8852334,1.8897249999999999,0.02557623874061503,2.0069,1,-6.0624145571679025,6.798608263107083,0.006295881726341837
2026-01-04,2.0909,2.0211437,1.8993650000000002,0.03330591292468336,2.0182,1,0.1458564488387499,10.084159706006995,0.007729674184068329
2026-01-05,2.3478,1.9723034,1.92027,0.053208360913233964,2.0909,0,-5.6720364195834465,22.26405661703823,0.019902447988550606
2026-01-06,2.3042,1.9664279,1.9423450000000002,0.060398667891146535,2.3478,0,-16.243806020579246,18.629800576107723,0.007190306977912571
2026-01-07,2.1657,2.0262046,1.9602499999999998,0.05305036630767253,2.3042,0,-12.064725890588798,10.48080601964037,-0.007348301583474007
2026-01-08,2.1232,1.9457921,1.9709500000000002,0.04298033985976742,2.1657,0,-10.154126657807517,7.72470128618179,-0.010070026447905105
2026-01-09,2.0958,2.0817568,1.9790649999999999,0.032597962256815875,2.1232,0,-1.9519202046225554,5.8984924699289945,-0.010382377602951548
2026-01-10,2.0907,2.0923438,1.9874850000000002,0.023912906944401773,2.0958,0,-0.16491042940839407,5.193246741484833,-0.008685055312414102
2026-01-11,2.0745,2.0546432,1.995995,0.015984106891563807,2.0907,0,-1.7246303083040557,3.9331260849851857,-0.007928800052837966
2026-01-12,2.054,2.0498059,2.005025,0.008634106817545537,2.0745,0,-1.1903649268307785,2.4426129350008106,-0.00735000007401827
2026-01-13,2.1655,2.1123796,2.0201599999999997,0.010436439254205808,2.054,1,2.842237143809059,7.194479645176644,0.0018023324366602707
2026-01-14,2.1394,2.1702464,2.0355,0.009075697856425806,2.1655,1,0.21918091369923912,5.104396954065357,-0.001360741397780002
2026-01-15,2.0789,2.164523,2.04726,0.0035877223841645767,2.1394,1,1.174295890261051,1.5454803004991984,-0.005487975472261229
2026-01-16,2.0678,2.0537643,2.056975,-0.001055019257907408,2.0789,0,-1.209084455158075,0.5262582189866227,-0.004642741642071985
2026-01-17,2.0631,1.8939056,2.0668599999999997,-0.004513766870743036,2.0678,-1,-8.40963150940916,-0.18191846569190773,-0.0034587476128356276
2026-01-18,1.9914,1.8453529,2.07389,-0.0113145923866987,2.0631,-1,-10.554365367296793,-3.9775494360838786,-0.0068008255159556635
2026-01-19,1.986,1.9707987,2.07931,-0.01559675771827701,1.9914,-1,-1.0345118584804827,-4.487546349510174,-0.004282165331578311
2026-01-20,1.89,1.9130863,2.081695,-0.023822129634360013,1.986,-1,-3.6713849381737838,-9.208601644333102,-0.008225371916083003
2026-01-21,1.9476,1.9565023,2.08508,-0.024231150842829657,1.89,0,3.518641184246735,-6.593511999539587,-0.0004090212084696433
2026-01-22,1.9236,1.9300852,2.080915,-0.02487188696131318,1.9476,-1,-0.8993026191239779,-7.55989552672743,-0.0006407361184835245
2026-01-23,1.9196,1.9337174,2.075985,-0.024291227712429222,1.9236,-1,0.5259601805606251,-7.533050575991647,0.0005806592488839593
2026-01-24,1.9143,1.9011798,2.067155,-0.02300305896835619,1.9196,-1,-0.9595858253372475,-7.3944624375046955,0.0012881687440730316
2026-01-25,1.8356,1.9452413,2.041545,-0.02597075281338474,1.9143,0,1.6163261794984223,-10.0877031855776,-0.002967693845028551
2026-01-26,1.9041,1.9275552,2.0215400000000003,-0.021997214751299902,1.8356,0,5.009544750370739,-5.809432412912948,0.003973538062084839
2026-01-27,1.9158,1.9312462,2.009045,-0.01745605363786549,1.9041,0,1.425668896637601,-4.641259902092786,0.004541161113434413
2026-01-28,1.9111,1.9169011,1.99844,-0.013803996371382504,1.9158,0,0.0574752898414895,-4.370408918956785,0.003652057266482985
2026-01-29,1.8076,1.9240745,1.98403,-0.017174382133205754,1.9111,0,0.6789038041704486,-8.892506665725813,-0.0033703857618232504
2026-01-30,1.7352,1.8400732,1.9662550000000003,-0.02274574471127816,1.8076,0,1.796483064969305,-11.75101906924586,-0.005571362578072406
2026-01-31,1.6472,1.7524835,1.9448900000000002,-0.0303482902875531,1.7352,0,0.9960515865151769,-15.306264107481669,-0.00760254557627494
2026-02-01,1.5908,1.8227714,1.9217300000000002,-0.03673959594579688,1.6472,0,10.658780355485915,-17.220421182996578,-0.006391305658243779
2026-02-02,1.6198,1.853633,1.894445,-0.03650291162445327,1.5908,0,16.522067271197354,-14.497385777892735,0.0002366843213436054
2026-02-03,1.5791,1.7000006,1.8664299999999998,-0.03648923262135459,1.6198,0,4.9512682880703585,-15.394630390638808,1.3679003098683584e-05
2026-02-04,1.512,1.6910013,1.838085,-0.038217666089976246,1.5791,0,7.086397064365528,-17.740474461191948,-0.0017284334686216568
2026-02-05,1.2146,1.7306596,1.7954250000000003,-0.05555751675256887,1.512,0,14.461614025963677,-32.35027918180934,-0.017339850662592624
2026-02-06,1.4698,1.7801363,1.7657599999999998,-0.046381049800004376,1.2146,0,46.5615302829752,-16.761054729974617,0.009176466952564494
2026-02-07,1.4231,1.7746321,1.737345,-0.04022655514588057,1.4698,0,20.73969902643818,-18.087656740601314,0.006154494654123807
2026-02-08,1.4308,1.563934,1.709585,-0.03272543759482244,1.4231,0,9.896280552596888,-16.30717396327178,0.007501117551058131
2026-02-09,1.437,1.5817835,1.686935,-0.02479464248119459,1.4308,0,10.552385595213405,-14.815923553663893,0.007930795113627848
2026-02-10,1.3999,1.569565,1.6595499999999999,-0.019717072018109627,1.437,0,9.22512580059266,-15.64580759844536,0.005077570463084963
2026-02-11,1.3697,1.5824394,1.6318549999999998,-0.016208741047975067,1.3999,0,13.039461576357022,-16.06484644775424,0.00350833097013456
2026-02-12,1.3635,1.7503103,1.6040499999999998,-0.012299324566334369,1.3697,0,27.787858785186593,-14.996415323711846,0.0039094164816406984
2026-02-13,1.4071,1.4078848,1.5786900000000001,-0.005137301221667223,1.3635,0,3.255213509123541,-10.869138336215476,0.0071620233446671455
2026-02-14,1.5094,1.4143498,1.5623799999999999,0.007445753807619332,1.4071,0,0.5152295066318929,-3.390980427296804,0.012583055029286555
2026-02-15,1.4753,1.3901851,1.54094,0.014045282213063004,1.5094,0,-7.898163659629153,-4.259737562786346,0.006599528405443672
2026-02-16,1.4876,1.4053184,1.51953,0.019477621428546504,1.4753,0,-4.7435518604920635,-2.1013076411785234,0.0054323392154835
2026-02-17,1.4743,1.4912356,1.49769,0.022215491240899,1.4876,0,0.2443945834187267,-1.5617384104854823,0.0027378698123524947
2026-02-18,1.4219,1.4106861,1.478405,0.02057509191869672,1.4743,0,-4.314852113406141,-3.8220244114434156,-0.0016403993222022795
2026-02-19,1.4068,1.4321697,1.4619849999999999,0.01860997483122806,1.4219,0,0.7222502164024492,-3.774662530737307,-0.0019651170874686597
2026-02-20,1.4292,1.4510803,1.451085,0.0188950921203567,1.4068,0,3.1475918585175537,-1.5081818087844567,0.0002851172891286391
2026-02-21,1.4304,1.4684865,1.443065,0.019179666193061815,1.4292,0,2.7488488294215467,-0.8776458440888073,0.0002845740727051155
2026-02-22,1.3932,1.5458518,1.431735,0.01695466931560906,1.4304,0,8.07129660708793,-2.6914896960680563,-0.002224996877452756
2026-02-23,1.3518,1.3860576,1.42037,0.01296668268903324,1.3932,0,-0.5126604019414749,-4.8276153396650185,-0.003987986626575818
2026-02-24,1.3482,1.3909135,1.4121799999999998,0.010465499090864153,1.3518,0,2.8934373783631457,-4.530583919896877,-0.0025011835981690878
2026-02-25,1.4339,1.4115317,1.423145,0.014702395393501905,1.3482,1,4.697499390508593,0.7557206047170069,0.004236896302637752
2026-02-26,1.4027,1.3934153,1.4197899999999999,0.015446689900965885,1.4339,1,-2.82339550592683,-1.203699138604993,0.0007442945074639801
2026-02-27,1.3562,1.470818,1.416445,0.012951255730947603,1.4027,1,4.856208936702567,-4.253253744409411,-0.002495434170018282
2026-02-28,1.3762,1.3746374,1.413715,0.01277039328485377,1.3562,0,1.3594871951914504,-2.6536465977937533,-0.0001808624460938324
2026-03-01,1.3524,1.3734066,1.4094849999999999,0.011225420678200523,1.3762,0,-0.20297568406741984,-4.050060837823732,-0.001544972606653247
2026-03-02,1.39,1.4136503,1.40899,0.012799259821110437,1.3524,0,4.52900578798679,-1.3477739373593896,0.0015738391429099136
2026-03-03,1.3607,1.3913162,1.40854,0.011946832687147357,1.39,0,0.09468888207305953,-3.3964246666761246,-0.0008524271339630796
2026-03-04,1.4309,1.4346652,1.41191,0.01594098279592826,1.3607,1,5.4358200260514735,1.3449865784646373,0.003994150108780903
2026-03-05,1.4037,1.4835826,1.41174,0.016511320497772708,1.4309,1,3.6817818053222373,-0.5695099664244158,0.0005703377018444478
2026-03-06,1.3633,1.5207326,1.4044349999999999,0.01402575506674495,1.4037,1,8.337439710771022,-2.9289358354071156,-0.0024855654310277572
2026-03-07,1.3567,1.4178909,1.3985049999999999,0.01188017570593275,1.3633,0,4.004320863634078,-2.9892635349891403,-0.002145579360812201
2026-03-08,1.34,1.4133116,1.391125,0.009388532114697902,1.3567,0,4.1727427349539035,-3.675083116182936,-0.0024916435912348475
2026-03-09,1.3631,1.3988535,1.385565,0.00932914289865934,1.34,0,4.3920552552635925,-1.621360239324749,-5.938921603856201e-05
2026-03-10,1.3863,1.2916083,1.383785,0.010782475647861271,1.3631,0,-5.2447851523992,0.18174788713564932,0.0014533327492019313
2026-03-11,1.3847,1.2689375,1.3826800000000001,0.011500513608599494,1.3863,0,-8.465882671229354,0.14609309456995911,0.0007180379607382228
2026-03-12,1.3846,1.3072567,1.3804500000000002,0.011789556803450375,1.3847,0,-5.592785541388142,0.30062660726573764,0.0002890431948508812
2026-03-13,1.3989,1.3259104,1.378875,0.012686665842394695,1.3846,0,-4.238736889497682,1.452270872994286,0.0008971090389443201
2026-03-14,1.4063,1.301636,1.3795300000000001,0.013448613475954427,1.3989,0,-6.952892944021798,1.9405159728313235,0.0007619476335597314
2026-03-15,1.4487,1.3859208,1.384375,0.016288868128252816,1.4063,0,-1.4491386606167271,4.646501128668185,0.0028402546522983893
2026-03-16,1.543,1.3561443,1.394115,0.023557885640999837,1.4487,0,-6.388879060959192,10.679535045530672,0.007269017512747021
2026-03-17,1.5182,1.3662211,1.39833,0.025567335058451705,1.543,0,-11.456832774490481,8.572368468101228,0.002009449417451868
2026-03-18,1.4647,1.3923134,1.40143,0.022285010349713325,1.5182,0,-8.291834990916366,4.514674296968092,-0.00328232470873838
2026-03-19,1.4475,1.4027524,1.405995,0.018123758172596385,1.4647,0,-4.229371240214365,2.952001963022621,-0.00416125217711694
2026-03-20,1.4452,1.4341818,1.409445,0.014539326481170546,1.4475,0,-0.9200822504073234,2.5368141360606464,-0.0035844316914258392
2026-03-21,1.4086,1.4849682,1.412255,0.009282252592563305,1.4452,0,2.7517426947692116,-0.25880595218285396,-0.005257073888607241
2026-03-22,1.3848,1.4493508,1.411995,0.004048093444971799,1.4086,0,2.8930025481202746,-1.9259983215237915,-0.005234159147591506
2026-03-23,1.4323,1.445751,1.415575,0.003643653091064171,1.3848,1,4.401426326326383,1.1814986842802309,-0.00040444035390762786
2026-03-24,1.416,1.4347436,1.41483,0.0022077167674971953,1.4323,1,0.17060970516001742,0.08269544750958725,-0.0014359363235669758
2026-03-25,1.4145,1.4031132,1.41537,0.001140002499812092,1.416,1,-0.9100814997139571,-0.061468026028524435,-0.0010677142676851032
2026-03-26,1.3609,1.3983799,1.41525,-0.0029684445518627506,1.4145,-1,-1.139630829752783,-3.8403108991344213,-0.004108447051674843
2026-03-27,1.3257,1.3632741,1.4137,-0.007586381720590129,1.3609,-1,0.17445054321603015,-6.224800169767267,-0.004617937168727378
2026-03-28,1.3333,1.3562443,1.4133650000000002,-0.009532890617153462,1.3257,-1,2.304014908185659,-5.664849490400588,-0.0019465088965633336
2026-03-29,1.3278,1.381636,1.4116000000000002,-0.010517244824068865,1.3333,0,3.625292396416666,-5.936525928024943,-0.000984354206915403
2026-03-30,1.3242,1.308408,1.4084949999999998,-0.01070171314782421,1.3278,-1,-1.460459261418904,-5.984756779399274,-0.00018446832375534385
2026-03-31,1.3411,1.3083944,1.406315,-0.009042504884769195,1.3242,-1,-1.193593711835746,-4.637296764949532,0.001659208263055014
2026-04-01,1.3478,1.3344276,1.404475,-0.006945024767110019,1.3411,-1,-0.4975322393147531,-4.035315687356472,0.0020974801176591763
2026-04-02,1.32,1.3358952,1.40053,-0.006868678000842461,1.3478,-1,-0.883277882311221,-5.749966084268097,7.634676626755779e-05
2026-04-03,1.3184,1.393797,1.396135,-0.006375462788434844,1.32,0,5.590684847398233,-5.567871301844011,0.0004932152124076175
2026-04-04,1.3153,1.3195823,1.389465,-0.005728013192912159,1.3184,0,0.08968015029592297,-5.33766593616968,0.0006474495955226846
2026-04-05,1.3263,1.3175974,1.37863,-0.004104948491173217,1.3153,0,0.17466655676967177,-3.7957972770068826,0.0016230647017389417
2026-04-06,1.3212,1.3026568,1.36878,-0.002973579254822979,1.3263,-1,-1.7826457247604306,-3.4760881953272387,0.0011313692363502381
2026-04-07,1.3787,1.3580781,1.36448,0.0017920596882780894,1.3212,-1,2.791259622992516,1.042155253283311,0.004765638943101069
2026-04-08,1.3428,1.3711128,1.359245,0.0026211115407279995,1.3787,-1,-0.5503138111026264,-1.2098628282612804,0.0008290518524499101
2026-04-09,1.3438,1.3596743,1.3541750000000001,0.003288224352548521,1.3428,0,1.2566528541899031,-0.7661491313899623,0.0006671128118205215
2026-04-10,1.3559,1.3435017,1.35154,0.0045197472949731095,1.3438,0,-0.022199207481350115,0.3225949657427928,0.0012315229424245885
2026-04-11,1.3546,1.3700472,1.35003,0.005175014991688924,1.3559,1,1.0433816392826598,0.33851099605193685,0.0006552676967158146
2026-04-12,1.3247,1.3697742,1.3446500000000001,0.0035977667577245832,1.3546,1,1.1201994960846284,-1.4836574573309138,-0.0015772482339643408
2026-04-13,1.3756,1.3473305,1.34263,0.005852169946407207,1.3247,1,1.7083453620938875,2.455628132843743,0.0022544031886826237
2026-04-14,1.3617,1.3879644,1.3399899999999998,0.0062412755805413625,1.3756,1,0.8988345352221707,1.6201613444876546,0.0003891056341341556
2026-04-15,1.3922,1.3704606,1.341555,0.00826013042797123,1.3617,1,0.6433597314530286,3.7750968092996597,0.002018854847429868
2026-04-16,1.453,1.3862333,1.34792,0.013109497507281263,1.3922,0,-0.4285785251437211,7.795714879221323,0.004849367079310033
2026-04-17,1.4757,1.4038851,1.35504,0.017017430793851915,1.453,0,-3.3802390836963845,8.904534183492737,0.0039079332865706515
2026-04-18,1.4323,1.381552,1.360265,0.015873297551902376,1.4757,0,-6.379888800414039,5.295659301680176,-0.0011441332419495388
2026-04-19,1.3942,1.4529377,1.3637650000000001,0.011924659402078238,1.4323,1,1.4408798579987305,2.231689477292641,-0.003948638149824138
2026-04-20,1.4243,1.4136429,1.367925,0.010750392006392608,1.3942,1,1.3945548200244688,4.121205475446376,-0.0011742673956856298
2026-04-21,1.4334,1.3997601,1.3722050000000001,0.010011930230040014,1.4243,1,-1.7229427039552048,4.459610626692068,-0.0007384617763525943
2026-04-22,1.4294,1.4167315,1.377675,0.008726503749283517,1.4334,0,-1.1628661375922678,3.75451394559675,-0.0012854264807564963
2026-04-23,1.4386,1.376524,1.383685,0.00798813826361959,1.4294,0,-3.699176468615,3.9687501129231038,-0.000738365485663927
2026-04-24,1.4334,1.3855364,1.38959,0.006694185408285624,1.4386,0,-3.6885560776980917,3.152728502651854,-0.001293952855333966
2026-04-25,1.4238,1.3728917,1.3944649999999998,0.00482377717655285,1.4334,0,-4.221315438467639,2.103674168946522,-0.001870408231732774
2026-04-26,1.4307,1.3442078,1.39994,0.0037321048619568687,1.4238,0,-5.590127569049372,2.1972370244439134,-0.0010916723145959813
2026-04-27,1.4007,1.3480755,1.40104,0.00082237838345477,1.4307,0,-5.775109451922135,-0.024267686861189325,-0.0029097264785020987
2026-04-28,1.3805,1.3393426,1.4029250000000002,-0.0024507978145959716,1.4007,-1,-4.380481605859323,-1.5984461036762574,-0.0032731761980507416
2026-04-29,1.3691,1.3903711,1.40419,-0.0052130106451395,1.3805,-1,0.7150368861468146,-2.4989495723513246,-0.002762212830543528
2026-04-30,1.3679,1.3508892,1.40479,-0.00684734009833322,1.3691,-1,-1.3301288486876632,-2.62601527630465,-0.0016343294531937207
2026-05-01,1.3858,1.3422455,1.40635,-0.006454535998722397,1.3679,-1,-1.8754689994458882,-1.4612294236854317,0.00039280409961082313
2026-05-02,1.3937,1.3409503,1.4098,-0.005435220745313466,1.3858,-1,-3.2363796633272894,-1.1420059582919566,0.0010193152534089317
2026-05-03,1.388,1.3924791,1.41042,-0.004932186888573951,1.3937,-1,-0.08760406971490552,-1.5895974248805396,0.0005030338567395144
2026-05-04,1.3918,1.3881427,1.411925,-0.004161608817362657,1.388,0,0.010281337441223453,-1.4253589956973753,0.0007705780712112939
2026-05-05,1.4126,1.3641316,1.412945,-0.0021693487583239056,1.3918,-1,-1.9879602053193133,-0.024417086298462978,0.001992260059038752
2026-05-06,1.4249,1.3612303,1.41154,-5.330541939233598e-05,1.4126,-1,-3.6365387106556186,0.9464839820338097,0.0021160433389315696
2026-05-07,1.3869,1.3841515,1.4071,-0.0011805106033224095,1.4249,-1,-2.85974743910209,-1.4355767180726313,-0.0011272051839300735
2026-05-08,1.4182,1.3553725,1.4063949999999998,0.00014382355416473966,1.3869,0,-2.27323180450411,0.8393801172501372,0.0013243341574871491
2026-05-09,1.4205,1.4084281,1.40771,0.0010842712380640797,1.4182,0,-0.6890373057832169,0.9085678158143423,0.00094044768389934
2026-05-10,1.4734,1.3926213,1.4101650000000001,0.004961509011526199,1.4205,0,-1.9625991719241613,4.484227023078854,0.003877237773462119
2026-05-11,1.4776,1.3605211,1.412375,0.00735699019656315,1.4734,0,-7.661118629717581,4.618107797150197,0.0023954811850369516
2026-05-12,1.437,1.3943077,1.4127550000000002,0.00582236056845108,1.4776,0,-5.636996982803718,1.7161503586962952,-0.0015346296281120702
2026-05-13,1.4273,1.3620557,1.41219,0.0038635569170045424,1.437,0,-5.215333382454532,1.0699693384034694,-0.0019588036514465376
2026-05-14,1.4852,1.418212,1.41478,0.006046841175869729,1.4273,0,-0.6367227520512063,4.977452324743081,0.002183284258865187
2026-05-15,1.434,1.4206958,1.4152900000000002,0.003735565426087724,1.4852,0,-4.3431334697169675,1.3219905461071426,-0.0023112757497820054
2026-05-16,1.4136,1.4631609,1.4144349999999999,0.0006854173673388753,1.434,0,2.0335336443104377,-0.059034172655506915,-0.0030501480587488486
2026-05-17,1.4016,1.4854004,1.41448,-0.0021334415677219058,1.4136,0,5.07926134045811,-0.9105819806572029,-0.002818858935060781
2026-05-18,1.39,1.5004574,1.414955,-0.004629174107140007,1.4016,0,7.053182508847488,-1.763660328420343,-0.002495732539418101
2026-05-19,1.3616,1.3813312,1.41458,-0.007853132786009787,1.39,-1,-0.6236542900689144,-3.745281284904355,-0.0032239586788697806
2026-05-20,1.3672,1.3750271,1.414545,-0.009176824811772325,1.3616,-1,0.9861237153883744,-3.347012643641593,-0.0013236920257625375
2026-05-21,1.3739,1.3603758,1.41395,-0.00914896112013593,1.3672,-1,-0.4991397026200382,-2.8324905406839096,2.7863691636395224e-05
2026-05-22,1.3345,1.3504786,1.41099,-0.011196571118534197,1.3739,-1,-1.7047347594872702,-5.421016449443295,-0.0020476099983982674
2026-05-23,1.3583,1.3452048,1.409505,-0.01037891311391925,1.3345,0,0.8021603723999786,-3.6328356408810145,0.0008176580046149462
2026-05-24,1.351,1.3860204,1.407465,-0.009769297320503422,1.3583,0,2.0408173438718586,-4.011822674098467,0.0006096157934158287
2026-05-25,1.3503,1.3736115,1.40435,-0.008878572635937016,1.351,0,1.6736824718958196,-3.848755652081029,0.000890724684566406
2026-05-26,1.3292,1.3698578,1.3995650000000002,-0.009139991883092127,1.3503,0,1.4484031760303224,-5.027633586149998,-0.0002614192471551112
2026-05-27,1.3076,1.3586406,1.3956,-0.010120925538579338,1.3292,0,2.214907581032027,-6.305531670965883,-0.0009809336554872112
2026-05-28,1.3156,1.361544,1.39047,-0.009589344237204046,1.3076,0,4.125421613901527,-5.384510273504641,0.0005315813013752925
2026-05-29,1.33,1.3401197,1.385945,-0.007707325129691356,1.3156,0,1.8637670648608964,-4.036595968815495,0.0018820191075126901
2026-05-30,1.3408,1.3344215,1.3793149999999998,-0.005289713355866119,1.33,0,0.33244477178816867,-2.792328075892734,0.0024176117738252366
2026-05-31,1.333,1.312738,1.372085,-0.0038380898993195314,1.3408,-1,-2.0929339392942,-2.848584453587062,0.0014516234565465878
2026-06-01,1.2972,1.3118666,1.365095,-0.004846172509674479,1.333,-1,-1.5853982712215502,-4.973646522769481,-0.0010080826103549476
2026-06-02,1.2117,1.3250844,1.3543150000000002,-0.010503798358433888,1.2972,-1,2.149587408319293,-10.530415745229147,-0.0056576258487594094
2026-06-03,1.2012,1.2373898,1.3401150000000002,-0.013968820669145232,1.2117,0,2.1201454925096357,-10.36590143383218,-0.0034650223107113437
2026-06-04,1.1688,1.2732111,1.326855,-0.017243688434491977,1.2012,0,5.994931864730521,-11.912002441864397,-0.003274867765346745
2026-06-05,1.0978,1.2962143,1.3110650000000001,-0.022651757004367917,1.1688,0,10.901295526806082,-16.26654666244618,-0.00540806856987594
2026-06-06,1.0934,1.3024437,1.295655,-0.0248114902742645,1.0978,0,18.641259132089186,-15.610251185693727,-0.0021597332698965813
2026-06-07,1.1556,1.3271111,1.283935,-0.02051520630660826,1.0934,0,21.374714193558688,-9.99544369457956,0.004296283967656238
2026-06-08,1.1683,1.1745417,1.27427,-0.0155098501671517,1.1556,0,1.6391235554907422,-8.316133943355814,0.00500535613945656
2026-06-09,1.1375,1.180609,1.2627849999999998,-0.013063168657427689,1.1683,0,1.053581084330022,-9.921324691059832,0.002446681509724012
2026-06-10,1.097,1.2375665,1.24894,-0.012937731658798461,1.1375,0,8.79705240438273,-12.165516357871473,0.00012543699862922753
2026-06-11,1.1428,1.2725332,1.2393550000000002,-0.008736829269537907,1.097,0,16.001201306241366,-7.7907459928753395,0.004200902389260554
2026-06-12,1.1325,1.3625962,1.2280650000000002,-0.005761980312208967,1.1428,0,19.23312514989076,-7.781754223107091,0.0029748489573289405
2026-06-13,1.1507,1.137403,1.21805,-0.0018796082539968562,1.1325,0,0.43293698207694675,-5.529329666269859,0.0038823720582121107
2026-06-14,1.1861,1.2018185,1.20984,0.0034700091686778595,1.1507,0,4.4423799588531665,-1.9622429412153752,0.005349617422674716
2026-06-15,1.2382,1.219738,1.2052900000000002,0.010516677908359966,1.1861,1,2.8360177549782435,2.7304632080246054,0.007046668739682106
2026-06-16,1.2173,1.2447348,1.2007750000000001,0.013574968421845045,1.2382,1,0.5277632126571739,1.3761945410255791,0.003058290513485079
2026-06-17,1.1868,1.2146939,1.1943350000000001,0.013329510416957041,1.2173,1,-0.21408823436830532,-0.6308950168922512,-0.0002454580048880037
2026-06-18,1.1465,1.200006,1.18516,0.010370400403277788,1.1868,0,1.1127408281254871,-3.2620068176448678,-0.002959110013679253
2026-06-19,1.1359,1.2177646,1.174915,0.007737295694427659,1.1465,0,6.215840908205247,-3.320665750288321,-0.0026331047088501286
2026-06-20,1.1499,1.2020161,1.1657600000000001,0.006998836162641943,1.1359,0,5.8205929385156026,-1.360485863299496,-0.0007384595317857165
2026-06-21,1.1248,1.2124188,1.15714,0.004975392372762219,1.1499,0,5.436889697535271,-2.794821715609177,-0.002023443789879724
2026-06-22,1.1295,1.2134151,1.1530299999999998,0.0041430440673694835,1.1248,0,7.878302442569648,-2.0407101289645397,-0.0008323483053927355
2026-06-23,1.1103,1.1503954,1.148485,0.0025661994091346965,1.1295,0,1.8499684259922162,-3.324814864800142,-0.001576844658234787
2026-06-24,1.0736,1.1454523,1.143725,-0.0005172783415248322,1.1103,0,3.1660146781112557,-6.131281558066841,-0.0030834777506595287
2026-06-25,1.0435,1.1282402,1.14101,-0.003961067964115918,1.0736,0,5.089439986892667,-8.545937371276322,-0.0034437896225910855
2026-06-26,1.049,1.163815,1.13879,-0.0051692280379836975,1.0435,0,11.529949354565643,-7.884684621396398,-0.0012081600738677797
2026-06-27,1.0475,1.1863835,1.133385,-0.005347747004988877,1.049,0,13.096614470359146,-7.577742779373292,-0.00017851896700517983
2026-06-28,1.0485,1.0685118,1.1273950000000001,-0.004699815857730015,1.0475,0,2.005903931392396,-6.997990943724262,0.0006479311472588623
2026-06-29,1.059,1.1080788,1.12347,-0.0029508677739622236,1.0485,0,5.6822925507595965,-5.738470987209274,0.0017489480837677915
2026-06-30,1.0401,1.1382291,1.120625,-0.0024730200448672413,1.059,0,7.481504409689184,-7.1857222532069125,0.0004778477290949823
2026-07-01,1.053,1.1490786,1.116135,-0.0007818847380159019,1.0401,0,10.477704793693306,-5.656573801556278,0.0016911353068513393
2026-07-02,1.0881,1.1840017,1.113915,0.002999597820262233,1.053,0,12.440805715939492,-2.3175017842474444,0.0037814825582781347
2026-07-03,1.1348,1.0879594,1.1131199999999999,0.0086264861847664,1.0881,0,-0.012920801390429773,1.9476785970964627,0.0056268883645041665
2026-07-04,1.1574,1.111269,1.111685,0.013557401166122626,1.1348,0,-2.073581495207721,4.112226035252788,0.004930914981356227
2026-07-05,1.1572,1.1246312,1.107635,0.016307664008212833,1.1574,0,-2.83124533798774,4.474849566869961,0.0027502628420902064
2026-07-06,1.145,1.1169564,1.10402,0.016743982582098763,1.1572,0,-3.477674283826389,3.7118892773681655,0.00043631857388592987
2026-07-07,1.112,1.1286521,1.1002800000000001,0.01434152284592757,1.145,0,-1.4277645594167931,1.065183407859813,-0.0024024597361711926
2026-07-08,1.0908,1.1000484,1.0974949999999999,0.011006073972024997,1.112,0,-1.074782121095735,-0.6100255582029892,-0.003335448873902573
2026-07-09,1.0932,1.10637,1.0953600000000001,0.008741707120348413,1.0908,0,1.4273901933446933,-0.19719544259423039,-0.0022643668516765837
2026-07-10,1.1046,1.0852655,1.093095,0.00782181043751573,1.0932,0,-0.7258033996704815,1.0525160210228846,-0.0009198966828326827
2026-07-11,1.0967,1.0813534,1.09169,0.0065433157141126415,1.1046,0,-2.1045241734913787,0.4589214887010011,-0.001278494723403089
2026-07-12,1.0858,1.0910103,1.0895050000000002,0.004900712960549607,1.0967,0,-0.5187989324752497,-0.3400626890193316,-0.0016426027535630348
2026-07-13,1.0675,1.0830059,1.087365,0.0026325818698408505,1.0858,0,-0.25733052575362964,-1.8268934534401993,-0.002268131090708756
2026-07-14,1.1117,1.0742298,1.08927,0.004073884717597058,1.0675,1,0.6304296453328646,2.0591772471471677,0.0014413028477562075
2026-07-15,1.1133,1.0755932,1.09276,0.005036715731420123,1.1117,1,-3.2478876397840613,1.8796442036677772,0.000962831013823065
2026-07-16,1.0871,1.0981803,1.094665,0.003863565928420482,1.1133,1,-1.3580980834577132,-0.6910790059059204,-0.0011731498029996408
2026-07-17,1.089,1.1402416,1.09674,0.0031975936864790874,1.0871,0,4.888384042388441,-0.7057278844575816,-0.0006659722419413948
2026-07-18,1.0929,1.0649921,1.09896,0.0030047692443535955,1.089,0,-2.2045849221249667,-0.5514304433282334,-0.0001928244421254919
2026-07-19,1.0978,1.065063,1.1009,0.003175582039547497,1.0929,0,-2.5470766103630877,-0.28158779180669274,0.0001708127951939014
2026-07-20,1.1124,1.08981,1.104515,0.004177154866499243,1.0978,0,-0.7278180204903425,0.7138879960887939,0.0010015728269517458
2026-07-21,1.1436,1.0956006,1.1090449999999998,0.006696780522732098,1.1124,0,-1.510193724291058,3.115743725457499,0.0025196256562328555
2026-07-22,1.1421,1.104578,1.111745,0.007933708418135992,1.1436,0,-3.412205474949579,2.7303923111864603,0.001236927895403894
2026-07-23,1.1077,1.1711025,1.11039,0.006184140736923359,1.1421,0,2.539403187436393,-0.2422572249389927,-0.0017495676812126337
2026-07-24,1.0919,1.1537209,1.1071149999999998,0.003827324354540228,1.1077,0,4.154631733582263,-1.3742926434922984,-0.0023568163823831307
2026-07-25,1.0977,1.1469067,1.10414,0.002583182751914208,1.0919,0,5.037707987258753,-0.5832593692828809,-0.00124414160262602
2026-07-26,1.1131,1.1218208,1.102545,0.0027084260804373494,1.0977,1,2.1973952315724077,0.9573305397965496,0.00012524332852314156
2026-07-27,1.0661,1.1091444,1.10025,-0.0003029873809436657,1.1131,1,-0.35536346833089477,-3.103840036355365,-0.003011413461381015
